bin,freq_hz,abs_h,training_noise,mean_abs_llr
400,2343.75,9.820543645457594,2.429345153102953,2.2669071729423163
401,2349.609375,12.806128262645348,4.962653886503688,4.426674128272922
402,2355.46875,8.70833141615615,3.033652256384926,3.46301520101229
403,2361.328125,9.289959594254062,3.6932154722864556,4.43907908543271
404,2367.1875,7.8347925088063,3.0932765927999792,3.275765721196201
405,2373.046875,3.1045216270686398,1.6856049440699437,1.7105797474399032
406,2378.90625,5.7168830918286915,2.6288298927215346,4.059957552093734
407,2384.765625,11.955715152039755,5.264738390271214,5.379324287146488
408,2390.625,6.553172823797524,2.5377275611967915,2.73546249256629
409,2396.484375,13.866768776243006,4.595470543593747,4.035783758672987
410,2402.34375,8.467540682732265,5.752585459534335,3.5421640863880346
411,2408.203125,1.495755044821073,0.9719729028490245,1.9350856031065353
412,2414.0625,4.7176154884295,3.60716265644856,3.7366322872522204
413,2419.921875,8.097158821181123,5.108002635707716,5.920496596221863
414,2425.78125,11.843875938282066,5.037905191693269,4.286203873421789
415,2431.640625,7.601497185782514,4.791098221712659,4.782878277419211
416,2437.5,2.252119423819496,0.8869168405113423,1.1872248725194987
417,2443.359375,5.297085896985208,3.2300637592733086,2.7522728881103955
418,2449.21875,8.792194525164895,4.8623782079541655,4.49453714754525
419,2455.078125,6.499304492573045,2.9972019737139237,3.0675197779102756
420,2460.9375,10.289779073103377,4.016130380874291,3.078510023174075
421,2466.796875,12.629636123203138,6.882373863357419,5.958785514967606
422,2472.65625,11.877855569341426,7.041026716830206,5.550467751837311
423,2478.515625,15.826438707305604,11.449529881761052,9.412948996966223
424,2484.375,12.891666260722182,7.5891593893605265,6.022484112017881
425,2490.234375,4.976850973515627,2.892135450681485,3.7937942840633174
426,2496.09375,3.5094130886231354,2.133125724772245,1.8069579674156269
427,2501.953125,4.020329264472067,3.2823970189762384,2.2788900529781246
428,2507.8125,8.125760839043892,5.193598507519919,3.4781945075516103
429,2513.671875,6.325694780609559,3.4443204608781754,1.9541769236102517
430,2519.53125,6.522386310248702,4.589182404546536,3.513192486961612
431,2525.390625,1.0283406043226817,0.75,2.34072721044092
432,2531.25,8.176852260153847,6.115885602796819,4.548583758433348
433,2537.109375,9.043676112551271,5.291237509195461,3.710058779195671
434,2542.96875,1.152975420129573,0.75,2.4869895684153844
435,2548.828125,1.005648899114757,0.8304936423998508,2.1832517198854737
436,2554.6875,1.850110966620985,1.1696317267628866,1.2235924495699564
437,2560.546875,5.935910539266735,3.542500829853254,3.053431462942333
438,2566.40625,8.090327965706477,6.457661815643096,4.88615948499958
439,2572.265625,5.551435137065665,3.491567181925376,3.061421281893533
440,2578.125,7.236865353223159,7.691142403093419,4.594674715930877
441,2583.984375,7.245484732063103,4.933347676430808,3.5915339486224624
442,2589.84375,7.974503806503016,5.580698482118836,3.918170793602646
443,2595.703125,7.072558277463335,4.71001187645241,4.450136457725842
444,2601.5625,4.2288794915876275,2.94882444041223,3.0874237797821222
445,2607.421875,4.488508727042443,1.6420576539581737,1.574677427814969
446,2613.28125,13.927551875759185,5.770704508201896,4.450875158383371
447,2619.140625,9.103292700743426,4.349696497460822,3.6993144527175432
448,2625.0,7.470058581071141,6.905809624759426,6.186096108737254
449,2630.859375,8.749765018800435,7.228512271622385,8.104344134407846
450,2636.71875,6.884677496119757,5.697361012352121,4.150981789615779
451,2642.578125,6.457134714906085,6.312369990808241,5.226187022702262
452,2648.4375,9.190405476344772,6.078056305194227,6.302094117484977
453,2654.296875,10.672810237211658,10.0845122957297,8.961321378069428
454,2660.15625,9.617551277077323,7.397849490951618,6.597320167854869
455,2666.015625,3.9253726449735953,2.578472271736656,2.858807082174815
456,2671.875,7.729827641456993,4.977399972205351,4.903204211122536
457,2677.734375,10.100762147954956,6.888020253924938,6.077162414927088
458,2683.59375,5.95897385291293,4.509754202943689,4.730132264200269
459,2689.453125,2.9458280634852017,2.0891042668677295,2.1475350874462746
460,2695.3125,3.1117165375690985,3.7627591097098287,2.99792811508045
461,2701.171875,2.046183635371575,2.0351151621194234,1.99211006531697
462,2707.03125,1.6690579860355663,1.40095668007038,2.3872931072066677
463,2712.890625,2.8722483934341367,2.5720015620321126,1.5863143635001433
464,2718.75,5.193616933905106,4.359317721382238,4.247940997405322
465,2724.609375,6.28059509571684,4.4838635203667385,4.700777351670259
466,2730.46875,4.266624830909556,2.720076677616645,3.48334670367898
467,2736.328125,3.2402253890765302,1.870151820578553,1.813078470288674
468,2742.1875,6.430104626455233,5.226308288420199,4.8762120795291475
469,2748.046875,8.329997798292863,6.365451015351228,5.98580420353426
470,2753.90625,7.268594033476479,7.678459415302554,6.841835833254928
471,2759.765625,4.725933066602056,4.512166101856542,3.796878519868328
472,2765.625,7.864725352541904,7.0526813237028865,6.173680491422695
473,2771.484375,12.329280661396819,9.785078245586535,7.352910605056466
474,2777.34375,7.528034747510494,3.50237588611577,3.3525454549853584
475,2783.203125,10.660670143749437,7.610862999968008,5.663174242603893
476,2789.0625,10.88335983099183,10.206317279385116,9.02229318531285
477,2794.921875,10.4296940184466,5.602940321716265,4.23921012052586
478,2800.78125,5.883155438589466,7.691693683447424,5.61932176716317
479,2806.640625,5.735987653521661,6.055209336753201,5.1279847290395395
480,2812.5,6.628535656079672,4.526976476642648,4.4961365538031
481,2818.359375,4.49392044885681,3.1750552793534164,2.6655481743838907
482,2824.21875,1.2593044106782894,1.3297700915518278,1.9649080940814567
483,2830.078125,7.0962897083106595,3.8765662042610813,3.062456302175569
484,2835.9375,6.591643382123248,4.53542430285195,5.161777112736976
485,2841.796875,8.448241115752376,6.3958782191903625,9.330862400350636
486,2847.65625,5.518609665229033,3.612393497307732,3.671990913340819
487,2853.515625,2.034166652331964,1.4564750962743989,1.981350368314777
488,2859.375,5.786349683238917,4.1707157704135245,2.8975617234657745
489,2865.234375,5.984714688576639,3.299265681888004,2.2864275369477567
490,2871.09375,9.076070846855364,6.938090595058613,6.10331217569855
491,2876.953125,5.041495162251011,3.692120707889419,2.593163147165548
492,2882.8125,2.88182798897146,2.980722797846238,2.338280430853796
493,2888.671875,6.849531290033993,5.1857121788710785,4.057966949762075
494,2894.53125,6.934792389966934,4.315692059761652,3.7110953241755635
495,2900.390625,7.1514882371919235,4.620976497466687,3.4547988874730735
496,2906.25,6.292094232319602,2.7120451664267735,2.6038681467977995
497,2912.109375,1.8184752280851346,1.732573185382627,2.8745294079137462
498,2917.96875,2.8837259387483223,2.1707245891967393,3.2753588422249176
499,2923.828125,4.60059954234329,4.6748971201063885,5.259342166514001
500,2929.6875,4.1726667010065395,2.6129509663893593,2.46349485722703
501,2935.546875,4.185918978869812,3.2722646151799415,4.394859941017032
502,2941.40625,4.761222556769568,6.293300129234618,4.751676628475402
503,2947.265625,2.647522173898339,2.348093610968084,1.9495499866900479
504,2953.125,3.467159858092367,2.840107558177557,2.357612339882242
505,2958.984375,1.3727492916357609,1.3490315583141985,1.8255260729157679
506,2964.84375,0.8377107713568447,0.75,1.9660276586579442
507,2970.703125,1.4037951765787977,1.142435654347239,1.69642608334858
508,2976.5625,2.6506909096396214,2.96419001451615,2.561270920173822
509,2982.421875,5.32630266526784,4.084351076797672,3.289380659952876
510,2988.28125,3.4844407453699993,2.207283238376389,1.3314241973018797
511,2994.140625,1.1639788942054643,1.0112242057899417,1.8732605374534996
512,3000.0,3.4317936443851065,3.1641021335274795,2.757616905022353
513,3005.859375,6.939792999773454,4.393135224189129,5.08673350020369
514,3011.71875,5.3161381094941955,4.752415795423781,3.6421535996403773
515,3017.578125,6.215249712533218,3.7814179967952426,3.413041966971967
516,3023.4375,3.901164979504147,3.3949284910195887,4.3168847604951255
517,3029.296875,0.6848501113474728,0.75,1.965376229331683
518,3035.15625,2.192752903217502,1.3753025761524107,3.154019110827421
519,3041.015625,2.722310478881384,1.375277842265589,3.511083747440134
520,3046.875,2.4163181999918453,1.893489991678266,2.773828369529557
521,3052.734375,3.294737611698331,3.020518772789199,2.831807936916568
522,3058.59375,5.0922672419565655,4.512226599257138,3.48442392451545
523,3064.453125,6.576830188676404,6.403178243015728,4.537331169751106
524,3070.3125,7.6310004210287845,6.441898471784006,4.672770922551025
525,3076.171875,8.03958436735127,5.312753400754805,5.204329381078936
526,3082.03125,7.029795501128997,6.462560986441649,6.534834790030201
527,3087.890625,5.381653147896113,4.624780458576939,3.7772505495440525
528,3093.75,6.6164382726971525,7.561705647173123,4.805853736936431
529,3099.609375,7.208643619791993,5.699753548634586,3.699301644697404
530,3105.46875,8.634276361810917,8.096634160428735,6.080063272519108
531,3111.328125,5.038870225399565,3.167724873143735,2.0397507425863233
532,3117.1875,6.356509249401472,4.439148515857459,3.155899785245799
533,3123.046875,4.717896353645977,2.78659806671377,2.268103176789655
534,3128.90625,4.513918417474763,4.828796330342282,3.8096372759111787
535,3134.765625,6.462742206033937,6.4903319901204926,7.177690259192092
536,3140.625,5.636299182061705,5.774256485245566,6.7847638124925735
537,3146.484375,6.564725438612322,6.025040333747599,5.722752124512835
538,3152.34375,6.4906368680663284,5.18235134327703,5.478656514829249
539,3158.203125,6.722989703871872,6.367292778976903,5.975235232481588
540,3164.0625,4.832638954768872,3.716235415667325,3.0947859568835097
541,3169.921875,7.337632010156464,4.3545076708389665,3.758654267517963
542,3175.78125,3.039205207287927,1.9262081542700082,1.6147481261951662
543,3181.640625,1.782416145237676,1.4675599572149214,1.2524325414832114
544,3187.5,3.079202154520543,2.5145044676677553,3.1517622466043056
545,3193.359375,4.435050175052734,4.288789175925341,3.918652712969907
546,3199.21875,6.003786842101947,5.921523436242221,5.586798146729606
547,3205.078125,6.561454720090436,7.4404837020414725,6.299759285746004
548,3210.9375,4.312458665270218,6.708487696899079,4.553454097680316
549,3216.796875,3.7830952185987847,3.3121258330474665,2.3064676065770957
550,3222.65625,4.558287234864996,3.5867455485673707,3.3654650193935844
551,3228.515625,5.289487451911429,5.0852159558650785,4.855248124641163
552,3234.375,5.153330235615813,4.051802334129995,4.1142908848189945
553,3240.234375,3.836796042214841,2.810340828222397,2.6194973099366097
554,3246.09375,3.8368203105674454,2.9294293820015085,2.5574602511870657
555,3251.953125,4.736617717751709,4.869947363340881,4.699985730928546
556,3257.8125,7.246910468861289,7.808369426696775,6.782542109564075
557,3263.671875,5.250390684621214,3.1862045072781005,2.400686861826722
558,3269.53125,3.2250599948262324,1.9169480916982138,2.4064473765953482
559,3275.390625,2.065937729228094,1.406954488274431,2.8737075676164463
560,3281.25,3.0800758999079827,2.0894976049068497,1.4555250923782925
561,3287.109375,4.608199856496097,3.960909914291097,4.178336193458984
562,3292.96875,4.314268573554717,5.388941677333325,4.936856375592904
563,3298.828125,4.399331306479341,5.753325507655098,5.490325225809633
564,3304.6875,2.1783432231101436,1.7350894633212848,1.5476800560483133
565,3310.546875,2.2991426643716353,1.4746412429911868,1.3181705806170307
566,3316.40625,2.2280943890374947,1.2702973606114316,1.2642203143119741
567,3322.265625,2.5382272978099216,1.385683659127803,1.8118112907473216
568,3328.125,1.6576881902930838,1.8999836663778757,1.7516019510105127
569,3333.984375,1.6913189648097564,1.7978285509203413,2.0566838182648337
570,3339.84375,1.6687280060729088,1.5554586219069884,1.722352470468307
571,3345.703125,5.94366435887278,4.4767023488029904,3.423069553300971
572,3351.5625,4.366623318042134,2.5704863904281368,2.1672834755930945
573,3357.421875,3.1750593042622395,2.0300358509866485,1.5327498381024744
574,3363.28125,2.49711829158208,2.0233850927549097,2.3177904193870624
575,3369.140625,3.439587787385394,3.2052412907590013,2.339830213122122
576,3375.0,3.2396173091146343,2.180184029987192,1.8034930274982728
577,3380.859375,7.065099881953439,5.228818259871506,4.6630379690147326
578,3386.71875,4.127091347784275,2.6528298547623987,2.1816055956511105
579,3392.578125,1.9949620043678742,1.5218618801503632,2.2318009473518776
580,3398.4375,3.621765710957576,1.8161462536799566,2.4374500991139723
581,3404.296875,5.10394463882737,2.9213664521968,2.847094378399003
582,3410.15625,5.095531680416289,3.862581769304107,4.43399953974685
583,3416.015625,3.992924993256357,2.799749890113563,3.8279605985527745
584,3421.875,1.8155990053408113,1.5756178759230082,1.5738293383648285
585,3427.734375,4.7729753716463845,3.9891389202026697,3.9712920692609353
586,3433.59375,10.534939784485054,9.04754856565788,7.910568249613386
587,3439.453125,11.669544250341145,10.526117702151236,10.330955036433387
588,3445.3125,10.405835507316347,6.803033693669576,6.7479651016423885
589,3451.171875,6.136821701879754,5.1594240576905825,4.28953907738254
590,3457.03125,4.893808244894861,3.02101257866992,2.679194306391344
591,3462.890625,1.224729282276882,0.75,1.4324349100336624
592,3468.75,5.678902935832035,2.5224592347637262,3.009409426093183
593,3474.609375,6.75772881448421,3.8977059572956705,4.786681687185429
594,3480.46875,5.185970284354737,3.2410384298083015,4.728500913872009
595,3486.328125,3.8470944248847347,2.5552242340066735,2.141682550189609
596,3492.1875,5.017374906759942,3.4292030533180506,3.7591449100140157
597,3498.046875,2.8783769601195086,2.0628175869328866,3.172264252708996
598,3503.90625,1.6038998451365556,0.8012997433781429,1.5910946334046618
599,3509.765625,1.8938167858393766,1.0060123185018726,2.0237049024779385
600,3515.625,3.4280145352780145,1.7601416406126957,2.2017690293659253
601,3521.484375,6.212259189315083,5.001878426026823,5.7355116841454885
602,3527.34375,4.726977180907603,3.636162539054701,2.976135250275439
603,3533.203125,7.607528533724884,5.349563207216915,3.808636137842911
604,3539.0625,5.005557722756832,4.2785558453810495,4.492128961297308
605,3544.921875,4.870672975338122,4.321238506849516,3.848313582015323
606,3550.78125,3.5064642281101506,2.336412635518019,2.3680106719802243
607,3556.640625,2.850306199470627,2.0463937404575865,1.6020387880291822
608,3562.5,4.5511300763282945,2.0575702433368726,1.538604844805103
609,3568.359375,3.2657151069618138,2.352625269633948,1.9669265105048133
610,3574.21875,2.652015624436896,2.554696501661856,1.718528725365042
611,3580.078125,2.578982079366564,2.5237655761788442,2.803829751474284
612,3585.9375,1.0049469458938527,1.06187299614203,1.5563745924285084
613,3591.796875,1.2412734129203324,1.134536261136467,2.3173921444200887
614,3597.65625,1.4490070280776226,1.8021010394722192,1.5590156750169666
615,3603.515625,1.5299240094055535,1.2850272481775709,1.5293196427359759
616,3609.375,0.737142539852013,0.75,5.495284714623711
617,3615.234375,1.6498549618586915,1.0632031693339932,1.4062532639956935
618,3621.09375,1.9984926562663279,1.011031634201623,1.5660834354696953
619,3626.953125,1.6740994399676932,1.3738900418187456,2.4952966850512013
620,3632.8125,2.1851662994140852,1.2546602376939389,1.8314357760763114
621,3638.671875,2.5972355069245228,1.2558451694056127,1.2393561489399367
622,3644.53125,1.4398308717062742,0.9803923807279495,2.6673329643538835
623,3650.390625,1.7104401988467617,1.2296701581416096,1.6901976567184935
624,3656.25,2.1822915476198665,1.397148868910451,2.682365883637331
625,3662.109375,3.5607122555800386,2.703431001272986,3.2219869991292325
626,3667.96875,2.1458393257375143,1.7760784260129294,2.0904983270969217
627,3673.828125,1.9555009695596515,1.0145041939992976,1.1399623052924608
628,3679.6875,0.401113889168157,0.75,3.392602605146355
629,3685.546875,2.085648233504893,1.8278437474351215,1.4602690829802432
630,3691.40625,3.1890114588631686,2.8976170495617475,3.017360990274272
631,3697.265625,2.0011979493019205,1.6927080513183625,1.4265148659987454
632,3703.125,2.4710456906271934,3.277028868467543,2.344837562088432
633,3708.984375,2.2685949881975085,2.5464763746895445,2.9741902218849114
634,3714.84375,1.094428568295009,1.0620531078753046,2.400246591722538
635,3720.703125,1.0266216418521328,0.75,1.7739614841411386
636,3726.5625,3.0178820940577844,2.296446944761293,1.650810941576222
637,3732.421875,4.493184413670755,2.760975717537454,2.5855086782299197
638,3738.28125,3.7357885804981597,2.515057635625065,2.2023067424856277
639,3744.140625,0.8873910347827147,0.75,1.5581155398529667
640,3750.0,3.089515942026771,2.259269099132356,1.5006257139205683
641,3755.859375,3.216775688066229,2.6632032514502315,1.5716375407414818
642,3761.71875,5.7664605299777385,6.306603372578563,4.872691064982811
643,3767.578125,3.9708583063553413,3.131575610751292,2.5235779478001374
644,3773.4375,1.398782958858529,0.8562643523052406,1.479973455902446
645,3779.296875,1.5398830658049447,1.462221821382744,2.1335136223375732
646,3785.15625,3.902265521891547,3.0005388322469586,3.449425766548102
647,3791.015625,5.656008354901777,5.14422383193102,4.620574006831599
648,3796.875,6.669575791321786,5.657788134964441,5.523536349298326
649,3802.734375,3.9700818254060493,3.739748591194939,3.2746684847339282
650,3808.59375,1.7197159337234271,1.5374029942923086,1.4973065367295726
651,3814.453125,2.313836829387899,2.524378267119359,2.142256288698712
652,3820.3125,4.843619809966071,3.6698299728635986,4.67219996877521
653,3826.171875,4.154249734605923,3.305236209101746,3.229771029306406
654,3832.03125,2.6637738972364144,1.7609794469446594,1.688693124795809
655,3837.890625,3.178952503485313,2.548628257361002,3.5063868105454064
656,3843.75,4.543752627056041,4.1953493610186445,3.7066757672016135
657,3849.609375,3.9537507306329513,3.902646203819743,3.5412132456564787
658,3855.46875,3.289116763428939,3.7637272759358837,3.7806961188744066
659,3861.328125,2.7806971016927,3.1080262806735868,2.9634290079204613
660,3867.1875,1.209631992624162,1.6078707172244218,1.7039654804007338
661,3873.046875,1.96600999982511,1.7799171135322638,1.8617763051603287
662,3878.90625,3.0813191464888923,2.2925444931158143,2.529203515539743
663,3884.765625,3.650769647033342,4.73859461925608,4.125574800958885
664,3890.625,2.741808853161918,2.6892583232836653,4.537111404197761
665,3896.484375,2.698854381103512,3.0566480723628304,4.720811954800647
666,3902.34375,2.1507010974775094,2.525963387745294,1.9417134141117098
667,3908.203125,2.5268711221168987,2.2267723616494206,1.6592195256307634
668,3914.0625,3.253867475627058,2.482751897071922,2.0023262107487776
669,3919.921875,3.650055636368769,3.0160480035240247,2.2799798069931647
670,3925.78125,4.39007443693128,3.5829494125213586,4.175107476074162
671,3931.640625,2.540965943095733,2.014146767214034,2.7158355908080245
672,3937.5,1.5602087667443125,1.4849320091076637,1.4661788588345412
673,3943.359375,0.8214033868405237,0.75,2.9572464449950395
674,3949.21875,2.2207091532805547,2.0061088871811026,1.0752703957733456
675,3955.078125,1.0152797537775438,1.0680536248510495,1.3499578594510946
676,3960.9375,1.9395285486323446,2.174703036947766,1.9929224359473747
677,3966.796875,2.166381338710411,1.8026789934663952,1.8912294141472954
678,3972.65625,1.4030715586133196,0.9681684293773725,1.0788741342375312
679,3978.515625,3.5417559229113467,4.354418504461611,3.868394187585199
680,3984.375,4.534595268094427,5.456321834521699,3.75989712257493
681,3990.234375,5.1144693230887714,4.325574111180197,2.714802516546368
682,3996.09375,2.2098161727130443,2.6124850204264103,1.6021977802565626
683,4001.953125,0.6893235815456124,0.75,1.5293407213496393
684,4007.8125,2.6279633912567695,2.123994399957719,2.085195671051967
685,4013.671875,1.2901912038152545,1.1836229625859336,1.9809140776292324
686,4019.53125,3.6212381584695366,3.8893508389393143,3.317673645603113
687,4025.390625,3.756224368603494,4.242684896810396,3.069081321893485
688,4031.25,3.3568421839940203,4.1131118277029275,3.015217181325031
689,4037.109375,3.069067206218214,4.20581472987159,4.197255333560025
690,4042.96875,2.261031093545441,2.1469758303823285,3.4723899512624854
691,4048.828125,1.659740884111918,1.3988912582406299,2.0151538775409255
692,4054.6875,0.9541035475354421,1.4967317623538834,1.3975844375275643
693,4060.546875,1.8289638208536112,2.015356714408872,1.9056204281923919
694,4066.40625,3.8417649412844623,5.379148990916274,4.116838339033698
695,4072.265625,4.016482033598457,5.4504190515123945,6.198928823094405
696,4078.125,3.7249800306091663,4.125402074164073,3.8493755282756292
697,4083.984375,1.7759454193711295,1.8942787284014913,1.8144626847895464
698,4089.84375,1.716599610212998,1.1412159237017105,1.8667104201671079
699,4095.703125,2.805803992032061,2.826949044198323,2.191728265488304
700,4101.5625,2.0517369394350964,2.390318708265644,3.035543398864908
701,4107.421875,2.0288143612606824,1.6731767606303916,1.3579945723941582
702,4113.28125,1.561986949244016,1.1575790452341117,1.5653205318567074
703,4119.140625,2.2296172341245333,1.725214295647552,2.014035845961832
704,4125.0,3.2843853086921304,2.194034248661368,1.962663040570414
705,4130.859375,5.691824289856206,5.0824269338693036,4.464735750740713
706,4136.71875,4.677840465653027,4.246218823542898,5.424850776396723
707,4142.578125,3.260944003554678,2.5775818247580475,3.3581096222311912
708,4148.4375,3.866719487359307,3.2112432470465153,5.061766413145277
709,4154.296875,4.064595212688963,2.7921554638452397,4.18459872593479
710,4160.15625,3.467778785819144,2.370407672936991,2.83972415997556
711,4166.015625,2.9059362202623222,2.2952925303429916,1.7712380016014109
712,4171.875,2.2771012827137107,1.9534347305987083,2.112428288838724
713,4177.734375,4.472809687671468,3.0145157486013723,3.468699761939767
714,4183.59375,4.543996008372385,4.750220706248645,4.71992929885847
715,4189.453125,1.8249668607256675,1.1122088922978006,1.6247335436092418
716,4195.3125,1.3157401677326594,0.8096051784626145,2.349467262348709
717,4201.171875,0.6760828091807498,0.75,1.8870571505050582
718,4207.03125,3.008690871308788,3.6732225727054955,2.7506625391283
719,4212.890625,4.272827451290671,5.4811980998950895,5.413646528332302
720,4218.75,4.068912173781738,3.8774970182301214,4.339733674260908
721,4224.609375,4.184630220917602,3.1620730783751743,2.701068280069029
722,4230.46875,2.798104149184338,3.0073095695785788,2.3197300481120315
723,4236.328125,2.078540696508053,1.4697163697182245,1.4709402288206352
724,4242.1875,2.5859072510614,2.3900207012621904,1.7522043636102809
725,4248.046875,3.6403540555313074,5.276842754255963,4.543175829728296
726,4253.90625,3.724653308554344,4.719254493758828,5.01875307047417
727,4259.765625,4.255658481509717,5.664843286786533,5.878655408607831
728,4265.625,2.516173941367487,2.1995362472398883,2.7277658638863267
729,4271.484375,5.072633674898646,5.497569817889033,5.899982649017912
730,4277.34375,5.520356676987801,8.37333059322789,6.499033406293445
731,4283.203125,3.9761793060021766,3.8854394043791727,3.8584483046211404
732,4289.0625,1.980515531027933,2.4937717163087596,3.1869696244561583
733,4294.921875,3.5419077452277152,3.8414019217078605,4.651499930116913
734,4300.78125,2.076551398892657,1.9693767029712603,2.907826749227664
735,4306.640625,5.407139008663134,3.236226577471367,2.7050481700809996
736,4312.5,6.542562492623197,3.5482961048459063,4.706577629404726
737,4318.359375,5.55571888229236,5.533470463260757,4.589377026946685
738,4324.21875,1.8121606048411876,2.362372540829145,2.4093449668572853
739,4330.078125,1.525452037195364,1.084999033062516,1.7006394573310633
740,4335.9375,3.580757348445256,2.683415161115653,3.858676294477564
741,4341.796875,2.1197742423696804,1.767488627649937,1.7290256412375864
742,4347.65625,2.5463002738115645,2.404755792080675,2.9598715577276242
743,4353.515625,2.422742575790959,2.6954446498703346,3.498708516427327
744,4359.375,1.2729344972046095,1.004115978965152,1.9728401033549252
745,4365.234375,2.9106075053081346,1.7138609254513344,1.1565693801384624
746,4371.09375,0.8890348833182126,0.75,1.8774195005804943
747,4376.953125,4.583362386969197,4.438875129519838,4.870656540119514
748,4382.8125,3.9866184904790396,3.6476240714935497,4.16125999427224
749,4388.671875,2.320722976080387,1.5138001286099685,1.8339447971248313
750,4394.53125,2.0124717953585316,1.4482516918712982,1.4063733188525134
751,4400.390625,5.147807811542893,4.1975251824039885,3.297873945745457
752,4406.25,4.037725402837252,3.022962233745411,3.0549827843308615
753,4412.109375,1.5231063148699133,1.2002069188182494,1.7806740538022758
754,4417.96875,3.832963328430643,1.8937108792403679,1.5188740435518309
755,4423.828125,1.709793600981992,0.8432461182737572,1.1506691175061206
756,4429.6875,1.9974265559360238,1.0996703915569999,1.6006729346822648
757,4435.546875,5.0816903029190845,4.693485539751385,4.718580498499436
758,4441.40625,4.316774220984518,3.8494980290907597,3.0214273073978064
759,4447.265625,1.0779955400339414,0.8623437329740931,2.2074831171602196
760,4453.125,5.808762987498236,4.081248986172513,4.167576033750228
761,4458.984375,2.5195283037408807,1.5012754361591103,1.6836223298386184
762,4464.84375,2.4241604580343963,2.5774456555819185,2.33300822614782
763,4470.703125,2.49999323436407,1.73893235676369,1.7767949674693135
764,4476.5625,2.9859925203402873,3.0992391272115194,3.2153094008082657
765,4482.421875,3.854631263423992,2.6227443557193,2.7821602525471887
766,4488.28125,6.399085200017175,4.838435594967005,4.256834534444607
767,4494.140625,5.41087750498975,5.631526376943239,6.985308192586165
768,4500.0,4.338148575499298,3.032852987063481,3.889652481230386
769,4505.859375,3.884310618776458,2.701744367472827,3.150621878506455
770,4511.71875,3.497509762938409,2.5963026436069887,3.271376529155393
771,4517.578125,2.9069177913481368,2.0386768915742968,2.300817461215108
772,4523.4375,1.9676146642307137,1.3418083821052131,2.5685571600367267
773,4529.296875,4.144272191997418,2.769047869271007,2.5678319411462454
774,4535.15625,3.4146351312140957,3.2012009222260875,3.016968902531654
775,4541.015625,3.138053647207496,2.6101665512980086,3.1333294404480014
776,4546.875,1.46553267410136,1.5106952086176912,1.2634504106773004
777,4552.734375,0.5010225001916666,0.75,3.154048927069441
778,4558.59375,3.9990619907292575,2.761903121846485,2.3743060150885777
779,4564.453125,4.580250804176861,4.188301542411441,3.1260533753532145
780,4570.3125,3.898094741060958,3.83287622890533,5.039904853466873
781,4576.171875,4.616539713224874,5.401382591764278,4.8218137815753765
782,4582.03125,4.296814155135068,3.296871426194622,3.641546003338567
783,4587.890625,5.6771857531230765,4.7659691230516446,5.72799320434587
784,4593.75,5.291577418727251,4.601061898387888,4.596746614333342
785,4599.609375,5.2862613777603515,3.488944745307946,6.259393167641637
786,4605.46875,2.960627495322049,3.32681381948457,4.254938232049863
787,4611.328125,2.4153715307110026,2.0691315653326523,3.8307872246428794
788,4617.1875,4.191748784609327,2.5381528096878956,3.4781765520978145
789,4623.046875,4.145951856733981,3.140209625463852,4.6581193433773835
790,4628.90625,3.553707987257877,3.2683261989453762,4.016536368513506
791,4634.765625,3.3905042256199565,3.8056706017783943,2.2566651531204522
792,4640.625,5.221069801084159,5.483543120028387,5.32017326100719
793,4646.484375,5.772710141179162,5.037964919589529,4.830918328976889
794,4652.34375,4.327138062219019,2.833721526308522,3.0817698019598727
795,4658.203125,5.667811525899405,2.7379843936718546,2.725433706828976
796,4664.0625,3.1575445993806794,1.5566970338769384,1.8149050185600766
797,4669.921875,4.717259019745837,3.306325849764087,3.8561670555350887
798,4675.78125,3.410923609031683,1.5543357258548975,1.9819001899071993
799,4681.640625,5.164859587033559,2.475051244236172,2.634932606241711
800,4687.5,3.4945822718815487,1.888462683979185,3.734329013135022
801,4693.359375,1.0273764211681808,0.7717916207232731,1.8038003264259588
802,4699.21875,4.147977593447763,3.6771039051027463,5.186611834917266
803,4705.078125,4.580781657398741,2.900302386616241,4.3865913354791255
804,4710.9375,2.0538922319451354,1.548246689001234,2.03395431067426
805,4716.796875,3.9642327774020885,4.063612309333669,3.801062666185447
806,4722.65625,4.531695988725297,5.08232019922178,3.8333356101537426
807,4728.515625,2.9315283533131784,2.8823479123339686,2.2124136089524726
808,4734.375,2.478356165821192,2.2031544616944507,1.8541070418733163
809,4740.234375,0.9421779277132679,1.1224164323702495,1.337660761598053
810,4746.09375,1.6785101299235605,1.7068676369062004,1.7357033192392668
811,4751.953125,3.7962572610852345,2.22409240105815,2.465908458931961
812,4757.8125,1.953340092679432,1.6545542939781295,1.6631803267685834
813,4763.671875,2.8700242958327813,2.6159260578125876,3.0234353820548083
814,4769.53125,5.0473308368419305,3.948548802769917,4.016653051367362
815,4775.390625,3.318820561127734,2.9059478502269376,3.5605728331792132
816,4781.25,3.4940478541740587,3.250905204247897,3.2856824246931193
817,4787.109375,5.013594642286071,6.069748856079203,4.557859647177973
818,4792.96875,8.912403716138181,10.077923246777985,8.700196383034873
819,4798.828125,6.827525892174203,4.525189704523184,4.742079587925539
820,4804.6875,6.661420574226404,5.255888533047315,5.633202478286651
821,4810.546875,4.456306722643124,4.766775651077465,4.858930255039541
822,4816.40625,6.344566744049079,3.8266880200084974,2.9537188173121582
823,4822.265625,4.926517136347157,2.934751400208961,3.371821950368893
824,4828.125,6.837525438762386,4.094864316716015,3.7034396365545317
825,4833.984375,6.806210054175377,3.0683916616534574,4.368277978494506
826,4839.84375,3.7165838867433805,2.164604892178483,1.5401828949141456
827,4845.703125,8.154123376930281,6.549142635948154,4.760459297142797
828,4851.5625,10.269623912134502,7.737863206717133,5.851899432144761
829,4857.421875,8.180360512669555,4.555945807704402,3.7477345264565276
830,4863.28125,5.465810539159591,4.153365073960183,5.304094330219995
831,4869.140625,3.4525717063147345,3.1615698505283536,3.7113169591179562
832,4875.0,1.3521607942520901,1.0980318679349887,1.994360529917159
833,4880.859375,5.188792980291063,3.707596579179446,2.870662668077152
834,4886.71875,5.84608121209046,4.179388639701269,5.146743147621147
835,4892.578125,3.5670562294600883,4.572236405778485,3.3747557574553833
836,4898.4375,4.589875366805377,2.3964791843306252,1.8657894913066553
837,4904.296875,6.88544034008242,5.830104754666599,4.258588236707563
838,4910.15625,6.134825258779936,3.3669827023722547,2.9132601927370154
839,4916.015625,6.958944239038892,6.7896654949719455,5.336038201853318
840,4921.875,4.909078499046193,3.27456212570686,2.8291774513630306
841,4927.734375,4.651683704336403,3.741637270390392,2.9792674851572976
842,4933.59375,3.8312198868877294,2.4981058984771076,2.3295850904775217
843,4939.453125,5.457625867268512,4.579393680423452,4.1913262681251195
844,4945.3125,2.0588089498814903,2.6735220540240925,1.7440649212516406
845,4951.171875,1.7756247281749569,1.6387407365783353,2.111106402451449
846,4957.03125,4.713567665261377,3.179605411922836,5.604114973959386
847,4962.890625,4.8437400864608104,3.3873107456316873,5.676568645275486
848,4968.75,2.5992045098079277,2.108709612584697,2.0701879372938463
849,4974.609375,3.2729286070462105,2.356563729720724,1.8023456164132625
850,4980.46875,3.2474241148870706,2.434819502679228,1.784248136097073
851,4986.328125,4.738994770136824,3.8280453930540155,4.475975316512122
852,4992.1875,4.9285523904059385,2.3238307718141344,2.769483122168449
853,4998.046875,5.87639920464523,3.5602427483131978,4.255399331485547
854,5003.90625,4.929171259759128,4.961535906757894,4.6667104432021125
855,5009.765625,6.685183972987797,6.289634726957843,4.986059482052195
856,5015.625,7.560313409551914,6.50028106621779,4.754982177924398
857,5021.484375,5.278178113897954,6.941982636631703,5.004671801835937
858,5027.34375,6.659036334533247,4.862857713747055,3.9429078577484664
859,5033.203125,4.821753361947355,3.3692173749647027,3.7403499686575605
860,5039.0625,6.102013693195582,4.029113086479246,4.121921152507215
861,5044.921875,5.571648301997081,4.923730768388955,3.9169755492240483
862,5050.78125,2.189453795524748,1.6870053247221675,2.046640383819734
863,5056.640625,3.291233079108211,2.0209939242096087,2.106750272972704
864,5062.5,4.274367544858768,3.0288217393803025,2.367692676026379
865,5068.359375,5.67012733927142,4.808301610257532,3.090720554169157
866,5074.21875,3.3271913811445417,2.4872436938896643,1.8143549998067072
867,5080.078125,1.8103200134071213,1.711455453842494,1.7404324581712873
868,5085.9375,1.2204226844548347,1.2368313342913313,1.924422918102796
869,5091.796875,4.99644671481992,3.0890094800519283,2.670854431255936
870,5097.65625,6.037488144188946,3.4983911305341024,3.5988036678777755
871,5103.515625,5.400243092562953,3.1257931517445297,2.902850205708663
872,5109.375,5.4852013264097925,3.239783184060385,2.9382988385039015
873,5115.234375,6.3996848182316155,4.321986926175029,3.2377251514076755
874,5121.09375,4.436548542259352,2.5186105418281954,2.2171531901929833
875,5126.953125,3.6763767224800845,3.439438322456642,2.611465347727887
876,5132.8125,4.390458176216334,2.6075329808804137,2.9788518775277937
877,5138.671875,4.0985302324851425,2.7239454342667466,3.15679590328621
878,5144.53125,4.399504449995557,4.039698009271582,3.310005372310022
879,5150.390625,2.693258893897098,1.6661306274525272,1.6185272971907045
880,5156.25,2.1170981135772196,1.9239576057941692,1.8513667637720252
881,5162.109375,2.6352254027703625,3.049469972719896,3.5957371592230687
882,5167.96875,4.52044638614589,2.9382081139271476,2.791083926790724
883,5173.828125,3.877378424149831,4.085866134150106,2.703919178771101
884,5179.6875,3.933308475495525,3.4123018933412004,2.6451704837713748
885,5185.546875,3.3960606533753217,3.0486410933499837,2.298983799477708
886,5191.40625,5.40944781096874,3.9320377357774987,3.1782916313276752
887,5197.265625,2.5651312909052315,2.2199969675689806,1.288659506319715
888,5203.125,2.9127162255852226,2.6034374753836245,1.6456999632645508
889,5208.984375,5.24383033429334,4.356687459537248,3.9281934118377904
890,5214.84375,6.422534873138434,4.791197531132273,4.70161163721807
891,5220.703125,6.690291446525488,7.490833759963257,6.13740631506473
892,5226.5625,3.991589596223248,3.0778623889409067,3.1912770767485825
893,5232.421875,3.568467974188704,3.571508446775715,3.1814566675296923
894,5238.28125,3.323927336517602,2.3382249099140733,2.7364419748603206
895,5244.140625,3.0909906710683055,2.850664374991074,2.996356938339852
896,5250.0,2.61221386074399,2.6149853613037912,2.177223008835512
897,5255.859375,1.3715781919600347,1.3466314899973129,2.8172453908632584
898,5261.71875,2.2546799352826294,2.2041227698109678,2.1116022086671005
899,5267.578125,3.528680356961306,2.5463143702528424,2.6219820143125956
900,5273.4375,4.5522778722321995,4.0969647545096315,4.212169528095134
901,5279.296875,2.0267879408027527,1.6884059027369274,1.7553693503034347
902,5285.15625,1.558966198883983,1.2157547197806629,1.4265024210686872
903,5291.015625,1.962796495188308,1.1698525002939197,0.8856334121063003
904,5296.875,1.6233447249194979,1.0574926558555404,1.4858495145930604
905,5302.734375,1.1168869878317293,0.75,1.5926433264340782
906,5308.59375,2.018280332453551,1.6844740829975475,1.68076527943226
907,5314.453125,1.9992245234144697,1.4465100484222655,1.7999288863329683
908,5320.3125,2.0181223547799014,1.3143320424858214,2.305944387353168
909,5326.171875,2.295949007446056,1.2536828137485467,1.7454391568188272
910,5332.03125,2.998703531033275,1.7363942077250125,2.8236212638913427
911,5337.890625,2.060717614631706,0.8497439410210441,1.3404847703602216
912,5343.75,0.9288649423071741,0.75,1.9293302368597478
913,5349.609375,3.154797867747575,1.5076640892669584,1.001233996539074
914,5355.46875,5.778114924805074,6.2695931062596415,4.125549710137791
915,5361.328125,8.877671513674054,5.180710344901244,5.470915356667187
916,5367.1875,5.868177126832321,3.5351201207664245,5.166333277226029
917,5373.046875,5.551066685687214,3.4448258508232454,4.055692823246698
918,5378.90625,4.071812669006415,3.704017483597317,3.4589176106678936
919,5384.765625,4.140344549687055,2.546821449587897,2.570077020301411
920,5390.625,3.9130665549814667,1.960190876561243,1.3600767568056156
921,5396.484375,4.496625253283276,3.1500858921922026,2.3846046875641296
922,5402.34375,1.6966635880265342,0.9835401435116944,1.2645132143027527
923,5408.203125,4.533248754760683,2.2945385560291687,1.973120172450338
924,5414.0625,7.370379118206776,4.171876106033729,3.3469459827769525
925,5419.921875,5.659981767350244,3.178258711634383,3.089375809187202
926,5425.78125,6.612027200144896,4.569914792632783,5.557819667989488
927,5431.640625,8.251110351577902,5.686029958372686,5.283051146427609
928,5437.5,4.162529347150284,3.2108283648238656,3.033775246847304
929,5443.359375,4.199256399243844,3.125494432199088,2.809041295087954
930,5449.21875,3.972214322000088,1.9635278148832147,2.2192479536969154
931,5455.078125,4.555813409982458,2.7630187757642464,3.0727891638735727
932,5460.9375,6.393380447102156,3.42917992911945,4.166623191482974
933,5466.796875,5.7495006123825085,3.9180607068944675,4.077210796359563
934,5472.65625,2.640366596422128,1.8868680105608169,1.6839121188598458
935,5478.515625,4.044722388302761,2.7514840929013866,2.3125206293257756
936,5484.375,5.980169183646347,3.051528319959162,3.2815360783730116
937,5490.234375,6.687731351349215,4.654010796053446,3.535775045560247
938,5496.09375,10.838873383565895,5.130506191098715,3.941285124384762
939,5501.953125,4.821909287045483,2.597754477032043,2.456338956702749
940,5507.8125,4.159689715413107,1.9255600710664638,1.347402052600008
941,5513.671875,3.370903992769681,2.188113076162792,1.6768451973145706
942,5519.53125,6.1932228776830245,2.5418801238874544,2.4911055514520624
943,5525.390625,5.611313312058516,3.6426947740553404,3.6927201669332375
944,5531.25,4.2903267734981085,2.1935026422744346,2.4686386483618614
945,5537.109375,5.661527446039383,2.5771276170761523,3.4213299835053004
946,5542.96875,4.340821993170774,2.69659128459556,3.256569314214347
947,5548.828125,3.910010001773444,1.6648985730577908,1.6194336117820958
948,5554.6875,3.9811538834646414,1.9412422835128194,2.4194666168864
949,5560.546875,1.366273740750691,0.7665245673932762,2.1068465074062215
950,5566.40625,2.769290973921419,1.7021459213425718,1.9020927027035428
951,5572.265625,9.737151672734164,4.11352825865864,3.0036520414916765
952,5578.125,7.641160149653281,3.0840955582880984,2.481893316394896
953,5583.984375,10.330046177383668,3.414063505253273,3.2603015519906293
954,5589.84375,9.26044683706167,4.049718571054448,4.230099495748964
955,5595.703125,6.656097802132275,3.588004588658392,2.6898490204465673
956,5601.5625,4.296176912039607,2.5859236123068965,2.7696681287931257
957,5607.421875,0.8520265586094992,0.75,2.364093816037964
958,5613.28125,2.77558930886685,1.4700824962792947,1.4794711056708685
959,5619.140625,4.500147880758113,2.3646873334948966,2.3305834813783712
960,5625.0,3.6325258123644026,1.8451596575093032,1.4190729642780997
961,5630.859375,5.059807609712363,4.416409298843296,4.416946939113519
962,5636.71875,3.4476676370727284,1.6747621175811103,2.6537817327275697
963,5642.578125,4.365405478502463,2.160955964782281,1.3094331324146262
964,5648.4375,2.8754028707471275,1.7774544013283415,2.4115431498073283
965,5654.296875,2.5198869965592636,1.4351582517450971,2.2257975184466394
966,5660.15625,6.210832764866337,3.0542447594757247,3.3710283950053985
967,5666.015625,1.4758411698601435,0.90800094464408,2.9006094121686714
968,5671.875,4.268442521059379,1.972816219991301,1.9394110033307237
969,5677.734375,2.3406805499740853,1.1013626712211924,1.4290297986706237
970,5683.59375,8.916676291142743,3.5369478257158358,2.4068902349870327
971,5689.453125,3.989500765979484,2.2201293724257414,2.219811564456477
972,5695.3125,4.605287345537278,2.886197670457241,2.7998213503465292
973,5701.171875,1.9875057609295657,1.23912416886177,2.0089656023511586
974,5707.03125,1.1018755073913218,0.75,3.230016304599643
975,5712.890625,1.604896841783111,0.7630428507992851,2.0690534110706427
976,5718.75,3.065933142231459,1.3113005071227912,1.1329510438072543
977,5724.609375,4.593116208763919,2.2030265836931475,1.8434443610596705
978,5730.46875,1.60242527616498,0.75,1.342574276516238
979,5736.328125,1.6223273365359172,0.795901335780248,1.6688786243176872
980,5742.1875,3.120697369051092,1.6713995528359935,2.000905958864477
981,5748.046875,5.7258955315939986,3.337907035623842,2.3078613659097456
982,5753.90625,4.4905963273092055,2.946215531862758,2.4924434390369195
983,5759.765625,6.271580072069513,2.4215578316766284,1.3258302196920295
984,5765.625,4.712066429867461,2.0133907373877555,2.763170561473212
985,5771.484375,5.4985844363615115,2.9287369721988257,2.0213470232327104
986,5777.34375,6.645291855771069,3.5653142627494097,4.120918656172079
987,5783.203125,5.240804666197606,5.153612923855942,5.180014720082168
988,5789.0625,4.640961579346863,2.0039579522409774,2.5361168050294296
989,5794.921875,4.831281906567436,1.5752411417227257,1.2593420060336684
990,5800.78125,8.536306856933859,3.036238150121444,2.6745297720271393
991,5806.640625,4.639385327575847,0.9907752345609755,1.241707011242651
992,5812.5,2.2537007319729305,0.75,1.9123425602836255
993,5818.359375,2.439471161033129,1.0675887306742893,1.2100997936453446
994,5824.21875,4.52394565749113,2.3413740132016776,1.3083652093198537
995,5830.078125,3.996746500308796,2.1100143066335795,1.9438819613257359
996,5835.9375,6.888495942669326,2.3043108334370372,3.039242926284833
997,5841.796875,4.745077632252821,1.8810475902520165,3.1134031174875028
998,5847.65625,3.091550596547304,1.4864877366056184,1.9259430697228643
999,5853.515625,3.0998300139325967,1.8399714358954449,2.752196981355027
1000,5859.375,3.716175085787954,2.5386885029667385,2.2103857401262976
1001,5865.234375,4.155277082069796,2.075063527944808,1.9807016872863634
1002,5871.09375,3.045850298581384,1.3872892866137092,1.1210369589099853
1003,5876.953125,5.530725628616865,2.1135203818592947,3.4652940915179573
1004,5882.8125,4.028072116330149,1.71208673643175,1.6612105400556487
1005,5888.671875,1.5113686539796567,0.75,2.48714573042971
1006,5894.53125,5.1126088458349885,2.275650530344052,2.25700835036486
1007,5900.390625,5.557488801461966,2.546274060736773,1.9521321849187931
1008,5906.25,2.632191712282728,1.3421093017529397,1.1921178748310315
1009,5912.109375,3.1730332048543697,1.3499596395595705,2.0182172119341204
1010,5917.96875,4.7883014564742945,1.7047346405551018,1.8709702112355897
1011,5923.828125,5.259392826911067,2.2830088513864104,2.769048874525647
1012,5929.6875,2.8304443632984637,1.4077743753702712,1.6182435541258184
1013,5935.546875,5.031223331214546,3.088127641813556,2.6055427546902488
1014,5941.40625,6.283131467898212,2.2570897420077043,1.9370119479801688
1015,5947.265625,6.656632858598937,2.6080540551506584,2.8677663029968876
1016,5953.125,2.0107596545355695,0.75,1.6614326162418358
1017,5958.984375,5.778668263885339,2.426992743017263,2.457477578314786
1018,5964.84375,5.684315504148956,2.782117931733463,1.4241245977875412
1019,5970.703125,7.264868866889351,3.2258282363968545,2.444765855794647
1020,5976.5625,7.6942215562751075,3.7458037417041163,4.4445040559679825
1021,5982.421875,9.440459011447954,4.808811503495862,3.6606587374594883
1022,5988.28125,2.3345074302409023,1.1720534587489784,1.850285073351726
1023,5994.140625,4.82082585681493,2.173294645832584,5.245941359917629
1024,6000.0,7.278616426674533,4.246581844282043,3.963948747471417
1025,6005.859375,7.843116633762977,3.8512984153913674,2.9880029187885064
1026,6011.71875,5.275995605680494,2.245497769969795,3.2821648304948496
1027,6017.578125,3.403882104931214,1.2342687915248163,1.5055490162226384
1028,6023.4375,7.4014281423120085,2.525892033604121,2.5831133054215494
1029,6029.296875,10.916598370199061,4.229615611256419,4.273872285459776
1030,6035.15625,9.395017334591417,3.647709374248776,3.2166288551617837
1031,6041.015625,2.0884696321449012,0.9605214574227885,1.5154929370434567
1032,6046.875,3.945629952021469,1.9414893340007136,2.5356477472234213
1033,6052.734375,8.981314777643632,3.793066209122207,3.4586817769354643
1034,6058.59375,11.636238377793585,5.228253587061788,5.637752732580182
1035,6064.453125,8.34094784635569,3.8179131692233685,3.8427356925530693
1036,6070.3125,4.469599896083561,3.4096272122731266,3.5306905385567835
1037,6076.171875,7.476124793141436,3.168364553529236,2.8671291041402163
1038,6082.03125,6.813150577977248,3.9488862096826045,2.6634476843667447
1039,6087.890625,3.0590590204009462,1.1619869164447234,1.3940956331990113
1040,6093.75,6.92528098588979,2.6711392130053753,2.5923645458287523
1041,6099.609375,5.068522786068702,1.675418259315606,2.485702979130467
1042,6105.46875,10.703218243240979,5.034991006092984,4.508183172802965
1043,6111.328125,7.340514108095332,2.962078021406183,2.760877927826193
1044,6117.1875,3.3914993590239657,1.676843747657656,1.404915004001925
1045,6123.046875,7.251286169092746,2.8885234281953487,1.601256224010754
1046,6128.90625,7.512646398094865,3.591708261716655,2.180075103736741
1047,6134.765625,6.579913438381037,2.7419436512817636,1.7159831436796367
1048,6140.625,8.258901320199477,3.316070505935711,2.3516920683479188
1049,6146.484375,15.139646540826645,5.8248824537160875,4.350299575167619
1050,6152.34375,12.927992051039867,4.171569559241284,3.7586727491011858
1051,6158.203125,8.356188975749756,2.6000579372048875,2.42112388514169
1052,6164.0625,6.396177270469962,2.2449952933062156,2.6007092362354762
1053,6169.921875,3.3470831808154675,1.1745957528927096,1.191786692265839
1054,6175.78125,2.6784663969291866,1.1303601126528373,1.888496251773078
1055,6181.640625,6.281136673210448,4.021969514575627,3.946603080580935
1056,6187.5,9.1137224128569,4.34619699249322,4.421260777790575
1057,6193.359375,6.136678441118842,3.4922957413712687,3.679137358329227
1058,6199.21875,2.3710639051177824,0.883960748479998,1.610558102859809
1059,6205.078125,4.070025386381196,1.3244914797510825,1.7292505139993497
1060,6210.9375,3.081035393691599,1.223181964548637,3.755233781433855
1061,6216.796875,3.0758269267307203,1.5176561300584321,2.9655256451890994
1062,6222.65625,1.5935852244814663,0.75,4.758031366715261
1063,6228.515625,2.171292902052319,1.151732726866567,2.4227103182267964
1064,6234.375,3.1098307400597447,1.6545697574154137,1.99831190625436
1065,6240.234375,7.008499507380385,2.95199302321612,3.4967241806376967
1066,6246.09375,5.298882375709805,2.316947223608392,2.7038085930895646
1067,6251.953125,2.9445830770118118,1.7377917995884746,1.9173823270715873
1068,6257.8125,3.6550766480158163,2.1847338670313707,3.3866525929413003
1069,6263.671875,2.0769536087872016,0.884422033636139,2.045194992717736
1070,6269.53125,5.415039847225846,2.1115840800534493,2.3912801565620385
1071,6275.390625,6.659396715845077,2.577849210583001,1.8335437885200574
1072,6281.25,11.300381244437476,4.515967673514503,3.908176642568322
1073,6287.109375,11.61061687607283,4.970367803144991,5.6936053530823205
1074,6292.96875,3.6734905277348067,1.5876184028518354,2.889814377966899
1075,6298.828125,5.927255579373012,2.978973287779885,3.743645553974545
1076,6304.6875,13.055873958411714,5.752497613162088,4.828270082778772
1077,6310.546875,16.284462458436433,9.593510520941955,6.890260901969032
1078,6316.40625,15.843441342248857,3.550384153635405,2.678055207753858
1079,6322.265625,9.735739293591282,2.0015563652808965,2.777326659071664
1080,6328.125,3.859049819143083,1.0372532384585564,1.8408037042295802
1081,6333.984375,0.9510605193239868,0.75,3.149977734363354
1082,6339.84375,6.144459289678593,2.3163364344464203,1.8015605138291058
1083,6345.703125,6.18459619723933,2.630547194934598,3.3000046040734796
1084,6351.5625,4.283605591487771,2.488381925795929,2.2315288234255592
1085,6357.421875,10.254170999894656,4.616388547970363,5.381828495613465
1086,6363.28125,11.690650228058338,4.800328677963201,4.399512249570903
1087,6369.140625,11.291491832103961,4.4279271511068945,5.092620335953541
1088,6375.0,16.920182775378507,9.315005859582458,8.669316792637249
1089,6380.859375,14.188879341443117,5.611388886028467,5.802358929822828
1090,6386.71875,9.676851724844184,3.7600529576915243,2.9811117077834908
1091,6392.578125,8.001343989328857,5.045552215427277,3.8661356706193573
1092,6398.4375,4.33099508017563,2.0249243149816794,1.769028488111912
1093,6404.296875,7.218103682211349,2.5098957778242665,1.540428297452607
1094,6410.15625,11.581687710406037,5.715575235383156,4.9039954929356595
1095,6416.015625,9.193911166477813,3.924174656982184,4.140165566424682
1096,6421.875,3.852474486293526,2.198016653842909,2.748486189201192
1097,6427.734375,4.372383692377728,1.6246328282061677,2.3163631160412246
1098,6433.59375,0.31412884094853094,0.75,4.263569684957865
1099,6439.453125,7.986900555605778,2.777159412716244,3.426165628765706
1100,6445.3125,9.49927904121481,3.5987147589697024,4.988028800624386
1101,6451.171875,7.2107806630421205,4.320126422565671,4.156203875280187
1102,6457.03125,6.480862153188128,3.0457101658011334,4.609775501963247
1103,6462.890625,6.20947387608906,2.217037366522497,4.855258725892851
1104,6468.75,9.709992742022493,2.9727970743706824,4.380634680125238
1105,6474.609375,11.19340361511903,3.71471695905751,6.587436231072552
1106,6480.46875,8.557674210974477,2.406684490335773,3.344949255644885
1107,6486.328125,4.169246387328181,1.4592994335274823,3.8930743540076445
1108,6492.1875,5.339392923992512,1.726754840383891,2.5044322528477867
1109,6498.046875,9.961439346879532,2.354221443244086,2.535461911174372
1110,6503.90625,1.3966267057901467,0.75,2.100121400167076
1111,6509.765625,4.759200644632967,1.4274659770286897,2.2480766974225084
1112,6515.625,2.24885500529354,0.9866997291337556,2.1584576099107777
1113,6521.484375,2.8356921080921857,1.3616209709616598,1.8232305286837387
1114,6527.34375,7.396017281672151,3.461532508324596,4.094631590409372
1115,6533.203125,2.161570791197238,1.5574745718786596,3.0935772927801577
1116,6539.0625,6.164913525983086,3.5173911210287447,2.5210054931606862
1117,6544.921875,5.122976919965174,3.279819979964119,3.122925702404795
1118,6550.78125,2.586044262284456,1.0200026956743682,3.780042707616529
1119,6556.640625,2.830075408004857,1.2873283224540328,1.88721386173485
1120,6562.5,8.04775659546156,4.40009352434188,2.7423161430847074
1121,6568.359375,9.098339203352355,5.62270578826122,4.574276288746577
1122,6574.21875,1.7015594993001877,0.75,1.7677314063750205
1123,6580.078125,2.7796470374202977,1.3358852957702525,1.3257632040876666
1124,6585.9375,7.104869103988906,3.5989852550769905,3.613541690589679
1125,6591.796875,7.516864573251603,4.317576518144675,4.014938129348887
1126,6597.65625,7.945960863668598,3.1608019966135483,3.2209499257957623
1127,6603.515625,4.735885971648963,3.570407690492016,2.8243368278110137
1128,6609.375,3.159791112679414,1.4622679109280132,1.1068109399372
1129,6615.234375,8.480203730077934,3.2610346626418867,2.1123969196467764
1130,6621.09375,1.8906330595522043,0.75,1.9440940501886619
1131,6626.953125,7.90411850500082,2.8843084019024774,4.851973491956839
1132,6632.8125,6.898374872444031,3.1377184626881545,3.772526215157548
1133,6638.671875,6.700048146567187,4.226991826708459,3.132158357601953
1134,6644.53125,1.1565779126346234,0.75,1.5969557374369299
1135,6650.390625,4.711121478260748,1.6543356366497939,2.393128680618148
1136,6656.25,5.8630566827160475,2.3447008297342444,2.4680782979722222
1137,6662.109375,6.961183102169739,3.07396278421742,2.635940624734539
1138,6667.96875,12.625658219058499,8.21135802991637,7.388230815665964
1139,6673.828125,13.913939012133643,10.74726064796544,9.765422859414665
1140,6679.6875,11.076306851074156,5.5482824244926165,7.2252245358688505
1141,6685.546875,9.129390442642682,3.5946457997409675,3.2513739099230947
1142,6691.40625,10.56920559668738,4.192139006990311,3.616142250067062
1143,6697.265625,3.018539788244003,1.0521506692544063,1.7943871038451022
1144,6703.125,3.1702121013291458,1.3460393149259695,1.494264118013135
1145,6708.984375,0.46768626871183666,0.75,5.353460279672637
1146,6714.84375,3.777041321694941,1.259869124281903,3.0360881973747618
1147,6720.703125,8.489363609897861,6.270766904616688,6.17018592486966
1148,6726.5625,14.710579165979526,10.986095925841136,8.59941652085958
1149,6732.421875,16.566655656335364,8.167172869289812,7.460457292184867
1150,6738.28125,13.115672084133026,6.0370136531832586,7.114879564658998
1151,6744.140625,6.221353860299089,2.4138894972570033,2.9956212202524286
1152,6750.0,6.014820823532452,4.648859423584188,3.0878150058780243
1153,6755.859375,8.989322053532145,3.6483887813802074,4.865994329004406
1154,6761.71875,14.246713446895022,10.678127148810082,7.778193436561884
1155,6767.578125,16.264952641704028,9.402320436918412,10.349408952985028
1156,6773.4375,16.959218404781183,7.638550012120083,6.5361644631950995
1157,6779.296875,14.281149574326578,8.789413239813317,7.343927316334907
1158,6785.15625,4.411513277884019,1.5623134332392767,1.941459835577902
1159,6791.015625,5.265885711352091,2.0705196319676937,1.4731687478174875
1160,6796.875,2.635860306317387,1.6375803339320165,1.1691412137937576
1161,6802.734375,2.6959134818497508,1.2963874944792715,1.4607621192243703
1162,6808.59375,1.1577039182234112,0.75,1.8949373557876947
1163,6814.453125,5.959637088041338,2.3972413338233065,4.2420957706373255
1164,6820.3125,10.720935808810804,4.222641465366908,7.366027895699476
1165,6826.171875,10.130238647044687,3.770853699640499,6.21592089988608
1166,6832.03125,8.536173665790834,4.809683072995427,5.406347578211408
1167,6837.890625,3.9964147011113584,1.6475229859335272,1.6312572760302537
1168,6843.75,6.44145771979438,5.104022114986588,3.1834237500652307
1169,6849.609375,9.232733887909617,5.328561090771874,3.8067534668134897
1170,6855.46875,10.184967540166776,4.006089242577283,3.0672026852496783
1171,6861.328125,5.933445788667188,3.3389678510469816,2.651368042323274
1172,6867.1875,7.289530691017801,3.415506256786414,3.103728169633696
1173,6873.046875,4.543446982802689,2.6999240725965934,3.109764162886903
1174,6878.90625,3.1519003528886045,1.6351192369057974,1.3322353390906074
1175,6884.765625,7.40493379645707,4.837015323987028,3.7042848419420262
1176,6890.625,5.347699768715204,3.2798916213745444,5.424393433872925
1177,6896.484375,1.42114515602767,0.75,2.3787895771972907
1178,6902.34375,7.377985182941229,2.625548635055945,2.065914655535936
1179,6908.203125,10.083111570829033,4.973046474855649,4.877834396788875
1180,6914.0625,6.220371077221309,3.7551495664307284,3.042384743700674
1181,6919.921875,0.3381036440512202,0.75,6.492917336594548
1182,6925.78125,4.193672358632187,1.641686746480469,2.6218144344552337
1183,6931.640625,10.97023987254732,4.755321434681994,4.697359093370256
1184,6937.5,6.658876079471178,3.1806647841069244,2.730372343061628
1185,6943.359375,4.691289428910347,1.785847623614356,1.5209431574941878
1186,6949.21875,1.8451320664067399,0.9793770929714873,2.100307823410153
1187,6955.078125,5.7196734199643915,3.051290913218211,3.775635093284113
1188,6960.9375,3.377411804737899,1.986832001571854,2.5900412557356214
1189,6966.796875,0.8342493220727387,0.75,2.5702791990310567
1190,6972.65625,5.72488571242593,4.3260094068285735,3.0422469073980487
1191,6978.515625,11.940617250631789,8.756642382775004,6.65868670645666
1192,6984.375,13.178486303034964,7.059378349057797,5.933153665372878
1193,6990.234375,11.426774136120985,5.495283440215356,6.902088317767286
1194,6996.09375,5.1990395698761125,1.8820566668380843,2.1804792032949916
1195,7001.953125,7.43275769108306,5.060703381151308,4.149226154069102
1196,7007.8125,3.023469805308056,1.2201287208681137,2.496612931886252
1197,7013.671875,1.388582439655327,0.8014233478070545,3.328126248386346
1198,7019.53125,5.6661380737142855,3.4412686940927815,2.227223304647876
1199,7025.390625,6.8763751982845305,3.403802160770787,2.6093330903483354
1200,7031.25,5.1739818488322795,2.8395264806437117,2.375497112500728
1201,7037.109375,10.16938172026613,5.796259484749666,6.127321626284268
1202,7042.96875,7.758636540286188,6.118400570810936,6.411762870891073
1203,7048.828125,3.9929144305857265,2.066538907948161,1.9945164613339372
1204,7054.6875,0.6931769050858569,0.75,2.897745798755507
1205,7060.546875,0.893636556981669,0.75,4.576838472460101
1206,7066.40625,6.66568901175913,3.4589878260180322,4.352011468645663
1207,7072.265625,13.09922070400738,6.314409341922649,5.352047580029654
1208,7078.125,12.946461900070938,4.315361302480883,5.470745057723038
1209,7083.984375,11.772236416654495,5.103657160206774,3.9983384772298516
1210,7089.84375,12.51634347776418,5.445517746688274,4.722676198359325
1211,7095.703125,8.817794022239985,4.302153333612027,4.938335544025949
1212,7101.5625,6.5009823251457215,3.9800199248802124,5.707615761434657
1213,7107.421875,1.8456440814430108,0.8270999250432902,6.005831780849523
1214,7113.28125,2.695142297495764,0.9567709722722181,1.5204873723991794
1215,7119.140625,2.8441630654736008,1.603197272965001,1.4908701330944127
1216,7125.0,3.6941187427694637,1.6353760041411016,2.5068123513588207
1217,7130.859375,4.980429079087252,1.8990854630899427,2.1225104669855837
1218,7136.71875,1.5988683571964195,0.75,2.1113681113407443
1219,7142.578125,3.2050989196530093,1.2716227760607126,2.6154894864317897
1220,7148.4375,1.2491617007826343,0.75,2.145775801801566
1221,7154.296875,4.013231875729978,2.064548582074438,1.5526869556457632
1222,7160.15625,6.857265987525864,4.967705244286968,3.3487504047575025
1223,7166.015625,7.5381862664825015,5.381423444494867,4.589631685541832
1224,7171.875,7.868696856905963,4.309335003622125,2.976705300037889
1225,7177.734375,9.566941796487376,5.839929271781283,6.165505773736816
1226,7183.59375,7.913128410122254,4.768453692757236,4.663835295923309
1227,7189.453125,4.709071693941478,2.514551615240886,2.948187301610189
1228,7195.3125,5.6515518793691975,3.6363491904609555,3.11627039826938
1229,7201.171875,3.9030810023008415,2.2379437042192696,1.4119229670062277
1230,7207.03125,8.992132365818534,3.9071334334558725,2.5676458461839413
1231,7212.890625,7.592828432445452,3.2006673749093277,2.706034438137317
1232,7218.75,4.054987784530509,2.422430207751364,1.978076951694064
1233,7224.609375,5.21586475735307,2.96198007169658,2.2579602156754004
1234,7230.46875,7.972128938878669,4.082800613283279,2.66343412740944
1235,7236.328125,7.420107146260353,3.7851769924435494,2.4848545139978637
1236,7242.1875,4.98056347679211,3.971880657674415,2.6430912952681855
1237,7248.046875,2.713435124790311,1.5478265262037714,1.4018826969529943
1238,7253.90625,4.707981199941992,1.6304274226706092,1.89553845209288
1239,7259.765625,7.224823213415822,3.527564854037898,3.693092307568222
1240,7265.625,3.7593042398283094,3.093220484923463,3.984736775083315
1241,7271.484375,4.994981864574269,3.5898123373433757,3.8307549495895814
1242,7277.34375,3.8188180831010925,2.9612497944279363,2.638644954341988
1243,7283.203125,2.8982402211326064,1.2490070293578603,1.1386413153526438
1244,7289.0625,6.715683157478332,2.7728124289576113,3.042050085391822
1245,7294.921875,4.128531321056737,1.4568459958254572,1.5471394080110485
1246,7300.78125,7.772748062817993,4.121895006084043,3.9385602485649738
1247,7306.640625,6.359400238460362,3.618569591803427,2.7744244655411063
1248,7312.5,5.289865614852422,2.113294946712158,2.049278792918927
1249,7318.359375,3.632953964221812,1.3148625136810286,1.8228559714659978
1250,7324.21875,6.626890736447116,3.6526889971772505,3.3669345734717635
1251,7330.078125,6.017517578723694,4.385346658079795,3.012029665184814
1252,7335.9375,7.006893910931273,2.758954698439298,1.5499365311499962
1253,7341.796875,4.928569297486018,2.309622041261674,1.2168475162472612
1254,7347.65625,8.109577278494703,3.7715680042204376,3.6357369531222417
1255,7353.515625,7.8952415211874944,3.313393697120451,3.0001099050654485
1256,7359.375,7.336996985350521,6.561878203473324,4.784249814473937
1257,7365.234375,2.350433932837704,1.7776047751092618,1.7008572940038158
1258,7371.09375,2.567057713099973,1.0140658654442944,1.1531947392926307
1259,7376.953125,5.165328524986121,2.0504515871762594,1.7281465996422658
1260,7382.8125,6.611406952547679,3.3389699108990745,2.8918348299709313
1261,7388.671875,9.282333088949883,4.391508495304787,4.050322882039384
1262,7394.53125,5.01460475493646,1.8742891587387405,3.171440793881668
1263,7400.390625,1.9244645876410547,1.082475019791519,1.7604046999971161
1264,7406.25,0.9004563065061613,0.75,3.995227280144489
1265,7412.109375,5.581665814282993,3.4453715346257816,3.705709911940566
1266,7417.96875,7.708634081216094,4.377164062232765,4.936729360583394
1267,7423.828125,4.211416808931059,2.617393651188646,1.4845961280340778
1268,7429.6875,4.65925124498353,2.86999116908198,1.9470980838910594
1269,7435.546875,4.31631540926961,1.7758927852591917,2.58518709941418
1270,7441.40625,5.275748024020576,3.21140987641975,2.572182322422641
1271,7447.265625,3.1108912707761798,1.3842483600122004,1.1486965105115547
1272,7453.125,4.511984774721234,2.311492333914682,1.9490484360804425
1273,7458.984375,3.199069672322287,1.9708693210727275,1.8994037713552323
1274,7464.84375,6.1812385165045916,6.081295691304424,4.744149905220991
1275,7470.703125,6.069030187742465,4.917844151031593,3.950747410504395
1276,7476.5625,5.954172983106559,4.3887893823486674,3.5198260536154855
1277,7482.421875,4.936281753609594,1.9269366473111877,1.2359881133316513
1278,7488.28125,8.739138241620552,3.406140658099988,2.658406261857277
1279,7494.140625,6.5040792156305285,4.309860297473577,3.9494827769015948
1280,7500.0,6.115392203822615,4.709618353622374,4.017196953666893
1281,7505.859375,8.500784344448899,4.19390922406127,4.330262380093592
1282,7511.71875,4.944102928424526,1.5325266927596326,2.6800979420440108
1283,7517.578125,3.298010283792304,1.6029885591654733,2.6289613300470114
1284,7523.4375,5.138475548140319,3.199810042138901,3.2130813132189857
1285,7529.296875,4.065462245506294,2.6453579320246385,1.8480191701328466
1286,7535.15625,4.880173455817171,2.292703739083695,1.5713030854963037
1287,7541.015625,3.4551969770934448,2.483440607211376,2.7554300404711185
1288,7546.875,7.915141844102369,5.221131126862962,7.9172025993844874
1289,7552.734375,9.70643044175919,5.564572743095527,5.062923017419063
1290,7558.59375,8.508842265806239,4.303809311395703,3.89203509048301
1291,7564.453125,2.8094702565774585,1.8121052751504036,1.8183720741516207
1292,7570.3125,4.302853603060005,3.1610345979813737,2.595198043959629
1293,7576.171875,5.647713689189079,3.433990975044062,3.042819595949356
1294,7582.03125,7.63437497810451,3.3212592637117098,2.4649881777390186
1295,7587.890625,5.62567176018676,2.4012390974424895,1.464885564643177
1296,7593.75,3.781930047396451,1.7840540069526887,1.6030316718346167
1297,7599.609375,4.990975573279305,2.5168353838542097,2.4442811922595
1298,7605.46875,2.862518796082535,1.341556097462242,2.2378086446376884
1299,7611.328125,6.516641176447291,4.088398123617702,2.5694114181637264
1300,7617.1875,9.129177697542438,3.487512121928816,2.9492640329772053
1301,7623.046875,3.1520258745800516,1.4914983004029236,1.8506735778694103
1302,7628.90625,4.921058631661078,2.3960523856227054,2.120939748870204
1303,7634.765625,5.068664894026724,1.9781336489715367,1.6051464307159928
1304,7640.625,6.7702509524355765,3.391014912361638,2.8581303609773356
1305,7646.484375,6.563101062816179,4.744236358465995,3.5076722136220027
1306,7652.34375,2.4205888896235987,1.3247702406586173,2.3192950869691633
1307,7658.203125,3.734257419995869,2.595106519782231,2.2135907734162372
1308,7664.0625,2.205596053300978,1.836634010884517,1.6156483557120103
1309,7669.921875,3.4902041238912758,2.368979332151313,2.7129726185124756
1310,7675.78125,5.707880420847281,3.391737024855334,2.030539365739663
1311,7681.640625,11.963692723187231,6.475504442985401,6.079338164147613
1312,7687.5,12.588712002416333,7.230030163760975,6.190469271588153
1313,7693.359375,11.073082375730488,7.310366999513365,5.56123284320228
1314,7699.21875,3.375537521593279,1.4379426187121265,1.5994136224940558
1315,7705.078125,4.061125595499341,2.0525531172180354,2.2036825102476607
1316,7710.9375,4.301518372275019,1.978238784678514,2.1717963792342934
1317,7716.796875,5.764992251973302,2.1244565028026186,2.5983988339612054
1318,7722.65625,7.882277374218853,2.2453759034410625,3.240500102924618
1319,7728.515625,8.675819395809615,2.5959608395683165,2.6429494177710486
1320,7734.375,8.26492418742627,3.4510433650304684,5.326296661260694
1321,7740.234375,11.565093120971346,5.135264305993631,5.464798785813356
1322,7746.09375,10.10339344519788,4.847640657112173,4.420008151821808
1323,7751.953125,8.536119285201735,5.079344185247468,4.690628823607494
1324,7757.8125,4.414027877647622,1.8369685461307876,2.176425819685616
1325,7763.671875,6.923604885701973,3.9676472656440804,3.7209789017522796
1326,7769.53125,8.450645449272075,5.300764479873854,3.9611221526987936
1327,7775.390625,9.859493315592895,4.103089922363073,5.065273119758101
1328,7781.25,5.430585006690905,2.5273431835337523,3.035744562268837
1329,7787.109375,3.930454306092185,1.933958284443848,3.4476125630561296
1330,7792.96875,2.2267057831765054,1.0475137941089971,2.275820720673598
1331,7798.828125,3.9421601550669494,2.3123640187817385,1.8624280545166843
1332,7804.6875,3.2251722437116364,1.3281374033250464,1.627336367833402
1333,7810.546875,8.251825002071868,6.513275337115248,5.843688737051121
1334,7816.40625,14.802819688969832,7.085582480126979,6.369465136401787
1335,7822.265625,15.516939492899803,8.90830059784991,8.299930981502278
1336,7828.125,14.861739095020617,7.836052694722328,7.929500466538935
1337,7833.984375,11.167673751131998,4.972530385429643,4.280819802678909
1338,7839.84375,3.5846975578230027,2.14672945984839,2.3006457730318033
1339,7845.703125,6.446151191879034,2.778815584676583,3.5908313340301703
1340,7851.5625,8.968335899266444,2.9858423432455115,2.4390152548725035
1341,7857.421875,10.598706764457818,4.450240030049802,4.318214674186035
1342,7863.28125,9.788571980592163,3.6528225598785866,4.194481603453942
1343,7869.140625,11.722234811878927,4.637433143683441,4.2247188124758654
1344,7875.0,14.004212378366867,6.2803075644441595,4.789231251623667
1345,7880.859375,15.264080957071355,9.54834051469199,6.635613893633563
1346,7886.71875,9.539635835507331,4.328157944212899,2.985117166573985
1347,7892.578125,6.107284794526372,2.033458337854271,2.1821544195066966
1348,7898.4375,1.687821837336635,0.8835947785454903,1.9016190799153616
1349,7904.296875,3.561504623652265,2.679318879667309,1.6750291268499957
1350,7910.15625,5.0665263167973595,3.1565285659432543,2.247693775204258
1351,7916.015625,5.582719030819831,3.155972999434753,2.3828187912500294
1352,7921.875,4.103373591038061,2.819720902340616,2.039871445571815
1353,7927.734375,4.252030274130802,2.7894681409423874,1.7624513561727586
1354,7933.59375,0.5726829158976576,0.75,2.8405865308858216
1355,7939.453125,1.0884906730472153,0.75,1.6137859660311107
1356,7945.3125,8.572864463315412,3.94589864444024,3.4397236678589715
1357,7951.171875,10.247758585597353,7.9716538999114235,7.532449685588613
1358,7957.03125,9.826951532483319,4.297041576542325,4.346646611985774
1359,7962.890625,4.3338041517116555,1.9315993625987027,2.0608943104405597
1360,7968.75,7.083783176097975,4.16666595833131,2.887373689801691
1361,7974.609375,8.929621252262145,4.025598473034423,4.710048384094362
1362,7980.46875,8.281778583292642,3.8786097664207686,3.946648644342619
1363,7986.328125,4.6281147465986985,1.7232084691730574,2.0417932632150158
1364,7992.1875,9.80443922883693,5.936305117796006,5.073902479089143
1365,7998.046875,6.327672356006632,2.9204235187134553,3.325118577137725
1366,8003.90625,5.637133123902043,2.998622919754747,3.1534978064385273
1367,8009.765625,1.8231137112816702,0.8595100037759884,1.751222786483207
1368,8015.625,5.382766200851795,1.7339771884588175,2.5401318365342265
1369,8021.484375,9.884044889409367,4.57260320056022,4.404164119748191
1370,8027.34375,6.645936043377126,4.333783225775943,3.966585121374412
1371,8033.203125,5.0992827555790115,2.4278599830655025,2.4596469696172583
1372,8039.0625,5.959517881408447,2.2221912093400746,1.696702170727985
1373,8044.921875,8.701005171149818,2.959330725511002,4.06717133905804
1374,8050.78125,6.548639705673709,2.8366950606476293,2.6476974957135626
1375,8056.640625,9.778091475430095,3.8064233933272593,2.8417890542701874
1376,8062.5,5.525285892824436,2.1742139290162394,2.2454069937332366
1377,8068.359375,6.417628147985496,4.6174482993812465,5.272756215676981
1378,8074.21875,12.032379895362508,7.85111504997996,9.678409956225543
1379,8080.078125,17.015867876365768,11.066229176640437,9.538038751433678
1380,8085.9375,13.158734599170185,4.831845858553548,5.965090925460595
1381,8091.796875,13.84729171543051,6.411947079412823,7.670557033583836
1382,8097.65625,7.042741070638811,4.352214707438371,4.645803869188002
1383,8103.515625,8.648068703432607,4.9009435998461,4.716253089213941
1384,8109.375,6.301864992991656,3.403511547121944,4.13276292320394
1385,8115.234375,12.752249833383665,6.6117311497902405,6.142324976764678
1386,8121.09375,11.225480176075159,4.986265366592827,5.310137642516091
1387,8126.953125,15.073491276181064,9.003828054584256,7.56765463736117
1388,8132.8125,17.302809330397004,7.9180650394143,6.159217062420996
1389,8138.671875,13.973339753481367,11.920406658815828,8.476093397041309
1390,8144.53125,11.085374883791395,5.531274259882041,6.483031189303765
1391,8150.390625,11.111376706995232,5.0324641536811825,4.157251385337347
1392,8156.25,12.476146485646803,5.10266142054154,7.1848380575319615
1393,8162.109375,11.057446908089096,6.1552324655567485,5.670916014146995
1394,8167.96875,8.67979157715702,6.742270313444064,5.504691363896991
1395,8173.828125,11.06894327071884,4.516315619109639,3.5997663511251976
1396,8179.6875,16.92292057800502,8.836455082524196,8.12595878548747
1397,8185.546875,14.714086246530073,8.664929974472308,7.801495818996455
1398,8191.40625,10.586571946902527,3.9047831213112882,4.300838896360151
1399,8197.265625,5.569978572017263,3.1693986577908593,2.769399163216846
1400,8203.125,5.560398655517357,2.4543508079948335,3.3583365272479964
1401,8208.984375,2.6817815833261256,0.9064596667243418,1.57681258866584
1402,8214.84375,3.1348077623843884,1.433070960837008,1.9160413395422173
1403,8220.703125,8.382120078927443,3.583480210191843,3.898224821697744
1404,8226.5625,6.728090009311282,2.8240781156955466,3.81988828714278
1405,8232.421875,1.745567410399791,0.75,2.0949401907024563
1406,8238.28125,2.853355419785631,1.3404322821072017,2.896503143582176
1407,8244.140625,1.4970532535347492,0.75,4.164588729163691
1408,8250.0,5.372682411917872,2.5224334305630634,2.496543784428834
1409,8255.859375,2.894212504587626,1.4212986809726436,1.1423747187750242
1410,8261.71875,2.749750449731488,2.0472225191668243,2.0751207507015836
1411,8267.578125,3.89622429267977,1.9997461931252138,2.268965006368447
1412,8273.4375,3.620819287989275,1.6566130115279045,1.7484149351333815
1413,8279.296875,4.750911939150329,1.676770818878941,0.9401651203849002
1414,8285.15625,1.6185405968756135,0.75,1.9423627421618623
1415,8291.015625,4.542062967597992,2.217490042180763,1.62409104625589
1416,8296.875,8.970976208508864,4.649410174550793,3.3363954552657007
1417,8302.734375,8.907021882011994,5.390966928478537,4.135434223395538
1418,8308.59375,10.49421696722775,6.9543608949436955,6.466146706980663
1419,8314.453125,3.1185806480929545,1.3812611734450957,1.7444857728296512
1420,8320.3125,8.873112247833513,3.6688734559876464,3.298032077535983
1421,8326.171875,10.412704839794877,6.70503068162263,6.005727172871097
1422,8332.03125,12.668513017876858,5.260320116673494,5.706981970850591
1423,8337.890625,8.678883765691593,3.8235818979904623,3.1331382693158414
1424,8343.75,9.873022477317798,4.1572479756877065,4.271697184847969
1425,8349.609375,7.257804210661545,4.11728845091609,4.495188347132955
1426,8355.46875,12.555687652636152,6.444228781087602,6.65506101637818
1427,8361.328125,11.273593900867608,5.881676739456267,6.22527424896273
1428,8367.1875,12.082639994067202,6.030008268752011,10.056212287783135
1429,8373.046875,9.668323160815508,3.6286704655887627,7.074119790678942
1430,8378.90625,7.260239699234315,2.6272084630189045,5.772083484605524
1431,8384.765625,7.193749838033015,2.7600174856128854,4.900784396081857
1432,8390.625,6.892634519997849,3.6005239862338057,5.947088615622967
1433,8396.484375,7.77517152601703,5.715413964358341,4.745415026653066
1434,8402.34375,6.857747458105998,2.97755992592392,1.870096991111899
1435,8408.203125,1.5479472916252774,0.8340662712004103,2.4526657878458287
1436,8414.0625,3.075127125829578,1.8611764069783412,1.9577641055449442
1437,8419.921875,4.308382981849229,2.001812666503657,3.688563781706918
1438,8425.78125,6.697744131959864,2.44223992150345,3.8584991391617116
1439,8431.640625,2.9621139254666797,1.3467335224272878,3.161992392653349
1440,8437.5,4.923047768347741,2.4906275409063663,1.2465209631546772
1441,8443.359375,10.239035785736288,7.77184285591335,4.608752370369201
1442,8449.21875,9.677516832487036,8.476820367495137,5.207743960450991
1443,8455.078125,7.252866082128773,5.046708674569447,3.6660214094223416
1444,8460.9375,5.367091951270045,2.9876038712733872,2.1464572190751694
1445,8466.796875,8.226680883700219,5.226954578339722,5.177695621465589
1446,8472.65625,5.403825174852098,2.5972459194076,2.9123110550366254
1447,8478.515625,5.963742652656969,3.7709168013629832,3.482611804317997
1448,8484.375,6.225697490132977,3.38027412594273,1.7656853953181282
1449,8490.234375,2.8298126818250022,1.9022565475301154,1.5015787833387788
1450,8496.09375,1.4547013186502378,0.9685407090376417,1.6827807824628327
1451,8501.953125,5.047773003310224,2.447501685197947,1.5005300620813362
1452,8507.8125,2.4550785562297768,1.042169918547338,1.4390180913400137
1453,8513.671875,3.291925394694867,1.5623343354090475,1.953301721824747
1454,8519.53125,1.8457600281816493,0.75,2.2051131550073038
1455,8525.390625,1.023862450324959,0.75,2.2873320180782066
1456,8531.25,4.119566694992561,2.1282272507709767,1.5491846609417723
1457,8537.109375,2.4440711518806655,1.2116329706310083,1.496837756442876
1458,8542.96875,2.1587366371239263,1.4724465201278423,1.5060346096853412
1459,8548.828125,1.8535934648256176,0.8524764523435637,1.4324743328542782
1460,8554.6875,3.89853173364919,1.893300830877748,1.0695297615354005
1461,8560.546875,2.9196991790620475,1.0090213856944867,1.5934050214330622
1462,8566.40625,3.80841420639197,1.8043001034691755,1.6657003895443268
1463,8572.265625,2.7712326194500974,2.4484058902853976,2.291012413432736
1464,8578.125,6.083617750515509,6.466144616759225,4.170276586787393
1465,8583.984375,5.8068843752258585,4.477964060984105,2.3133502461334503
1466,8589.84375,1.9154910651808774,1.203756951363975,1.1535692002782443
1467,8595.703125,7.376685137216935,3.1627767009813867,2.7649549399684887
1468,8601.5625,9.934548447326753,7.408769926740275,8.00402492884679
1469,8607.421875,11.670214219187553,5.82489508694272,5.1297322258530125
1470,8613.28125,10.358136121094978,5.286938094270264,6.67511468948401
1471,8619.140625,11.03703522796307,5.36156404050109,5.926945817635898
1472,8625.0,11.183887166598067,7.421891137909295,6.560466183744417
1473,8630.859375,10.805185215887308,5.596514446084319,5.890967727156887
1474,8636.71875,9.680596053813954,6.780301412335918,5.9145648258080055
1475,8642.578125,9.852684903756705,7.971880001456075,7.469746298391759
1476,8648.4375,12.296013675418767,5.126656759909644,5.352662140020181
1477,8654.296875,12.658795408794054,6.073946215299523,6.669253094192811
1478,8660.15625,8.173152297296102,3.758547184344507,3.182112355257708
1479,8666.015625,10.437439669933253,6.010396924625988,6.983026659153106
1480,8671.875,12.971401761809851,9.875655884613103,9.40019412075158
1481,8677.734375,10.066042462369724,6.744961733400121,5.655018718160902
1482,8683.59375,5.939255526781775,4.435834172759739,5.300709769358958
1483,8689.453125,3.524312340114198,1.9124422618279602,3.697272772141357
1484,8695.3125,5.309988750133317,2.9931873953793993,3.4334654896079426
1485,8701.171875,7.225321388906187,3.17050610468728,3.0517663696286172
1486,8707.03125,7.716560120582899,3.066433283601537,2.6217314415626136
1487,8712.890625,5.254619917369308,2.3680184587921325,2.4203618740043567
1488,8718.75,4.493785282098079,2.854915609882619,3.7567661398386316
1489,8724.609375,5.966588453290894,3.1572103321042766,2.6932934057252287
1490,8730.46875,2.077274978933278,1.4679537231998183,1.88314319851195
1491,8736.328125,1.878641571517663,1.4725838398304723,1.5564095013292536
1492,8742.1875,4.79158128766925,2.335307669066022,1.293464872740329
1493,8748.046875,8.6927460407674,5.657696268899603,4.870442681989497
1494,8753.90625,8.643431866258556,5.572981353661979,6.203610039484623
1495,8759.765625,6.361791747557467,3.1015147375308896,3.587129441476351
1496,8765.625,4.082745082708259,2.490156093585888,1.979425671917046
1497,8771.484375,10.481460762408073,5.657503798750754,4.388423609666095
1498,8777.34375,9.095951758860075,4.5016323639009315,3.0507787616405246
1499,8783.203125,12.51531769548065,6.323595783735853,5.172822454109748
1500,8789.0625,7.696404558423503,3.078850415730194,2.4531195129296943
1501,8794.921875,5.969033640716185,2.8465334619819873,2.432667722997247
1502,8800.78125,2.7231701479416643,1.5014712048384793,1.8830846454090746
1503,8806.640625,4.714003359519968,2.911014976284746,2.8484358123649405
1504,8812.5,5.472710036420511,2.5064363665460423,3.126046343160505
1505,8818.359375,4.557914890077141,2.8706192919406983,2.7343654691024852
1506,8824.21875,3.295083185122368,2.6572646172140026,2.71859458885956
1507,8830.078125,1.0750096305651256,0.75,3.3528140829872215
1508,8835.9375,1.5026176448208328,0.7795372620225065,1.3192618558285416
1509,8841.796875,8.728477185232164,5.077539120103999,3.635398508729964
1510,8847.65625,7.885539089068224,4.451196516329671,2.6102994834740976
1511,8853.515625,3.5054619147789072,3.292273475905266,2.472318122060765
1512,8859.375,5.200020356552466,2.8875606660793554,3.8884636052177464
1513,8865.234375,7.60461901746141,3.6579543023572763,3.913358009749512
1514,8871.09375,8.564826694059436,6.627128177357413,6.483081239084634
1515,8876.953125,12.185502981490398,6.285267988455475,5.001206117784915
1516,8882.8125,7.131189541573424,2.8127502969660108,3.1563379057275758
1517,8888.671875,2.99220203646001,1.1298001925054026,1.7788011254033587
1518,8894.53125,2.1825647235877463,1.2106442123167012,2.1040955622381476
1519,8900.390625,3.898866377704434,2.074635514600885,3.649886389895629
1520,8906.25,6.804295011419569,4.380406085424181,3.584579078774162
1521,8912.109375,4.463668112917155,1.807449013263132,1.2879229377118895
1522,8917.96875,5.062107545684965,3.42826183980621,3.061233434456161
1523,8923.828125,6.2402260080750755,2.683189400140592,2.644714455163801
1524,8929.6875,8.412547936728803,4.2985418776208375,5.029907305325676
1525,8935.546875,9.866448864373998,3.5936766586041173,3.983787232732312
1526,8941.40625,4.764164295475007,1.946924840032643,2.397561471847267
1527,8947.265625,7.526718428399453,3.930668966965932,5.549904710048843
1528,8953.125,12.321366436188894,8.055701297325793,6.106731017393203
1529,8958.984375,18.615935115154322,10.125507107208461,9.230068035116956
1530,8964.84375,14.92945734363607,7.38460213666986,7.929533649242894
1531,8970.703125,4.249116950239874,2.2422804739614923,2.94593469118035
1532,8976.5625,6.795396384637828,3.163490747745884,2.778963674157716
1533,8982.421875,6.773310968171087,2.7783233040511215,2.4415036462227335
1534,8988.28125,9.81560844028036,5.780196778609021,4.728405721592725
1535,8994.140625,8.536138166773505,4.808061394706431,3.912964624488256
1536,9000.0,4.693367592483006,2.1218371746163487,2.723715449273484
1537,9005.859375,8.507993108070409,4.68946093284472,4.8899374696289515
1538,9011.71875,11.735166014976906,9.862189526697936,8.312941866448746
1539,9017.578125,9.612986098454414,5.650315473797763,6.998749401521874
1540,9023.4375,6.040687921964984,2.7727634793670433,5.0303238871362295
1541,9029.296875,2.0930645016353195,1.0016623381251557,1.8493630448029765
1542,9035.15625,2.918186233218246,1.112108506866023,2.397288833858981
1543,9041.015625,3.048003018662331,1.9824824218845745,1.819693193306971
1544,9046.875,4.201164943700098,2.021373950624011,1.9734926553094174
1545,9052.734375,1.3522180321911628,0.75,1.5454252967690842
1546,9058.59375,2.792257740607547,1.7239435384293604,1.7404268109251944
1547,9064.453125,9.986246157606965,3.6806822842353357,3.3874002480747363
1548,9070.3125,7.276987774727034,2.5651262549181837,2.625705752380055
1549,9076.171875,4.532527195508328,2.4243519584140314,2.3537841030741973
1550,9082.03125,1.9589870877555078,1.156566851688465,1.8382893601484487
1551,9087.890625,5.713320659076807,2.405636508592685,2.6420670541136873
1552,9093.75,8.3465050094761,3.633168193735571,3.6625733504845472
1553,9099.609375,11.311183464818958,5.436536086404976,6.8373929097371855
1554,9105.46875,10.396531634585157,4.503489587776458,4.1435760420083145
1555,9111.328125,5.729533108551559,3.9560231462950375,3.3215556915003455
1556,9117.1875,2.9219936554746653,2.5954010383576525,2.992118132979343
1557,9123.046875,7.149159883787868,4.257473586024991,5.819084408087417
1558,9128.90625,6.913537009391526,2.8717777213135527,2.6922831802365907
1559,9134.765625,5.507563276968751,1.5488703215115698,3.1597269884110597
1560,9140.625,6.158662897282829,2.2491284012059367,2.4785323815912403
1561,9146.484375,7.34292391412275,5.0166081652372885,3.968975107829832
1562,9152.34375,10.339075201751887,4.4578720495019315,3.020004787624212
1563,9158.203125,2.366830941135857,1.08378685100234,1.3047394009207456
1564,9164.0625,11.14505654285032,4.242013455235126,3.4176028476642277
1565,9169.921875,3.8357603877778637,1.711568400472259,1.7202047579259618
1566,9175.78125,9.065881008238556,4.0357366868145625,3.05889540743086
1567,9181.640625,3.247602153754216,1.123127322036223,1.0248291740471938
1568,9187.5,4.701887978405877,1.524387388906253,1.0231740065981059
1569,9193.359375,2.9417520182024797,1.3764800795274592,1.8173697434324365
1570,9199.21875,3.6360424497216814,2.1949748516996097,1.6927674516682236
1571,9205.078125,3.821435260682818,1.9921113267613826,1.37679620237171
1572,9210.9375,1.3908911684244476,0.75,1.5570975508611253
1573,9216.796875,6.897240862443189,2.839730882228235,3.7416194619525935
1574,9222.65625,5.699451443873389,2.5470726541933804,4.935898846670554
1575,9228.515625,5.596048575629439,2.8533825108315027,1.954761960055274
1576,9234.375,8.949226970672562,4.346203708191922,2.7285266579959053
1577,9240.234375,9.247138437043594,5.649094897507078,3.4476340795855855
1578,9246.09375,3.09773988735946,1.697023460836422,1.4261099663705417
1579,9251.953125,4.667830600295798,3.2854157611250603,3.277731970504626
1580,9257.8125,9.976550583107914,4.539510574515764,4.502341087729709
1581,9263.671875,13.497360463479447,6.9479859855723065,6.287937823041059
1582,9269.53125,15.212843447587616,6.1019549524692955,6.210313345705186
1583,9275.390625,9.501430624909796,4.77514960631354,7.0669663112143795
1584,9281.25,8.23949183958612,3.222203619476642,2.4419150290387464
1585,9287.109375,7.779442687641033,3.482398187269336,2.7364208372786143
1586,9292.96875,4.806499253127505,2.5784442050606935,1.8626869077148631
1587,9298.828125,3.387371374643517,2.369737731011659,2.96985747076647
1588,9304.6875,4.607162987897441,2.1834152805227913,2.0716059063947627
1589,9310.546875,6.9815242463485605,3.9105469068442544,3.6429927747825173
1590,9316.40625,8.663143093911945,8.271031632165737,6.117761656423372
1591,9322.265625,13.068164537684137,7.800583231378241,5.580897483526654
1592,9328.125,11.741058889154404,8.108095889280346,4.593937636167167
1593,9333.984375,9.111061599959854,4.933572858818737,4.81853494818989
1594,9339.84375,3.5953617072101536,2.016320975859691,1.6152486658964629
1595,9345.703125,1.3710008717855686,0.85949944054078,2.684206451634577
1596,9351.5625,2.452223990675968,2.054946933357404,2.069165846013532
1597,9357.421875,2.6525600502259556,1.6556746413895187,2.618597584599083
1598,9363.28125,6.530754318180887,2.5438405315126302,4.575651169230903
1599,9369.140625,7.3727381894459265,2.962534734953498,4.0221355193993285
1600,9375.0,5.0310848524312615,2.522110175245029,3.480482632025867
1601,9380.859375,2.732135334653215,1.9860227761955342,2.6677609097609962
1602,9386.71875,2.2273876355198614,1.0449087113269564,1.8684163084057455
1603,9392.578125,3.9316025334611027,2.3750809643664956,3.6657093937279748
1604,9398.4375,7.191805665480378,3.0112976358438024,3.9810240383106508
1605,9404.296875,5.560056261824187,2.833103586670102,3.2237893269271356
1606,9410.15625,6.058458833406281,2.830734631188531,2.6095249115104755
1607,9416.015625,8.30407710949319,4.025504983500378,2.717901110946054
1608,9421.875,11.699698163191005,7.156169630016841,5.286011862687837
1609,9427.734375,10.961643560805104,4.899906454110559,4.0702797357625675
1610,9433.59375,2.263648779727173,1.4069335598674995,1.4006643761593789
1611,9439.453125,5.78266205239375,3.020271226573013,4.920480210705511
1612,9445.3125,9.357019147833224,8.153923044330993,7.013127663747983
1613,9451.171875,6.688197921997921,6.061276979058412,5.911729656760527
1614,9457.03125,2.666821581849359,1.1452614318902612,1.52605307148713
1615,9462.890625,7.6352588718630034,3.6216074708821573,3.334661044561681
1616,9468.75,12.323242891662163,5.289304690825045,4.689063224278999
1617,9474.609375,17.288510214939244,8.98451207951913,6.754045454051641
1618,9480.46875,14.880315908761938,8.248503782683668,8.482993937415044
1619,9486.328125,10.278042538876475,4.437524267496226,3.8249990632002464
1620,9492.1875,6.516469087823518,3.9352062704545494,3.775173119015202
1621,9498.046875,9.4127862126372,6.260253687811694,6.514304215571112
1622,9503.90625,9.7022768658178,5.322434353988198,4.770700426779867
1623,9509.765625,1.0652130585918917,0.75,3.391493763061694
1624,9515.625,6.074273230518157,2.6504275396274988,1.696403786862735
1625,9521.484375,8.202340348420815,3.6158655334542287,1.8219740872824244
1626,9527.34375,4.0706143643614245,2.035356386790622,2.127823432996307
1627,9533.203125,13.300067793867386,7.30608924209009,8.00624432965053
1628,9539.0625,15.32592093616355,7.63979377857815,6.327539734533368
1629,9544.921875,8.556741531081897,3.242063078675395,3.2060337171169526
1630,9550.78125,5.780930580335988,4.707750837010879,1.9407249221217886
1631,9556.640625,5.524451223114295,4.1805596817168045,2.4141900038707225
1632,9562.5,2.0148536547908864,1.2017484161808718,1.4220428972281731
1633,9568.359375,1.252699308868845,0.9630218493953945,1.6673153822150277
1634,9574.21875,5.227913825610925,3.3118139052874733,2.9949380258211806
1635,9580.078125,6.12146739008745,1.905322199984469,1.8809412817017521
1636,9585.9375,6.087600671605079,2.8165664142645896,2.5765981126463915
1637,9591.796875,4.0275732320939746,1.9924075684139293,2.2388787085938384
1638,9597.65625,3.3689426399932736,2.6486046023822003,2.5043997191133354
1639,9603.515625,5.965148479459039,3.730169035357952,3.714900804730137
1640,9609.375,8.960166673368125,5.110255709345886,5.618443143160045
1641,9615.234375,3.986996319311215,2.3548525051604416,2.138943940769151
1642,9621.09375,6.967465488582821,2.7463022894222595,3.9269727158595775
1643,9626.953125,10.178549107173842,4.520339881716323,4.72318206096059
1644,9632.8125,10.139376434088398,5.001165434382366,6.463065130317981
1645,9638.671875,4.745589571777403,2.7334759996436917,2.7297583049980405
1646,9644.53125,7.419897160929368,3.3299860808277932,4.655018153925482
1647,9650.390625,7.077426546726715,2.5959175206709593,2.6472582938068543
1648,9656.25,11.053472087957863,5.916021769182107,4.868422840321724
1649,9662.109375,8.039799366054625,4.823545268033338,4.033857357328723
1650,9667.96875,2.974166502780501,3.0229769191319913,4.418831454648073
1651,9673.828125,4.093728561238193,2.788232023326318,2.9923796204497117
1652,9679.6875,2.669402558383379,1.5190747325545249,1.361239470041964
1653,9685.546875,4.3899645769733535,2.926022809245252,3.227138184440158
1654,9691.40625,9.69164567164439,4.926687017884967,4.924674497010905
1655,9697.265625,8.677573446174966,3.9533955818516047,5.660514200960687
1656,9703.125,8.38192306850632,3.612295896960249,3.104724393955543
1657,9708.984375,6.661311895424339,4.334791736033459,3.4896036116471887
1658,9714.84375,5.98130664800059,4.4799154265608685,3.6226931991583613
1659,9720.703125,3.1894645195108824,2.288906050682631,1.5321660542140036
1660,9726.5625,4.943262606626294,3.759349488744286,2.8657695546370814
1661,9732.421875,6.024634799928174,3.309640851500511,3.7131680427290514
1662,9738.28125,3.436389283818118,1.9870662327800888,1.8032290889987326
1663,9744.140625,1.838058105392301,1.896294327796924,2.365584254201428
1664,9750.0,5.074948114461003,3.4023646007852557,3.438466965264826
1665,9755.859375,5.289786825743312,2.9102624319248918,5.3533985864939755
1666,9761.71875,6.950349859092102,3.075831290100603,5.27907609399358
1667,9767.578125,2.8848016847284654,1.2102089521505652,2.4808947413106712
1668,9773.4375,6.5178269026848294,6.403423906932886,6.355710261093116
1669,9779.296875,4.558468354138152,2.1687307802790285,1.7865974314866147
1670,9785.15625,6.739263488900979,2.8747402290317736,3.097887278543681
1671,9791.015625,6.504269261631702,3.04386768564948,3.3785224044071636
1672,9796.875,9.614817501386964,3.2588066140780425,4.930095761718892
1673,9802.734375,4.777031079296839,1.8122334546830947,1.6075117298916393
1674,9808.59375,4.239406308214236,2.299006841969133,1.5006055037352592
1675,9814.453125,2.705828779020011,1.7860088974187516,2.7258571021859916
1676,9820.3125,7.990981583537735,3.701314200708561,4.080560189619637
1677,9826.171875,15.20479317911292,6.465654279101421,6.441617945307552
1678,9832.03125,12.873065758479298,8.327459382658276,7.440555929194257
1679,9837.890625,5.687921920465248,2.0973537459803833,2.1245649373171975
1680,9843.75,4.994197377205328,1.9039053610007841,2.853881970085169
1681,9849.609375,4.339961435297652,2.318012859372427,2.2011214484937116
1682,9855.46875,3.2087863109811785,1.4530041360841452,2.531051208845178
1683,9861.328125,7.536875424535079,3.2163760929074847,3.973942110524424
1684,9867.1875,8.48309077206083,3.0400704707956385,5.395125320151905
1685,9873.046875,5.003633403884889,2.1934233927262534,5.955441698905546
1686,9878.90625,2.6033745184364188,1.364669493674128,1.7567431746484627
1687,9884.765625,5.965940810465174,2.315142038712877,2.6049199851653255
1688,9890.625,7.103160985739789,2.159758973894194,1.7473225889632233
1689,9896.484375,8.839894614709491,3.952843804260117,4.05773213724897
1690,9902.34375,7.765623942568035,5.242379622680362,4.298069427510683
1691,9908.203125,9.940621225015004,5.544003438516938,4.618271690057746
1692,9914.0625,9.021520468189147,4.407868522852995,2.92109906921658
1693,9919.921875,9.178900389157679,5.025077633859649,3.464829068263465
1694,9925.78125,5.360545851206934,2.4001480743672587,2.760280699323187
1695,9931.640625,1.9680751098676241,0.8459101739855495,1.6976008035285346
1696,9937.5,8.02989827306696,3.4049118622202834,2.826357999076928
1697,9943.359375,8.69891514944203,4.2507163959292775,3.0457431872870018
1698,9949.21875,7.764968456520103,3.195976504128729,2.334859576111882
1699,9955.078125,4.602097681459315,2.75058633946384,4.48961350977839
1700,9960.9375,4.456997376533659,2.301334786539157,4.834595264022981
1701,9966.796875,5.501640683218795,2.141292391562297,3.452417948675087
1702,9972.65625,7.672919699277766,3.580295321083396,4.611791804300517
1703,9978.515625,3.3997393161876857,1.5181031012067803,1.362016400030045
1704,9984.375,4.642867484567419,1.917964932099679,1.3210085197873835
1705,9990.234375,11.973513313353516,5.049895906425826,5.789803122226368
1706,9996.09375,16.474558398955732,5.803464025347141,6.030763273294126
1707,10001.953125,16.048057625973364,6.285759436498509,4.368428963716508
1708,10007.8125,6.665955509596023,3.20676966176355,2.422713507975746
1709,10013.671875,7.984289809056563,4.11233543624555,3.609077374074982
1710,10019.53125,6.621705175689536,3.2462290313148374,3.4669154425022537
1711,10025.390625,10.270372662713132,4.158003383159764,5.486970888070135
1712,10031.25,5.374676497263228,2.4456695007825586,2.8555303721842913
1713,10037.109375,8.90320489852183,3.7638605099947586,3.198028400286071
1714,10042.96875,8.138716253267276,3.7723057215669864,2.9841488854180853
1715,10048.828125,9.040023069602444,4.11502314901298,4.912123973586867
1716,10054.6875,6.394722077918871,3.3267371089920683,2.8175720538200784
1717,10060.546875,5.507540673702745,2.3658902660264243,2.1762351346982443
1718,10066.40625,6.134083637538944,4.146635089801354,2.6189998976501494
1719,10072.265625,7.650466527241672,3.452545322004022,2.0657970354138167
1720,10078.125,4.415598915861078,2.6388202245670316,1.6103089740447671
1721,10083.984375,1.5755020016658445,0.9328684142683368,1.2354638838983385
1722,10089.84375,4.754064642109824,2.4868865093567223,1.7170100679901474
1723,10095.703125,2.064282918323252,1.002687691536211,2.115197791085576
1724,10101.5625,4.046468141192165,2.0984260567316353,2.6365149767581815
1725,10107.421875,4.090585077649736,2.4612248910800947,1.923019855047003
1726,10113.28125,4.687807797453175,2.057734368921752,2.4139068804198542
1727,10119.140625,1.6442342990691214,0.75,1.7729934795111901
1728,10125.0,6.992931323174304,3.1462755735826757,3.1120066558197106
1729,10130.859375,4.584880492137355,2.212851143277466,2.337500963019451
1730,10136.71875,5.531686045231953,4.583202834126035,4.438998812620898
1731,10142.578125,4.102397678801359,2.2155699153589703,2.073194347780006
1732,10148.4375,4.099822753453851,2.7500071740724628,2.111949210016694
1733,10154.296875,8.086468018017074,3.5381799110969037,2.7460742195213808
1734,10160.15625,5.563698289509307,3.200047516027217,3.066196660520996
1735,10166.015625,2.885178778104108,1.8099810868203274,1.7737278847393776
1736,10171.875,1.1094803272927103,0.9013281818801797,1.978375722685891
1737,10177.734375,0.8404616663121447,0.75,2.5334499198229983
1738,10183.59375,2.44734897807384,1.4386868541689388,1.8602001886292276
1739,10189.453125,8.464800935788958,3.602190557668596,2.456569420032218
1740,10195.3125,11.60683538872472,6.215991234523602,3.8134761474151944
1741,10201.171875,6.428678243928849,3.6962264701111893,2.8345504951753404
1742,10207.03125,5.109514678860922,4.253521876708499,4.055913607329737
1743,10212.890625,6.809994515146815,5.674454153140262,5.35137521275127
1744,10218.75,6.864429537604125,3.368645062504065,3.3101949716768577
1745,10224.609375,8.996581238566563,5.273426910368997,7.6143867419916225
1746,10230.46875,8.912535018095815,4.457006600623822,3.675599097371604
1747,10236.328125,8.118595393301739,4.1723028052169715,4.377651742584391
1748,10242.1875,6.33608617967822,3.236672756316243,3.0127113537033603
1749,10248.046875,8.58868242703767,4.366477757238312,4.0158182786430965
1750,10253.90625,11.64347945280548,3.771459157474562,2.7105825779374837
1751,10259.765625,6.546617320494098,2.6479219788345643,2.1476630159151884
1752,10265.625,8.417555663278069,5.567315654109218,3.799590349614446
1753,10271.484375,8.399827412308213,5.703475834285593,4.150056445058078
1754,10277.34375,5.7984560359693385,3.752795725828131,2.090075058887947
1755,10283.203125,3.9876257587845805,2.7967969394300347,2.1402436985616022
1756,10289.0625,2.5766778767028016,1.3585494787274994,0.97244039893436
1757,10294.921875,2.3333908042059566,1.4231560189015862,1.2762307980061767
1758,10300.78125,2.1631542293261274,1.6060498882395153,1.9990858974932413
1759,10306.640625,6.8496147113776535,4.457304654882421,3.3479897592219077
1760,10312.5,10.001490537206013,7.210075607352914,5.530694022003862
1761,10318.359375,11.319509057157251,6.521608863089172,5.279586181413894
1762,10324.21875,7.622596777942391,3.1248207611828764,4.16101047418731
1763,10330.078125,5.143164041190638,2.392616000074416,3.223696187362739
1764,10335.9375,4.682442445208422,2.802346015128233,3.790472568325476
1765,10341.796875,7.208571809426317,4.373189690698507,2.6395054337474706
1766,10347.65625,13.291607552414122,5.504681717984339,4.180478067119543
1767,10353.515625,15.598959703273605,7.744871361670884,6.148768637166392
1768,10359.375,12.795869305495819,6.672131208182595,6.146914949245269
1769,10365.234375,8.093960978902423,5.285748063961753,3.6122516796401807
1770,10371.09375,4.275653949602053,3.075355065495171,2.094682438044793
1771,10376.953125,1.6419719540649942,0.9226271979207359,1.9835235317638882
1772,10382.8125,1.2376676947191432,0.75,2.4932522787842943
1773,10388.671875,2.2745434642476106,1.217767636179483,1.6458165961028857
1774,10394.53125,3.6981855193951643,2.380591141405023,2.3598199285176618
1775,10400.390625,7.280294832756564,2.667590326519874,2.723109428722088
1776,10406.25,12.689232004829675,6.337341929424757,4.492788495509504
1777,10412.109375,12.763872177317083,4.752398546502507,4.304391832470408
1778,10417.96875,8.61229203177207,5.074267265971076,4.168834406249894
1779,10423.828125,3.9619364637821364,2.5889332131175546,2.2914793827055697
1780,10429.6875,0.9120873152669591,0.75,2.3701522287765666
1781,10435.546875,6.45035093002316,2.5013682713457515,1.8486646271041756
1782,10441.40625,8.84772262844825,3.528720548852265,2.714577603088575
1783,10447.265625,2.7483293990414968,1.2049443438089391,1.7716007032285297
1784,10453.125,4.389278045219945,3.208513836410799,3.031727283768544
1785,10458.984375,4.688324893996355,2.0749014056590496,2.010841657044171
1786,10464.84375,4.45375620655105,1.8749106926887524,1.2200571017811728
1787,10470.703125,1.4227661363016357,0.75,2.329167572986655
1788,10476.5625,3.630581712278204,1.6734371393798835,1.6820337857446777
1789,10482.421875,5.136002785744537,2.5570150107074987,2.716764490172979
1790,10488.28125,7.622344148463946,6.1845554486943595,4.8501065546263105
1791,10494.140625,9.856491589476505,5.474642098748309,5.411430532490363
1792,10500.0,9.022607714555717,6.453201076733255,5.209201253998147
1793,10505.859375,6.286446135945362,3.1319484129956363,3.6022624243408625
1794,10511.71875,6.951870855889093,4.03607442320686,3.198497437547559
1795,10517.578125,11.049756981432054,6.280976532671719,4.501379361973501
1796,10523.4375,12.886921294656455,6.3918715294562745,6.226703731009335
1797,10529.296875,13.708042829655476,6.189852650012069,5.391449200834717
1798,10535.15625,5.881991414688562,3.1581742654561733,3.0615719130279686
1799,10541.015625,6.54386902559858,3.2976369149514455,2.8978864953267323
1800,10546.875,3.957789333611101,1.6303455283158965,2.310404022998618
1801,10552.734375,8.634753763233762,4.568440541894342,3.522808664830311
1802,10558.59375,5.141896094243637,2.2218568290259544,1.7087710396790623
1803,10564.453125,1.874973080383689,1.0348077425246631,1.0545286901401265
1804,10570.3125,7.975869891738001,5.273135933199845,4.817479843721258
1805,10576.171875,7.410047851907178,3.425628073915454,5.482709861615304
1806,10582.03125,6.7854670693073915,3.603406052047922,3.876664726261171
1807,10587.890625,7.5586325327205905,4.178812771264239,4.739705159831664
1808,10593.75,10.6735280673779,6.391163862320642,7.06026697141124
1809,10599.609375,11.757324252677504,6.62912677774804,7.468722841994634
1810,10605.46875,11.48362144949171,4.793784440692367,6.641174175167458
1811,10611.328125,8.496583359534037,2.7510973336152196,3.58715323886637
1812,10617.1875,5.19787995877041,2.754533161189263,2.071150100584187
1813,10623.046875,4.686015168803283,2.477072110031161,1.8169184282064939
1814,10628.90625,7.921650337089218,3.9092615675564364,4.121530156361946
1815,10634.765625,7.98894335659769,2.597469250345578,4.982629935294148
1816,10640.625,10.908644666508895,4.544883238391616,4.236858092964854
1817,10646.484375,6.684517516229696,3.6234820524633924,5.030612773544113
1818,10652.34375,10.117757857662102,4.585973642836198,4.0049021469338575
1819,10658.203125,12.370172801701564,5.318604530131237,4.393160286969854
1820,10664.0625,10.989423078106537,7.289303885436986,6.815970749726808
1821,10669.921875,11.325775254521925,8.689184648152427,7.407498311903937
1822,10675.78125,9.932369811529297,4.772866767783945,3.5395304965190046
1823,10681.640625,6.724255211964961,4.305786163312588,3.790280810036243
1824,10687.5,1.407602131239331,0.75,2.6029365086656324
1825,10693.359375,2.8513003150955356,1.7463536940302729,2.988219588197402
1826,10699.21875,5.502490818917878,2.5475913948389066,2.824634437853217
1827,10705.078125,6.579818495982087,3.1856394435189177,4.908147752005239
1828,10710.9375,11.661358687270173,3.408442983851603,3.5590845122224954
1829,10716.796875,10.386639879107893,3.2286229519055683,3.693815471741043
1830,10722.65625,9.701363173553794,4.877957631109614,4.8739885171955075
1831,10728.515625,10.16306864203054,7.066532946838618,5.418305899435818
1832,10734.375,7.124815155448911,3.5257295424262973,3.470512205090938
1833,10740.234375,6.88353449068751,3.224602821472604,3.0144960749373384
1834,10746.09375,1.4892785039981944,0.75,1.4780439916990824
1835,10751.953125,3.750195617733629,2.1485671668378714,2.503141730056124
1836,10757.8125,3.3121453916259664,1.2283125519803528,1.7639976019522252
1837,10763.671875,5.85288011079623,2.430377360070342,2.7453262197382777
1838,10769.53125,8.444130229089923,5.265533947993921,5.105557371104483
1839,10775.390625,9.037927311475183,3.3274936532148516,4.874393931501514
1840,10781.25,9.288196785335279,4.401753875686222,5.178994501573182
1841,10787.109375,11.15893890064762,4.23887243147977,6.149951893480275
1842,10792.96875,13.164052135466356,3.967408455824187,6.0041121103601585
1843,10798.828125,11.889175339962682,3.897166011684268,3.761563025692803
1844,10804.6875,9.32478567669675,4.26752210176494,4.27810910452725
1845,10810.546875,3.2838903161312474,0.9457518843154401,1.7592578915183406
1846,10816.40625,4.6729502693856535,1.4469295045889512,1.1744175546264142
1847,10822.265625,4.725108579001182,2.0480439177031684,2.515864239971788
1848,10828.125,7.357982513343206,2.3022472251357313,1.820121699739471
1849,10833.984375,5.763110363524144,2.6692255277420784,2.0017230487944717
1850,10839.84375,7.686429342139166,2.509483069501455,1.666658025418347
1851,10845.703125,9.521004148195482,3.292199990882053,2.49559518919541
1852,10851.5625,8.112137276491666,3.577856828134405,2.2670077464022174
1853,10857.421875,8.387111470594732,3.6828841556782317,3.182500932534782
1854,10863.28125,8.738351546718894,3.5463373986663838,2.2386623397673295
1855,10869.140625,9.525527576424809,4.847873279284979,4.151576184839224
1856,10875.0,10.80647368626648,5.1132894290268345,8.652984918801605
1857,10880.859375,14.505097305973841,6.041657124215447,6.985505179451015
1858,10886.71875,15.679660558022517,4.149942611005224,5.3770912207917005
1859,10892.578125,17.923157860850072,6.166977086313499,5.972292370135413
1860,10898.4375,17.560119742799543,5.046330156100278,6.291148255191187
1861,10904.296875,9.739424735838321,3.078138850503959,3.7360003902920615
1862,10910.15625,3.1756746818119583,1.0275307711138333,1.7436130181067062
1863,10916.015625,0.48257136635596964,0.75,3.4744846776363074
1864,10921.875,6.5619215960945985,3.2888204959858562,2.2649217705726215
1865,10927.734375,6.7804884235905405,3.9390097377433753,3.1315803862607456
1866,10933.59375,9.678261301345609,4.6656233356131676,3.9346540309607367
1867,10939.453125,7.647688481483282,2.7791409653210426,2.622681345623305
1868,10945.3125,13.781849571004885,5.196191011050189,4.387202745096048
1869,10951.171875,16.605777890337325,4.797021602088318,4.564592613621342
1870,10957.03125,18.106176401686696,5.508584860610279,4.761197719506957
1871,10962.890625,17.376637741999193,5.114140536909767,4.826796368351953
1872,10968.75,9.71297777846002,3.6149038070972512,2.9768317426539186
1873,10974.609375,2.308190557579403,0.75,3.2598314090133704
1874,10980.46875,2.4008823491373263,0.771818825214241,1.4622559223716491
1875,10986.328125,0.8514400747803591,0.75,2.092511363044833
1876,10992.1875,5.422961797081481,2.3492280221821886,1.440995150657601
1877,10998.046875,10.81347218050651,4.840485744880416,2.9693172805563757
1878,11003.90625,18.850688160080182,6.245136017144528,6.462418001961292
1879,11009.765625,21.50109827179578,7.883053681641083,7.104071936682804
1880,11015.625,22.473179280557925,7.362343455358294,6.448340027825197
1881,11021.484375,16.412106289031275,9.981962878343928,11.235832846820918
1882,11027.34375,15.308292960259328,7.044280050331366,7.015726298139797
1883,11033.203125,12.492433236766114,5.056248222419649,5.504522661889785
1884,11039.0625,9.390468271086622,3.2472993144910456,4.2144974463520555
1885,11044.921875,16.83051343118862,4.850464584953068,5.718903064815673
1886,11050.78125,13.201943867589643,3.699353545544729,4.156259726124312
1887,11056.640625,10.782369267006944,3.311369197954417,2.944691261340902
1888,11062.5,7.735244627134904,3.0027523528322138,3.402812916392589
1889,11068.359375,7.629580507995182,2.8926651942751307,4.392335907169535
1890,11074.21875,8.68274064589079,2.7181934192659405,3.5358169416190846
1891,11080.078125,12.462840107848919,5.399626760266127,4.400964763113141
1892,11085.9375,12.568436931173014,6.10689632763739,4.304397532077041
1893,11091.796875,11.943428047275793,4.898387624777383,2.977223725877709
1894,11097.65625,10.148361137855705,3.2752721352715968,1.6450410492455505
1895,11103.515625,8.774553609472882,2.909683615420902,3.905829195213636
1896,11109.375,10.49761644838321,3.280856744331865,2.830765822430571
1897,11115.234375,13.10365941428064,4.682723419670568,4.307739927203049
1898,11121.09375,11.845378884677393,3.1709379513306466,2.9797831771938705
1899,11126.953125,13.586013238639852,3.2078027767217785,3.580819148234502
1900,11132.8125,19.10114907384398,5.414121492991981,5.462901406379883
1901,11138.671875,16.700339260122682,3.206297338839123,3.3871160719772164
1902,11144.53125,23.655998361544423,4.448663770040392,6.779123754697611
1903,11150.390625,21.280150561979156,4.760278540924499,8.724874065600458
1904,11156.25,17.053481785854217,5.552284450051061,5.4825838291644535
1905,11162.109375,12.71669849886197,4.65919922633212,4.8289564120626025
1906,11167.96875,3.5700391839670513,1.069713031807887,1.1158710717517433
1907,11173.828125,3.66740130525502,1.0165961654097804,1.459885210593576
1908,11179.6875,5.8658673985721785,2.063334076854966,1.8494025472658533
1909,11185.546875,1.4513159423897268,0.75,2.045529480231974
1910,11191.40625,2.7026538709906953,1.0053670740171634,2.333974632292483
1911,11197.265625,0.8275077514616815,0.75,2.7766880156951586
1912,11203.125,16.38131003274315,6.436061073962987,3.401751166481938
1913,11208.984375,17.567384730918977,5.472787556729095,5.420308416201459
1914,11214.84375,12.788028098180769,3.7755720497904277,4.398442932331332
1915,11220.703125,11.375965635914522,3.838551349589778,4.4540831622697175
1916,11226.5625,12.064815005899403,4.2983915328706015,4.134009475118089
1917,11232.421875,3.4576871559649747,0.8861623580832237,1.384449307347938
1918,11238.28125,10.688792173182685,3.3116929357767666,2.580663852875707
1919,11244.140625,10.51081002792342,3.2169955352991777,2.465071395900946
1920,11250.0,5.374530242457958,1.3967574899512272,1.6908674278101221
1921,11255.859375,2.4036296053834345,0.75,5.661080367091468
1922,11261.71875,5.657930932601536,1.8910157593180914,3.7563802426833615
1923,11267.578125,6.791085795179301,1.8559746645005442,3.771136759649963
1924,11273.4375,10.350575172325222,3.93887126078618,4.74863829945489
1925,11279.296875,13.565708359575224,5.177932997684469,4.266772667125843
1926,11285.15625,9.68638612790094,4.015320862277748,3.0715097562964595
1927,11291.015625,8.02748844868535,1.9307609062729343,2.4891294065013256
1928,11296.875,2.725797362067013,0.9609448676538095,1.4728700817206426
1929,11302.734375,3.171047599378685,1.0278759568898235,1.5344533898561634
1930,11308.59375,11.622361273619902,3.0270361495008107,2.836334362383095
1931,11314.453125,13.728748921188776,4.271275629907974,4.056776594668544
1932,11320.3125,11.409386396888928,3.709495674678605,3.959617234210301
1933,11326.171875,14.600136921879344,4.720537107178718,5.578574016120681
1934,11332.03125,8.659078510879842,3.840932836140296,3.8326759124582956
1935,11337.890625,11.38037756704029,4.239192532420369,3.9980131194498982
1936,11343.75,7.319041546014488,2.9543695684562437,2.968237263054345
1937,11349.609375,8.095350894717603,2.9946973825923457,2.363005660370656
1938,11355.46875,5.7907571795835855,1.8807548875045064,1.5257785744573866
1939,11361.328125,5.668010780168119,1.2664781012007178,1.3508291840547764
1940,11367.1875,8.092157848823662,3.021085706299486,3.2313514174869855
1941,11373.046875,9.224505797075784,3.5318761154453666,3.3721586924274676
1942,11378.90625,15.946964197917616,4.838441925091061,4.047896153991209
1943,11384.765625,14.422185713953258,4.992886204136912,5.378021472131117
1944,11390.625,16.76733242664741,6.08535974531317,5.884140100976234
1945,11396.484375,11.880912936974207,4.35249843504505,5.005257480424203
1946,11402.34375,9.966649885126774,3.2497162283151297,2.4840698951103843
1947,11408.203125,11.358883570674893,4.84141350098494,3.814001626309128
1948,11414.0625,4.43248135520452,1.8442205655773782,2.3538018906375116
1949,11419.921875,2.613274682290146,0.75,3.063851785838669
1950,11425.78125,4.420186774601787,1.8493847644286043,1.5219457181091416
1951,11431.640625,3.645887545784809,1.3647762601290025,3.0282802734995533
1952,11437.5,9.786248883335201,4.349484865670767,3.2102214653308643
1953,11443.359375,9.460341433028843,3.700295881565941,3.2489913095688197
1954,11449.21875,6.020920550129945,1.6856484771764602,1.6221819290731243
1955,11455.078125,4.659784915262811,1.4360958420575207,1.0640885520923868
1956,11460.9375,10.254351258654046,2.788117703365288,2.3846422534176517
1957,11466.796875,5.295857301166496,1.2494916493500343,1.881072289065247
1958,11472.65625,4.671283148547565,1.6223282618998303,2.142199505884001
1959,11478.515625,14.295049511738984,4.379051796310659,3.370004801718068
1960,11484.375,13.305549052387228,3.4058302331026296,3.789339031538714
1961,11490.234375,10.530203131300285,2.1973085547395113,2.4059558187408197
1962,11496.09375,9.871375576526926,1.5762752089363152,2.4813499111647825
1963,11501.953125,11.041966611729372,1.9429903800433646,2.3315760841781676
1964,11507.8125,9.752440431006036,1.9937688955848674,2.9664354712709726
1965,11513.671875,10.101458929444675,2.124340286192669,3.0751259623930185
1966,11519.53125,5.873691919589282,1.5250363141647465,3.282180883856248
1967,11525.390625,4.124945792618539,1.3764541855122678,2.685328033472997
1968,11531.25,9.589825633391609,3.696643603486849,2.963420292669042
1969,11537.109375,8.445735233998391,4.215432928719354,3.6513383223738614
1970,11542.96875,12.377819544698443,4.172592529420593,3.990161296927524
1971,11548.828125,7.834932855042254,2.643287608862502,3.5806331155613824
1972,11554.6875,10.220066647328089,2.006535809123704,2.408116965909093
1973,11560.546875,6.5048375371982505,1.4845519924338038,1.9037570339923016
1974,11566.40625,3.2966174757794353,1.177804370304678,2.447078260301735
1975,11572.265625,8.076225969682266,4.002102513655495,4.568749681607379
1976,11578.125,8.978521453144138,3.682128366559551,5.251518916037893
1977,11583.984375,9.682533713308844,3.992209944618241,3.5417249711802437
1978,11589.84375,8.456180437562331,3.8640547194859685,4.49355951930968
1979,11595.703125,10.361860840973646,4.39863654417528,4.4562293015227805
1980,11601.5625,14.141979879946856,5.337189157301091,4.364317282647104
1981,11607.421875,9.015997339422064,2.8372650089918743,2.1704005664635058
1982,11613.28125,9.198287662826445,3.7152942900796013,2.977905161093494
1983,11619.140625,9.866731695627951,3.3631221032152023,1.9929980968457817
1984,11625.0,12.99169141082136,4.20351115949086,2.7030204393985695
1985,11630.859375,9.882813318416169,3.5704928800090387,2.2960448087608767
1986,11636.71875,9.283232595359843,3.1749427753138635,2.2708128475252263
1987,11642.578125,10.747703434330269,4.202695167098363,3.885983355018959
1988,11648.4375,6.671734787738029,1.6134878842465659,3.31814619929727
1989,11654.296875,8.379337175261867,1.9142469442555496,2.15563134928696
1990,11660.15625,9.298720372124722,3.570376532951699,2.830133313931494
1991,11666.015625,8.426169283834856,4.3697248584871655,2.9752042815053255
1992,11671.875,7.965802801737955,3.4586599019666364,3.072560947883465
1993,11677.734375,3.955049510867641,1.2905065972923473,2.0751251439402925
1994,11683.59375,2.0460260366364857,0.75,2.3930022352587765
1995,11689.453125,8.034213763320416,2.7031618650850424,1.4996063939616917
1996,11695.3125,13.242159529837085,3.7734710937355067,3.0796378280609913
1997,11701.171875,10.076857023124273,4.224697556478795,3.367027081307736
1998,11707.03125,8.373761473402865,3.186298529130964,4.044528956033198
1999,11712.890625,9.738456452562039,2.999461457936873,3.288131973317328
2000,11718.75,11.71424362150632,5.536616506399746,3.1531756497749917
2001,11724.609375,8.54932041982636,2.508580933173658,1.444949668521818
2002,11730.46875,13.179077949860101,3.2259731835472802,1.9625311979869084
2003,11736.328125,6.309774856358433,1.3035119515457132,1.2781942257551102
2004,11742.1875,2.9923966647159648,0.75,1.643917238994884
2005,11748.046875,10.99894757796571,3.8931862763068876,2.8443796844582163
2006,11753.90625,8.924813992415194,3.2238204426681643,2.25560606628146
2007,11759.765625,8.764464692430272,2.6560985385516918,2.871717611066277
2008,11765.625,11.30707111953105,3.189416078228714,3.856350996217063
2009,11771.484375,16.951085960376425,5.583556716413843,5.058228286452695
2010,11777.34375,15.282235004430174,5.512375814254604,5.644357263747209
2011,11783.203125,14.922224431612142,5.388585446996201,6.722306191504023
2012,11789.0625,12.319401551746202,3.226117390714283,3.869687397316854
2013,11794.921875,10.44066903429588,2.4475896001267365,2.654605533167218
2014,11800.78125,7.559338476848388,2.5155878640484413,1.804064690972483
2015,11806.640625,7.099565180216767,2.140892404756471,1.9978935144912848
2016,11812.5,10.837375593588744,2.369372306486099,3.180675014123065
2017,11818.359375,10.430988055304335,2.410077702978681,3.907812941656774
2018,11824.21875,4.3262209798722155,1.5443406508727324,3.1877347196846633
2019,11830.078125,3.025332387024783,1.0755531187020908,1.5287448295611636
2020,11835.9375,8.055558049636664,2.8243109340455455,3.4072784369167795
2021,11841.796875,10.928329140951583,5.538740016353904,4.6255892213764955
2022,11847.65625,11.466441626952792,5.376933064836281,5.336038914871703
2023,11853.515625,6.960064207505545,2.3295481672511116,4.588458961855698
2024,11859.375,4.366888858872466,1.1210552931759659,2.7278775100534296
2025,11865.234375,8.700821803655607,1.736723296052944,3.1579663682384553
2026,11871.09375,12.973550870580254,2.4888583817146968,3.2594354910961614
2027,11876.953125,8.863247665526275,2.368517885497335,2.765745251784763
2028,11882.8125,8.88466553662256,2.119740736366958,2.2951917875033065
2029,11888.671875,8.879172196185563,2.692506550312334,2.4186382787453518
2030,11894.53125,13.206396979168142,3.2405898295074653,2.6057351699836326
2031,11900.390625,16.903065923473864,3.957029860137892,4.6320056190069465
2032,11906.25,17.122298001930798,3.650429364970433,4.605551770858385
2033,11912.109375,11.651276504867173,2.4600954642875146,3.296571236061933
2034,11917.96875,9.231426477992917,2.9145783329205877,2.7420269772846946
2035,11923.828125,6.589502997594245,1.8677804121971304,1.4582089167864978
2036,11929.6875,9.160785464173061,1.9849056097072584,1.5823841158913252
2037,11935.546875,4.575691273888935,1.7506610500539932,1.621509632380545
2038,11941.40625,4.0395073779669755,1.3270847497967917,1.5662248897349482
2039,11947.265625,4.446987013179492,1.1979318137788952,1.6626832001293808
2040,11953.125,9.956491576191828,2.2041165600489645,2.1765375343663034
2041,11958.984375,15.039786383682355,2.9523085475485047,4.784473397547883
2042,11964.84375,12.686167634018373,2.154616682551588,3.0065925286288664
2043,11970.703125,6.637142516537415,1.8409916315791106,2.073205378975223
2044,11976.5625,2.491531043990241,0.7688269576252376,4.130297647802461
2045,11982.421875,13.510797269695818,4.403423786156271,6.044403312278898
2046,11988.28125,17.314699423424873,6.536851244746757,7.793751904791676
2047,11994.140625,17.416298138930056,7.029046846575728,6.506904515434097
2048,12000.0,14.34651556465685,5.865500481006828,4.771473512791455
2049,12005.859375,10.713139673911007,2.92260952108265,4.084261244038481
2050,12011.71875,8.544409739936018,2.841878432710683,3.976661953820528
2051,12017.578125,10.864293148578012,4.2564046921359235,3.6707852278592923
2052,12023.4375,7.423292441128632,2.898486530725293,2.6236753124694854
2053,12029.296875,8.496295262515636,2.7967364677766744,2.457469603378366
2054,12035.15625,4.695073681747767,1.2458375888525537,1.591797563811259
2055,12041.015625,4.773857606425992,1.549174990394449,1.6588427415962042
2056,12046.875,4.0722874916825305,1.407841876297098,1.441760397542238
2057,12052.734375,5.753187593452831,1.8214932921834368,2.879734644449188
2058,12058.59375,7.383079629521633,1.590638146180884,1.9768752362426123
2059,12064.453125,4.005456243543743,1.6663471683117925,1.7041258805676847
2060,12070.3125,3.5816524447580496,1.3677893754976047,2.183157510767836
2061,12076.171875,4.933407041572,1.8206363960174206,1.9305093721704294
2062,12082.03125,10.020922576419535,2.364548519551597,2.582608789117264
2063,12087.890625,10.455289530250454,1.9798871931006348,3.624622025693563
2064,12093.75,12.584426293752644,3.4833239898814354,3.1095319337181104
2065,12099.609375,10.611342220076388,3.2019606378807564,2.611936989378558
2066,12105.46875,4.658490353332256,1.481742715977297,1.415871329757165
2067,12111.328125,11.291519353917854,3.187469629604471,3.229195485958951
2068,12117.1875,18.05072913609288,5.579235503601164,5.014859853131695
2069,12123.046875,16.12731902983378,3.2569093343105253,2.8068651356133043
2070,12128.90625,14.27757959771421,3.2766294822499082,3.8711228143494827
2071,12134.765625,17.54435520546631,4.105506370105419,5.824892004419812
2072,12140.625,20.780794122241453,5.67513726796743,6.0242971476900316
2073,12146.484375,20.017797337124968,3.809885297824104,4.457679034846448
2074,12152.34375,19.91155160604796,4.22561793909113,5.815412856889552
2075,12158.203125,16.19269354708646,4.960597927199759,6.671892918603591
2076,12164.0625,9.633691669978017,3.417825162096375,3.8036310287052415
2077,12169.921875,4.141792879757134,2.006092823419218,2.445477352336448
2078,12175.78125,8.76560481757989,2.6806310089913303,1.2621415933157398
2079,12181.640625,16.236213508035597,4.642604621193156,3.6148033923393865
2080,12187.5,20.85707910752333,6.431773802908632,7.003075482875727
2081,12193.359375,20.4325682850615,6.489483753286292,6.406432500393765
2082,12199.21875,14.792567467217625,6.145176672191283,5.833738643606881
2083,12205.078125,0.4278192407267263,0.75,4.566174937009276
2084,12210.9375,4.487761807309581,1.29568484106884,1.241618396236143
2085,12216.796875,13.878677261341464,3.92019046324058,3.9446124990959697
2086,12222.65625,10.679223020916497,3.4165067876425335,4.4575027318507
2087,12228.515625,4.128646560703645,1.2069811124067933,2.316560142505646
2088,12234.375,2.008013366612352,0.75,3.169580237085285
2089,12240.234375,8.430191919401036,1.8016343972759583,2.325556933613565
2090,12246.09375,18.022037938978162,3.6085046179660667,5.263478824071056
2091,12251.953125,22.97106451619964,4.842867247447962,8.173612194072591
2092,12257.8125,27.887456008726616,9.221607084291458,7.779548699023809
2093,12263.671875,27.74519430279474,5.693209833888181,4.78199174930815
2094,12269.53125,25.166479428671273,5.537324055152219,4.408985362842242
2095,12275.390625,17.350097993544296,6.623414065007273,5.509463864832937
2096,12281.25,13.74977206688047,3.065641246341337,2.4240117178029226
2097,12287.109375,7.578147669268382,1.6236032691647886,2.006667549238069
2098,12292.96875,7.543298031257468,2.5371994351560962,2.1074201081148516
2099,12298.828125,3.722825708169625,1.078170987053916,1.8721513114040103
2100,12304.6875,6.514018221778458,1.9442962544224671,1.9783121630711484
2101,12310.546875,4.259931340142545,0.9686504690951221,1.607704286282738
2102,12316.40625,21.389946246781292,5.581218625623157,4.3651673985642985
2103,12322.265625,25.466725959604005,6.034134452531127,6.697631461242943
2104,12328.125,17.758554712701713,4.540010485951635,5.775346060848309
2105,12333.984375,12.460147825335985,2.6145591043032983,3.1930192233865164
2106,12339.84375,3.595063877613258,0.7971336826608699,2.6301817179766434
2107,12345.703125,9.353008787522985,2.371991706325764,1.7412509465884198
2108,12351.5625,21.963525076093998,5.198185847093089,5.306245673023618
2109,12357.421875,14.232180930072658,3.7369024531604786,4.067153867914173
2110,12363.28125,4.4113071636208,1.2641336164418737,1.7094418296133789
2111,12369.140625,10.681978031983075,2.2850832903489366,2.6134150189791465
2112,12375.0,21.370061163203744,4.90411326400511,6.260597241610745
2113,12380.859375,18.392747127767386,3.202951227642,4.383478684086172
2114,12386.71875,15.886462196719432,3.1430271633376456,4.506063643813828
2115,12392.578125,6.979087498606499,1.2690521585224217,2.1316171254824647
2116,12398.4375,12.919939611193659,3.168026698399645,3.012165934651273
2117,12404.296875,16.29543053966272,4.020955153361756,3.86346167372388
2118,12410.15625,8.77987661652013,2.605524470515059,1.896386626714929
2119,12416.015625,9.062997336102999,2.3413874916934407,1.536369999713707
2120,12421.875,12.653287263190881,4.854676024267486,3.6510134555051765
2121,12427.734375,17.069200202998832,5.519027028252851,4.403183447826565
2122,12433.59375,12.996727660172342,3.6590534750676156,3.865680996135356
2123,12439.453125,13.475054435622793,4.59372989009988,3.643276782323803
2124,12445.3125,9.175827987838872,4.45570024076706,4.092943114708291
2125,12451.171875,9.885687140325727,2.3958629325220286,4.004820937452248
2126,12457.03125,6.691749909665138,1.2822159428399538,3.0128021599737056
2127,12462.890625,6.2166187630688645,1.4032640022596967,2.349340098174577
2128,12468.75,8.787717337808312,1.488903520167641,2.0910298419958884
2129,12474.609375,13.657599631045303,3.511416175664586,2.5811381425221507
2130,12480.46875,13.96540517839901,3.2087549126411234,3.4628041165221717
2131,12486.328125,9.66102409541138,2.302635923569716,3.227558330107817
2132,12492.1875,7.139323253277549,1.8211166623944957,1.6646658098194582
2133,12498.046875,13.636896669689696,2.6699450376809946,2.6898121525004375
2134,12503.90625,18.030987819895902,3.5347246590680728,3.1418817658985514
2135,12509.765625,15.984573514552846,2.695144367540511,3.476234173940181
2136,12515.625,12.892890032045338,2.3109726856935158,3.2236131281228406
2137,12521.484375,6.461292598977326,1.5229424316740903,2.666199388606349
2138,12527.34375,10.001814132753386,2.6956835587877577,3.748099030474031
2139,12533.203125,14.045049224630134,3.784496606811103,3.9152811762304998
2140,12539.0625,19.494812163409012,4.637425224950993,4.061465889982156
2141,12544.921875,9.859005116115558,3.0551057426360653,3.346685903394727
2142,12550.78125,3.6574827157335306,1.0343977253580194,1.6742148692931307
2143,12556.640625,12.118827975627488,3.2237600571623,2.1001682077482577
2144,12562.5,13.3382385369721,3.76479378062301,2.669215544566594
2145,12568.359375,9.431892017976137,2.9907521654249036,2.7581094701357496
2146,12574.21875,5.391728814375876,1.6626941853457402,1.5586272993451928
2147,12580.078125,8.785360743614605,2.4119308629624205,2.231490619029598
2148,12585.9375,3.7489154351698657,1.1422134754007927,1.6022122279597801
2149,12591.796875,2.997781072925361,0.7803463777530822,2.642260823750305
2150,12597.65625,10.292588585894528,3.1227152010296404,2.0151672251758255
2151,12603.515625,15.186060363117111,4.0361457076232545,3.4591296175793693
2152,12609.375,6.694517014399602,1.9283086238942335,1.294802658347608
2153,12615.234375,3.4281575902270007,1.2336427894197453,1.439408977486292
2154,12621.09375,10.53487845008524,3.232190911433955,2.8260010956963826
2155,12626.953125,14.227941590864638,4.070189970978976,3.3553591201035546
2156,12632.8125,12.660690215330257,2.373513079473523,2.545433331328063
2157,12638.671875,9.75031185442347,1.9084660082853695,2.7922218208580936
2158,12644.53125,9.875383139501212,2.8719356483236695,3.730435191622023
2159,12650.390625,11.27896604305385,2.7381495383532855,3.4887336097527233
2160,12656.25,9.437037401948977,1.807999565971933,2.274269326356441
2161,12662.109375,4.710750091590942,1.0155002530443875,2.3112641570837096
2162,12667.96875,12.345555192537246,2.9471622111329587,3.3566882853095064
2163,12673.828125,13.183888620165815,2.613695617388669,3.89494475764658
2164,12679.6875,12.690905388013896,2.566483008805261,3.105068518069468
2165,12685.546875,1.9612215212814528,0.75,2.03290538873206
2166,12691.40625,10.362546906787799,3.2424115886652585,2.6774605765466237
2167,12697.265625,15.756387663589225,4.405499527804666,4.439141394970768
2168,12703.125,14.798949012570109,2.1115735140615226,4.348401956887868
2169,12708.984375,7.092855351144303,1.1385813444322315,2.1032936502325428
2170,12714.84375,4.846768908613782,1.064012088795571,2.354632460795295
2171,12720.703125,12.91401596123982,3.1576641835184773,3.7916960700855835
2172,12726.5625,12.956705213322843,4.178069140585551,5.089615779984876
2173,12732.421875,13.906317422585854,3.0777291766550747,3.7884852442290766
2174,12738.28125,6.711056392790899,1.460222232932468,3.6525536795724487
2175,12744.140625,4.894757994710526,1.1599352269971752,2.908393048734453
2176,12750.0,7.127990682342351,2.020261163234902,1.6245687131912157
2177,12755.859375,2.754311526430392,1.0253599958824067,1.3664886017563
2178,12761.71875,2.0960423021400305,0.75,2.863391189576333
2179,12767.578125,2.6145820674925937,0.75,1.478909262164002
2180,12773.4375,4.7633428602113135,1.3240929507666022,2.7945838625052337
2181,12779.296875,6.760973388983822,2.351161173928905,3.0730924087512794
2182,12785.15625,12.14471277257195,3.754197316700132,3.5565278612048585
2183,12791.015625,13.6043231597102,3.121818180490405,3.63347408679211
2184,12796.875,15.055833201554197,4.441586908576731,4.97813653650695
2185,12802.734375,15.941750755604346,5.9042451174156385,4.713823403546271
2186,12808.59375,15.544682690279874,5.3467652009171465,4.323718930012323
2187,12814.453125,17.961579760881218,7.960259660318922,5.699724827723859
2188,12820.3125,14.075267352747721,3.731705012641679,5.010750883230715
2189,12826.171875,5.390391597692252,1.201411575699468,2.903505307436795
2190,12832.03125,9.595482757465964,4.187503586487056,3.3163349514456746
2191,12837.890625,15.59608939344113,4.170316154081204,5.590321821050986
2192,12843.75,16.49320181434352,2.760550329134691,3.9406129357886956
2193,12849.609375,4.99754704555465,1.107273612299299,2.386362027161109
2194,12855.46875,7.488771264791721,2.018053876678467,3.3801061313859084
2195,12861.328125,11.364882537583162,2.344269332804594,1.4264344497108787
2196,12867.1875,13.498287928633006,3.673878165775746,3.1534514109803315
2197,12873.046875,20.20783160321021,7.995994084344508,7.2770520417415785
2198,12878.90625,23.274199966088116,5.019169582201304,5.8675001632760715
2199,12884.765625,21.172386252280813,5.458261458076601,5.072116185329267
2200,12890.625,19.40807061193735,4.923665665991939,6.282805539055812
2201,12896.484375,11.402623293131972,3.1635723070813198,5.167708935428121
2202,12902.34375,5.294397905014488,1.6351813581562769,1.9450600754299716
2203,12908.203125,12.60914390768326,2.736884294758836,2.3116426742959475
2204,12914.0625,10.243116751358647,3.2672946198199266,3.4630421800892144
2205,12919.921875,11.879958743454276,3.588790314157925,4.142096272272449
2206,12925.78125,7.8823661297124215,2.4198916032493107,1.896555867974028
2207,12931.640625,9.919263382169378,4.067883942098019,2.9281288713245233
2208,12937.5,3.3307889184441586,1.050582431604211,1.2101767359020965
2209,12943.359375,12.842807770619599,3.4473389459037413,2.3395576368783533
2210,12949.21875,12.321352869105027,5.253539792238795,4.1218424529655255
2211,12955.078125,8.844915694141449,3.548177186909487,4.532500145779522
2212,12960.9375,3.9436543434176254,1.6433900375081318,1.912341083617144
2213,12966.796875,1.9228365313566926,0.75,1.5118845309142819
2214,12972.65625,7.356230676081904,1.7514377968356225,2.121473284437326
2215,12978.515625,7.505412532399126,2.0476087981457196,2.145137470913428
2216,12984.375,3.051467198750773,0.9308186548658419,3.501357944867676
2217,12990.234375,4.886302484727719,1.41556755007151,2.471413513468908
2218,12996.09375,6.408375470316994,2.35477229582067,2.5271850862939784
2219,13001.953125,8.318505764376992,2.7753981706812016,1.8197723543328337
2220,13007.8125,11.855221711338414,3.24045105080594,2.1760851662620255
2221,13013.671875,10.467871791212183,2.9969438685082923,1.5966992834107006
2222,13019.53125,4.073350492447048,1.207584102613299,1.2840440945835436
2223,13025.390625,0.751336654439802,0.75,2.966873743634798
2224,13031.25,2.5340954713933574,0.8052495453342842,1.5193731124293088
2225,13037.109375,5.052357297724598,1.7429477867419236,1.665719541057031
2226,13042.96875,11.1394938783563,2.76308728719787,2.045855896658515
2227,13048.828125,2.007625543912172,0.75,1.582267755755034
2228,13054.6875,2.8521988346095686,1.108013281381439,2.435107506887449
2229,13060.546875,8.5848539947207,1.9965715908847979,1.5876143737707598
2230,13066.40625,8.562260706908257,2.7240317129232787,2.3117183820601284
2231,13072.265625,6.74383204192926,2.0574154191904945,1.297439223211706
2232,13078.125,2.568596095270894,1.1218502847594802,1.2500754246197223
2233,13083.984375,2.8999929755417755,0.9416109646441984,1.806198383298428
2234,13089.84375,4.187315603411042,1.4408107789440132,3.0139720902851943
2235,13095.703125,8.636108800418741,2.6929992689260986,2.485515617906427
2236,13101.5625,3.9601984879754544,0.982586133841391,1.9553129840184735
2237,13107.421875,6.587219777865683,3.4625944004349014,3.1138876228152372
2238,13113.28125,6.517136205505,2.714540163968317,2.859194088566592
2239,13119.140625,6.32019062816286,2.5440327876227853,4.886001513683884
2240,13125.0,7.238617218363923,1.8040630911558082,2.3709067316120938
2241,13130.859375,3.3674610218962813,0.75,3.2274367126142036
2242,13136.71875,4.897683496649587,1.1674952594714547,3.7334861164902917
2243,13142.578125,12.728612357131725,3.788338127638027,3.48818654989225
2244,13148.4375,12.996279901563579,4.039763301206745,4.236881476534914
2245,13154.296875,4.555668837768866,1.8617306862565983,1.7454055069981236
2246,13160.15625,6.799481875737061,1.6364291020679191,1.4448960561930366
2247,13166.015625,8.34067321751939,2.303190510198781,1.8817943184060921
2248,13171.875,10.209763457575212,3.3328160564862284,3.7747834735211967
2249,13177.734375,7.573513644503006,3.4715537340178395,3.1872287012412723
2250,13183.59375,10.615574798556848,4.558743589465552,2.902097952869779
2251,13189.453125,6.95072262581425,3.9473027891432,2.1931513501460778
2252,13195.3125,6.8297604738824935,4.490527010679381,3.3252043510659073
2253,13201.171875,7.755913681451817,2.408797426455507,3.3475890694437442
2254,13207.03125,10.674314327770583,3.3370924948821297,3.488278240905215
2255,13212.890625,12.071567291663367,2.8676495012229974,2.925718817243728
2256,13218.75,11.624237641308278,3.8882902914895636,3.3490291684746833
2257,13224.609375,9.24262548686697,3.6375594802061815,2.452962286394881
2258,13230.46875,5.729973053676329,2.2554713396935875,2.229631103977584
2259,13236.328125,1.960058240120124,0.75,2.015719917691436
2260,13242.1875,1.3576947610241488,0.75,3.2517829756499874
2261,13248.046875,3.07089685201222,1.3233397502222919,1.3440010907708786
2262,13253.90625,2.9545423403669955,1.3503648974580904,1.6075478854043384
2263,13259.765625,5.860947364784693,2.6299886740978184,2.3062998277942746
2264,13265.625,2.2345323813312734,0.75,1.3440928281224123
2265,13271.484375,2.558012074911834,1.5043294496432105,2.028829543999324
2266,13277.34375,7.300362213936818,3.554796124313006,2.9489513419238613
2267,13283.203125,11.300208588498904,5.2656881316338175,4.005436335181801
2268,13289.0625,8.087358863316577,3.6773382086274395,2.6676500998352757
2269,13294.921875,2.6336458683468167,0.9628589456240257,2.5186742036756424
2270,13300.78125,3.411858147051979,1.143554622925003,2.0198022098043253
2271,13306.640625,1.6461206709425287,0.75,3.193410877348795
2272,13312.5,4.576597554262099,1.8810118108263996,2.0980834297094133
2273,13318.359375,3.077388254113447,1.596738417199243,2.261430060284333
2274,13324.21875,5.604553636180977,2.6620830619743545,2.5318470651637686
2275,13330.078125,2.229049743798711,0.8905132462777103,1.8376660673467224
2276,13335.9375,8.302275182401514,3.665594524695148,3.5112368236391633
2277,13341.796875,6.215368058147794,3.579797471215689,3.5998968277244043
2278,13347.65625,5.761489293688666,2.6413679200968825,3.791073507741968
2279,13353.515625,4.002364952251866,1.7627237456279556,1.89934605467444
2280,13359.375,8.67102929387541,3.1491292226721566,3.7062232900514593
2281,13365.234375,11.025468229469737,2.730779654913018,2.9353064308162415
2282,13371.09375,8.092918846797446,2.4072153822619025,1.6224750863507664
2283,13376.953125,7.296027582300773,3.543352398377571,2.481336117567857
2284,13382.8125,3.517009042665923,1.5582224123071144,2.6029693239122196
2285,13388.671875,7.448010973737299,2.243705471358631,4.9749191014458765
2286,13394.53125,6.732211773163039,1.761936395236554,6.579572507487941
2287,13400.390625,6.617101827410034,3.4903030849697236,5.196626243016662
2288,13406.25,1.8799764822837,1.1841478284320301,2.4865218395573
2289,13412.109375,3.4092000281887778,2.0319875217843233,2.901397215766855
2290,13417.96875,5.2242643009506375,2.120453850434464,3.0965654232831206
2291,13423.828125,5.739986836430133,2.595100772376104,1.8440546415831902
2292,13429.6875,5.100726012397555,2.226745104779691,1.606929084400651
2293,13435.546875,7.678510562370053,2.2989256392915176,2.407702049776469
2294,13441.40625,5.063988688606924,1.749175115762755,2.47630308450408
2295,13447.265625,8.449490510188348,3.7415784254740814,3.87866753724672
2296,13453.125,6.737745977866555,2.6443529177088143,3.0761252687529
2297,13458.984375,9.756237017376238,2.780910190773289,2.73293953549863
2298,13464.84375,4.514366374477958,1.0433881101777516,1.1761031188163258
2299,13470.703125,6.023567863271167,1.6999310270462193,2.3205202369037035
2300,13476.5625,15.096762692810339,4.061397349781033,3.195272373567435
2301,13482.421875,13.8984094522276,4.400488229791147,5.083332743356504
2302,13488.28125,7.189975970722664,2.33687537329455,3.846885715778504
2303,13494.140625,1.646959317184249,0.75,4.936036477717635
2304,13500.0,4.781264946537639,1.7797243963308604,2.070133390391761
2305,13505.859375,10.62941108005015,4.512949363656185,3.758499347824142
2306,13511.71875,14.644706274260376,7.8752787710923275,6.365957767687049
2307,13517.578125,15.521598868239444,6.206553451090345,4.973593258545064
2308,13523.4375,13.78239251239095,4.6545080431153,4.034617377251777
2309,13529.296875,8.62679180186443,4.141498828414848,3.303007830152214
2310,13535.15625,7.596489450156959,2.684021983743741,3.9769241970125258
2311,13541.015625,9.151239738240825,4.497714513914958,4.209578274772677
2312,13546.875,13.175737175908415,5.2837268316329675,4.6229841175946005
2313,13552.734375,10.237267909691772,4.997432870785646,4.982296059930126
2314,13558.59375,3.1674786805836908,1.5008627998535737,2.99559893458872
2315,13564.453125,4.983772309602305,1.8693463062188007,2.4334986297991406
2316,13570.3125,5.223343477419922,1.7056165817439646,1.5786997432114502
2317,13576.171875,7.253289450985923,2.896392497709442,3.466520665783934
2318,13582.03125,3.854795125721616,1.7526821444015077,3.9550065789912647
2319,13587.890625,5.448137701660375,2.6793639731773933,1.602382675859553
2320,13593.75,13.120106668320563,4.530744085436464,2.850712957889416
2321,13599.609375,18.241493801985605,5.260423101810462,5.169689060451119
2322,13605.46875,18.48113592497209,6.667019190448865,5.247588781746734
2323,13611.328125,18.12373538443783,6.84605685867578,6.492199008387196
2324,13617.1875,14.0884529374319,5.058134969200065,4.33837226063903
2325,13623.046875,7.40594644729509,4.067893535515152,3.7124353844622235
2326,13628.90625,7.506928251032393,2.863440692435705,2.421996342176581
2327,13634.765625,6.173480940689307,2.47450204983865,1.5765042203257535
2328,13640.625,7.933963869486953,3.4160436360104405,2.187833292862604
2329,13646.484375,7.498014460252436,3.726657877166911,1.8585016012715934
2330,13652.34375,7.805408635828101,2.709547222164825,1.5888770466314535
2331,13658.203125,7.729293607731388,2.4689833630130846,1.8936013409847208
2332,13664.0625,1.8050481020862412,0.75,2.2235774508202586
2333,13669.921875,5.144438090623565,0.9374705054796633,1.9452772041945485
2334,13675.78125,4.1186609072115035,1.5795771404348085,1.8478219427600016
2335,13681.640625,1.7472113096266737,0.75,1.9307100784246387
2336,13687.5,4.049852762319093,1.2598776744720945,2.277407610384525
2337,13693.359375,7.141841928912638,2.932363516816716,4.088361749817803
2338,13699.21875,5.6779211443034825,1.6176633258074493,2.943365963887435
2339,13705.078125,6.068099660746718,2.4279597944543965,2.3961627121653692
2340,13710.9375,5.588307848052567,1.8158226485489115,2.9430899229308367
2341,13716.796875,7.123254490412537,2.856534208567217,2.4320986871473886
2342,13722.65625,10.720198027982562,6.504875254106327,4.688717605009712
2343,13728.515625,15.33623465902011,6.23931710978008,4.3177530920866944
2344,13734.375,18.638041564087477,5.790744450698448,5.599750184290949
2345,13740.234375,13.524977166281491,5.00181570952571,5.381610299692838
2346,13746.09375,3.308824055042938,1.5398677779433925,1.736895501351263
2347,13751.953125,7.524048204831667,2.7238477380934647,2.423272410088841
2348,13757.8125,12.611423417821305,3.610180072751664,3.3127768640631676
2349,13763.671875,12.846165791460114,3.0944935087979832,3.9569568545506497
2350,13769.53125,12.889654214900018,2.8989277608615067,4.3001875566184005
2351,13775.390625,11.254658222966617,3.208863493113953,4.2740413918422435
2352,13781.25,15.077829679567857,4.95235644693753,6.823194409951015
2353,13787.109375,19.960478826768117,6.458733335401991,6.791239251498443
2354,13792.96875,21.51487508242005,6.660010379706576,5.66306194527345
2355,13798.828125,22.143574973988443,5.363121808476941,5.148196420682575
2356,13804.6875,20.00440744062949,5.033751719121706,4.998462855632405
2357,13810.546875,18.579236575367386,4.761869381156411,5.321987137849179
2358,13816.40625,15.870393772018033,4.477159158666515,6.970028367244422
2359,13822.265625,11.899929019748976,4.125830397732603,6.392872795423577
2360,13828.125,12.072015195387827,7.042651860908476,7.113790729310793
2361,13833.984375,10.922614145455734,4.874000195684259,4.781890706778268
2362,13839.84375,8.905645096198771,3.3035968015260018,3.30706857875233
2363,13845.703125,5.993904061372518,2.292671598342715,2.866651305605601
2364,13851.5625,11.665469305604436,5.044191865809499,4.426282000416381
2365,13857.421875,21.54770182528082,7.31737297094112,5.6232809311509016
2366,13863.28125,25.663741230966163,7.849264349441647,6.577403365908406
2367,13869.140625,27.1072259382508,6.538304524909053,6.230549998368085
2368,13875.0,21.462133685797035,4.63303817415536,5.624421584163518
2369,13880.859375,9.68080831452312,3.2007038715625553,2.5213532165899912
2370,13886.71875,10.45518171087548,4.019222585336132,3.6881005032782044
2371,13892.578125,15.024681008347645,4.152961722506701,4.658922625655748
2372,13898.4375,16.963770157869792,3.9519083622911353,6.225608779072348
2373,13904.296875,11.567868018831952,2.904109181683376,5.248140627723559
2374,13910.15625,1.143353442707863,0.75,5.295138016227897
2375,13916.015625,6.334386916668945,3.1366700601964688,3.6897985251854575
2376,13921.875,9.821739923599702,4.628674913632356,3.3542485969373432
2377,13927.734375,5.364904705723649,1.7316542966649626,2.3343271820183946
2378,13933.59375,8.57481905389109,2.986931368617988,3.277639378457615
2379,13939.453125,6.599608213470196,2.2646580216319583,2.3048769099560684
2380,13945.3125,10.788500349777316,2.843595112151811,3.1428054133023116
2381,13951.171875,7.569803101161998,1.9763017472537738,2.39741206150662
2382,13957.03125,14.510914297484696,4.415105506883272,3.924007789605911
2383,13962.890625,21.142747202474894,6.4407521874427385,5.5807379190790245
2384,13968.75,18.114982552477343,8.202420335042412,7.052038521109266
2385,13974.609375,16.725503237924553,5.949126550251,4.907970608673669
2386,13980.46875,14.369046983289255,3.5236487640834615,2.8576844565688657
2387,13986.328125,7.758907002662156,2.098481155862248,2.0700665739037314
2388,13992.1875,7.927779927093477,2.201501710051797,3.075007668423632
2389,13998.046875,6.787148795887384,2.118935636310052,2.5305888667464087
2390,14003.90625,4.743343212362326,1.8796745202120226,1.1713752868917897
2391,14009.765625,6.913513776365797,2.23078814562973,2.229270767190542
