bin,freq_hz,abs_h,training_noise,mean_abs_llr
400,2343.75,7.696732324097891,5.21363687324074,3.497773281210807
401,2349.609375,1.717317727178968,1.0099009877762533,0.9932122835541275
402,2355.46875,8.56298610140797,4.213996843859982,3.0396370115279696
403,2361.328125,7.316443708920952,2.9574405799017316,1.9529677346823457
404,2367.1875,9.809577495868266,3.0765706131183777,1.9655925258536004
405,2373.046875,6.110506749909712,3.1500783660675094,2.1203216002962915
406,2378.90625,9.710710971875688,4.2371600445746775,2.7139636925879254
407,2384.765625,14.61384185846347,6.530630434621536,4.486559511026981
408,2390.625,16.394334644415675,8.212276899874858,6.164307893590617
409,2396.484375,14.992459089203809,10.330548735114522,7.686650592583332
410,2402.34375,11.422491391380772,5.104777221718557,3.8348505317508743
411,2408.203125,7.077940434994186,3.367775644990603,2.611035727310128
412,2414.0625,6.848641334888258,3.9785463355217745,3.2505107099317456
413,2419.921875,11.30278763089217,5.467924734551306,4.636334669371751
414,2425.78125,11.418132631720173,5.080608970684815,4.257838786245919
415,2431.640625,12.45780009081285,5.4426121067583875,4.174046595599601
416,2437.5,14.173996300521926,7.656184573545033,6.167669483370098
417,2443.359375,19.42830340784976,8.109832847568258,5.580440147294916
418,2449.21875,17.91551486213977,7.629889541498507,6.207898471805484
419,2455.078125,12.054348530006349,4.680290030158598,3.1724720634702064
420,2460.9375,11.96161892720416,3.7520435608765865,2.4784983990941907
421,2466.796875,8.169666003250404,2.7933404189414563,1.6283279533768669
422,2472.65625,5.541984004222389,2.567390455836434,1.7282838517936254
423,2478.515625,4.891248568042168,1.9353710976096088,1.369947813046263
424,2484.375,5.294553576940928,1.9526966378603694,1.2678934221914138
425,2490.234375,9.756232119308905,3.522943448582179,2.743750055026787
426,2496.09375,7.762370200627581,3.2342600644891926,1.9917211364632483
427,2501.953125,8.270397257473737,1.994913952436093,1.4239474926682922
428,2507.8125,14.964888972279939,2.6479345184328493,1.8555829671950135
429,2513.671875,5.046357701678455,0.9717278967021429,1.0107416949794155
430,2519.53125,6.915345746004676,1.8423229124905673,0.915420236032764
431,2525.390625,2.314979007275867,0.75,1.0039082902222842
432,2531.25,13.071958329364612,4.073412762362901,2.6547287147872893
433,2537.109375,15.578505873186563,6.150389228319052,4.279131512415936
434,2542.96875,7.290678676001076,3.4292970510730516,2.123708101576636
435,2548.828125,2.464861888807401,1.7117962413360186,1.293622620907422
436,2554.6875,10.25347201573954,4.7078104751521375,3.6747630846415364
437,2560.546875,14.418689792973872,6.796170320778215,5.2772332921224585
438,2566.40625,8.64988147967185,4.731374034393731,3.3438588188494704
439,2572.265625,17.846757847929055,4.707461263895341,3.894822962924469
440,2578.125,17.710535367344868,5.559019787971476,4.010591622869751
441,2583.984375,19.957967851009677,5.527128507716042,4.591832366745712
442,2589.84375,19.86513284486585,6.949719180530057,5.284565553961349
443,2595.703125,22.568767485605694,7.503932718086719,6.912415166287171
444,2601.5625,23.50413943278748,7.776910912115193,6.48068443640863
445,2607.421875,22.125501708003515,7.156165130137277,5.476852901180059
446,2613.28125,17.760506646605062,5.5245385823585895,3.982483130783539
447,2619.140625,13.16608328796784,6.254380527449268,4.384690790873544
448,2625.0,10.908219814469932,3.374056613406736,2.2769642140258446
449,2630.859375,16.271747306997145,5.490336631757731,3.5486870188712296
450,2636.71875,12.053538318673908,3.1786728747613964,2.0326388036926413
451,2642.578125,23.930809200586605,6.562438125826858,5.200152173802511
452,2648.4375,20.25656236867408,5.596787166849696,4.177655719654284
453,2654.296875,8.640227752699612,2.7297163185609676,2.1092833803899116
454,2660.15625,12.704321689810902,3.5890297322695734,2.6006923080333224
455,2666.015625,15.474663576057106,5.111837373137328,3.9171211651973725
456,2671.875,7.299795744214278,3.1430578882655364,2.122512253198286
457,2677.734375,8.984560770821735,3.5000061191349663,2.5522434567581853
458,2683.59375,14.55766868497446,5.27723636453071,3.671518469180279
459,2689.453125,10.764695097007676,3.6973463264562394,2.3751139673206842
460,2695.3125,13.44044357747179,3.0983169785706433,2.119881946476052
461,2701.171875,10.684777183210002,4.267048300657139,3.012085272401793
462,2707.03125,12.098855784493592,4.404330633277791,3.7972843397960157
463,2712.890625,9.17612322400771,2.9009813322445313,2.2132590052942036
464,2718.75,3.9292965269907576,1.2867502791173853,1.2109748729780736
465,2724.609375,5.2302231372860515,1.3329120330905253,0.8690292246267124
466,2730.46875,13.850512712299443,4.256114236058552,3.4463677454521573
467,2736.328125,9.852612921880473,4.0682500312415115,2.744286136944227
468,2742.1875,2.9884415056983977,0.9798454305449343,0.9041534103381659
469,2748.046875,15.24135689975078,4.963399218804122,3.618553225335942
470,2753.90625,15.317892217000452,5.103478639538878,3.2976280450823974
471,2759.765625,14.277346800243945,6.566308843425907,4.737827485151287
472,2765.625,9.7665369310904,5.246006940850366,3.5562167287101776
473,2771.484375,8.605318096592878,4.2603736423284655,2.649878299362738
474,2777.34375,1.9545040446412199,1.5727825501144999,1.1246804744974344
475,2783.203125,1.717222541436824,1.177061570534614,0.8758827733286257
476,2789.0625,1.2589785458185752,0.75,1.637048563776528
477,2794.921875,4.131797006355473,2.383908989052169,1.5245403787606717
478,2800.78125,6.981179004151728,2.972735043103197,2.701523501151687
479,2806.640625,5.8673871376112405,2.8486375651345393,1.6483282557231191
480,2812.5,7.920679794904217,3.5968981264397013,2.22040365415308
481,2818.359375,5.728941078643688,2.253994779077524,1.7627020170472376
482,2824.21875,2.827735429569144,1.173241803095335,0.8427337408479385
483,2830.078125,2.349201932750831,2.5083657459109987,1.8556849598902585
484,2835.9375,3.464685178289897,3.113649476740055,2.1114068297631645
485,2841.796875,4.1005232295896725,3.832478225930479,2.934318449527599
486,2847.65625,6.405422448065522,3.9689938609564956,3.027591301989833
487,2853.515625,5.007170499935609,4.079016379480242,2.92429413857107
488,2859.375,5.991502482524244,4.687652661872134,3.5132651723919666
489,2865.234375,5.199963239120039,3.6409666385192434,2.3993057089899414
490,2871.09375,4.200658367376764,2.1813861719963312,1.5850991501540728
491,2876.953125,0.7783248193431388,0.75,1.5038697298263026
492,2882.8125,1.9545278777377906,1.1975620943936487,0.9552285435538296
493,2888.671875,3.531976358498401,2.5702687135879483,1.6591199530279326
494,2894.53125,4.52077439869912,4.829511541460201,3.505333530312315
495,2900.390625,4.45862600804755,4.493281059691223,3.136115827915655
496,2906.25,3.9199990292543645,3.1868329238883244,2.217244761105743
497,2912.109375,6.095422517829158,4.383490826370959,3.1931042570028905
498,2917.96875,8.609242993314197,6.902826931600137,6.348163522922959
499,2923.828125,8.02447432182078,7.492907918335794,4.767775463574481
500,2929.6875,3.298494702806188,2.61121962047539,1.5435204054188911
501,2935.546875,3.112320470022467,3.0127285087027165,1.9755849777329235
502,2941.40625,4.809987913105765,3.011357467956052,2.259594225016255
503,2947.265625,3.206797673564585,2.327215494899649,1.786145886220556
504,2953.125,6.050867647866257,3.971156010108242,3.10556389433473
505,2958.984375,4.979211783919386,3.3363479203237727,3.481083639667276
506,2964.84375,4.838810812396333,2.9491589008907266,2.593334945762473
507,2970.703125,5.258182139979669,2.027816572547822,1.4961490849296157
508,2976.5625,6.455635706737237,3.617236970683277,2.8387090400995225
509,2982.421875,5.220052909152874,3.3115128751046816,2.723382433232637
510,2988.28125,5.914304321407761,4.483155689094522,2.8064154600180733
511,2994.140625,7.212309739007314,4.635365700176064,3.295734601169837
512,3000.0,8.452427436667099,4.814318635336422,3.1799935684605147
513,3005.859375,11.643792003347272,8.60582974929,5.8107962665702555
514,3011.71875,12.265058760015936,9.012196917912041,7.196257515131749
515,3017.578125,11.317711982681868,9.956963807630654,7.306189657454068
516,3023.4375,6.693200626922347,4.661382595512886,4.433256578997953
517,3029.296875,3.6968668055289666,3.0909057093622385,1.914111505769732
518,3035.15625,2.6373746119177324,2.117398554286747,1.460608566528512
519,3041.015625,3.118020120888345,3.034140099316817,2.0041655117346884
520,3046.875,3.7738732189440936,3.4563057652781994,2.460410346738462
521,3052.734375,4.747310283877371,3.366936731431541,2.4889487282278244
522,3058.59375,3.774152326984946,3.2163048157005063,2.553840745206597
523,3064.453125,2.324995039148742,2.831206493149118,2.5546455255881177
524,3070.3125,2.5206152445767747,2.2592822686763236,1.5672054250460288
525,3076.171875,5.91137475409921,4.323386140679221,3.5837327122059817
526,3082.03125,8.104725494639343,6.4364177960817734,4.875647536767156
527,3087.890625,9.136929591892656,5.676771747716119,3.7268724323342957
528,3093.75,8.046733123982813,5.411299578387891,3.7386438187585633
529,3099.609375,6.352551764488279,5.213132069716533,3.0304189730268476
530,3105.46875,6.176789063795382,3.7155736940874613,2.470529002224256
531,3111.328125,7.111907476267561,5.225024361652128,3.6976648024825747
532,3117.1875,5.912861275199099,3.803170392441119,2.4030566190885647
533,3123.046875,7.483609762319948,5.412490732034494,4.513271350836267
534,3128.90625,5.92351010132576,6.113343593309508,5.276934328125472
535,3134.765625,2.493481016493985,2.082242669324395,1.5473922566178355
536,3140.625,3.302464568304144,3.424865433681337,2.0758076769858564
537,3146.484375,1.4969815426034332,1.5580554494302858,0.9147701401530653
538,3152.34375,3.2919299092227585,3.6117945328228056,2.684929327579064
539,3158.203125,2.097084025346848,2.001064951099007,1.1443042958779983
540,3164.0625,3.9069428184424115,2.0491749878669703,1.413408635856453
541,3169.921875,2.1021211152243997,1.7031491101049947,1.1342267495112108
542,3175.78125,3.2469206650708253,3.3314995782374854,1.9672905466448183
543,3181.640625,2.7880050939073957,2.486955584583215,1.4818131647102173
544,3187.5,3.776877063158169,3.9545880189599005,2.447264033560961
545,3193.359375,1.9339960523769373,2.1047265047932657,1.364825002830523
546,3199.21875,2.2792455613263587,2.4443021322138216,1.5029783611008178
547,3205.078125,0.8195412652471983,0.8519894912421431,0.9004183349748447
548,3210.9375,1.5018818342877112,2.1841574716272243,1.7343535605524567
549,3216.796875,0.9078846130587049,0.7806119494032119,1.076253929587896
550,3222.65625,2.9619353802368003,2.9999679880870915,2.264601613387716
551,3228.515625,3.446046928990196,3.5878143786606294,2.3497149929404726
552,3234.375,2.1015684767701446,1.3848261567208433,1.2656479701415049
553,3240.234375,6.844982338642004,4.478619808171,2.962507883583524
554,3246.09375,6.0100547494168755,4.065512660799161,2.361560189867053
555,3251.953125,8.1821765904984,5.024181501575094,3.3963019748978573
556,3257.8125,5.2555825593510015,3.0471788708283785,2.0750860913444833
557,3263.671875,2.606444989979653,2.969510047870465,2.080781522239881
558,3269.53125,1.2123896107067793,1.4437810577332928,0.9208502390345567
559,3275.390625,4.818336307913657,3.6251085991411074,2.3707929683237663
560,3281.25,3.9855770021085206,3.093940387524251,2.1275437762935487
561,3287.109375,2.047781669247524,2.3596480486358837,1.6963230990043257
562,3292.96875,3.870305710938944,4.162793393014569,2.6741293077130153
563,3298.828125,2.217523481894651,1.7990185336613354,1.3977712157596154
564,3304.6875,3.762554058839339,2.751737513334077,1.4857333664275063
565,3310.546875,3.809435687711567,2.781432374210127,1.637660457745374
566,3316.40625,0.9618173866132085,1.031070053700912,0.8809347679650159
567,3322.265625,1.5081538334507343,2.313787474515509,1.7902293998626377
568,3328.125,0.7386248258921388,1.2182983881821716,1.0271168148544463
569,3333.984375,1.868719606049935,2.1435494256204053,1.3106540988004045
570,3339.84375,3.6661838457053664,4.606323958461543,3.8074728157690294
571,3345.703125,3.6468204059506877,4.031831599851543,3.110369284209591
572,3351.5625,2.4447815729889366,1.9625281020816612,1.3481954425916947
573,3357.421875,3.1093910838999994,1.6289745395598327,1.161849735026781
574,3363.28125,1.8303901619057006,1.3749491750165372,1.345111624209432
575,3369.140625,2.3538328437661145,2.0644227122538257,1.531919669469664
576,3375.0,3.776392272249149,4.974359483006786,3.746543354185147
577,3380.859375,3.979412635170095,4.694862510039689,4.267974602953474
578,3386.71875,5.64403781523089,4.9389738473464,3.617919346828187
579,3392.578125,4.664070683759639,7.248529384282414,4.911011885638585
580,3398.4375,3.1628332996772253,3.2873802679371558,2.1073146554254336
581,3404.296875,2.64243805187124,2.3820110770854845,1.9630618615447477
582,3410.15625,5.885264385204864,4.789334327042258,5.368667089152461
583,3416.015625,6.445614761088031,6.233051705789753,4.807988690023079
584,3421.875,5.1976829056616145,4.030226224195118,3.3844514074826018
585,3427.734375,2.1426165958743772,1.8348934475265448,1.2936522527127896
586,3433.59375,2.5402468412297496,2.729120728812691,1.8550803394391542
587,3439.453125,3.7795229068437717,5.578104690750314,4.182432590056138
588,3445.3125,2.8587418505809783,2.0059384313985835,1.3467635938277847
589,3451.171875,1.5236020998490492,1.6261042690274619,1.2984951991199765
590,3457.03125,0.708915946796775,1.0071320072519268,0.972654291740655
591,3462.890625,1.385062640574709,1.7006968819000754,1.1461779368413878
592,3468.75,2.689023224368647,2.3804679936490474,1.9373645851831303
593,3474.609375,4.441082945557277,2.9468601005690527,1.7455611087722822
594,3480.46875,1.2739350053438738,0.9594247183391735,0.9077019981789818
595,3486.328125,0.5588028955261387,0.75,1.1321181662232713
596,3492.1875,0.9126113887921912,1.2276419144506783,0.8890228968645741
597,3498.046875,1.480572943115803,2.220156423034383,1.7137142723057264
598,3503.90625,2.5822117210546116,2.5196403260650517,1.565454072889072
599,3509.765625,5.286277205292043,4.768030939154136,3.465470052724958
600,3515.625,5.06197184635623,5.517627757887849,3.8104587832831633
601,3521.484375,3.7917623708015467,3.2385006403479757,2.296221812109359
602,3527.34375,1.255717545330206,0.8997116932108115,0.9750617636191395
603,3533.203125,4.361010424749596,2.999414710068608,2.893716373014183
604,3539.0625,6.368821032932641,3.6114276434778154,2.88657214757085
605,3544.921875,12.029600459977656,5.974990085845979,6.226748854475558
606,3550.78125,11.582556023191074,6.991687173783683,5.542479491615947
607,3556.640625,6.567353080654765,3.9044705884814075,3.719644751911774
608,3562.5,4.701571109702148,2.9239189379634896,2.324239804555346
609,3568.359375,1.5356027174886284,1.441175461797519,1.0304580587258207
610,3574.21875,4.162571895526369,3.802709842383752,2.7500292949797593
611,3580.078125,2.4444127185061584,2.0454555990782843,1.0529045480919694
612,3585.9375,3.267330442217688,2.810026338968405,1.7875300664852571
613,3591.796875,6.408755917290309,4.661007636859433,3.595358925500202
614,3597.65625,6.108824404800611,5.348444476304876,3.8978430516194162
615,3603.515625,6.945453399376512,4.883682965961376,3.757973291377518
616,3609.375,11.288665284777155,5.64338040301744,4.580017354352579
617,3615.234375,9.657093077973563,5.750322236581466,4.021158199747963
618,3621.09375,10.8624222299154,6.045738825049872,4.393292589920541
619,3626.953125,13.52314220783894,7.136679345088037,6.205061879223921
620,3632.8125,12.687451584461646,5.326692313473427,5.992826398291502
621,3638.671875,8.928328607138381,3.334870436701256,2.1593850220048902
622,3644.53125,11.06976081162728,3.881119144100014,2.8321571817035385
623,3650.390625,9.46857142904625,3.333116508860617,2.47587186800696
624,3656.25,3.9092316579546798,2.4656682338801326,1.4747995938361171
625,3662.109375,4.668996323929692,3.2944250794174987,1.9286190344336809
626,3667.96875,4.980615639868035,4.29323870337614,2.5999958117180157
627,3673.828125,8.753244000772698,4.291283733687279,3.479593174374019
628,3679.6875,8.454273300380388,4.8884793538464,3.864266220115747
629,3685.546875,4.720196048637406,3.4057009194211494,2.2183827441738395
630,3691.40625,8.933489166457118,3.6971891457429047,3.0891050263732867
631,3697.265625,7.636771338149039,5.535240805915024,4.024606141588458
632,3703.125,9.394921011452267,5.241335955142566,4.224068176302739
633,3708.984375,7.878814459630399,5.889638185986414,4.529400222991532
634,3714.84375,9.153486622270407,4.475417943097052,3.844664703712351
635,3720.703125,6.685813770896606,3.06653731614637,2.068034961501077
636,3726.5625,3.55561233135929,1.6620823614389493,1.2587165395370101
637,3732.421875,3.2079984400415027,2.6124525052282115,1.8480078355167828
638,3738.28125,5.099728440376049,3.2753803750328814,2.6612407013107227
639,3744.140625,9.235698359147108,4.73397317983255,3.6739222317083082
640,3750.0,8.801712867368476,5.0105007743394285,3.5594332225043366
641,3755.859375,2.3664517144430746,1.5810790027376842,0.9955593525996025
642,3761.71875,2.952995699872219,1.8163874506456081,1.3826688801683114
643,3767.578125,6.846460220170133,4.343739031890955,4.235180367719262
644,3773.4375,5.701307559029554,3.4389043762753997,2.372490357790769
645,3779.296875,4.965977804506036,2.034654239201404,1.6591670612358147
646,3785.15625,7.2320469188455645,3.5712631133487296,2.953231659213485
647,3791.015625,6.143385442261961,4.950796628720038,3.949538183731451
648,3796.875,5.848332780613961,5.236104866340731,4.050909060702896
649,3802.734375,2.30650924792082,2.436086050272172,1.9866383271967847
650,3808.59375,1.4769551838582373,0.8753256269533469,1.0929938163386175
651,3814.453125,3.3512133477928696,1.7280204720420558,1.12206543978815
652,3820.3125,5.350384177342834,4.202557204268101,2.6707600211528604
653,3826.171875,5.412228735795227,3.1668500284575796,2.210776494656638
654,3832.03125,1.2213069807455872,0.9344962943251429,1.1454952005562902
655,3837.890625,8.070912447576077,6.2930637288958255,4.364793326773344
656,3843.75,10.377943482835233,4.997321640864637,3.5369896461635926
657,3849.609375,9.143034804588105,5.536310270697611,3.9738044736734333
658,3855.46875,5.422691333263441,4.743168370125655,3.594135049769976
659,3861.328125,3.2878075107025397,2.633812663686211,2.043869498775302
660,3867.1875,0.838666565400244,0.75,1.2479780153669637
661,3873.046875,3.184964646815876,2.6489858179688497,1.3812732954800893
662,3878.90625,2.2977178651751973,1.590356313092967,1.3561039087373674
663,3884.765625,1.0461594105553196,0.9015139389341624,1.0084256697681329
664,3890.625,3.440917946476465,3.0693628729805296,2.0248284497654137
665,3896.484375,1.6610056837270484,1.5346584602624238,1.276104432529986
666,3902.34375,1.0074635704577322,1.0872889699132515,1.090526536548197
667,3908.203125,1.1270237558706686,1.1435154962421077,1.2195735423773721
668,3914.0625,1.593462218520648,1.6376230513510714,1.4234805399643295
669,3919.921875,3.8354847787574573,4.002961320744177,3.1908125218789896
670,3925.78125,4.8618960883751505,2.7780601822651816,2.090519859478275
671,3931.640625,8.461784836101884,3.9051051337714044,3.5967269725835567
672,3937.5,8.096590991603085,4.126436503632432,2.8348568284036606
673,3943.359375,8.330351538014186,6.548722336716015,5.1465630904279935
674,3949.21875,7.377866711102,4.453342598177751,3.1932453653254975
675,3955.078125,8.88247241122699,5.804192125159949,3.9968133300671367
676,3960.9375,4.794180449190925,4.532774342532545,3.3109178338765997
677,3966.796875,3.02530423817911,3.0514271972716216,1.8473721343033838
678,3972.65625,3.0174144653320147,3.629031520188942,2.348098692177772
679,3978.515625,4.961066289812757,5.795986834394641,3.925862736332532
680,3984.375,6.523262743475218,4.798792337592821,3.039570526240787
681,3990.234375,2.9777024639307643,3.696242403346733,2.3905462610769637
682,3996.09375,1.8198804254487566,2.4088107676988386,1.7473465925902338
683,4001.953125,4.4119517993340684,3.230472900010648,3.0134038835167374
684,4007.8125,5.161798456139956,5.407481931261694,3.8738016442256282
685,4013.671875,6.173366488833581,3.077664196981326,3.1083451874138324
686,4019.53125,2.4513550275336753,1.48507321152672,1.2681739352431964
687,4025.390625,3.9349560576732907,3.25442245404679,2.151691836984731
688,4031.25,3.0953131480511535,3.1816691367060503,2.7852648237184727
689,4037.109375,2.5627642200271907,3.441016077400221,2.1705763609729383
690,4042.96875,2.1556558950442155,1.9453833256588866,1.3723162393108588
691,4048.828125,0.5344978667230343,0.75,1.5789780463729317
692,4054.6875,2.5671828865509982,2.0252576017772945,1.214045200616013
693,4060.546875,2.9771771654612316,3.5097216067415546,2.2681365094052293
694,4066.40625,4.30148186669869,5.2799276294812945,4.175734761455925
695,4072.265625,5.251603155495818,6.525056919441978,4.431637783146524
696,4078.125,4.307288042189288,4.977347493171942,3.8273362923779457
697,4083.984375,2.147817138296033,2.2376138730526263,1.5110303604069442
698,4089.84375,1.3062790617385163,1.1699034804204138,1.191422623430981
699,4095.703125,2.2098806937782247,3.2307031104343373,2.217575630765882
700,4101.5625,3.1769565754753986,4.038811451674638,2.9730039611164165
701,4107.421875,3.969880805193341,4.409037542005158,3.2849580547437753
702,4113.28125,2.466732547862307,1.3827323877268443,0.9176891633782543
703,4119.140625,4.892005251592994,2.8656536545944413,2.0308020222877223
704,4125.0,2.962601082620969,3.475995586860245,2.5015771158459805
705,4130.859375,1.402550483070108,1.3941124641494196,1.0766738348756126
706,4136.71875,2.9071825091698305,3.6745653057315746,2.506779440252787
707,4142.578125,4.92096689700832,4.411879650602382,4.578041192634641
708,4148.4375,4.886171101781163,5.285546292297147,3.052017891127827
709,4154.296875,2.7945303210338546,1.701777238997988,1.1877942660733616
710,4160.15625,3.8137852095538256,2.009077007526188,1.6832874393419417
711,4166.015625,0.8872107349000277,0.75,1.1937615357061568
712,4171.875,2.7769864446152557,3.4583429064545634,2.787125052497939
713,4177.734375,4.601243487676883,3.5058698048637855,2.782747856427328
714,4183.59375,1.5455966164592687,2.181847046777154,1.4332127406731996
715,4189.453125,4.301687860709927,4.169269918598211,3.722642915230286
716,4195.3125,7.8596527774414495,4.367547634669814,3.309619080723795
717,4201.171875,10.799727919462025,4.660818039418893,3.7530673902153517
718,4207.03125,7.951159234037332,5.02635601040399,4.606107283476076
719,4212.890625,7.580246437768001,5.374002534810312,4.081879305421562
720,4218.75,6.2324825099696035,5.9953549250657305,4.055744620654621
721,4224.609375,8.544704776103888,4.389937112390529,3.2194443795290177
722,4230.46875,5.975346408102577,2.6629254933670095,2.263801538302331
723,4236.328125,3.3674840409589395,2.5122567361451775,1.7075266724898457
724,4242.1875,4.945058960149495,2.4690525614656647,2.3093736241225975
725,4248.046875,1.8795057261873844,1.2665650811556477,1.5822991432524829
726,4253.90625,4.719194791083269,3.227058282375065,2.2582274250660404
727,4259.765625,8.583617848698117,5.949727638674823,4.333462003233517
728,4265.625,7.310995674056262,5.591629409373741,5.226970044431638
729,4271.484375,3.551417132664195,4.463502566137123,3.2423948725919547
730,4277.34375,2.1970870020655613,2.43756344915641,1.9735240159315584
731,4283.203125,5.158334253832674,3.6588323904203133,4.27531389893886
732,4289.0625,3.710657519832773,2.806154922535302,2.0244632402753844
733,4294.921875,2.851191668865206,1.694327364477973,1.1128217184956402
734,4300.78125,6.180499946009823,3.7439163423528004,2.0035433701823413
735,4306.640625,2.832462783326065,1.4568355952075864,1.2411788360348306
736,4312.5,1.9515334502733326,1.7915826762929203,1.3363306592365862
737,4318.359375,2.4551160975645634,1.9690683691649267,1.4542330598238618
738,4324.21875,5.306245304850529,3.1347151841302656,2.378969929142908
739,4330.078125,6.188765082141711,5.762113702419073,4.262595644907568
740,4335.9375,4.614879571447499,4.915071480632213,4.564371394452041
741,4341.796875,2.6429140175964863,3.278476694466988,3.1564995561222573
742,4347.65625,1.0982420426498405,0.9644728244484375,1.7049444679757075
743,4353.515625,1.271236091522693,1.2214255062875443,1.5539112679327378
744,4359.375,4.765810302261931,3.306277390199447,2.694418039819445
745,4365.234375,7.225294359401456,4.625144941708937,4.446637286247375
746,4371.09375,6.637347101477624,4.016494745766583,3.277879789878584
747,4376.953125,6.863536328229596,3.8480933182466677,2.874871750356976
748,4382.8125,5.307995625263317,3.6534106968352162,3.262545081146238
749,4388.671875,3.5874870409070096,2.519868744803223,1.5954030842459253
750,4394.53125,5.707441815727418,3.567971385957755,2.819604421276114
751,4400.390625,4.2902717047079815,3.6134564648283067,2.4898077586971943
752,4406.25,1.8548418844198504,1.3811283926444111,0.8800363207648388
753,4412.109375,3.9325647517612126,2.4316908979826843,1.7920296012348245
754,4417.96875,2.795462852417388,1.7425155458803376,1.362125479427428
755,4423.828125,0.998029808753949,0.75,0.951568022913392
756,4429.6875,2.2106599821426136,1.8793110680141467,1.3437397162844968
757,4435.546875,2.9469148497894326,4.082523472454826,2.760661627608125
758,4441.40625,2.216479497359249,2.7288254330371258,1.8005111806100893
759,4447.265625,1.4921874387847196,1.366735755608185,1.07425143209418
760,4453.125,2.492838467572818,1.902545976823292,1.4663817700377393
761,4458.984375,0.3496423810837641,0.75,4.734391938890309
762,4464.84375,4.341949314528849,2.657472416700775,1.9781100655235548
763,4470.703125,2.734982645253991,1.7853466010267547,1.4719447222816762
764,4476.5625,4.175800041438368,3.4040895311967434,2.7905157587945126
765,4482.421875,4.245980390749044,2.989403211182051,2.5597842845091594
766,4488.28125,1.4604359721940083,1.248275971934456,1.2458096404765255
767,4494.140625,2.0541403032623444,2.3930384481664864,1.7983346235460584
768,4500.0,4.293735169285449,3.703983851705761,2.4320336952122483
769,4505.859375,7.487517669216168,4.408341282501407,3.521850959183157
770,4511.71875,5.174926785158175,4.954869938612778,4.2891559793991965
771,4517.578125,1.2257448284632089,1.562346468601254,1.293161230312761
772,4523.4375,3.9931624064790365,3.496468680734191,3.1229576999973028
773,4529.296875,5.689681737458098,4.931344934103067,3.873207646622693
774,4535.15625,6.949993576826261,3.6977231352265956,4.143504884885628
775,4541.015625,7.773338066348621,4.662789183787187,4.397214066577619
776,4546.875,5.928651764178364,5.014723521498524,4.7148638937205885
777,4552.734375,6.137305296332591,7.246613454357382,4.809697953961407
778,4558.59375,5.219359536330171,4.569792827868996,2.9694448649435405
779,4564.453125,1.5124020396169628,1.5994214737458368,0.8408588800127687
780,4570.3125,4.37106943429985,2.494413607566291,1.549890255703257
781,4576.171875,4.693138290700182,3.1664689805767834,2.8166876621013075
782,4582.03125,2.2508326266414898,2.1134710853199423,1.950263718746265
783,4587.890625,0.6513298840787141,0.75,1.481911726951165
784,4593.75,0.3586085824613976,0.75,1.582947892684167
785,4599.609375,1.644171228979001,1.4869102621701873,1.1574578523373287
786,4605.46875,4.623233663622555,5.768329251290796,3.713198891503518
787,4611.328125,5.53752105955497,5.090731860442844,4.302695894969712
788,4617.1875,7.426393806196331,6.172675948405455,4.868884933383638
789,4623.046875,5.575131300055818,5.156736272941858,4.426188135087947
790,4628.90625,3.2314305771432967,2.4111302767020906,2.97951972671722
791,4634.765625,4.510482627179011,4.552439176016696,3.9377809113051665
792,4640.625,3.930358732534948,5.230173256699249,3.880383378261313
793,4646.484375,3.1980719073046577,2.6017776901713074,1.5748212356115248
794,4652.34375,2.1226193470598376,2.098255421744594,1.1173457488052376
795,4658.203125,3.010655371477176,2.9316633957323983,1.9240790055886532
796,4664.0625,4.540831806895454,3.867271165515225,2.8902666967823003
797,4669.921875,4.185340192854388,3.857794681052397,2.358282517154798
798,4675.78125,4.7189860096267715,3.6375597546838003,3.1345483528236207
799,4681.640625,3.8681311252735915,3.4035401895430573,3.150669699504775
800,4687.5,2.4655948386335322,2.494882760897008,1.8560053995338328
801,4693.359375,5.309633089421216,4.8043480732323385,3.611066776852914
802,4699.21875,5.7812653339484,4.456695792827202,3.2371549855594277
803,4705.078125,2.708941829659875,1.9307697571360647,1.2975713955112198
804,4710.9375,3.517926266055193,3.7232837423324154,2.9394693166691073
805,4716.796875,4.907404057284536,7.658956916518234,5.187580255978899
806,4722.65625,5.094365465837761,4.38505968512306,3.425224170894962
807,4728.515625,7.721815337610375,6.104660358408024,5.431315043896436
808,4734.375,6.497930580238056,4.002434131316348,3.9634846851783516
809,4740.234375,4.643080168465378,4.222521150317807,3.5643078621289117
810,4746.09375,4.392037650989524,2.671888723010218,1.8665221537917212
811,4751.953125,8.596494239858755,4.74973592777863,4.0984589738621375
812,4757.8125,7.059455365004229,5.126351626037051,4.468926985935865
813,4763.671875,4.113214024704804,4.167921338784137,2.6245415938208643
814,4769.53125,3.5449966886855346,2.9151618391985155,1.835865688374112
815,4775.390625,3.1018999103347817,3.199548636613984,1.7617308044767792
816,4781.25,4.6371561102721754,4.923417292587292,3.3311676584443033
817,4787.109375,5.026091305298227,4.033389243183891,2.9144269357700443
818,4792.96875,5.44401539411027,3.3316038701052197,2.639213761656569
819,4798.828125,2.067009651477951,1.2777277747266416,1.1820635066592455
820,4804.6875,3.850363582151425,2.9353991167851134,2.1296047814375525
821,4810.546875,2.2190106807498022,2.305819914769584,1.720155931795701
822,4816.40625,2.954027247650015,1.8945705532324035,1.5079153579511209
823,4822.265625,6.59829520809603,4.049777746471493,3.4748505992827243
824,4828.125,4.6173327558560855,3.6183536605072657,2.643607019966333
825,4833.984375,5.481876307006476,5.750239667256929,5.9837150743146434
826,4839.84375,5.417548383954679,5.312889214316212,4.832174716116465
827,4845.703125,4.3937993569703755,4.062474060204602,3.0943035060907302
828,4851.5625,4.519070479598214,4.458085373607634,3.9458252474652205
829,4857.421875,3.1491460239070506,3.405174764515726,2.59164102769855
830,4863.28125,2.5581116340557513,2.002149276903786,1.3480292724941438
831,4869.140625,3.943438858152338,2.59221542590224,1.7331344855614517
832,4875.0,1.4449551538399559,0.8806494823424215,1.06764830299367
833,4880.859375,0.49764634682432646,0.75,2.328210453676522
834,4886.71875,1.5903140711450339,1.9760405883624976,1.5907395308134187
835,4892.578125,4.270123013507096,3.9080311063101227,2.444286039445001
836,4898.4375,4.36400177189734,4.625443448807234,2.922569115588034
837,4904.296875,3.7286114668897827,3.402704676344492,2.620954437696417
838,4910.15625,1.2624328450040982,1.3700715446574898,1.045213807867146
839,4916.015625,3.4442300066734535,3.3063038228914454,2.2454968095699526
840,4921.875,5.743542737799008,3.272774011695515,2.8570092712089177
841,4927.734375,3.18017843463575,1.7781485353679325,1.5060936786104497
842,4933.59375,2.29223533078954,1.4988459827462142,1.1386912455176137
843,4939.453125,3.5336714815538386,2.1937067468762796,1.124722636705416
844,4945.3125,2.337121273647842,2.504480543092827,1.6218689402565811
845,4951.171875,0.990858685198153,0.821814417610174,0.9002978354469306
846,4957.03125,1.5365984610582377,1.6341140466327975,1.3176101786913819
847,4962.890625,2.2289903575194354,2.7054267690027873,2.5293115583989976
848,4968.75,0.41175829299719535,0.75,1.9307115354776212
849,4974.609375,2.1061674591705866,2.3081293694812297,1.4596122462251853
850,4980.46875,3.244804228629888,4.18409081046664,3.662795980478475
851,4986.328125,4.020319635879039,2.9165079211496243,2.623624113331864
852,4992.1875,5.017854920671559,2.562086998986826,2.1024581501805204
853,4998.046875,5.203157332187551,4.697141202885696,3.9188232291070597
854,5003.90625,5.923795435576324,5.195163797284993,4.898341366258683
855,5009.765625,5.067391205082054,3.8379878289819525,3.6935107666848004
856,5015.625,1.8498954326674732,2.813969905585301,1.9093242890231472
857,5021.484375,2.3844454706489557,2.3419597495364926,1.9630841260058713
858,5027.34375,1.1649407270678345,1.2656306795356147,1.2858431834325867
859,5033.203125,3.3532722242958144,3.4472910904621754,2.2015897603952395
860,5039.0625,8.343036388269635,5.732303841808142,4.370208217373167
861,5044.921875,12.101050985208289,5.276182750387215,6.253050171930058
862,5050.78125,11.02883313232033,5.277549584428541,7.09848482217802
863,5056.640625,9.828377847478041,6.098321712226852,5.817080270909752
864,5062.5,5.7880482806201305,2.6595906037521235,2.0624635085234067
865,5068.359375,10.325600718377466,4.718770585606039,4.1270202137443475
866,5074.21875,10.325012288701208,6.037330723666814,4.374051725674363
867,5080.078125,7.2324340771247995,4.044594064318539,3.252268344846506
868,5085.9375,6.156405500691762,4.77306984247163,3.635339536350002
869,5091.796875,3.9580157388778896,3.452481679780787,3.035994896871698
870,5097.65625,2.4386498304418534,1.6562807484473407,1.61436995385841
871,5103.515625,2.665806936399156,1.996933247447691,1.6643105432397487
872,5109.375,4.911237734853871,5.025510466282764,4.34098468908403
873,5115.234375,3.922962334495506,3.3318768661159237,2.9850190255282536
874,5121.09375,2.4994280056842824,2.1219029681567028,2.5845808108400417
875,5126.953125,2.210071905948545,2.0253560105498534,1.5039078127631087
876,5132.8125,2.2583100404866103,2.3409296257774255,1.671644711835427
877,5138.671875,2.6401579280277554,3.7819661898333727,3.2871679928346347
878,5144.53125,5.9844771381867226,4.044072867909471,4.17495898950997
879,5150.390625,6.150921197390175,6.160476916517949,4.524203091602373
880,5156.25,4.828802092145145,3.829505414080601,2.4142237019334787
881,5162.109375,2.55515963923279,1.4257898164893077,0.9392267942645096
882,5167.96875,3.4739649131979182,2.5323741769466457,1.9945234516313484
883,5173.828125,3.7661482122525483,3.892077705885127,3.097756341342414
884,5179.6875,3.863352140070147,4.0372275215294575,3.0462045411618424
885,5185.546875,5.089745602454846,4.6026836946575695,3.203654534293261
886,5191.40625,4.393744328090871,4.204621437804617,4.448406588420693
887,5197.265625,2.06228422278201,1.5451369295332782,1.121873304918016
888,5203.125,1.9430150408874194,2.36568193890641,1.703489105565319
889,5208.984375,2.3895157523653068,2.330395714168401,1.977475046931602
890,5214.84375,3.030351573313574,4.814790363267429,2.844633010401228
891,5220.703125,4.150139161932122,6.567822855120806,7.087983977908648
892,5226.5625,4.9693172526735525,4.8000583318465,3.860791266166035
893,5232.421875,4.375738218430249,3.8142331297533314,2.448475638552075
894,5238.28125,2.629677787410208,2.3453051862670296,1.8634535672600108
895,5244.140625,3.630908491746212,3.502387733900218,3.118649294003709
896,5250.0,5.416579529229866,4.1736448412863005,3.9382861496080532
897,5255.859375,7.625285015363812,4.63237942622692,5.693286806249549
898,5261.71875,9.095658463056697,4.272620512502022,4.938826185443349
899,5267.578125,3.6789762174466745,2.5146951164128066,1.7573583560918815
900,5273.4375,6.188248530084146,3.2613178178793296,2.3623482185560216
901,5279.296875,4.711582361062644,2.436307941084503,2.0634468643021737
902,5285.15625,5.589233480676743,4.484668088395419,3.609758921636994
903,5291.015625,6.212626393523418,4.517741856176624,3.9120306610853994
904,5296.875,4.113368221012281,3.767783505115567,2.4222377905623014
905,5302.734375,2.483860326963546,2.0862584771545345,2.051101494431026
906,5308.59375,1.1996982366570843,1.5388606826970999,1.3752637770635427
907,5314.453125,1.2566472244289215,0.8948198228690639,1.0773965337343892
908,5320.3125,4.325219446501856,3.729279852083538,2.647169947904047
909,5326.171875,1.8615689442130754,0.8966094841128036,1.0300898122421345
910,5332.03125,4.545166315972849,2.421334395815868,1.6054534283183148
911,5337.890625,4.8979122066326655,2.9331095925029413,1.9952361205298137
912,5343.75,2.6071185237346377,2.652217138122489,1.6868330617275056
913,5349.609375,2.7251381538624506,3.4228855140815124,2.4171848651247654
914,5355.46875,2.998093855030029,3.659992149281372,2.4279692813895974
915,5361.328125,1.391944717644315,1.8372067971761052,1.3979408159028646
916,5367.1875,0.16846285303841524,0.75,2.7352972904254056
917,5373.046875,1.4837568129210694,1.153838664768385,1.2803569356629227
918,5378.90625,2.8344888243536297,2.102486037936897,1.5843605303933288
919,5384.765625,4.827618991018109,3.354148897480048,2.6432275599699104
920,5390.625,2.8013738428327377,2.3026800081807504,1.4368321710898893
921,5396.484375,3.4656185691428227,3.791074183059805,2.672576125335856
922,5402.34375,4.864952759400069,3.5835633776422267,2.8126668778898294
923,5408.203125,7.098981210334263,3.4719057734173733,2.5766728936403993
924,5414.0625,5.958198526278039,3.5630548939993214,2.314946787402641
925,5419.921875,5.757898803039853,2.7274210225867845,2.3015385664871446
926,5425.78125,5.1147668390651875,3.091890972887824,2.275699249725533
927,5431.640625,7.079811211380044,4.381557234333697,3.1906926344165085
928,5437.5,7.187059232508428,5.527202849369901,4.654660442708585
929,5443.359375,5.975723832463477,3.124047606172219,3.6068439720353274
930,5449.21875,5.219101601897222,3.1538967993314397,1.931603469148607
931,5455.078125,2.024672623322863,1.0656344640488156,0.9541716589318749
932,5460.9375,2.6700532131891226,2.5415262139885004,1.5154696314347251
933,5466.796875,5.640816794140989,3.5506982756596903,2.5225960226168036
934,5472.65625,5.220844971872946,4.431660121160755,3.0691137788087532
935,5478.515625,3.85093750727227,3.514121999758291,2.908949043346711
936,5484.375,5.576566427365604,3.751518904354365,3.2166595197644936
937,5490.234375,7.719467108033266,4.19513085111047,5.087366438866203
938,5496.09375,4.834894589576031,3.278207259246029,2.7077661218916647
939,5501.953125,2.7931740220390306,1.822062157377014,1.7887474576483668
940,5507.8125,2.1510272455212407,1.389001965025983,0.9804657765853538
941,5513.671875,7.3493155245132105,4.271955515212728,3.5305996355454443
942,5519.53125,9.483358506024322,4.6766938234734035,3.342392092958121
943,5525.390625,6.220109903545641,2.704740681082717,2.11658623612547
944,5531.25,1.1096778110596406,0.9723750725360336,1.083714400110685
945,5537.109375,0.9844942499936449,1.152390463455416,1.0716677756782802
946,5542.96875,0.7668122335965927,0.75,1.3716677967269355
947,5548.828125,2.199993663768598,1.8380584345389237,1.2692741513362538
948,5554.6875,3.3305013182609713,2.6469191587956473,1.9483337568281032
949,5560.546875,2.8869310539609665,2.86652613183734,1.8693786615810093
950,5566.40625,3.250590831466951,4.939095450871648,3.814286625629909
951,5572.265625,5.521287015934304,4.388354256700213,4.059330972871834
952,5578.125,6.833961804083194,3.8076950731267463,3.4775190035793457
953,5583.984375,5.5666324618942244,5.180957973217695,4.232559923432042
954,5589.84375,4.730807415855287,3.0741381663940857,3.9185217076468852
955,5595.703125,1.6946015454535093,2.103374103204154,1.2066355587600945
956,5601.5625,3.9862534921208863,3.265909217831161,2.941588706919429
957,5607.421875,4.5709247430675335,2.760374888360211,2.1946420153164174
958,5613.28125,9.110316519009645,5.089780165270884,4.7923348452153185
959,5619.140625,7.351127530717472,4.279372403571322,4.759145077387787
960,5625.0,6.09982143468631,3.9031191038858783,3.221597314134239
961,5630.859375,4.344388621608952,3.688661984973429,3.1390678516068897
962,5636.71875,0.5841879831290995,0.75,1.160534184824378
963,5642.578125,4.2501999495754115,3.3702653979045176,2.7674541230143674
964,5648.4375,3.5398879123432443,3.2253333339092167,2.6991405467945833
965,5654.296875,3.662231557953813,3.534194655042601,3.1488600263740363
966,5660.15625,6.0652412004687015,3.367353693881585,3.196137047453209
967,5666.015625,4.466846510139039,3.5610929628673285,3.3445754315499796
968,5671.875,4.091096153402439,4.185979703578447,3.5481841161024854
969,5677.734375,3.781621607138278,3.3126789101204768,2.5347847413042173
970,5683.59375,7.470901315488076,3.1542794948651376,2.570479363394985
971,5689.453125,6.697078342675217,4.261845700958968,4.041881088350885
972,5695.3125,3.6829019219758763,2.702512907695732,1.7706220708615892
973,5701.171875,4.48572223533175,3.2028921816918268,4.296684667747847
974,5707.03125,5.263951720691213,3.84715472992845,4.624590207634093
975,5712.890625,6.162950474959598,3.7976791193117814,4.812132735885478
976,5718.75,6.0861407688905755,4.438806899391705,5.203211482567935
977,5724.609375,6.631429831284352,5.882268247171742,9.46185393694239
978,5730.46875,6.215168308035725,5.779233736916509,5.752243941896185
979,5736.328125,6.174745499597279,4.358554713556028,5.4274898339412845
980,5742.1875,5.823870103337375,5.195592811439664,5.802292554743118
981,5748.046875,5.857140922618869,4.771653701724097,3.588096454827454
982,5753.90625,6.52816559979594,3.5740304782794383,3.100218658073836
983,5759.765625,6.156270746670773,5.562429594204029,5.335728425363679
984,5765.625,4.579645847834341,4.800782756787151,3.940343947559628
985,5771.484375,6.900207825130756,4.484683231500195,4.318785185220308
986,5777.34375,9.083241674551376,5.611885997696659,5.798770366015571
987,5783.203125,8.114847740403702,3.936029232592274,4.214921978399203
988,5789.0625,7.110556952855075,3.284175212095728,3.309425239177482
989,5794.921875,4.40737835240028,2.746256920550826,2.0249662979272545
990,5800.78125,1.1285790696505635,0.75,1.2067367728748981
991,5806.640625,5.9876612787624115,3.113279891571169,2.4811874719028166
992,5812.5,5.150197655026478,4.08209314289468,3.579955160034089
993,5818.359375,7.641831709739745,5.191772084115465,4.885888997660172
994,5824.21875,7.60254040377487,3.8869648420639624,3.6286795120189788
995,5830.078125,8.697771717440643,4.900981075803218,4.502353160766071
996,5835.9375,5.751694638292917,3.2319057406800744,4.38771456406077
997,5841.796875,5.002343251551049,5.018009171272192,3.9997164639088
998,5847.65625,3.7291632877733245,6.403109267726677,5.337840179753108
999,5853.515625,3.4552871446142674,2.542907491971763,4.7268338374193055
1000,5859.375,3.010519953316091,2.2617391875915684,2.337776445694953
1001,5865.234375,1.9032735408869532,1.8359375765505237,1.4951375472208166
1002,5871.09375,3.8364953762424903,4.536118574217121,3.8702374545340783
1003,5876.953125,4.851886084299279,3.807719985207461,2.4606336194331604
1004,5882.8125,5.450979796332078,4.3307448430783,2.995513645524475
1005,5888.671875,2.785571201989167,2.498812296351992,1.8552989044828045
1006,5894.53125,3.7115036305756783,3.9358534807487784,3.5874021618117755
1007,5900.390625,2.946119107242538,3.920987082223876,2.5071590593769897
1008,5906.25,1.3897132218715318,1.7936159581267304,1.4357620231168808
1009,5912.109375,0.7287700722002223,1.1427168522006748,1.0753044875658815
1010,5917.96875,3.5722419621398998,4.135667220635192,3.0914220248410476
1011,5923.828125,4.723628086288336,4.367114407897404,5.273454806337237
1012,5929.6875,5.840287244555012,4.003598959211485,4.434092839429325
1013,5935.546875,6.155744498645078,3.153132362074646,3.0863969302941605
1014,5941.40625,3.06910111644234,2.6880435918756738,1.5448691925042597
1015,5947.265625,3.2863977905383086,1.9720371172261228,1.903651889828387
1016,5953.125,2.581104426061932,2.1253442293307634,1.6719422908219972
1017,5958.984375,4.092146297632169,3.161304255384133,2.4238397428409937
1018,5964.84375,4.729268729890599,2.7176597021250677,1.8559389232350587
1019,5970.703125,0.6474594168028575,0.75,1.4112757378971497
1020,5976.5625,5.093670411213347,4.465807696438208,3.0914471454942785
1021,5982.421875,7.196842753076245,4.872139586242762,4.048133286987676
1022,5988.28125,4.711739333915235,4.014971491217697,3.551299702396732
1023,5994.140625,1.1765435654439749,1.3273266178616037,1.024889710484427
1024,6000.0,3.0175133713311832,2.2513864141335587,1.7755972476093513
1025,6005.859375,1.9772271692081005,1.6108084227106767,1.1239441169417104
1026,6011.71875,2.8702026144178747,2.1037261209090703,1.9571496232987164
1027,6017.578125,2.228914501580285,1.6373236080094986,1.2218980286641388
1028,6023.4375,2.952027400154176,2.0542011186942215,1.4630614597133191
1029,6029.296875,6.021768660459324,3.3643134302773428,2.906140805298341
1030,6035.15625,5.757617027597611,4.52040760260537,4.043874327386129
1031,6041.015625,3.2428800639483124,3.407563744772171,3.7857030286277045
1032,6046.875,1.2100132689649956,1.2607552341576296,1.058864160035293
1033,6052.734375,3.5747751692083463,3.226978233915341,2.393692930136198
1034,6058.59375,4.262277239697166,5.134623813989467,3.1869406861201575
1035,6064.453125,5.87329907128587,3.847828178430544,2.5767114916139313
1036,6070.3125,8.43168547078371,5.412883267517579,4.670448437293385
1037,6076.171875,11.14713255007598,4.790383933930777,4.363256607828148
1038,6082.03125,8.370888789226308,5.276498929032593,3.9628362192231315
1039,6087.890625,9.31028902841683,5.308643367959201,4.676996150864799
1040,6093.75,6.309417615521048,4.615053346739425,4.767208851032957
1041,6099.609375,7.5848672083637405,4.285367246798257,4.887108220260488
1042,6105.46875,4.965635447854242,5.565998897831084,4.730519768616911
1043,6111.328125,3.1731714813703755,4.83318582939777,3.822593495689529
1044,6117.1875,2.45062786604049,4.42998021548661,3.0665614323575734
1045,6123.046875,2.5660838373462176,2.08575513447351,1.6227200037912248
1046,6128.90625,3.2925334866683866,2.865168130409231,1.9988988042650764
1047,6134.765625,3.2518813099348853,2.7708954285249687,2.333832883784235
1048,6140.625,0.7213674839501081,0.8120899696534921,0.9414265128376893
1049,6146.484375,2.533004608767808,1.7082663167698606,1.2920019763766442
1050,6152.34375,4.2985745428096775,4.470468760052703,3.4349194275798975
1051,6158.203125,2.457395474382707,2.537926343586274,1.9606637757362706
1052,6164.0625,1.8257455996049288,1.6706647316528827,1.3678581139794197
1053,6169.921875,4.981691556716612,4.043406232630758,3.4899806920351475
1054,6175.78125,4.535477489767296,2.9770016768725407,2.6511150295275043
1055,6181.640625,3.6472285688564736,3.973644132392887,2.6745511259098067
1056,6187.5,3.0360610641429417,1.7181611502030458,1.2483423269479585
1057,6193.359375,3.574474451122599,2.842933818130177,2.436381868545524
1058,6199.21875,3.2864474107689223,2.8807029982022727,2.5863113664585615
1059,6205.078125,2.22047940766434,1.862315010305781,1.3886212916050469
1060,6210.9375,3.410980580582236,2.2916281887611687,1.8729818828871243
1061,6216.796875,0.7477255597568873,0.75,1.4963639925094678
1062,6222.65625,4.185120796568763,3.3390720114012433,2.2578516007286935
1063,6228.515625,3.743446615106867,3.6830842787699494,2.626445692918706
1064,6234.375,1.5000429225625491,1.2830617540544846,1.181121041075965
1065,6240.234375,1.7758977141167323,1.8373857033364231,1.5948641307215792
1066,6246.09375,1.8190902809276512,2.861328794127414,1.7994628182556356
1067,6251.953125,2.1480502267430643,1.9264898310180123,1.6544560781226607
1068,6257.8125,1.103040143186565,1.3380993569308206,1.2313899591711135
1069,6263.671875,3.0533504347220783,2.330535736226856,2.279211353768244
1070,6269.53125,5.027618397974175,3.073890690839847,2.6239671766298027
1071,6275.390625,2.4903701753227883,1.747371935905964,1.0509012178618558
1072,6281.25,1.9464763176183961,2.0251747078808555,1.3353308925711507
1073,6287.109375,1.8441925703615782,1.27632072036269,1.3005551937286821
1074,6292.96875,1.9813168781220243,1.6251131179533393,1.004378315930906
1075,6298.828125,7.109157763293028,4.1046537752075105,4.620606252890984
1076,6304.6875,9.998111629565281,4.8926075519633745,7.267801630705404
1077,6310.546875,9.200549083024313,4.571674223624055,6.061314877484382
1078,6316.40625,6.229671109855874,4.676212222847226,3.8154136504631624
1079,6322.265625,3.278864432814129,2.6347957739733996,2.116032167830594
1080,6328.125,4.701094016853218,2.8012219444015938,5.7927393842492165
1081,6333.984375,6.24364211055568,5.039446157273334,5.199016289234878
1082,6339.84375,6.209100237055784,6.531977489749682,6.937006060616897
1083,6345.703125,4.047466244594444,4.032110182952213,2.8085915514923583
1084,6351.5625,2.88559216548847,3.682631871229644,2.496051226722874
1085,6357.421875,1.1006687285309347,1.100044494464148,1.3275847406306602
1086,6363.28125,3.6892747801530175,3.747595534485539,2.33088575225401
1087,6369.140625,6.355524869734929,3.8016204548498216,3.3446522406159613
1088,6375.0,3.6395265401820587,2.416663449087767,1.7803349162736373
1089,6380.859375,5.494455079130728,3.73451629188063,5.224787283182082
1090,6386.71875,4.287828130656266,3.001314758537871,4.223646228534834
1091,6392.578125,3.1630489937359876,2.6675750903756987,2.6131745909498454
1092,6398.4375,4.647604869214702,3.160561458326309,3.969726773883518
1093,6404.296875,3.156848707576719,4.622104261816835,3.7954175110157427
1094,6410.15625,1.9138231123242762,2.8508930411758584,2.111395883143676
1095,6416.015625,2.2423598700987606,3.540735314072413,2.6932869386966445
1096,6421.875,1.3468888252451474,1.9180316433557114,1.9095210559506148
1097,6427.734375,1.8605938933869997,1.7978299338756554,1.4069224687989268
1098,6433.59375,2.8536088170645386,2.9118502707785607,2.2640982906943115
1099,6439.453125,0.9816263350934711,0.8287173165762409,1.0133569195088132
1100,6445.3125,4.124863498073908,3.3721541239399624,3.5496221141849214
1101,6451.171875,4.428949522447966,4.214185727202477,3.8843627659936284
1102,6457.03125,5.195542295054241,5.570852614981101,5.094763736144146
1103,6462.890625,3.5638062761225373,2.860018406122,2.6126673455766234
1104,6468.75,4.322173383312308,3.9686815337678545,3.4764525118220826
1105,6474.609375,5.1900713570018695,5.452202344331107,4.890391059286889
1106,6480.46875,4.537271261510722,4.146040851168742,3.2385633388739046
1107,6486.328125,3.342895498630328,2.9485744126160736,2.2182744443661933
1108,6492.1875,2.605939081776073,2.0935429942244923,1.2189564388293324
1109,6498.046875,3.1462145392856664,2.365955388497344,2.1140056813390506
1110,6503.90625,4.189734401909179,4.474309457551362,3.6885329672907847
1111,6509.765625,3.572747485117279,5.102660221141463,4.005626501789967
1112,6515.625,1.7095356189414064,1.7116311893225884,1.9223197345383756
1113,6521.484375,0.6907659811811142,0.9554637749694215,0.7325360439099319
1114,6527.34375,0.6885325076349685,0.75,1.0328491304930214
1115,6533.203125,3.3977231038678175,2.0478147689914947,1.5029780079358004
1116,6539.0625,5.391809374953234,3.2692076489360975,2.409697480146645
1117,6544.921875,3.3710648191509947,2.2442308906979913,2.561012585988456
1118,6550.78125,2.8066227781990465,3.269004926625035,2.1751781422881846
1119,6556.640625,3.8956629466453556,4.370998492903899,3.1727595978651624
1120,6562.5,5.144637176388162,5.116898728793335,5.019907299884742
1121,6568.359375,4.937207018377453,5.26324949536757,4.228011817040786
1122,6574.21875,4.607769091763708,4.577890224720129,3.770252418506102
1123,6580.078125,8.865657589870695,4.763596030446243,4.851673294434666
1124,6585.9375,8.155950456124348,4.7662684165891624,3.836981573182614
1125,6591.796875,6.539573386667423,4.599073655237276,5.503740778538697
1126,6597.65625,4.809638187695832,2.8719122559848898,3.117297673299185
1127,6603.515625,0.8842746818929985,0.8183159381910408,1.5933444564168553
1128,6609.375,3.8394686398894167,2.4507172200103913,1.9313778208740617
1129,6615.234375,1.9100771126090565,1.7866227778711279,1.5006880748445146
1130,6621.09375,1.3586851222675769,1.1732665829944617,1.2653086736397618
1131,6626.953125,3.1396520127094734,2.766573028197438,2.078964067131663
1132,6632.8125,6.8045775413794,4.7162610914134575,4.141709285785765
1133,6638.671875,6.440470666309153,5.003167240060664,3.8108330547419884
1134,6644.53125,7.449170761851996,4.596634321597044,4.168686388885409
1135,6650.390625,4.966036312299424,6.10237555469063,4.490219012775615
1136,6656.25,3.532927433577548,2.3672685099090462,1.8489740314832892
1137,6662.109375,3.9617295952824048,2.168383360552245,1.696909307198308
1138,6667.96875,4.091333207025758,3.191104969844403,3.0134906506060024
1139,6673.828125,5.896309804462078,2.937851771888071,2.8751030725162954
1140,6679.6875,6.479195765410536,3.557462031799421,2.433286578014727
1141,6685.546875,2.2371678572133673,0.8469231732578559,1.0661959412517759
1142,6691.40625,4.227637297888978,2.7650862776316094,2.0705572485282016
1143,6697.265625,1.7121288577803937,1.4343316200067466,1.1585636733531577
1144,6703.125,2.5573864133407262,1.6792771810303664,1.2206854930061382
1145,6708.984375,2.8890475104908715,1.9825885210959657,1.2356121535248348
1146,6714.84375,7.184030538706727,3.833967588883207,4.346760268450952
1147,6720.703125,8.272440397347196,3.71649925864791,4.488210926287488
1148,6726.5625,9.163011716382917,4.019040867263802,7.092856180147808
1149,6732.421875,6.986370788546381,3.6705193694728737,4.419635445940945
1150,6738.28125,2.5019562265285193,2.7099841879929496,1.8455161806540419
1151,6744.140625,2.989586587938584,2.901058451365014,2.2288726241803896
1152,6750.0,1.7671450581162327,1.4954469988630075,1.0313703705973987
1153,6755.859375,1.903654124211494,1.734979928536847,1.6125405433899398
1154,6761.71875,3.6487088079976098,3.112298896749798,2.8724576736387113
1155,6767.578125,3.588224035803926,2.558951410672365,1.7799981801479154
1156,6773.4375,8.141736715607731,4.503145710370502,5.007403880396452
1157,6779.296875,9.845006046081638,3.874371393145281,6.560945248624277
1158,6785.15625,9.10086552837178,4.396646634194555,4.748148887611056
1159,6791.015625,8.150947288766666,3.9922878333656175,4.933722160417683
1160,6796.875,4.984112830332319,4.304726235589688,4.380953552372939
1161,6802.734375,6.481923388397524,4.757115100771861,3.358785832157143
1162,6808.59375,6.29605612140073,2.8811184591356103,2.66126023087158
1163,6814.453125,5.1842387078151875,2.564260624276497,2.53178056158548
1164,6820.3125,1.8865424757668208,1.551835182350477,1.282739666913157
1165,6826.171875,7.529814338837637,4.345685296284387,4.104085539079916
1166,6832.03125,6.228497431667286,2.99501626431885,2.8034454429809554
1167,6837.890625,4.645473338728683,3.055590438397486,3.2678270052916014
1168,6843.75,6.211628050429125,3.3613636267602915,4.5719977078818275
1169,6849.609375,6.557069300170748,2.5765339247108265,3.350007394045562
1170,6855.46875,6.67955172731662,2.8709988395750097,6.842697738085162
1171,6861.328125,2.3129688403134363,1.2611277283218438,1.9347644528297057
1172,6867.1875,4.416754760929322,3.1545948960304058,2.8923390583432305
1173,6873.046875,5.506576282943702,3.7010358043706097,3.4776206158803387
1174,6878.90625,3.4839783671224933,2.82007794389897,2.4713109021876267
1175,6884.765625,1.7538234440815224,1.6559895343675575,1.4965406548103384
1176,6890.625,4.532560192697285,3.4560579417098065,2.16572209410858
1177,6896.484375,4.438219835757263,2.0699279461492526,1.5804038124101931
1178,6902.34375,2.662591280940373,1.616872133229497,0.9448274311725267
1179,6908.203125,4.596830580893604,3.8211157258864086,2.4476224855901343
1180,6914.0625,2.7661924925860606,2.5085102071660588,1.4270208417962635
1181,6919.921875,2.1424829212259042,1.8284856188784646,1.2734115128439385
1182,6925.78125,3.29801686896755,1.9433711114635144,1.2445904563080423
1183,6931.640625,1.3808634125457038,1.4844721729962438,0.8442825322525639
1184,6937.5,3.896531625636009,3.2451618421957686,2.14720894312403
1185,6943.359375,6.165131180789368,4.088762416361217,4.069637720516142
1186,6949.21875,4.75500509345743,3.3831390370514427,2.8227310990791925
1187,6955.078125,1.6596992230568004,1.1775608690708328,0.8433622886634384
1188,6960.9375,2.4687628558268586,1.7192174183671134,1.071878897508694
1189,6966.796875,1.610264965986581,1.8571014842508013,1.3985196890634095
1190,6972.65625,1.6590485307893,2.328740033548485,1.6245821503754057
1191,6978.515625,3.577858097046166,3.6701392648459246,2.7529448217339536
1192,6984.375,2.399738513849736,2.1397892768085733,1.3662497682882735
1193,6990.234375,3.9942301695247164,2.4376341011872875,2.31412920319273
1194,6996.09375,3.7049755687821606,2.8315213720693455,2.4040505512672024
1195,7001.953125,7.84330358624762,5.168318274806267,4.3662339604008285
1196,7007.8125,8.403462803225917,4.408045350646008,3.3476043610096853
1197,7013.671875,5.778168461219947,3.5868355459735186,3.44241149463336
1198,7019.53125,2.691062514997374,1.43563765480965,1.6420792877441093
1199,7025.390625,3.381327472204459,2.297301337006706,1.9961691181608243
1200,7031.25,1.6851787492725783,1.1293248033475933,0.8846810440834288
1201,7037.109375,2.651131611827682,1.9988391682330073,1.9019929689815853
1202,7042.96875,0.6418445018162221,0.809441847039464,1.5119160303972983
1203,7048.828125,2.2826280215425334,2.056284668978602,1.8850234050698116
1204,7054.6875,5.175820861717466,4.651039946063355,5.902501050576854
1205,7060.546875,5.689212159105791,4.346751368652359,5.901558886721795
1206,7066.40625,3.7820531382390374,3.7979468264222787,3.2048373577497506
1207,7072.265625,3.4241206754752516,4.577754073811224,3.8490299305895
1208,7078.125,3.2157116636479555,3.871823850208269,2.848082392219835
1209,7083.984375,2.2260286286952957,2.4257154975473805,2.32807817702159
1210,7089.84375,3.3476411098958243,3.6427693504854046,2.5659074925391048
1211,7095.703125,1.096442187622254,0.7979148155791542,1.023932412182715
1212,7101.5625,3.9719301131816382,2.6585558697142164,2.46113137503342
1213,7107.421875,3.132752232305087,3.0936165535688556,2.3878454036189427
1214,7113.28125,3.6135417120340465,2.067086803100528,1.622050071642402
1215,7119.140625,1.447708335578357,0.84186168222365,0.9972584450185613
1216,7125.0,5.126901629802149,3.093426829242652,2.5843337950353376
1217,7130.859375,4.71049953873018,3.1597833606763865,3.086174651793737
1218,7136.71875,4.921757562160928,4.430268038174123,4.006754882332318
1219,7142.578125,6.700741043916304,3.9787630003014565,4.001449973194292
1220,7148.4375,4.7125799342895744,5.965203520406892,5.030124345096362
1221,7154.296875,3.5103711493299827,2.2202971201900565,2.202479162574361
1222,7160.15625,5.352191726827457,2.287149949012596,1.86615338643981
1223,7166.015625,3.0002224872073744,1.8752791797501065,1.9640435258625275
1224,7171.875,6.905354011554909,3.72378806413405,4.2076203439990465
1225,7177.734375,5.728111575711072,3.534859270276456,5.32580578120205
1226,7183.59375,4.363057396581403,6.053641314910844,4.4609690162588995
1227,7189.453125,5.746630658971453,4.580055906939651,4.592811470377179
1228,7195.3125,6.459973438396692,4.752219595420511,4.9970176625810225
1229,7201.171875,5.816980454969285,3.5367448097675744,3.322612929146208
1230,7207.03125,4.233957560460659,3.1731178925191443,4.366297441632466
1231,7212.890625,2.8722659523723393,3.256359578320447,2.8399729469188197
1232,7218.75,1.4876202032805557,2.0720644495933174,1.5281603669393753
1233,7224.609375,3.4217614021250444,4.673762010464619,3.4779702194496345
1234,7230.46875,4.513911079593779,5.783580152027124,5.521095578737357
1235,7236.328125,3.0853372036702917,4.416968783401841,3.583394783997005
1236,7242.1875,0.593293310759339,0.9117411630516701,1.1220573016392612
1237,7248.046875,2.940452544067414,4.724818014448038,4.8761571306279885
1238,7253.90625,5.1945707918191975,3.923769299861704,5.750371745889041
1239,7259.765625,4.276343727901544,3.388241351964567,4.736103455193536
1240,7265.625,0.8528365292758704,1.1131657239684492,1.7418033059173053
1241,7271.484375,3.128921180965838,3.8591229901878714,3.0451695532444982
1242,7277.34375,4.145588347481497,4.49584095190794,4.013574145801099
1243,7283.203125,5.602799143734096,4.093639693835955,6.875851139210951
1244,7289.0625,5.19354850359267,2.90975198537523,3.8748449200493473
1245,7294.921875,2.8553581178870884,4.007547303325347,3.53333983676311
1246,7300.78125,4.196764403206095,4.1079615132544145,2.9721674462012966
1247,7306.640625,6.04798635599893,4.2855418374572105,3.7460331754673755
1248,7312.5,4.909016010591937,2.8619011111874357,2.2046123701909743
1249,7318.359375,4.205786726905333,2.2818334697626588,1.9067468607636386
1250,7324.21875,5.327223519690867,3.2193842573369493,2.3003514994265104
1251,7330.078125,2.132926993901888,2.323310672213937,1.6711111351929997
1252,7335.9375,1.9188400778459103,2.4347399178057354,1.687388084691942
1253,7341.796875,4.008371983927323,3.956020580890545,3.5238074768390555
1254,7347.65625,3.8695515276635533,3.6567680622250296,3.8169858791152604
1255,7353.515625,4.143205673744684,4.073090290250909,5.0308839244509285
1256,7359.375,3.9459710222190356,3.220017429759107,4.432029985435511
1257,7365.234375,3.1118165529503137,2.750622485028346,2.6045954428926215
1258,7371.09375,4.622021665699924,2.943361591208814,4.7686532703730915
1259,7376.953125,6.2791919024767955,4.16909106304422,5.489845789663412
1260,7382.8125,6.601540617216567,4.544715159152696,7.3993050153964495
1261,7388.671875,4.655704290707071,4.4418866534133885,3.6060063538951233
1262,7394.53125,3.5229241720293443,3.4068378410881768,3.3264297056668797
1263,7400.390625,1.3566008654521005,1.6550801252427978,1.610550188401184
1264,7406.25,1.7355883449709748,3.4415379497109715,2.6360281191981834
1265,7412.109375,3.515713404213039,4.564092605425241,4.866566990997721
1266,7417.96875,3.0787316892596808,3.7286094783584485,3.233709754984462
1267,7423.828125,2.087605140591259,3.1929452085923087,2.396353751387494
1268,7429.6875,4.512897114828992,4.308822099768721,2.8762717317530564
1269,7435.546875,2.9542197608622747,3.03996285344274,2.891156053933459
1270,7441.40625,2.7378556384456307,3.094144889184972,1.802780086535436
1271,7447.265625,1.59929029952159,2.087144275578878,1.326293193536197
1272,7453.125,1.4816685434134542,2.5759195715802212,1.773482271507859
1273,7458.984375,2.1092928114020157,2.33608080210253,2.1783603256631245
1274,7464.84375,3.840777396807527,3.700158050443102,4.377563944913808
1275,7470.703125,7.062383635975503,3.695475779279889,3.9554633099356633
1276,7476.5625,5.84725170720944,4.071544388862815,3.312696479804225
1277,7482.421875,4.186819608463538,5.3052163831477035,4.129094635408852
1278,7488.28125,2.0672611318386545,2.4186032361102567,1.7417994020061631
1279,7494.140625,3.236037630293962,2.744729484170569,1.991958174681057
1280,7500.0,2.92734529629969,3.3076227980504775,2.701228928385927
1281,7505.859375,4.108360732243795,4.765092377247574,6.149361181070198
1282,7511.71875,4.447668899046729,5.037408714590399,5.922234928728507
1283,7517.578125,4.919497705429801,3.952389957776493,7.094116624937415
1284,7523.4375,5.279637005476762,3.7458376477353297,6.191751239503597
1285,7529.296875,3.598613056738829,5.710689451826493,4.52966841815322
1286,7535.15625,4.577636982948282,3.5224054756490712,3.7963317581536056
1287,7541.015625,6.18941260856323,5.648706530978953,7.47484297592983
1288,7546.875,5.938638779488335,3.6522732759204297,5.05973546079577
1289,7552.734375,1.9217979292952214,2.018079138651164,1.398395132285182
1290,7558.59375,4.153558477128736,2.541213943764168,2.5897929978150964
1291,7564.453125,3.2547682955984225,3.5648507242334007,3.3899857026294633
1292,7570.3125,1.596241813232267,2.0214536203199556,1.6798303846648044
1293,7576.171875,0.6748717573075661,1.1135207501349933,1.063905619212558
1294,7582.03125,2.3024007227333385,2.549972460438352,1.516109792039387
1295,7587.890625,1.504394225608639,2.7469688271101345,2.2385314861014547
1296,7593.75,1.6927529047870562,3.339345950144925,2.4629367300714855
1297,7599.609375,1.2625011391629544,1.2670596788267465,1.0355578421463043
1298,7605.46875,2.216841469846534,2.0463153040893896,1.639796881182052
1299,7611.328125,1.1011282625481853,1.636081194666159,1.0929726955846093
1300,7617.1875,1.9280912604356675,2.5214116873940227,2.0086649584073037
1301,7623.046875,1.5927994886774972,2.0202948538382732,1.4032152913456872
1302,7628.90625,2.454971045276577,3.289076206903612,4.0243382120720765
1303,7634.765625,3.6119579029553006,3.741815853751949,4.073048844048766
1304,7640.625,4.0744586188179355,4.064603889919694,5.829752357620551
1305,7646.484375,3.824584098162451,5.020723906853088,6.284250152679499
1306,7652.34375,3.850741932001177,4.107963108506006,5.2414009495640395
1307,7658.203125,4.351321669913723,4.046963450349266,5.252495774503515
1308,7664.0625,3.262272182687792,3.930560709004211,3.7389555739323836
1309,7669.921875,2.9836159622769216,4.109512532965965,4.557399870323033
1310,7675.78125,2.0894336585053925,2.2426517235380112,1.7778840695933082
1311,7681.640625,2.9682074408237478,2.6523912067706563,2.581708739849774
1312,7687.5,3.992027424166332,3.8021905603995814,4.348558534145895
1313,7693.359375,3.19689754252992,3.148203815128901,2.9443683297328835
1314,7699.21875,2.999128222839435,4.933081358459596,5.4376794358534575
1315,7705.078125,2.9220459428124954,5.144904227913159,5.4790641952607935
1316,7710.9375,4.485245910274678,4.349044690856454,4.508616958703548
1317,7716.796875,4.320161777770079,4.6827606031024605,4.449841787167652
1318,7722.65625,1.9926064996756363,2.377367970633025,1.9647708904472676
1319,7728.515625,1.0426936805978415,1.4719612574999248,1.0979070284369778
1320,7734.375,1.1792533116166986,2.2126923412375836,1.8218469290238641
1321,7740.234375,2.569823266548669,3.630618256742383,3.351107511310244
1322,7746.09375,2.0380051096791365,2.9000834221732674,3.3463083394793385
1323,7751.953125,1.27643437082503,2.376442998404794,1.7759326728183429
1324,7757.8125,1.204286705420328,1.9878886437582608,1.3247883664487832
1325,7763.671875,2.4010439744327656,3.3502082077962894,2.5611310819562383
1326,7769.53125,2.638691699488678,3.2837145648143053,2.876093942279426
1327,7775.390625,1.6188726384904453,2.6461328205462236,1.9507170342980187
1328,7781.25,1.0921167520569532,1.907351097275582,1.082989644442123
1329,7787.109375,2.1635093098786107,3.2244063170184187,4.188269827447623
1330,7792.96875,3.15280647550025,3.028106087998972,4.128528693229875
1331,7798.828125,3.238532646568707,5.432702150997367,5.25000318265994
1332,7804.6875,2.644236834022743,3.9572697346508603,3.646529568943435
1333,7810.546875,2.8387945003493575,4.579672438455145,3.582906283334645
1334,7816.40625,2.6141289557027987,5.259728921191563,3.5805163149939623
1335,7822.265625,1.3306278964250953,1.989944734412663,1.3031727301339877
1336,7828.125,1.965016018796193,3.278085002409921,2.5271352942860927
1337,7833.984375,1.7238522298340397,3.313487918704496,2.039063011752403
1338,7839.84375,1.4407275127866,2.74391207597895,1.7710698423854578
1339,7845.703125,2.910343148796568,4.091099050343733,2.483454086036378
1340,7851.5625,3.906370874579212,5.859089277725234,4.759040675882087
1341,7857.421875,3.9673983797497088,4.8749930569043745,4.327126875702679
1342,7863.28125,3.575572364788822,3.9062397940957956,2.695388766928339
1343,7869.140625,1.986432551228609,2.156407347166069,1.605956033864955
1344,7875.0,4.309662858306894,3.079681842037161,2.5235135750129487
1345,7880.859375,4.043905200954091,4.404563571329151,3.486644184734186
1346,7886.71875,2.910077673413837,3.11986440319187,2.113161788741315
1347,7892.578125,2.243827363338775,2.1064549371290417,1.8264318806308377
1348,7898.4375,4.5255042077349845,4.27712403890664,2.9587367645064395
1349,7904.296875,4.141504280729913,4.637621415836748,4.596232873964732
1350,7910.15625,3.855887046844714,5.908756258767356,4.630940259105115
1351,7916.015625,4.213149273092147,3.7408696963945647,2.9457601789322965
1352,7921.875,3.0173448559339784,3.725077316021148,3.403937981008301
1353,7927.734375,2.315948801962934,3.474494663659602,4.426286230966974
1354,7933.59375,1.916155864729879,2.761433657041809,2.463368824949899
1355,7939.453125,3.4274631729817364,2.8855311175035627,3.6330800938135956
1356,7945.3125,2.897161303135445,2.703075990539663,3.951973949748274
1357,7951.171875,3.668877413136606,3.417817139475742,3.4724413438881263
1358,7957.03125,3.4977781391920937,4.425911367563392,4.409708419520484
1359,7962.890625,5.015249694649032,4.266991690918083,4.811783593722502
1360,7968.75,4.1427115818257345,4.619038497208655,3.4415929767110973
1361,7974.609375,3.8728469764611577,4.1997652628163795,3.200054523015707
1362,7980.46875,3.3215513898139544,3.931283926921724,4.124606974101432
1363,7986.328125,2.496119654820263,3.664819324586823,3.875801831818065
1364,7992.1875,1.6573875874438555,2.7389203352430727,1.9546113708248418
1365,7998.046875,2.1180975869195686,3.9869293377860524,2.4913611226885846
1366,8003.90625,2.9418228919656886,3.720795922143102,2.5767944318365394
1367,8009.765625,0.3404213572251077,0.75,1.715640556564373
1368,8015.625,3.2088533253346188,2.8606602848581555,2.331203074916495
1369,8021.484375,2.3424589685087023,3.2520847199681953,2.454886260171123
1370,8027.34375,0.7940972951520827,1.0211660970305163,1.0699518278916367
1371,8033.203125,2.5521795945399157,2.473465332851077,1.6507516632180745
1372,8039.0625,1.277671175379746,1.9444460608039482,1.6938274274048086
1373,8044.921875,0.7865945429472643,1.3729170555040355,0.805224909918248
1374,8050.78125,1.54021202520928,2.760565973206695,1.5083705936644387
1375,8056.640625,0.6896946920405714,0.9591407894547523,1.5639414578880793
1376,8062.5,1.4143658800834584,2.2438970865896932,2.6477777312755144
1377,8068.359375,0.898315302072189,1.3945763054168778,1.40388624813744
1378,8074.21875,0.9834942573631003,1.070605283208299,1.5054861448906796
1379,8080.078125,2.2906721450030494,2.276388320687438,2.662048945574857
1380,8085.9375,2.5982986934983554,2.4214200114027618,2.272578337432275
1381,8091.796875,1.6209780796000581,2.5579777950537568,1.9193372817555299
1382,8097.65625,2.677519418910136,3.0587101118598055,3.7311889748849953
1383,8103.515625,4.153975039702693,3.2199448865340825,4.226095697606859
1384,8109.375,4.670053775707804,3.1588253596056206,4.1786338032707695
1385,8115.234375,2.2078762842123,2.627125857152954,1.9468044078410025
1386,8121.09375,0.851809815659201,1.1522273205426519,0.8430152641568919
1387,8126.953125,1.0034941493745857,1.6258163669492207,1.2053948227600826
1388,8132.8125,0.14509598858517064,0.75,2.469773704804748
1389,8138.671875,0.1760315461112568,0.75,2.8409571130281295
1390,8144.53125,2.5427981963855952,2.343168176739354,2.680421212518174
1391,8150.390625,4.466098170736368,3.5385098941597675,4.0308919242178565
1392,8156.25,3.6890797355548317,3.436160205809319,3.9048654029936887
1393,8162.109375,2.7864195494416903,4.837186701118219,4.161434535092069
1394,8167.96875,3.7190572837839992,3.789720320901871,5.1068597204388775
1395,8173.828125,4.606688425080197,3.880787470058187,4.18636341373705
1396,8179.6875,3.416751431486453,2.97566299183197,3.445986552255606
1397,8185.546875,2.4239430650876783,2.915081932999894,3.919361694566782
1398,8191.40625,0.8721532005623085,1.2141272280623525,1.4103466583621331
1399,8197.265625,1.0590294372829974,2.13723462941293,1.8153802592790749
1400,8203.125,1.0274818401709382,2.4100861134760936,1.5462328309085287
1401,8208.984375,1.1959418247061526,2.1905762546785326,2.2254444254603016
1402,8214.84375,1.8520992953192235,3.893875925521421,3.4197944488135397
1403,8220.703125,2.69394295281355,4.716540757654555,3.754309731069711
1404,8226.5625,2.7391118567815607,3.902965940860858,3.4421946290928935
1405,8232.421875,2.7212680676583285,4.153467722031265,3.1616849740255155
1406,8238.28125,3.553299697436158,4.672432975965798,3.7498982923655255
1407,8244.140625,2.448038609550741,4.427148679172417,3.2414752385397296
1408,8250.0,2.2363884411717407,3.6287594803100065,3.7878884845569756
1409,8255.859375,2.2840490419485935,2.708636459426009,3.502783016363456
1410,8261.71875,1.1443072752727952,1.3260972625589216,1.7426555921790805
1411,8267.578125,0.7789779244493211,1.1569161892231614,1.3021161635980443
1412,8273.4375,2.2116598640730056,1.7716433768157356,1.6404400436322912
1413,8279.296875,1.8455531641262992,1.918608787899444,1.5691837875451309
1414,8285.15625,0.6098336207663825,1.1067128874287366,0.9155275134563695
1415,8291.015625,1.5143246009633686,1.8582674906234442,2.617133753915373
1416,8296.875,2.4368098712041784,2.9493472726015333,3.2943726670417504
1417,8302.734375,2.2393980069802355,3.806225581040473,3.8593381526485375
1418,8308.59375,1.7557328569570285,3.9002629371280557,2.785569873778699
1419,8314.453125,0.6432703044936238,1.4326493810123488,1.013564980265436
1420,8320.3125,1.2940981296501308,1.8478241636845782,1.9213562717155992
1421,8326.171875,1.1578466349584806,2.39370554863583,1.8338258041150266
1422,8332.03125,1.5209495076010744,2.5464542835206165,2.872779686568194
1423,8337.890625,2.0525518175565978,3.051627516968324,2.7240603959080323
1424,8343.75,2.0905806642264757,2.1907947244886072,2.8061616571649766
1425,8349.609375,3.3208320253511165,3.8547715118953656,3.726061156849699
1426,8355.46875,1.3501658185786238,2.356141323121782,2.911213226081895
1427,8361.328125,1.1852256756228663,2.2434757564824857,3.676968858217465
1428,8367.1875,2.584146665879514,2.8067012979878148,3.9016804690464584
1429,8373.046875,2.7829451867666597,3.686822722856361,3.672057793022774
1430,8378.90625,4.127425946210235,4.501294724277242,4.665918572342272
1431,8384.765625,3.5783775297839546,4.476887303727134,5.670981619058638
1432,8390.625,4.669169636497833,4.646156990788858,5.56236603943706
1433,8396.484375,4.718747762977913,4.3859414398349035,5.073498036703446
1434,8402.34375,4.913906825105438,5.857791194862543,7.126871122514953
1435,8408.203125,3.521217961806095,5.403974386250013,4.113568116565248
1436,8414.0625,2.59155538645674,4.180872672738467,4.123217289484258
1437,8419.921875,1.0051982110277164,1.95960835788566,1.266312947616844
1438,8425.78125,1.159213361238424,1.5477793962240554,1.2875172499215488
1439,8431.640625,0.5257465293226515,0.9749705195022559,1.256308520486116
1440,8437.5,2.147471529115386,2.988682359923161,4.245002160504623
1441,8443.359375,2.529100505897486,3.173188084787715,2.839520623499788
1442,8449.21875,2.9713283259292766,3.009316203231033,3.3747394402221076
1443,8455.078125,2.8890799614660274,3.595070599344999,4.334513456399697
1444,8460.9375,3.1922516066861713,3.444944710954393,2.4371884265172996
1445,8466.796875,2.708211914538682,5.867927364413007,4.651001182662175
1446,8472.65625,1.7784043751684477,3.171181528243829,2.0543516715645453
1447,8478.515625,2.908500267634863,2.5666645032659794,3.283982524249547
1448,8484.375,5.122680271173129,3.6052077454004783,3.133171360309468
1449,8490.234375,4.375233834366548,3.5289679747904255,2.9257237588922544
1450,8496.09375,2.3632916907984782,2.6356797165816728,2.023711375411974
1451,8501.953125,2.5199441144204835,2.5700972885947073,1.5353266815482185
1452,8507.8125,1.2248326797028066,2.598298644647234,2.086865688242708
1453,8513.671875,1.2436597135444918,2.4919631709127206,2.155378911709413
1454,8519.53125,2.8522853725037134,2.9721282841031362,3.125609545351336
1455,8525.390625,3.1675852984299917,4.169679560323994,2.9213192646852946
1456,8531.25,2.8246551244568896,3.580524031864647,3.1826927963787304
1457,8537.109375,3.643330822939717,3.7360214630298763,4.349150334839841
1458,8542.96875,3.758183515603057,3.376434685109414,4.925603286459539
1459,8548.828125,4.788452006617594,4.236489567167991,5.120224995904398
1460,8554.6875,6.748361573006585,4.4893178691792395,6.461075102239151
1461,8560.546875,6.626382615891875,3.8763206402931916,7.225445757131217
1462,8566.40625,5.961089446335745,4.489482241817292,7.107506628472711
1463,8572.265625,3.783357252184471,3.663858607920866,4.147436097238556
1464,8578.125,2.952867784167792,3.262627414866092,5.425985035806369
1465,8583.984375,3.267811139060015,2.687803748917043,4.283465913619573
1466,8589.84375,2.374341643709501,2.0795368890623167,4.0630098805136
1467,8595.703125,3.1477088715040047,3.271985364305195,4.03571575639102
1468,8601.5625,6.1795209259969,3.5181546727197386,5.602141088609301
1469,8607.421875,7.078065865653759,3.7952772571996314,5.785760682306353
1470,8613.28125,5.926101226171289,3.668865198735663,4.8483839164225255
1471,8619.140625,2.02967522947771,2.421810208777148,2.2827788186281963
1472,8625.0,2.894762462805117,3.630874429516693,3.780442647787358
1473,8630.859375,4.968688536146577,3.906952358997982,5.321954023393179
1474,8636.71875,5.154004405490826,4.091043752156354,6.6990511663036365
1475,8642.578125,4.594027708134243,3.497774607986506,6.459709930199033
1476,8648.4375,4.224420686266661,3.301083129505811,3.4711560210500148
1477,8654.296875,3.4526626413213357,2.8682045062077735,3.104953555991609
1478,8660.15625,5.166794721980442,3.3722540331223376,4.284394237687499
1479,8666.015625,3.824978238158077,3.0988569588934256,3.1339382468023658
1480,8671.875,3.182308080444429,2.9510818803239642,3.256417917789223
1481,8677.734375,2.924703809923624,2.981802578432201,3.371086375686585
1482,8683.59375,1.6907217233515812,2.951526451846205,2.2190698480473325
1483,8689.453125,2.2019154633610025,1.8567004308168444,3.4227550138743066
1484,8695.3125,3.5394939758514545,2.64958363311005,3.7712891408814184
1485,8701.171875,4.86174399863573,3.7520798420703665,4.68065145091078
1486,8707.03125,4.441836205692329,4.0691592657928854,4.2297077225910025
1487,8712.890625,1.8356359618276317,2.3672073137518934,1.947012404155714
1488,8718.75,2.541164973169001,3.4804334983425362,4.5825843909291475
1489,8724.609375,2.339353147714747,2.387607153534053,2.663115800494443
1490,8730.46875,3.5397994651047093,3.3372093227153905,3.322661744394561
1491,8736.328125,2.246070461893377,3.4017909383023586,3.077095303508047
1492,8742.1875,1.9395221503921936,3.3338639494620796,3.498161583972423
1493,8748.046875,2.2619716091046094,3.3894674726676155,3.3758720279664884
1494,8753.90625,2.615887877524711,3.793772014586125,3.559630112401318
1495,8759.765625,2.1282301113149273,3.8790460846926,3.4022419618277833
1496,8765.625,3.321015572202518,4.208097007859943,4.0653963496110945
1497,8771.484375,4.185139129311803,4.078490798100145,5.765174133236721
1498,8777.34375,3.9231812430347777,4.141531412870632,6.866998053424498
1499,8783.203125,2.641799278426562,3.493511996610093,3.4659900382683864
1500,8789.0625,0.2972868848061378,0.75,1.6751802976289938
1501,8794.921875,0.8426184224212275,1.3001515902934202,0.9470317353421092
1502,8800.78125,2.465658290764755,2.4693032846026535,2.4771923841450323
1503,8806.640625,3.620786400598571,3.342933249603789,2.97009662896397
1504,8812.5,1.6598397142190555,1.6409036862158781,1.4631250378668557
1505,8818.359375,0.8376556182271244,0.9717457544542358,1.6952154101513814
1506,8824.21875,0.7794701847458799,2.025745753168708,1.7192628767898688
1507,8830.078125,1.1838488395798283,2.198706096499299,1.4605579504555906
1508,8835.9375,0.9989145072175136,1.1576481069581355,1.3363362789440245
1509,8841.796875,1.670607359241459,2.0705278767324073,2.461356290285731
1510,8847.65625,2.472080949825978,3.5683648922128883,2.9319771749065784
1511,8853.515625,2.6069767962142225,2.477303707886146,1.7550701969528968
1512,8859.375,4.668411439336131,4.4415554782629005,4.169092070337758
1513,8865.234375,4.073173789002296,5.148875654474661,3.7193893523396246
1514,8871.09375,3.9952155556549274,3.856240688051559,3.32472213271325
1515,8876.953125,1.5198680920356968,1.5232869001760285,1.2900389573497513
1516,8882.8125,4.251957674524039,4.407522106849396,3.932624599119147
1517,8888.671875,4.2229162555064,4.436917895252067,3.32160396775874
1518,8894.53125,1.9386807056947917,2.688770850734416,1.9866276249357315
1519,8900.390625,3.530725229388519,2.6158810072931855,3.3847759321037603
1520,8906.25,5.0042412567959795,4.0054273638238715,4.015693831457692
1521,8912.109375,4.0208601725256,5.0243142238739384,4.278668765491684
1522,8917.96875,1.6296509182087664,2.050373702535429,1.8446702840878006
1523,8923.828125,1.4888509071925986,1.994300150997078,1.8188606762977237
1524,8929.6875,1.0274821384880894,1.4813360123488717,1.4572245106476456
1525,8935.546875,1.1257540563460406,1.9398394531576038,1.4120399285238312
1526,8941.40625,1.8548279675801425,2.3398807916769857,2.434796328642321
1527,8947.265625,2.1026206411464816,2.4453714912018576,2.250981720000861
1528,8953.125,0.6981018598946208,0.75,1.0242915443282863
1529,8958.984375,3.8846060914080556,2.8796994368360167,3.354006548913176
1530,8964.84375,5.256444890359576,3.1732888971107807,3.9478799114237195
1531,8970.703125,4.55813458525911,4.239293940426472,3.9950998443661128
1532,8976.5625,4.14503986497697,4.319419415253839,4.581517303583786
1533,8982.421875,4.03048314576564,3.6235487015629038,5.051421583743541
1534,8988.28125,3.4943437496906906,3.597132901420507,4.946806453499844
1535,8994.140625,2.8702475036879918,3.029296395193495,3.554545517393173
1536,9000.0,2.183085876593589,3.431101404603382,2.8541703221344865
1537,9005.859375,4.38575880715861,5.54243736495142,4.217653432861164
1538,9011.71875,5.221088261375717,3.5277144709572292,3.960949056998059
1539,9017.578125,3.2412999798734465,2.478952151518028,3.2341340452810883
1540,9023.4375,2.8876905491206766,3.2955397841494793,3.3353694146647137
1541,9029.296875,2.597385591444888,2.2882345918095117,1.514857320804497
1542,9035.15625,0.62910490967722,0.75,1.114330993512596
1543,9041.015625,2.725959767319656,1.8228962280851047,2.1469581141281884
1544,9046.875,3.747146176680569,3.155293426090168,2.4514533903617726
1545,9052.734375,2.77978204329258,2.5365136919542532,2.694229590275048
1546,9058.59375,2.219862825429855,2.5196082830298714,1.8557018344177774
1547,9064.453125,1.3046812652024897,1.8708010907211783,1.186583742775536
1548,9070.3125,1.4924983019387796,1.8071482165596444,1.150801263421841
1549,9076.171875,4.546761666055053,3.3635323604652116,3.6356843449294316
1550,9082.03125,5.825159687174541,3.2224348042600264,3.8075083647698587
1551,9087.890625,2.8394978099692674,2.6850805456163918,2.1086356777648474
1552,9093.75,2.5842719021924117,2.1657714925327514,1.7732167510560721
1553,9099.609375,5.144741592897152,3.043965511907224,3.2719705214976678
1554,9105.46875,3.8325910288283502,3.392572767340597,2.4824286920137992
1555,9111.328125,2.522076878295555,3.1627375067665047,3.096310032028279
1556,9117.1875,3.834272746861907,3.1166798633768247,3.6313585447846655
1557,9123.046875,4.274866897595453,3.203505384731823,4.458435517088267
1558,9128.90625,5.733863739512691,3.406978229799643,4.921205946153071
1559,9134.765625,5.5079484521024495,3.2794354735679043,5.719260413432452
1560,9140.625,4.566256039980755,3.4682203671319805,4.6759324294962035
1561,9146.484375,2.577741128102257,2.186762550433589,2.402531033394042
1562,9152.34375,2.486657836135078,2.4290614100172903,1.9611836728040055
1563,9158.203125,2.4898527136933954,2.174134553741177,1.848571806891133
1564,9164.0625,2.6740448276817,2.835104386560266,2.5315686515888025
1565,9169.921875,3.3498744064225643,3.043769716700919,2.7646702351172543
1566,9175.78125,1.2054154365639205,1.4259507280385402,1.3432955152464445
1567,9181.640625,2.0791177924826107,2.265229751485725,2.076310920783688
1568,9187.5,1.0501824994628084,0.8901354645701753,1.6175471300436735
1569,9193.359375,3.508942676762117,3.018732815986836,3.4189767359209315
1570,9199.21875,4.948505009413417,2.6289180329389725,3.7408100822971977
1571,9205.078125,2.9330984351769285,2.4807567680301377,3.1346519579646364
1572,9210.9375,0.996408048255751,1.6827153564889579,1.1327449410082107
1573,9216.796875,2.362927965874102,3.066176977087154,1.7281064346880153
1574,9222.65625,2.1832972085646043,2.3046911754469757,2.143775040789554
1575,9228.515625,1.4027522845244653,2.3169099312615713,1.9835741962418585
1576,9234.375,2.0708199962962937,2.4089593646800584,2.7555702569685345
1577,9240.234375,1.0616167203319786,1.7062025948360366,1.979249836523733
1578,9246.09375,1.4416713832741188,1.5087905856432295,1.1162166073298803
1579,9251.953125,0.1515773347390375,0.75,2.9347958174140047
1580,9257.8125,2.3391707069885967,3.0110388248948805,2.3204374569208386
1581,9263.671875,1.9403435839130159,2.674115064058956,1.9025903104671245
1582,9269.53125,1.3060758442554128,1.9382789518959616,1.339979570793514
1583,9275.390625,1.3052559894268112,1.682269668069066,1.7165669795345606
1584,9281.25,2.111776051418647,2.4749490189695513,3.39564313131298
1585,9287.109375,2.124519100254228,3.4120152486397015,5.675245202840237
1586,9292.96875,0.9243053976021326,1.7500768394979063,1.3570217463828478
1587,9298.828125,1.0844782425575221,2.310274338408838,2.8826423185664702
1588,9304.6875,0.7987676584060979,1.4583853406064635,1.2200703514382676
1589,9310.546875,1.7181527180376122,2.32899183605085,2.9431591924804508
1590,9316.40625,2.206601213316072,3.178409516051791,3.2133021758646185
1591,9322.265625,1.62539455312355,3.0603177070830982,2.897850125636264
1592,9328.125,2.0350789442592636,2.424507286654345,3.79756842104261
1593,9333.984375,2.6573235858564215,2.7055442875541127,4.571232959330883
1594,9339.84375,3.1508975237696144,3.1505835084546057,3.2768518743186714
1595,9345.703125,4.815833049743482,3.374809800033363,5.676327399725078
1596,9351.5625,4.673597250136316,3.3813468134531313,6.568880962889756
1597,9357.421875,3.7591676099969944,3.4958692977798065,3.2133029516090765
1598,9363.28125,3.8582398854626843,3.51053899524198,3.5643669738280273
1599,9369.140625,2.4642661388502027,2.4338843751389607,2.4537786521651923
1600,9375.0,3.969001481693054,4.538799619450519,3.499049128285171
1601,9380.859375,3.6018291025808984,4.338014576494116,4.702196182849079
1602,9386.71875,2.1176951338377297,2.6556382155748093,2.2743200011003624
1603,9392.578125,3.9478484147212725,2.685492721937454,2.9464393311669177
1604,9398.4375,2.4262806691941146,2.392381403537267,2.6851282092231097
1605,9404.296875,2.8446569564788358,2.90659056660437,3.441458625416134
1606,9410.15625,1.5413271909150563,2.3612298729221166,2.628883309613488
1607,9416.015625,0.9264303351950149,1.8386998016698257,1.3092636351778142
1608,9421.875,1.4377690260797553,2.052954475806322,1.703791682233489
1609,9427.734375,0.5066919941127407,0.8926667198837488,1.0727477619762602
1610,9433.59375,0.9839929542428338,1.2771798478125875,0.9925724780168946
1611,9439.453125,1.3467523730121094,2.5040104814172612,2.2252295041707524
1612,9445.3125,1.9178894118500855,2.2798472281593445,2.249558707844088
1613,9451.171875,0.5838711109008583,0.8749191665722873,1.029935075227375
1614,9457.03125,2.4160525853313084,4.434884370046534,3.120319354861413
1615,9462.890625,3.988083262128556,4.830965989015561,4.681397410531072
1616,9468.75,3.441890563531244,4.273038602275819,3.8819437543416275
1617,9474.609375,2.515571053120297,4.995078025146071,4.389818945093079
1618,9480.46875,1.6015065606134242,2.7508332099658235,2.6263482050606273
1619,9486.328125,1.7148745055538743,4.506780232097315,3.8152014276605777
1620,9492.1875,2.212183494017846,3.9195282057046548,3.5957689768085936
1621,9498.046875,1.863566499848843,3.20353683403868,2.890543606037158
1622,9503.90625,0.5650192463661017,0.7988349470668865,1.4577150986914154
1623,9509.765625,0.9507516575504846,1.073391438422107,1.6486695406367589
1624,9515.625,0.3258838733040035,0.75,1.8266548161427325
1625,9521.484375,1.9048395840726946,2.981252230648693,1.8188710984928183
1626,9527.34375,2.228009738549552,3.161985001217117,1.9572201831825413
1627,9533.203125,0.4816471539062496,0.9018452740250893,0.8307353816509513
1628,9539.0625,0.38417252913724664,0.850126005221173,1.1574036579473117
1629,9544.921875,0.09295111684354362,0.75,4.9351116830313115
1630,9550.78125,1.7897171716260634,2.6169157546594155,2.3517676444563085
1631,9556.640625,3.1390763433793696,4.008956777100698,3.869964430473373
1632,9562.5,2.1064094235050446,3.0000320129377043,3.3668500326629465
1633,9568.359375,0.7000375025090425,1.185078636841635,1.5229358667418085
1634,9574.21875,1.674392400541134,3.3640270918945188,2.2379199506349132
1635,9580.078125,2.571264459361863,2.78774372786999,3.6529988488868046
1636,9585.9375,2.23967959156901,2.162693648046524,2.673144771675821
1637,9591.796875,0.9591893760660753,1.403737634844952,1.101264234693604
1638,9597.65625,0.7848167458067681,1.9565478962980984,1.9377304037091267
1639,9603.515625,1.5477275042306333,2.641527997783121,2.120312261715515
1640,9609.375,1.5212005362329992,2.9340037611131837,3.6045312485069183
1641,9615.234375,1.2292660500872155,2.738935813544131,2.237389660330688
1642,9621.09375,0.9305071092468331,1.991826836067164,1.3840486816602064
1643,9626.953125,1.3711117587535189,2.5406534696284213,1.800005112370841
1644,9632.8125,1.1208109145621024,2.992629765774101,1.9611145952253346
1645,9638.671875,1.7659684897508947,2.542446821905277,2.5203092502403694
1646,9644.53125,0.5250922118920603,0.765578293150157,1.136044847933961
1647,9650.390625,1.4706252860814122,2.271917528288833,1.5384107183422118
1648,9656.25,0.5163172513359328,1.0287166510423706,1.0975241703502956
1649,9662.109375,2.1106703046144824,2.612900813552016,3.049984379367579
1650,9667.96875,2.3655894200533223,3.316940409632493,3.5096444635921693
1651,9673.828125,4.155861311138285,4.379927941375371,7.658370764661919
1652,9679.6875,4.06874170168259,4.520531411606242,5.119908548472671
1653,9685.546875,2.399304925856409,3.7480575415787065,3.3973084842166474
1654,9691.40625,2.5221109297935236,3.6311877473524916,3.40129460158315
1655,9697.265625,4.58733966069679,3.8576362095658925,5.556116153506545
1656,9703.125,4.16578552141179,3.985238351383559,4.531792217349981
1657,9708.984375,2.2221809524147194,2.4854310244040843,3.331027768684869
1658,9714.84375,1.7807113827631948,2.025833180119851,3.537041910058428
1659,9720.703125,1.32733522388356,2.6254734347294804,2.4407290002840454
1660,9726.5625,2.072462525209108,3.0957331036875555,2.6841109958637612
1661,9732.421875,1.7836783186825829,3.4247895611489785,4.199987065452638
1662,9738.28125,1.4899882863816523,2.2937584382025973,3.2075341281799803
1663,9744.140625,2.0980604426348393,2.1370685007379935,5.138856260410268
1664,9750.0,2.2504229672944263,3.1065682147618343,3.8510689814954513
1665,9755.859375,2.8507792869508477,4.031910423518878,4.284900617201172
1666,9761.71875,3.8318123069942054,3.9704183702880975,4.319801019906016
1667,9767.578125,2.562267083302275,4.166878944388185,4.753741126845979
1668,9773.4375,2.5798012208340504,3.305646296990577,5.325296476008692
1669,9779.296875,2.620214537245866,2.265983269746724,3.5881109305957137
1670,9785.15625,2.0385596909217356,2.6023690223441616,3.776610430289986
1671,9791.015625,1.1902844965025163,2.7924843655937996,2.587482674244953
1672,9796.875,1.7484830450375013,5.116381062431657,4.15887367108653
1673,9802.734375,2.6092732658706796,3.8018190875277673,4.4466773961010055
1674,9808.59375,3.7171375664883977,4.379088237342298,3.310098216396613
1675,9814.453125,4.360808718251759,4.597813665842183,6.205281131860705
1676,9820.3125,5.029774846181824,3.3450473850719105,5.145727967198472
1677,9826.171875,4.54541672268748,3.176084138543458,6.134783134777937
1678,9832.03125,3.387155166150024,4.439498370035755,6.353009724120982
1679,9837.890625,2.2550328206439394,4.185055512447088,2.8058686920374463
1680,9843.75,2.558314826161831,2.9972058197763873,3.1771380097977016
1681,9849.609375,1.0702410046423017,1.2200768974739082,1.2743348660177356
1682,9855.46875,1.6687812134036248,2.0860731995830317,2.578377887494557
1683,9861.328125,1.9314405553686242,2.4286741900365345,3.9365420793452306
1684,9867.1875,1.2558103658285997,2.0893627885640864,3.082142309029978
1685,9873.046875,0.7092181996068189,1.2754292183571951,1.2693097082793632
1686,9878.90625,1.1908968344697235,1.8450850619128087,2.3209440095660767
1687,9884.765625,2.363350704128539,2.7207029765566286,3.576023178474893
1688,9890.625,2.4583758222234726,3.290653342725101,4.378741894539574
1689,9896.484375,2.623183893566533,3.299140218824924,5.316435563326119
1690,9902.34375,2.437080835038676,3.376096655752936,5.0823199781666215
1691,9908.203125,2.0653284653307606,4.862233662893454,4.401614408439904
1692,9914.0625,1.5658606005897049,2.5443203198897058,2.9345895722388824
1693,9919.921875,2.0121754348964704,2.6644387612304494,2.780965494609589
1694,9925.78125,0.8202882676928577,1.3911884162447703,1.2157355613493641
1695,9931.640625,3.0035505831007336,3.0662435809348487,2.798928051961296
1696,9937.5,3.216935838291882,4.14720715825857,3.6255471432096638
1697,9943.359375,1.7146183515996014,2.758342061421491,2.604224242803701
1698,9949.21875,2.0639436400105056,2.125540765826182,2.2345262923941807
1699,9955.078125,1.4217870098456886,2.0103248007279046,2.0954433988685315
1700,9960.9375,1.3786933923277878,2.733269333071517,2.0191824572464667
1701,9966.796875,1.207279357142937,2.1891958766575783,1.575247254162107
1702,9972.65625,1.1770195876226952,1.461521129583249,1.680210652167516
1703,9978.515625,1.7819313602096394,1.8821308078290298,3.966775911253693
1704,9984.375,2.479220009644828,2.5030252634088033,4.835095088537659
1705,9990.234375,1.8916126088085299,3.4616966399990785,4.229487645221149
1706,9996.09375,1.5040969467669683,2.6845918389078838,2.6006480631843534
1707,10001.953125,1.507999926321642,2.8733756578717995,2.9783695781123547
1708,10007.8125,1.7937736025734579,4.026999518480107,3.5876618633423587
1709,10013.671875,2.957604372012745,4.782763784843384,5.1039218089803455
1710,10019.53125,4.109777656927405,4.153798849370224,5.7097843410546085
1711,10025.390625,3.0462555525132458,3.571340943758594,4.525026281983642
1712,10031.25,1.266626478155781,2.6324156603983857,2.814434210020793
1713,10037.109375,2.075757902126878,3.7717032326245175,4.271818187319935
1714,10042.96875,3.275612758222385,3.910162086240777,5.233470583394348
1715,10048.828125,3.5053812163175215,2.62021742960825,4.071546936600203
1716,10054.6875,0.7634843336392816,1.0608272847119227,0.9503278653916999
1717,10060.546875,1.8908793420796066,2.8454397039219907,2.3125405329769864
1718,10066.40625,3.809584295739394,4.088028547765293,4.482798901280623
1719,10072.265625,4.011006780681221,3.633674307903876,6.174533477708163
1720,10078.125,3.4670619543505907,3.6115046332857057,6.062052529806589
1721,10083.984375,2.739018231477634,3.357595248006465,4.9399099945512965
1722,10089.84375,2.40048071187574,5.396443950074608,5.85340012448228
1723,10095.703125,1.8679077358823561,3.620661711710665,3.516495805933577
1724,10101.5625,0.9923207153611968,1.4927735941234936,1.2293732038667373
1725,10107.421875,1.3132179483596977,1.7540994693038803,1.9606140910704886
1726,10113.28125,1.0124351581304758,1.4403406108748829,1.6576334989251147
1727,10119.140625,0.4393443530756609,0.75,1.0953408286522424
1728,10125.0,1.3058666093646198,2.140274179425335,1.6579476573003398
1729,10130.859375,1.3522547535802267,2.0735957953525888,1.6746897980095645
1730,10136.71875,2.6188668326060185,3.7027560002080584,3.474604073540644
1731,10142.578125,3.0839548169615068,3.4626856476365955,3.365151565256356
1732,10148.4375,3.4986755796151736,4.498950530953072,4.7556823728024336
1733,10154.296875,4.344738967215675,4.229776684609225,4.611036448634712
1734,10160.15625,3.8335198604377445,3.020311743955518,3.91788335946655
1735,10166.015625,1.3130393629779917,2.593258678384725,2.503638767302588
1736,10171.875,0.6235879946280091,1.5121423903520723,1.6232126815453387
1737,10177.734375,0.750638762896853,1.666913528186154,1.4016846180437286
1738,10183.59375,1.1120195621891231,2.022208433153989,1.8545045623145362
1739,10189.453125,0.8013249267367436,1.8072337533876501,1.8175435574172993
1740,10195.3125,0.9186164919251111,1.5714078743677709,2.517384602322636
1741,10201.171875,0.2848491429162796,0.75,1.5000931797862997
1742,10207.03125,0.7175908431192053,2.0411887590249664,1.0380806502058646
1743,10212.890625,1.0423914333163933,2.591443671274384,1.6631767776167978
1744,10218.75,0.26255067611999994,0.75,1.300658475276043
1745,10224.609375,1.1906257274837353,1.3335623314251064,0.7695555453436088
1746,10230.46875,0.9709909789396707,1.2026277481550434,1.2309607918704217
1747,10236.328125,0.9927763495430262,1.9403852733609925,1.5259698072965597
1748,10242.1875,0.40869720997278103,0.75,1.4346799514291504
1749,10248.046875,2.4086761916300445,2.9593064904800084,3.658130720854581
1750,10253.90625,2.306346773572803,3.931395364186732,2.64633580927567
1751,10259.765625,0.9812894370480129,2.377860410602421,1.8117134743597172
1752,10265.625,2.99306811983177,3.0285563039777763,4.006736485267439
1753,10271.484375,3.6021559403565035,2.808575792386659,3.5937115110138773
1754,10277.34375,4.047275219602472,3.6199931252025515,6.511163212075791
1755,10283.203125,3.77050759384957,3.554313928874093,4.908522956452218
1756,10289.0625,2.6983274267752893,3.720903425838333,5.368191149627048
1757,10294.921875,1.2468984921636252,2.4229723115600947,3.6566752177052493
1758,10300.78125,0.7439092973475472,1.8212357683219762,1.187265947027708
1759,10306.640625,0.938779617136218,2.066329474693635,1.342373649474366
1760,10312.5,0.5864883463642366,1.153677734195815,1.3287535289925978
1761,10318.359375,1.2519225083935728,2.7114906949496693,2.5635429067964752
1762,10324.21875,1.7044063203360111,2.857799295885547,2.2954318538439007
1763,10330.078125,1.0523367291776642,1.559789476532051,2.118513421350064
1764,10335.9375,1.7342368109723605,1.9490493669459823,3.3472514009587417
1765,10341.796875,0.6346150732282748,0.9719486202971208,1.362334661724088
1766,10347.65625,0.6351025055445655,1.4730918171414316,1.6006957848417764
1767,10353.515625,0.4905649956398759,1.2518516619425704,1.8528435170555206
1768,10359.375,0.299190445056364,0.75,1.9791543000409146
1769,10365.234375,1.8114472936445476,3.1697005034090626,2.442847018609227
1770,10371.09375,2.8083471710014147,4.108997555780146,3.912530108689044
1771,10376.953125,2.7673072393811817,5.355737529041437,4.675759273822102
1772,10382.8125,1.1500811725219706,1.826211619134448,1.377253684125528
1773,10388.671875,2.440171665525566,2.5834978307734398,3.7169312020849166
1774,10394.53125,2.2473829311033926,2.713791911662315,3.567883579044007
1775,10400.390625,3.045397916413922,3.6421333035711094,3.358708704919015
1776,10406.25,3.0781682503489693,5.639691176382836,4.03536248902208
1777,10412.109375,3.3934120344430787,3.7979846582987267,5.222868312296173
1778,10417.96875,3.2016509433862175,4.155080070621985,4.575743778974021
1779,10423.828125,3.9395424393466247,5.74886044460419,5.474755048412953
1780,10429.6875,2.8202367343791446,4.861391890546516,3.878229825361216
1781,10435.546875,1.5778740694511955,4.120231590303859,3.4489933295840616
1782,10441.40625,1.1525021855441158,2.7627821211816945,2.758669417654465
1783,10447.265625,1.8688990131459333,3.622934714869567,4.192843799504986
1784,10453.125,1.6152101627324962,3.4761163325361455,2.7485255323763718
1785,10458.984375,2.3976708750002325,2.5605242813437155,2.25331729713349
1786,10464.84375,3.3423143723707813,3.190403982851336,6.501189061034995
1787,10470.703125,4.482225304731379,3.646783542749744,5.006501144387014
1788,10476.5625,3.930574022579388,4.1151140014764085,4.051365049722927
1789,10482.421875,2.0906317398882788,2.8451658011949603,2.4205157025621915
1790,10488.28125,1.0033562945248937,1.6539145803575979,1.3120412952406104
1791,10494.140625,1.2415309671282642,1.8643385416425242,1.4426248438674436
1792,10500.0,1.1145447341159431,1.5003000308910894,2.3745361449559765
1793,10505.859375,3.491922791013174,2.9065641403431832,5.266924587631173
1794,10511.71875,6.0340705228327645,3.134600850525004,7.853783223634792
1795,10517.578125,6.406421512028895,3.5529349199854257,5.803261977785562
1796,10523.4375,4.39484221655587,3.455506464747309,5.602871124562694
1797,10529.296875,3.7985928595214458,3.129053600616097,3.608916891385963
1798,10535.15625,5.086737992536601,3.901079662581311,5.833006576651827
1799,10541.015625,7.457756605203908,4.007814244953158,6.529137295698352
1800,10546.875,7.386631775618083,4.207803673500021,5.938747366339894
1801,10552.734375,6.039229869586704,4.587009477655158,7.677081183826965
1802,10558.59375,4.477998567853301,2.9918084652551027,4.515644608830888
1803,10564.453125,4.4826485060581405,3.937503163970058,7.671261271388951
1804,10570.3125,3.643060533756594,4.601367555831374,4.678537471902802
1805,10576.171875,3.9804506693156574,3.0550692491036426,5.718927172839256
1806,10582.03125,5.917394047740227,3.2453021303549017,5.686065534002836
1807,10587.890625,6.494628697066223,3.0647301876001984,5.798267585553264
1808,10593.75,4.7460413443130935,3.0449710202169875,4.551316350550761
1809,10599.609375,2.5000915417963228,3.0127021386520174,3.6987727976363125
1810,10605.46875,2.9219651741174095,2.8078043204748706,2.3489358894554244
1811,10611.328125,2.768408674258767,2.78319017488974,2.743344904285014
1812,10617.1875,4.491053378140786,2.9868799318041197,5.924207260546021
1813,10623.046875,5.236960907427286,2.7686857062628736,4.665618262810678
1814,10628.90625,4.231066630859934,3.4291550274338003,5.04072283005725
1815,10634.765625,4.723002200048135,3.4487402656081776,6.481321981106264
1816,10640.625,4.5186848365640495,3.5684909959244595,5.793938184173765
1817,10646.484375,3.413192175044338,3.124495375453256,4.861700840735579
1818,10652.34375,2.652741139783207,2.9567168935459707,3.9778043764163473
1819,10658.203125,1.6937848534249678,2.918439466814033,4.323882272361421
1820,10664.0625,1.7823793781841475,3.059294887470805,3.2476637390457856
1821,10669.921875,1.8870646059403637,2.805567181014366,2.927271587378043
1822,10675.78125,3.032295034809639,3.6025488347929393,4.846871804622077
1823,10681.640625,4.001950454467274,3.261095717208709,5.4314613698374465
1824,10687.5,5.714231183249643,3.285984871425905,7.976089131642959
1825,10693.359375,5.306210992600542,3.0576843155982196,5.467406964566771
1826,10699.21875,4.072556534816078,2.743099856481355,4.681996373527339
1827,10705.078125,1.402972045144388,3.416691617768254,3.019388811275111
1828,10710.9375,1.7507009892345726,4.22295676009143,3.1332641343114833
1829,10716.796875,1.6137827357512282,4.078157971058024,2.634698830875486
1830,10722.65625,0.9247691276481302,1.908167668384359,1.7633793618538756
1831,10728.515625,0.6525195504785138,1.3725345173675958,0.9073892525953567
1832,10734.375,0.7765540585236995,0.9287065799286665,1.615133590134948
1833,10740.234375,3.250945522063746,3.1799015077960475,4.434660642494575
1834,10746.09375,3.555280307624858,3.594827188207888,4.534739971552115
1835,10751.953125,2.8621392189832946,4.344459699845531,5.357936132125427
1836,10757.8125,3.3854287055840615,3.730334597155506,4.175746177226246
1837,10763.671875,3.5121818788391037,5.699820225656345,5.056640093830927
1838,10769.53125,3.8445380085134784,4.05090442284943,7.081581745020571
1839,10775.390625,3.8536349491628137,3.5304504547683067,4.285760763948418
1840,10781.25,1.8165185492410616,3.5955836614091865,3.7622256308724498
1841,10787.109375,1.1141537132901091,1.959643409172708,1.6318287730808763
1842,10792.96875,2.433880096549012,2.637352671145527,3.6725283491493057
1843,10798.828125,2.0539967509203176,2.327327733112721,4.039091325764327
1844,10804.6875,1.1797462874216735,2.2290972893142005,2.589917824056839
1845,10810.546875,1.697940192107078,2.8281181155123205,2.967876648478047
1846,10816.40625,2.2696837039375564,2.705412585284815,4.085705075989802
1847,10822.265625,1.780701238321248,2.4048670710565365,3.46307465290392
1848,10828.125,0.4786343741652892,0.8543515928504807,1.6317826940749565
1849,10833.984375,1.5176826890768806,3.780536286361481,2.7948359667547353
1850,10839.84375,3.6531159823473685,6.633224889225879,5.76651783472888
1851,10845.703125,3.405673378070647,4.766301432417002,5.393917084170164
1852,10851.5625,1.8373755687363746,3.4445238506643445,4.909694596051281
1853,10857.421875,0.738484991311584,1.9445461572738933,2.5020448125112824
1854,10863.28125,1.280584064012238,3.454015849559907,2.726652811648531
1855,10869.140625,1.7367938008021608,3.2535237390525573,4.0054240357153175
1856,10875.0,1.0838163116255626,1.6547423164949804,1.2772121405486694
1857,10880.859375,1.7827712796372972,2.6241809069770206,2.8149115560078704
1858,10886.71875,1.801098710128487,2.747646775691421,3.023718967476132
1859,10892.578125,1.0583885148549403,1.939175044008403,1.7754489214405906
1860,10898.4375,0.8892900978092425,2.365076578101336,1.1850285104097036
1861,10904.296875,1.0859384025913479,1.5415139623717353,2.464783975310542
1862,10910.15625,3.2796807431311406,3.136910636635805,5.562876547628049
1863,10916.015625,5.658842127238753,3.3562889672519702,6.754786749321555
1864,10921.875,4.746796303439527,3.5119107470590363,6.834434940129423
1865,10927.734375,3.0636441552692766,2.8128018088108124,4.283532172401901
1866,10933.59375,2.4003756637248856,4.42477778176039,3.4237667571601063
1867,10939.453125,3.0750472094326287,3.3019281760821544,4.72567533431058
1868,10945.3125,3.962745900420963,3.0617675836238583,6.32945827610829
1869,10951.171875,4.133668825899434,2.846486321729869,4.346947189530191
1870,10957.03125,4.237724687164253,3.2422142363582447,4.937148625015243
1871,10962.890625,2.5454681223587383,2.530881646284602,3.645641697193943
1872,10968.75,2.070852631153518,3.7478487095401736,3.991322783977654
1873,10974.609375,2.3283289725665073,4.712770720362713,3.2983073106261305
1874,10980.46875,1.8770302353709936,3.5627306995826373,4.429362126063236
1875,10986.328125,1.235458616235457,1.9315506632420796,2.9447749082196784
1876,10992.1875,2.5921767811753886,3.5177603230201724,5.688374647757765
1877,10998.046875,3.6078119587952466,3.93607843973611,5.156855968851547
1878,11003.90625,4.561050789904249,3.954632954070611,7.668510282816676
1879,11009.765625,4.716170952107795,4.080798751733387,5.044072950365873
1880,11015.625,4.675603099218379,4.379584473255261,4.239160584229128
1881,11021.484375,4.8725318077204065,4.053882329247272,3.9443195596159297
1882,11027.34375,3.967141094646834,3.4853692012927295,4.813926113815412
1883,11033.203125,4.154348737383731,2.960613558080533,4.0893909988888915
1884,11039.0625,3.105748061932743,3.4250164779909835,3.769233628968567
1885,11044.921875,4.022532784966563,3.6793380549504007,5.0027352247945505
1886,11050.78125,2.7994357923578925,3.5001577593552478,3.6911788246494672
1887,11056.640625,1.6386908054156777,4.692251163173899,3.260416277922753
1888,11062.5,1.839866411748254,3.745919944802248,3.812400033607389
1889,11068.359375,1.6105974918289332,2.9297349606310745,3.332725962873789
1890,11074.21875,0.4435975429842225,0.8610891348770194,0.8919279720683223
1891,11080.078125,1.7557848790917405,2.5592709205752833,2.4666090243404573
1892,11085.9375,1.6627089346559227,2.918322085280848,1.9499982838374825
1893,11091.796875,2.0994279264618974,3.272470671185051,3.1501163369511977
1894,11097.65625,1.6099151345924787,2.114852001863869,3.216033832156762
1895,11103.515625,1.6560384912005053,2.335102551814579,2.7670588474140514
1896,11109.375,3.496711836839273,3.5338293786526975,3.9898044576792957
1897,11115.234375,3.3123584479421675,3.5458542711115566,4.095007766612814
1898,11121.09375,2.89748967693549,4.975460719727321,5.4974416217944
1899,11126.953125,2.642875025554992,4.896254733781104,3.7825734553173214
1900,11132.8125,1.248221097205728,2.912299896042947,1.687371969135261
1901,11138.671875,1.9917509743852917,2.9544094851107054,3.116333183736932
1902,11144.53125,2.8621445831798047,4.518863311785038,4.111344656691147
1903,11150.390625,4.267467691735969,3.905938822140243,5.186485998978628
1904,11156.25,5.096020119467575,3.071895083005489,4.044994861346939
1905,11162.109375,4.193661106751982,3.7295388475217783,5.397376758923225
1906,11167.96875,3.6032143765873568,3.935765354083521,4.459451418067913
1907,11173.828125,2.756870679696302,3.3582254332606496,3.3009547150125855
1908,11179.6875,1.5077472041975983,2.682632503888033,2.9517711860370532
1909,11185.546875,2.0777005841276286,2.7091261140616343,2.6332443445797886
1910,11191.40625,2.839327875411706,2.7530821362818356,3.561091946058364
1911,11197.265625,2.6272691750534456,3.236964890863493,3.6580572685769055
1912,11203.125,1.9688557122456898,3.8634374779561766,3.5898859473255778
1913,11208.984375,2.1473826233007403,5.643308884659443,4.623580760835482
1914,11214.84375,1.631459974127703,3.3812327309774557,3.950754276249837
1915,11220.703125,0.44015524423830354,0.75,0.9910822426074725
1916,11226.5625,2.2015811260088647,3.1043259611157907,4.039074858342693
1917,11232.421875,3.2202325472834548,3.8662758829586332,5.507788879716836
1918,11238.28125,3.3461194240142307,3.9080622396735034,6.59176937296792
1919,11244.140625,2.876593005394934,4.629558075515273,5.061323774994288
1920,11250.0,2.079631030357441,3.882671406452563,2.7320345425639454
1921,11255.859375,2.1401842975353187,5.413530687013629,3.376744078484477
1922,11261.71875,2.481814507569409,3.0404080319921456,3.955999575929256
1923,11267.578125,2.871302575845954,3.0413474095077184,4.84098459920776
1924,11273.4375,1.935853482318492,2.5426064091158387,4.440009825252908
1925,11279.296875,1.7115622883726176,2.960683167164981,4.5616137775493355
1926,11285.15625,2.44551660134577,3.2503898537502414,5.186917367146683
1927,11291.015625,3.4948176227202805,2.8253696720327173,4.938666673930222
1928,11296.875,2.9258392489358145,2.542304129095957,5.054975685371727
1929,11302.734375,1.390641173416239,2.1152819434360928,2.4419773820598967
1930,11308.59375,3.146410640487082,3.9225235108140892,5.456163198047088
1931,11314.453125,3.3497867199342726,3.335565925045647,4.976192462077556
1932,11320.3125,3.896041596913685,3.0586817831887014,4.82177764703239
1933,11326.171875,3.6799496062505965,2.7824534572332897,5.73676910448403
1934,11332.03125,3.0427355865969834,4.052117351063584,5.198511507140201
1935,11337.890625,4.4102040691096756,2.9280173632370388,6.221752753846781
1936,11343.75,5.210659548229107,3.0703445980108075,5.448323409927014
1937,11349.609375,4.143522051580566,3.6449517368750257,5.460297271188891
1938,11355.46875,4.18783576332415,3.6819771944691375,8.437237019271171
1939,11361.328125,4.107655221035015,4.104199996051811,5.801533022969773
1940,11367.1875,3.263507147599957,3.7080457100181494,4.866083577050012
1941,11373.046875,1.3351541836042786,2.3924029004622853,2.3039458898862426
1942,11378.90625,2.043850273677448,3.2227141849762333,2.969903843650648
1943,11384.765625,4.184151229584093,3.215653357270798,4.756909593240219
1944,11390.625,3.8912107285314463,3.026033639979759,4.399632454069921
1945,11396.484375,4.915844718115101,3.316139323944915,5.331438013405312
1946,11402.34375,4.898220549048758,3.147413459950866,4.643350441827513
1947,11408.203125,3.968865335641633,3.916151475338016,5.436991881218791
1948,11414.0625,2.86460260891651,2.977608848343208,4.252867515632906
1949,11419.921875,1.99552443523464,2.469799114677021,3.7030838100901367
1950,11425.78125,1.819499323516305,3.626597276159986,3.141491854426705
1951,11431.640625,2.5175588618742886,2.338972058814253,2.925544139997544
1952,11437.5,4.147414463584878,4.301742592902439,6.201963988857491
1953,11443.359375,4.10855309521862,3.6973789133172303,4.010227977842528
1954,11449.21875,2.3645066936945422,2.9142560866714455,3.204734691568257
1955,11455.078125,2.7166913750638466,2.4766905070274188,4.287649702685761
1956,11460.9375,2.6692808922047067,2.8053920597524624,3.2488723712143197
1957,11466.796875,4.397348549065402,4.418549123893438,4.787909368070975
1958,11472.65625,5.915676009093382,3.291634557194172,7.594070493753414
1959,11478.515625,5.88135144064575,2.9257604732164175,5.51208890161564
1960,11484.375,3.214902321843828,2.701806103437311,3.1692716385005153
1961,11490.234375,2.530787118415861,2.5874445633900036,4.6021408623580395
1962,11496.09375,3.0228475169108986,4.5662043932212475,4.957626386601563
1963,11501.953125,3.753106532309106,3.4470569137428955,4.158996169442289
1964,11507.8125,2.870020445976699,3.1333782485153128,3.479964078993583
1965,11513.671875,4.586634766173101,3.7969906263801416,4.123208549983699
1966,11519.53125,5.676653170104442,3.46600282108688,6.0554379062641095
1967,11525.390625,5.056119739242732,3.1006177197057143,6.104837407810993
1968,11531.25,5.441751535127604,4.002876639899805,5.1707058688648475
1969,11537.109375,3.6535865015967457,3.383072673990104,4.451296476424145
1970,11542.96875,2.981657410635587,3.648554364244771,4.155258765342379
1971,11548.828125,4.208728058950614,2.997589837952517,4.59034035379573
1972,11554.6875,2.868163075161033,3.6308055423965575,4.361584222741806
1973,11560.546875,1.3680916790251507,1.8722299245743828,2.212090081757953
1974,11566.40625,3.2880197273004153,2.7436751301290676,4.885389491993689
1975,11572.265625,3.605297454657671,4.27596320062724,3.579733469145891
1976,11578.125,3.881259318890202,2.772774439283758,5.480747930308969
1977,11583.984375,4.051417016864437,3.0386137413470973,6.466982758839228
1978,11589.84375,1.9767097152164945,3.3791995449149073,2.778529071443467
1979,11595.703125,1.8967212007488334,2.6126684932827993,3.142981591425542
1980,11601.5625,2.4578943106880047,2.608261201431283,3.769187881913621
1981,11607.421875,2.139094305981174,2.7650959707295204,4.22704776823958
1982,11613.28125,2.2238526632167868,2.350088967276495,3.233176823545665
1983,11619.140625,2.6832885370579,3.1302181053896065,5.091955033377921
1984,11625.0,2.558044080314356,2.3909481820085343,3.9507311769265927
1985,11630.859375,3.2471240624167783,2.905835416804041,4.61215128811474
1986,11636.71875,2.6325720763703266,3.64095769581321,3.6723343208877095
1987,11642.578125,1.8690347374805019,2.8821533321562605,3.210149670787694
1988,11648.4375,2.6783002716315645,3.1999014946828215,4.684512886205759
1989,11654.296875,3.336077089548282,2.973149596212432,5.597883233737651
1990,11660.15625,2.97206954154106,2.55497683883379,4.552170822571551
1991,11666.015625,2.9559404033527703,3.4840216405356554,6.419201786378972
1992,11671.875,2.926569048475838,3.1750202199061235,3.410191128751843
1993,11677.734375,3.461393821308303,2.8761865937061675,4.867047449829162
1994,11683.59375,2.3755282125920534,2.207848148636782,3.459199415495959
1995,11689.453125,1.281042593191371,1.7798219451335675,1.9179367578532036
1996,11695.3125,1.8939229721004014,3.2550925404738518,3.2232119705689213
1997,11701.171875,2.604925975596316,2.8512501620078456,2.7795323402536587
1998,11707.03125,1.6993506167154488,2.6655307200410148,2.6545744962654747
1999,11712.890625,0.6115771694909505,0.8423933662251488,1.1514837461387688
2000,11718.75,0.7749540583215051,1.1641245883714781,1.1808919696308169
2001,11724.609375,0.638046902010515,1.7699105931498016,1.3885504191336844
2002,11730.46875,2.0378854715079395,6.148883730468793,4.37165817076292
2003,11736.328125,2.869455217705227,5.182097598445907,4.832289544812127
2004,11742.1875,2.631282210865821,3.617315416895405,3.1450496548731723
2005,11748.046875,2.034320459877967,3.873139445780919,3.237153822076172
2006,11753.90625,2.8977158527812636,3.061253051142378,3.772132350840681
2007,11759.765625,2.221756084914293,3.1633839276224065,4.215218644410414
2008,11765.625,1.3025106617554625,2.6132758141457044,2.5887055200843245
2009,11771.484375,0.910691090227951,1.4486063376395926,2.4218529829525735
2010,11777.34375,0.6689371600745276,1.2366704708363039,1.4384133786758357
2011,11783.203125,1.8832716216763534,3.1989057571909387,3.830009854441717
2012,11789.0625,2.8191651469807235,3.7110302313080687,3.9503335626050227
2013,11794.921875,2.3121216234560085,3.294905695130282,4.453730329122765
2014,11800.78125,2.1243034460289194,3.522312557089779,3.3945413335483368
2015,11806.640625,2.9469189812751364,3.0210258677950295,4.4572344376854085
2016,11812.5,4.022143666935715,3.572318392610333,4.932752485998825
2017,11818.359375,4.197248736979095,2.6843544498445246,3.7313823943358866
2018,11824.21875,3.0021326151415577,2.784233806144061,3.0016193839277587
2019,11830.078125,4.298962360823071,3.307628169778938,3.843970256300019
2020,11835.9375,4.065770920128238,2.9044425199656114,4.2155476961740375
2021,11841.796875,2.155525036961869,3.016231168704503,3.1019596216752743
2022,11847.65625,1.566645754442737,2.4986855585141794,1.8728518346897371
2023,11853.515625,0.23585558220364217,0.75,1.6574647407193672
2024,11859.375,2.1703959006346434,2.356632456050001,3.8015682592156743
2025,11865.234375,1.8633969225399334,3.77160773107766,2.6071372112216626
2026,11871.09375,1.9435045448702153,3.042571327833694,3.1347392001919436
2027,11876.953125,1.8143783062523025,3.640601611468821,3.5892821651307627
2028,11882.8125,0.6634447331659826,1.201569891668566,1.0022190292183408
2029,11888.671875,2.709040514649535,2.235773306561896,3.8175646179378826
2030,11894.53125,3.0173742837491973,2.8871029467891915,3.7183784397399346
2031,11900.390625,2.346785892925369,3.3317919660607016,3.4664390035879102
2032,11906.25,3.0303974820278707,2.857311914739122,3.8366169631240004
2033,11912.109375,2.491394714305436,2.807933901442079,2.861535454911776
2034,11917.96875,3.7248450663284403,3.499365420372089,4.301403024325984
2035,11923.828125,2.976121813875911,3.0187222982232105,5.055737043526507
2036,11929.6875,1.5535924746362895,2.6281126363562533,3.3018703727603733
2037,11935.546875,1.8937880396585158,2.872699534426863,3.3048025988292316
2038,11941.40625,2.0186242193270187,2.8474237340295763,3.7174565875920003
2039,11947.265625,1.4114248906953228,2.503465720115565,2.5437068739607422
2040,11953.125,1.683948817341049,3.834591997515177,3.2172623905300854
2041,11958.984375,2.1823175025438717,3.553842781342251,4.570546960918742
2042,11964.84375,2.4295354355337015,3.1508043605424456,4.735671020363145
2043,11970.703125,2.4416129574428806,2.7619843156917403,3.767089183608564
2044,11976.5625,1.9170541851808003,2.628790562018206,4.891642355336341
2045,11982.421875,1.5355053974246176,3.9113395742856607,2.5022187562815033
2046,11988.28125,2.757527872219118,3.7206783309028904,4.6451045065612595
2047,11994.140625,4.163303633821781,3.23889975555975,5.509857272771082
2048,12000.0,3.8992515090435016,3.218460779694211,5.845939748204213
2049,12005.859375,4.631868713338243,4.046792752954154,8.547215423674704
2050,12011.71875,5.159667265323625,3.2779678653972004,5.460713925865299
2051,12017.578125,3.85827675512577,3.3572349955026235,4.748225304888005
2052,12023.4375,1.5687390922150188,1.7615552839369002,2.3454631226688774
2053,12029.296875,1.2567048836397705,3.0082503305000516,1.444336901425489
2054,12035.15625,1.7486167641909818,2.4765452364890574,1.7105817114969886
2055,12041.015625,1.6020573427491769,2.8036784236393304,1.9715031457225487
2056,12046.875,2.3717841247666205,2.8852486920347795,2.7676012225995272
2057,12052.734375,2.601636694421565,2.9272609687858315,4.3564345471000765
2058,12058.59375,3.2863401187329218,2.858779890417776,4.468369165717959
2059,12064.453125,2.5340500671238266,2.4085213747144145,4.129791512911237
2060,12070.3125,2.3451920827432593,2.4698823209035496,3.713305144441635
2061,12076.171875,1.878531584380181,2.1320543969703474,3.5136108705279048
2062,12082.03125,2.016171787262073,2.411125723027836,2.427775478033566
2063,12087.890625,1.513090277941949,2.2147055021993154,1.9874852300500623
2064,12093.75,2.321590281029715,3.100271389915422,4.338583742474825
2065,12099.609375,2.0920879084717496,3.153980099362693,4.632482678606824
2066,12105.46875,1.9048544839868433,3.9954260804528614,4.309409860798532
2067,12111.328125,1.2197160515810281,2.0151708762066507,2.0610455599204887
2068,12117.1875,0.8827635091928617,2.0750729320927546,1.3530624306331687
2069,12123.046875,1.5872530146750654,2.744544667214565,2.421176330742352
2070,12128.90625,1.5783715720797347,2.263562968765337,3.3753317807524312
2071,12134.765625,1.4054606748500151,2.7635137906724556,2.700465299662814
2072,12140.625,1.6930669942724392,3.0432472963447093,2.083347884724709
2073,12146.484375,0.4793229839866927,1.1311789892203585,0.8488210010363768
2074,12152.34375,1.9206069119456888,2.6512061937026283,2.4293366808607924
2075,12158.203125,3.058277723503681,3.540316236565256,4.370152898150875
2076,12164.0625,2.151782634161482,3.2954489876588884,2.3307818163429457
2077,12169.921875,0.8793858855691437,1.2588569187321934,1.549759250285097
2078,12175.78125,2.463523688728245,2.6828702394436994,2.7754425894105896
2079,12181.640625,2.2636319098739657,2.0237695867444905,2.904076555286897
2080,12187.5,1.3581367068148782,1.4353623285869817,1.3973386090456552
2081,12193.359375,0.8651400475376008,1.11061398190955,0.7916441611503636
2082,12199.21875,0.6037313034405187,1.324916232077916,1.1844786477932845
2083,12205.078125,0.4322414249948939,0.8295452185004688,0.9753407423513639
2084,12210.9375,1.210495233049245,2.225573510702252,2.917957103002793
2085,12216.796875,1.5699631797883609,2.5185620997256484,2.770243203306356
2086,12222.65625,1.4741371495657063,2.3836260090087533,3.1086802544227705
2087,12228.515625,1.0817853515616824,2.902181445698094,2.06289091363498
2088,12234.375,1.3735670008696796,3.1627689956445377,2.6525738675670296
2089,12240.234375,1.6606502638840797,2.0543390423719554,2.1806104955258325
2090,12246.09375,2.0628144220925613,2.0539908273257925,1.9430029944157656
2091,12251.953125,1.8434999248142476,2.101186013648492,1.9553351419901668
2092,12257.8125,3.511443564822096,3.0467665321524575,5.355548866786299
2093,12263.671875,3.4187136107682745,2.505867371696093,5.399178887307234
2094,12269.53125,2.026321331914094,1.872735468311999,2.71009887330213
2095,12275.390625,0.33113002548689924,0.7662808313251551,1.033642277332141
2096,12281.25,0.8328576460880515,1.8625424583916814,1.0111726182028655
2097,12287.109375,1.7929570130295758,3.0000769634887847,2.8387029842067255
2098,12292.96875,1.5840155364821142,3.005883581804989,2.6985455680771566
2099,12298.828125,1.0839505055515297,1.7789406461366473,2.447704434002307
2100,12304.6875,2.0368133385888205,2.369578152718269,3.6604457130010055
2101,12310.546875,2.3233848413226967,2.701334380823486,5.384640208703561
2102,12316.40625,2.2162890230241574,3.3066455469675677,4.383261596852026
2103,12322.265625,2.218152116502479,2.226938016434759,4.518956303754033
2104,12328.125,2.5933416937727154,2.279048560712559,5.796183686048816
2105,12333.984375,2.1299981181152132,3.132495815849359,3.8960822925634013
2106,12339.84375,1.7537059481866364,3.3438303137255856,2.6498289701585165
2107,12345.703125,1.6508917142998338,1.8400838890703977,1.6699210963608688
2108,12351.5625,3.4918772166251197,2.3922196104973796,4.350300778141979
2109,12357.421875,1.8494682297382032,1.997917022069017,3.0404975732840667
2110,12363.28125,0.39323603311024435,0.902384965494095,1.0382422885176372
2111,12369.140625,1.823919351288422,3.2797755057532783,3.1401836633459674
2112,12375.0,3.09825281687005,4.693791091178374,4.839201754714247
2113,12380.859375,3.4170653547536625,4.012017239482667,4.047571977972731
2114,12386.71875,3.8910036372883954,3.4733753329024952,3.757279479818732
2115,12392.578125,3.0649250198440328,2.6550734861330962,4.417284731220017
2116,12398.4375,3.0528120045107965,2.5659505980437065,5.390152657629724
2117,12404.296875,3.856285276941434,2.861887430071754,6.600044063272759
2118,12410.15625,4.704863249585623,3.0671975201270643,7.210426472611396
2119,12416.015625,3.8765831764137055,2.492249674736537,4.845853591429098
2120,12421.875,2.7257974510042082,2.708160400138624,3.9484407703983493
2121,12427.734375,0.35860243058759367,0.770590318496738,0.7669620938234049
2122,12433.59375,1.8081129118887855,2.893379174056407,3.058259361098874
2123,12439.453125,2.485075320114642,3.3876608799545025,3.5203398020066854
2124,12445.3125,1.3416188142537748,1.8614795049473782,1.5455249625202852
2125,12451.171875,2.223529006610777,2.332916848933069,2.435753995398723
2126,12457.03125,1.5825027518080728,3.444204668418263,4.1254716231132695
2127,12462.890625,1.7969932380196172,2.55892380060648,2.6318615327702863
2128,12468.75,2.8580007691783127,2.866386948426129,4.820363178877893
2129,12474.609375,1.9708336577980399,2.1767826477675745,3.672375637909306
2130,12480.46875,1.727813489211816,2.310621817389257,4.7742367438977
2131,12486.328125,1.8130900172981113,3.04294952535972,2.726125042612438
2132,12492.1875,2.2815763556018003,3.1161710679960297,3.026621581542124
2133,12498.046875,0.8237235646637271,1.1911502780425727,1.177980180470466
2134,12503.90625,0.8226082415901348,1.6451821180852013,1.2779083225195171
2135,12509.765625,1.4453205366184025,5.1902936796550625,3.7496496857402075
2136,12515.625,2.2472916326776278,3.975600120085563,4.450557579430034
2137,12521.484375,2.4549219400118454,3.1099409113544185,3.9044626554638895
2138,12527.34375,1.522655465677285,2.9713166247888503,2.3879119011314294
2139,12533.203125,0.8725873536616372,1.2916266086814496,1.268780497283689
2140,12539.0625,1.3620290349581652,1.8948859500395108,2.2961855759285617
2141,12544.921875,2.3569174174210756,2.376388238288098,4.322030493907916
2142,12550.78125,2.362952463359048,2.303540865022198,4.128019894416936
2143,12556.640625,1.165889333755769,1.434377511120379,2.9381947849378216
2144,12562.5,1.4155745843306116,1.7809341417334599,3.76628156367161
2145,12568.359375,1.4965505734224087,2.7302506290176063,3.2429031263197974
2146,12574.21875,1.7093308200441306,2.923416093985659,3.5171460445837672
2147,12580.078125,1.7027830870105058,2.703793822539106,2.4538147568090505
2148,12585.9375,2.663878455587633,3.2956768866122887,3.435797576020129
2149,12591.796875,1.7319524725122428,2.7374973726212546,2.742078532575896
2150,12597.65625,1.3248963963734735,2.270790986069459,2.4947559939328228
2151,12603.515625,1.6541976953602673,2.843695003870949,4.089080313695569
2152,12609.375,2.3131266539893516,3.00169054063163,3.9436280347216357
2153,12615.234375,2.1911185067046004,2.3987135098137626,3.8135319565001176
2154,12621.09375,0.6063011749380797,1.0807711876744313,1.3373654545106428
2155,12626.953125,1.9868851657155984,1.9587800262046686,3.092412103539925
2156,12632.8125,3.4184966329499242,2.5230358593746205,5.425336045190135
2157,12638.671875,3.597697393381195,2.681282464947328,4.796394809007591
2158,12644.53125,4.347857177940333,2.9280677815542226,5.954542780785406
2159,12650.390625,4.224104912498348,3.3192276421965534,6.835280142444113
2160,12656.25,4.3051302788127295,2.9033842688323337,6.347629905090247
2161,12662.109375,3.5879955368979837,2.2095589633351262,5.739243199055587
2162,12667.96875,2.4329421055240417,1.7483386275843094,5.376717696659106
2163,12673.828125,0.36809041280933913,0.75,1.3610403940777505
2164,12679.6875,2.21116142272036,3.753787010458027,5.038729424165683
2165,12685.546875,2.902618123704465,2.4805156790793044,3.6205445162472425
2166,12691.40625,1.993396253393765,3.4799212497877106,3.170270984236973
2167,12697.265625,1.8010531710872177,3.692853374542969,2.6010795389655232
2168,12703.125,0.58548884800715,1.5912841100354551,1.5427618598311337
2169,12708.984375,1.8703993171131874,2.5210210479643105,3.2023278813702767
2170,12714.84375,3.521301417373791,2.90186677624267,3.8101846478105124
2171,12720.703125,2.7626760425595434,2.003730508231677,4.223941051413227
2172,12726.5625,4.928281186824261,2.574494470859399,5.352408214449494
2173,12732.421875,6.2523089025451535,2.6880761652784244,5.573596975389732
2174,12738.28125,5.733251604973469,2.4779579304484614,5.221289031376971
2175,12744.140625,5.56532105812505,2.720922721619181,6.238670342340862
2176,12750.0,4.373109601485161,2.486557885320872,5.605326222890684
2177,12755.859375,5.555287220000393,2.643534001627151,6.388807645977146
2178,12761.71875,5.311120143773234,2.994298443195767,8.193244608349083
2179,12767.578125,4.211603151662696,3.441512953074241,7.427339769415359
2180,12773.4375,3.655644492716099,3.720975151085061,5.200890753915049
2181,12779.296875,3.327989656853856,2.236784044244844,4.5345920627091365
2182,12785.15625,3.268923832863605,2.615848794389432,3.214985522067463
2183,12791.015625,0.8037853974548331,1.518884060480142,1.2117461994950838
2184,12796.875,1.0053905255588047,1.606953122590551,1.9794925139586719
2185,12802.734375,2.3959998114701357,2.677537178313477,4.438061048549955
2186,12808.59375,3.0683868414742563,2.7036835626969236,4.783269014154553
2187,12814.453125,2.6726805700679135,2.2049697421014094,4.230712418448507
2188,12820.3125,1.4345691308006099,2.2446018525968583,1.9982790642991084
2189,12826.171875,2.5896517135487223,2.014150077319144,4.393406777344817
2190,12832.03125,2.9831707542728494,2.986222917378845,3.8121209968170393
2191,12837.890625,1.6085216788725238,2.4441932349588202,3.351587724353898
2192,12843.75,1.293434621469134,3.097072469787814,2.0386718240271016
2193,12849.609375,1.0897773019581267,2.9554066118832516,1.8588551200294563
2194,12855.46875,2.1543864121889267,2.541100585908003,3.2869854430377887
2195,12861.328125,3.4173484173785935,3.762105098237758,5.406384864837546
2196,12867.1875,4.516033091358079,3.1927662981175002,5.916332038722449
2197,12873.046875,4.229210956695386,2.21895633480881,6.185457927591078
2198,12878.90625,3.5214490067405833,1.9251178896662435,4.377965917812469
2199,12884.765625,1.9519631049963513,2.3600723288477248,2.9721053048105093
2200,12890.625,1.8150862082845416,1.9016564021491988,2.111322421595183
2201,12896.484375,2.1323237425711907,2.1923354142143063,2.5696793838380274
2202,12902.34375,1.7781860931040832,2.115536435045829,1.7088150036253729
2203,12908.203125,0.7060641967904343,1.25425727874285,1.2547578631059118
2204,12914.0625,0.3621346390264059,0.75,1.026371068665154
2205,12919.921875,0.2201140922301732,0.75,2.8109791296926
2206,12925.78125,0.3477319680488234,0.8409989667087845,1.2439277222561584
2207,12931.640625,0.8625563847601294,1.5481126657289628,1.6410089331657978
2208,12937.5,2.420718447823004,2.690162454512438,4.335011437632972
2209,12943.359375,3.945177090603418,2.9370869700431186,5.723335452114128
2210,12949.21875,3.8355737816918603,2.779351204505159,4.690990248860757
2211,12955.078125,2.3150714953027,3.0063873658052995,3.0239367831206847
2212,12960.9375,1.9665595014085027,2.9769736295396374,2.710304128125514
2213,12966.796875,1.3323863051246911,1.671992408088312,1.30445413370557
2214,12972.65625,2.2885980992135044,2.3027699688731653,2.9173646099780277
2215,12978.515625,2.3955373289369386,2.2913017408367518,3.3034435283453987
2216,12984.375,3.0209465411946503,2.386950905631026,4.275881757501746
2217,12990.234375,3.3356456301265105,2.55055528032676,5.436922065632116
2218,12996.09375,2.0296586933333938,2.5434419497332974,1.5273239560358123
2219,13001.953125,2.3052500464052295,1.69602970169076,3.489791114716007
2220,13007.8125,3.037685172033165,2.2353709742731387,4.551688278961528
2221,13013.671875,2.2363057702643356,3.239680551005513,2.2026969344416947
2222,13019.53125,4.255680147810468,2.6212417538361157,4.151756180083561
2223,13025.390625,5.718080282799367,2.35896754501606,5.159309965203261
2224,13031.25,5.931392155713459,2.8185868721045995,6.788857249823311
2225,13037.109375,5.070138926768508,2.6004684017276403,4.28274895525449
2226,13042.96875,4.036625957589312,2.1466622690731576,3.6757310204886635
2227,13048.828125,6.456398562648536,2.6541676027902064,4.532798948373094
2228,13054.6875,7.142580157061205,2.992209813565187,5.055095495105971
2229,13060.546875,5.5417864964134855,2.5961230614922535,4.7119060847517655
2230,13066.40625,7.209300257075656,2.4763802445923595,5.186046952054416
2231,13072.265625,8.820126164996866,2.3309425733523668,5.611893558773093
2232,13078.125,6.577941919571498,2.2530607433688257,4.343234774706176
2233,13083.984375,6.087116234785606,2.476155154815484,4.261253755431394
2234,13089.84375,8.161382352879953,2.9729865339022985,5.823781030069928
2235,13095.703125,7.191632010366875,2.751833667351169,5.333489647885522
2236,13101.5625,4.877157374487911,2.3733416288356812,6.427542176816741
2237,13107.421875,2.6513541567041345,1.9900357558103046,3.6323276293543048
2238,13113.28125,4.137093851229085,3.5224027948337326,3.7318773778440555
2239,13119.140625,6.741836354160522,3.850920537447146,5.636406045032261
2240,13125.0,7.005282913588028,3.1013583759861025,7.599339740329114
2241,13130.859375,5.590780918924058,3.4533028230709624,7.3821787231486455
2242,13136.71875,4.46075438021469,2.747903330641524,5.556243888203692
2243,13142.578125,2.784785703349811,3.9473534071587677,5.907808807156853
2244,13148.4375,4.04914611914469,3.0245330901591903,4.840781871179025
2245,13154.296875,4.126478472828181,3.4533780022615908,4.88750764195902
2246,13160.15625,3.8046992114630727,2.672704421252737,4.634357891807116
2247,13166.015625,5.094858396364871,2.7264896507634004,6.390213071929229
2248,13171.875,5.070268844880613,2.97392710694683,6.530417386409464
2249,13177.734375,3.2553157594020736,3.57115787323604,4.952432397021111
2250,13183.59375,2.742662046872911,3.6163969245759064,3.849305929106934
2251,13189.453125,3.9379663471073063,2.6186971401454784,5.443703661601234
2252,13195.3125,6.187410803167132,2.835219012792801,6.462848221344644
2253,13201.171875,6.553504671358723,2.8073750933631305,4.441668395931711
2254,13207.03125,6.8693770874125955,3.1654262469374315,5.200797967976228
2255,13212.890625,6.317287274819606,2.694209370400559,4.983218680774307
2256,13218.75,2.014911709239051,2.066488330058055,1.7942084995612924
2257,13224.609375,3.771687342520872,3.0520186315799194,4.164058601695815
2258,13230.46875,4.345194426836695,2.5916754926528505,5.452078062195777
2259,13236.328125,4.483553284613532,3.0347132396509107,4.18233656121595
2260,13242.1875,4.638920055130308,2.551152654143381,5.005387537315423
2261,13248.046875,6.500518602186496,2.9610867099621654,6.598004855300806
2262,13253.90625,7.183445001421117,2.661214119669016,4.551943145929914
2263,13259.765625,6.105652057562221,3.1783558894015966,4.575942885485423
2264,13265.625,5.61849362930448,2.6750710268931237,5.643335786030472
2265,13271.484375,2.6253732092039255,2.735940401021768,3.347474400669603
2266,13277.34375,3.400368265044587,2.598685151808226,3.6433179911170908
2267,13283.203125,4.710294307132625,2.7552313815682523,5.38770972168064
2268,13289.0625,4.102943548425206,2.175544842465958,4.408013668015948
2269,13294.921875,2.7634501848794946,1.8360070438793157,3.474229228906592
2270,13300.78125,0.6090949341243719,0.9220366826799042,1.071536531581669
2271,13306.640625,0.8329079232841813,1.2370378343689703,1.1476841448256814
2272,13312.5,2.0026698945549604,2.5857848905766447,2.520748486823293
2273,13318.359375,2.8514878441008307,3.227906801878881,4.063093071804829
2274,13324.21875,2.5530553687592628,3.290147536085592,2.936151905308804
2275,13330.078125,2.780513648073821,2.42644082352999,2.4272494429534266
2276,13335.9375,1.6078003617928247,2.557527857764863,2.0992683073084484
2277,13341.796875,1.0964898636839493,2.0521673108111087,1.947587188433479
2278,13347.65625,1.019256169215543,1.8533814703618936,1.6526472353976585
2279,13353.515625,0.866996119317113,1.2167388018210086,1.4656720577315197
2280,13359.375,2.010666241584821,2.419547324944957,2.766998251083052
2281,13365.234375,1.28225988010056,1.6240543401171812,2.145362505201833
2282,13371.09375,1.771535675281138,1.8028882896610527,3.3329003240451125
2283,13376.953125,2.83563045323036,2.0578945968956877,4.279974825270381
2284,13382.8125,3.0093698961219135,2.6559587896224044,5.187987955976878
2285,13388.671875,2.3252657889190473,2.411533529661713,3.5197206060676915
2286,13394.53125,2.395941881009929,1.9549911806526636,4.708873076088203
2287,13400.390625,3.0395981460712953,2.336356502582218,6.786122251177028
2288,13406.25,3.6295648727264167,2.2881009444231744,4.7059088219647816
2289,13412.109375,4.297886623475132,2.795918234860263,5.9879204913521225
2290,13417.96875,5.0381268095430976,2.3135607253966026,6.370844786500075
2291,13423.828125,4.280910512206058,2.0131388057447923,5.180030182341326
2292,13429.6875,3.908492137812,2.1402150073276314,4.442540471280319
2293,13435.546875,2.8447032962027388,1.607724060810503,2.6167072046566138
2294,13441.40625,3.42718250765641,1.681676874878959,3.3640063660165467
2295,13447.265625,1.901161121266255,1.2001322389871734,2.336079575400433
2296,13453.125,0.774661775507679,1.0591982959787734,1.0930722123529135
2297,13458.984375,2.6770517163409866,3.151212801188959,4.006804756556297
2298,13464.84375,2.8038429849717916,2.5261647726915233,2.7096133493052332
2299,13470.703125,2.5385731147514963,2.4616629438134883,2.158900357714671
2300,13476.5625,5.993323761824798,3.0796088411814715,4.03841339296342
2301,13482.421875,7.15875779012549,2.8288520944005686,5.404603533137212
2302,13488.28125,6.44365774229115,2.635657360065629,6.427000973112904
2303,13494.140625,4.358536736401798,2.612862830042581,5.8495215313591755
2304,13500.0,1.1383628628902318,1.9493522349253225,2.820721832742815
2305,13505.859375,2.2085589935961205,2.0546090283251903,2.0156400531679726
2306,13511.71875,3.836106091969448,2.3274187823142416,2.931702115551384
2307,13517.578125,3.0848661024998707,2.611044042550829,3.633854703427247
2308,13523.4375,3.983128985012327,3.575325487344074,4.427972233894972
2309,13529.296875,3.5879913255024256,3.329060980463944,4.139801729464082
2310,13535.15625,3.146067364366912,2.1525342424479805,3.804686730526454
2311,13541.015625,4.098709719373294,2.4413495592457375,4.298117045901398
2312,13546.875,2.6362688469728472,2.247818682232454,2.7234603402192668
2313,13552.734375,3.1582253702573735,3.429699301797946,3.0558255360635584
2314,13558.59375,2.884743272087066,3.5386391194205657,3.7899455608494512
2315,13564.453125,2.7647853518237677,2.731052292418857,4.178273864522875
2316,13570.3125,2.0513990840769463,1.7269266198284137,3.859845865344663
2317,13576.171875,3.0500307022628887,2.150975040635796,4.633435202433723
2318,13582.03125,3.4443904015129827,2.522006314906281,4.800326562021928
2319,13587.890625,3.148364035242068,2.4886219662567752,4.828308384814965
2320,13593.75,2.7064898224125136,2.479389693489333,3.5380926668863535
2321,13599.609375,2.6394253628364575,3.1673011243641174,3.5713627993106605
2322,13605.46875,1.2726539912109993,2.393868103364147,1.77655029383222
2323,13611.328125,2.193405388623311,3.18593064010624,2.3821417463479957
2324,13617.1875,1.1456620591050064,1.7127439615301272,1.1346125903910675
2325,13623.046875,1.8075999192382501,2.7946724591040946,2.566619791204787
2326,13628.90625,0.9202555475854823,1.507820739503273,1.7163248012876648
2327,13634.765625,0.39253047499645866,0.7510286669874942,1.264266686310614
2328,13640.625,0.6360239330053256,1.074335865215195,1.1744866951855903
2329,13646.484375,1.0268155509309407,1.330042544399112,2.0948762082940706
2330,13652.34375,1.612801270657795,2.400694348689519,3.1729128782382783
2331,13658.203125,2.591031904391489,2.7471772942727766,5.436140086328915
2332,13664.0625,3.571411365327826,2.747067157281403,5.021997079087713
2333,13669.921875,3.0915504431763625,3.1282596006707575,5.134690023845694
2334,13675.78125,1.2409683021568243,2.2590617472069114,4.066779484758969
2335,13681.640625,0.8155072208012585,1.4191047559038106,1.2559522074120593
2336,13687.5,1.2527017991693419,1.6010000655194685,1.513964852167281
2337,13693.359375,2.50355690555538,3.954630864796173,5.014395001721153
2338,13699.21875,3.100670319450943,3.2348370610798085,7.470512539170354
2339,13705.078125,3.1466351240012953,2.3140778314734898,3.868088236171439
2340,13710.9375,2.7276450636554124,1.7341314366618825,3.947355718931817
2341,13716.796875,1.6284729115480319,1.3427791235810056,3.1933656449907954
2342,13722.65625,1.3970825815974353,2.079680063605851,1.127656392975258
2343,13728.515625,2.2799287355012976,2.633823660905329,2.585046105853044
2344,13734.375,1.5299557154548842,1.9778765024088822,2.3462657140044905
2345,13740.234375,0.4400819537183516,1.300108318260779,1.1583355374061683
2346,13746.09375,1.3754028225343577,2.7672654481779597,2.513719211611731
2347,13751.953125,1.1625021942034328,1.7158785579098863,3.053182378899094
2348,13757.8125,1.8997929217003469,3.4852918744352053,2.474376033693912
2349,13763.671875,1.060093567139222,1.9868879586987673,1.3251254422943428
2350,13769.53125,1.498084132645065,2.688515890147224,1.7398384097355042
2351,13775.390625,1.6042182396485827,2.469638148134936,2.5110781053175693
2352,13781.25,1.789789672061562,1.7831324301962759,2.008386041109768
2353,13787.109375,3.348562925094345,1.98612441320154,4.435993774199236
2354,13792.96875,3.421844918628014,2.3538039721652497,3.881593670174148
2355,13798.828125,1.5595047723416746,2.2009549740506307,2.2975233059015268
2356,13804.6875,2.082272950002579,1.9588479922473956,2.990977385183374
2357,13810.546875,2.340891590200057,3.2195485405604565,2.5116868951511093
2358,13816.40625,2.817770935425989,3.2247948961207475,5.668978275903632
2359,13822.265625,3.7058369004059215,2.826519810625802,5.47669111351026
2360,13828.125,4.742703909755807,2.4214481446829588,5.389366781441667
2361,13833.984375,4.953293402658882,2.4364367505294346,5.4652184718233565
2362,13839.84375,4.954196550397005,2.505553748894404,5.090858335236315
2363,13845.703125,7.60024795148758,2.699131137059726,5.474583137865995
2364,13851.5625,7.930933921167262,2.9723796118076624,7.274142190341865
2365,13857.421875,6.845138910972292,2.3599658093817975,6.2663003447416825
2366,13863.28125,6.08766125940143,2.633556839587858,6.944911963145006
2367,13869.140625,6.245630361140819,2.682214930232119,5.222514290734044
2368,13875.0,3.898756277273993,2.5355240300921285,6.245589740486141
2369,13880.859375,2.1371535174977447,2.890317711106462,3.7989237370427205
2370,13886.71875,2.293816367600988,3.2092295983615085,3.754617347330371
2371,13892.578125,2.835429998879363,2.595230783218253,5.1028740175528595
2372,13898.4375,3.5061853131775464,2.222485289476956,5.160732695389449
2373,13904.296875,4.2196600053637985,2.137378377683718,5.4398980060872795
2374,13910.15625,4.090145048834015,2.2951206157313453,5.801953372219387
2375,13916.015625,3.051759050700457,1.7995815340940293,6.117017275763835
2376,13921.875,1.922978995628234,1.5239665995880705,4.2498996196706535
2377,13927.734375,1.8959765507510793,1.9602602364095503,4.363277503027819
2378,13933.59375,2.1413884632442555,2.2547323146456364,4.476487311445961
2379,13939.453125,2.379272307048403,2.412179813746294,4.835053873651644
2380,13945.3125,2.0814762477570588,2.6350041558137356,3.227526165903779
2381,13951.171875,2.7389891268055133,2.235174632071905,3.7700018469356107
2382,13957.03125,3.3202405847955663,2.7403238908939596,4.374258335849165
2383,13962.890625,2.4266430334320046,2.8686147401010613,5.1811311319731415
2384,13968.75,2.1034853661156774,3.188362948242833,3.4710381959433523
2385,13974.609375,1.4891924630488478,1.7436474840744758,1.8309907286210514
2386,13980.46875,0.7236590438810334,0.9845626218580346,1.14264407130299
2387,13986.328125,0.9665431153391282,1.9052489386998115,1.2222583219266034
2388,13992.1875,2.652434252837051,3.8473415317133477,3.841622136613922
2389,13998.046875,3.620285630673797,2.8006112109651,5.500765726428377
2390,14003.90625,2.9704183571085894,2.3933612649247427,4.295817157624643
2391,14009.765625,2.013405874427988,2.877759244780789,4.445189080866768
