bin,freq_hz,abs_h,training_noise,mean_abs_llr
400,2343.75,5.638351265679056,5.140672857081642,4.663772708195798
401,2349.609375,6.305786480350894,4.871734078143783,5.889193815214568
402,2355.46875,6.219912642775195,3.88501749777451,6.745975900883606
403,2361.328125,4.66379159968427,3.689502849661426,4.1466140337199535
404,2367.1875,4.758467583151547,4.337501307127026,3.5911966951601575
405,2373.046875,4.939291403219022,5.93007811348674,4.817525124213569
406,2378.90625,5.741225672340629,6.727209335977239,4.813923246091583
407,2384.765625,5.3495412608677,7.7216777309267055,4.570390058017826
408,2390.625,3.4577518677905084,3.659043660227132,3.0148200551025073
409,2396.484375,2.8818792571325913,2.3427169656334392,2.3963551808419896
410,2402.34375,3.195912724734376,2.633033254170277,3.205995934861031
411,2408.203125,3.764529007718315,3.1749297131676295,3.453629464925489
412,2414.0625,4.278526528445148,3.089721564510187,2.833113801023513
413,2419.921875,3.5058566195458685,3.249298324141475,2.679676341458889
414,2425.78125,3.0505003401179964,3.6289875492354633,2.135275039452046
415,2431.640625,3.739361920907867,3.467683127844092,3.131154057135278
416,2437.5,3.1755991059560578,5.762229637187888,5.153392351296814
417,2443.359375,2.9974194074686973,4.779388321061852,3.4775542425738206
418,2449.21875,2.3872665523671337,2.7917630671472153,2.0166632361256815
419,2455.078125,1.6830453871434974,1.9659341052736359,1.5021400324554257
420,2460.9375,2.4606438108086253,2.764726413366446,3.049524984505908
421,2466.796875,2.9419447838361465,2.8672860381290906,3.723968856605602
422,2472.65625,2.502251190941829,3.1342598159237003,2.6772095668283655
423,2478.515625,2.6893027360498407,4.542769504726149,3.5283901976210803
424,2484.375,2.73444518190213,4.496429128908687,2.756409143496069
425,2490.234375,2.749666456253629,3.628079831005574,4.400063912262654
426,2496.09375,2.0820345786447914,3.434573217457371,1.7841177035343248
427,2501.953125,0.9474475505712533,1.899095020215484,1.6036647904157726
428,2507.8125,2.941933496303073,4.717082213497725,3.1018199620987104
429,2513.671875,3.12777695168577,3.3790129902008412,3.3927492555433414
430,2519.53125,1.98256884411836,2.442940267597519,2.458885454467509
431,2525.390625,2.1986231219023904,4.532403245205755,2.4650610944057534
432,2531.25,1.4694098220306584,2.8488694204892036,2.1077130960197032
433,2537.109375,2.334933903634475,2.300594608554826,2.989854886298183
434,2542.96875,2.8241750860937973,2.893451885962134,3.959536698648795
435,2548.828125,2.9456179041364017,5.417402715376499,4.152925280503363
436,2554.6875,2.800095043204615,5.2437837189427565,2.935467140554164
437,2560.546875,2.105853307818603,3.4108097354406577,2.383371693737399
438,2566.40625,1.4668930323640887,2.411112567161276,1.643234715377581
439,2572.265625,1.0144398753351673,1.659861667019494,1.642993044121037
440,2578.125,0.5927217020689037,0.7834050989717374,1.44265143911124
441,2583.984375,1.4264113964736749,2.3172345719454706,1.2275829815782677
442,2589.84375,2.0297931656568986,3.505885243201362,2.105405703208179
443,2595.703125,2.4822847495753217,3.3560961220686263,2.957621636011751
444,2601.5625,2.86675687592622,4.097414641154629,3.1579910611758755
445,2607.421875,2.0336118352522483,3.183985966457276,2.2743051488442663
446,2613.28125,2.29308115996531,2.7711457526657215,1.8469706871426403
447,2619.140625,2.887065685434065,5.892407310047202,3.9854493082497116
448,2625.0,3.6069816399425436,4.79903059627642,3.8085198697619265
449,2630.859375,4.7657279430575405,4.451473038766388,5.498294512400066
450,2636.71875,4.702494172757263,4.26044350652646,4.133681182191613
451,2642.578125,4.25211232157677,4.640204407131053,4.719734306653328
452,2648.4375,3.6988426665529115,4.773423879258198,3.91424188752986
453,2654.296875,3.477378004692299,3.8627423679689987,2.5154628259054346
454,2660.15625,3.3413241914140177,3.5181480060232104,3.044783922064798
455,2666.015625,3.2026136157290934,2.5533863713122753,2.70510251227222
456,2671.875,3.406016347953055,2.725616823273456,3.6170890239652604
457,2677.734375,2.2727278214661513,2.883244707481194,3.1268025372413617
458,2683.59375,0.4509163702932876,0.75,1.2636877849475685
459,2689.453125,2.2312170217166156,3.165146293785866,2.6130289801752173
460,2695.3125,3.434128147017215,4.828362533878115,4.131809462955539
461,2701.171875,3.813721816654554,5.08783624128025,3.0310143707989154
462,2707.03125,1.4721943490026899,2.5427651735054146,2.1749516746697757
463,2712.890625,2.4004441457714223,3.8066649333467666,3.7051171538605163
464,2718.75,1.9181166103610778,2.71670791159634,3.5442371912376482
465,2724.609375,1.2104071587267442,2.2807915467142945,1.6581373468415852
466,2730.46875,1.1859432480221361,1.361189426396958,0.8424434965762492
467,2736.328125,2.1351127375871846,1.9698789762427547,2.164627780375641
468,2742.1875,2.242303608899227,2.391585508115949,1.7272642556760123
469,2748.046875,3.6105344956824448,3.3948975247650957,2.676580841498724
470,2753.90625,4.461941475147713,4.09474423054618,3.1837751869304745
471,2759.765625,4.8009095418816,7.698031953780656,4.464072930589593
472,2765.625,4.044517165922583,4.220569180933678,2.5411006269774954
473,2771.484375,3.915474120270963,4.734586025562804,2.804754204922243
474,2777.34375,4.310146551308415,4.752903028909728,3.4185175337190663
475,2783.203125,3.640630009323973,7.5129910943699025,5.959419211017872
476,2789.0625,5.045928105465173,6.885500408919576,4.501620059135732
477,2794.921875,4.777057154487227,5.585147140324246,4.614037594812676
478,2800.78125,3.697030948070248,4.004096332146393,3.785148034213415
479,2806.640625,2.363261320649498,3.6558124454665286,2.95014834136386
480,2812.5,2.983368412603875,3.5622809550356838,3.6216735837478744
481,2818.359375,3.4374572567140915,4.237197095751946,4.446395819779181
482,2824.21875,2.751714124861048,5.033597251004092,4.139864184993641
483,2830.078125,2.4092023682508015,4.221869787835378,3.4402457343984034
484,2835.9375,2.3454869785756984,2.015699897749091,2.4013217309046566
485,2841.796875,2.0591373494861496,1.227058438139045,1.6680007379866089
486,2847.65625,1.3344833590701064,1.338849966919573,1.7772068630465525
487,2853.515625,1.869166010659857,1.565780197844577,2.3614068041262275
488,2859.375,2.2747306846026074,1.8839987209179274,3.887311355556833
489,2865.234375,2.300605437871772,3.3285684324755236,3.4642482014114333
490,2871.09375,1.0223520871866838,1.1546925883384078,1.8999799675280962
491,2876.953125,0.2801876739225295,0.75,1.0782612666025504
492,2882.8125,1.078570083867953,0.75,1.9126647501441956
493,2888.671875,2.1242603847060404,1.89825377780855,3.171319746721681
494,2894.53125,2.3260151412294157,3.2774045587828433,2.4803960224682453
495,2900.390625,2.3626498585577544,2.2374991948218472,2.515667702790497
496,2906.25,1.416964746552997,1.4459654541528717,1.4548329779132627
497,2912.109375,1.1706618525242094,1.2321039786415109,2.1250809472283985
498,2917.96875,1.1696251131956714,1.2456918042358853,1.2120295056821284
499,2923.828125,1.228983291464552,1.2971416036239078,1.3633570960190755
500,2929.6875,1.1073851420509526,1.4273578004677967,1.4088445428034646
501,2935.546875,0.3512271579579712,0.75,1.8513653631492304
502,2941.40625,0.7213596271139872,1.018300087031061,1.5475940411612696
503,2947.265625,1.5943265075446869,2.3820432991235707,1.7662013534017529
504,2953.125,1.3089948627553245,1.8015978178289127,2.3548103507373717
505,2958.984375,1.3971396656602295,1.4866266106969306,2.0166850161582968
506,2964.84375,1.2281497941380186,1.3580827094784278,1.55958008320215
507,2970.703125,1.1379263820796481,1.5424963386569108,1.4013305842225199
508,2976.5625,1.4934440583006718,1.778100703168618,2.344201747589234
509,2982.421875,1.465504588178557,1.6118029632142608,1.734797691473982
510,2988.28125,0.6048222285671383,0.9504737505629051,1.2186374001408118
511,2994.140625,1.4308240332152238,1.7299739099045899,1.1331172288822835
512,3000.0,1.6676481842412896,1.6404344211719035,1.4462005690708784
513,3005.859375,0.37837593642868594,0.75,1.4486945486778025
514,3011.71875,1.432946020349396,1.8275156417970724,1.7871534491952066
515,3017.578125,1.5303680034157268,2.0593874186635137,1.556162762978472
516,3023.4375,1.1291783551413264,1.3476950261587592,0.8408861450750816
517,3029.296875,1.066263380273196,1.9473249297253123,0.975648667960953
518,3035.15625,1.1717784978428885,1.386675972791418,1.3845573335278774
519,3041.015625,1.4982320341354025,1.3231017431228937,2.3550109160710666
520,3046.875,1.4081992310750076,1.4210669090766919,2.098245589244667
521,3052.734375,1.953864655083519,1.5373976031124772,1.6712569522599217
522,3058.59375,2.4527442873262872,2.9770694015444024,1.9991621974075964
523,3064.453125,3.6452959335675854,4.277123482768774,3.082613804414907
524,3070.3125,4.1154103239914415,3.1358753303576554,2.894523517062579
525,3076.171875,3.5531385032294454,2.4638237109130303,2.5640712514985786
526,3082.03125,3.5744831535795463,2.7036486408598863,2.986128122145805
527,3087.890625,4.231881715997489,4.4988159443492535,3.262470912077387
528,3093.75,3.345470357552008,4.122966309523548,2.714176017546566
529,3099.609375,3.514897267077941,2.578543994725269,2.6662095046554324
530,3105.46875,4.04367072671785,2.860956489364603,3.816754070283365
531,3111.328125,3.691092042631637,2.423025707457547,3.11579141704644
532,3117.1875,3.1474005143771904,2.9514154985785965,2.2911128327680212
533,3123.046875,3.0346473240309515,2.8270780958707045,2.3398849206434957
534,3128.90625,3.2869935859968717,2.9668919206309243,2.777801824960236
535,3134.765625,2.3352400264381132,1.9765296815230506,2.364901320134837
536,3140.625,2.3059600560070552,2.1979438143397276,1.8578642898795068
537,3146.484375,2.8219930585575654,1.975605263323641,1.9327064090485373
538,3152.34375,1.9362337502384064,1.3584233914530444,1.0327778613128724
539,3158.203125,1.2385967915922078,0.8586782964034144,0.9846792242374169
540,3164.0625,0.6937400023191788,0.75,0.9314484357162295
541,3169.921875,2.1513048348869086,1.4052299251689437,1.6138975962758582
542,3175.78125,2.7048562534453136,2.042468890538907,1.789948411212617
543,3181.640625,2.804255045984047,2.3502925366751466,1.571816414715496
544,3187.5,4.446023998557104,4.096449715467199,2.3693427319959315
545,3193.359375,5.310848671458298,3.9595984512710203,3.4788179681012448
546,3199.21875,5.641398620164037,3.5419442070206166,3.481723860463848
547,3205.078125,5.334506998485661,3.072104206645432,3.334606662878141
548,3210.9375,6.230728002381222,2.765699675208968,3.3184053478210442
549,3216.796875,5.6016641471944695,2.888779296960286,3.9434840814417638
550,3222.65625,4.557452531230891,3.1732853035682425,3.504988287579321
551,3228.515625,4.539074300850321,4.124944281400649,4.392721430537561
552,3234.375,5.415929535632083,3.1666098266930263,3.3820514871054885
553,3240.234375,5.526204065487365,3.819790244525035,3.61490288830598
554,3246.09375,5.404967890866029,3.304712217942896,3.539382907273972
555,3251.953125,5.956662957006466,3.9035583891876473,5.040265459517238
556,3257.8125,4.789299575055625,3.8557863540850117,4.538083096395817
557,3263.671875,3.0767069202398214,2.8160381083023305,3.375409853607505
558,3269.53125,4.071846607903524,3.333240073610027,5.580174562653681
559,3275.390625,5.440580985042938,3.8293208438979556,6.216534365555615
560,3281.25,4.252056151817747,3.0092394501418926,3.740698207300307
561,3287.109375,2.5734629389189068,2.267113854463221,1.9735862076952186
562,3292.96875,3.2920645769876655,2.6336172310470616,1.8140923049514606
563,3298.828125,3.1779278710945382,2.7333985659930957,1.931913586241298
564,3304.6875,2.0571113235983107,1.3561383497755062,1.2726523273341004
565,3310.546875,1.4783907507295353,1.2535504882545543,1.3036616021750504
566,3316.40625,2.7955034577198936,2.3687854172100655,1.7612304547787596
567,3322.265625,1.9793246485307199,2.30384538988759,1.328268568823976
568,3328.125,0.9639133139513376,1.0119772300782022,0.751786543142896
569,3333.984375,1.2258516855528656,1.0361918105488317,1.1615655258383208
570,3339.84375,2.191181853030828,1.6643005782962295,1.7799913510213365
571,3345.703125,2.6873471524608017,2.4241306278510755,2.4466111655422114
572,3351.5625,2.727812523347392,2.8721590232825767,1.7340648230548594
573,3357.421875,2.060688114959953,1.5691555050536983,1.1993153084689179
574,3363.28125,1.5735853214594944,1.0661570869670012,1.0408060880029215
575,3369.140625,2.6613628584012905,2.267001199237592,1.9121779070354155
576,3375.0,3.3219374702411955,2.7989287007956847,1.9720966896854468
577,3380.859375,3.502817552764658,2.8643320829732413,1.7233839619012958
578,3386.71875,2.7409706705350727,2.289163733985885,1.691322070866125
579,3392.578125,2.4907366525399595,1.8640922840494387,2.06418751158762
580,3398.4375,2.9187447525087378,2.04999862075028,1.7228044356490295
581,3404.296875,2.394333365875098,2.4711097268182916,1.6026079886575855
582,3410.15625,2.2643834921858685,1.705669110304358,1.8497837119088347
583,3416.015625,2.4982158844660747,2.1393146616709284,2.553348861121051
584,3421.875,2.381342344788658,2.179864235451924,1.675314089725265
585,3427.734375,0.9723490727386265,0.75,1.2047555948545656
586,3433.59375,1.2290497313694124,1.0390172932840969,1.2878499850986345
587,3439.453125,1.0125996003992124,0.75,1.4618741226516967
588,3445.3125,0.302099569046867,0.75,1.1853162262827073
589,3451.171875,1.2722594041866786,0.8614083234151846,1.0620317524623717
590,3457.03125,1.3698585631292508,0.9609544407145248,1.0480714726373386
591,3462.890625,0.6487341153659979,0.75,1.1583589366400535
592,3468.75,1.0056001915558115,0.75,0.8957872470163957
593,3474.609375,1.8598154029213594,1.1396957504860177,1.2062408889384637
594,3480.46875,2.664858973406024,1.4870414476363778,1.5325731731678967
595,3486.328125,1.9129839786763962,1.2035663403308383,1.2972775503959346
596,3492.1875,0.7344456298521777,0.75,0.8847200692386189
597,3498.046875,1.767610060730813,1.5547369189695095,0.7357580102742993
598,3503.90625,1.8263850742315948,1.6407095181907598,0.9050886648338226
599,3509.765625,1.2293631711944903,0.9653238585557624,0.6368129490460022
600,3515.625,2.390078430833409,2.119672454461666,1.47309948618039
601,3521.484375,2.8070807993612883,2.9722718152137304,1.6427225652560402
602,3527.34375,1.1067888172697877,0.75,1.3049589212731063
603,3533.203125,0.8907544381320589,0.75,0.7808573221137612
604,3539.0625,1.4665822824293506,0.9791882980542235,1.0424585062918474
605,3544.921875,1.1497480365606878,0.8346481701369942,0.8412315923448492
606,3550.78125,1.9474920645602067,1.3316930562607519,1.2873160287818377
607,3556.640625,1.902200612546889,1.2934872486318931,1.1909750486051234
608,3562.5,1.7322258692744459,1.8398192401181432,1.385672449674362
609,3568.359375,2.968018235654232,2.795027766910493,2.886157785550581
610,3574.21875,3.8802557930103956,2.7004179115880196,3.2444786479895846
611,3580.078125,3.644988305087939,2.3298890581942953,2.6620451650613677
612,3585.9375,2.39521804090476,2.4071619576073062,2.265404558329171
613,3591.796875,0.5275335344315488,0.75,0.9086096104389692
614,3597.65625,1.1016820899978914,0.75,1.2396925644349064
615,3603.515625,1.5489157178365829,1.1531535700412576,0.8049992652351045
616,3609.375,0.8933050450042627,0.75,0.7405319059900659
617,3615.234375,1.163951751108292,0.75,2.3050494112619893
618,3621.09375,2.616033991924578,1.0943115460940147,1.550638660413369
619,3626.953125,2.0103983776498677,1.0900119208303374,1.3422610259099126
620,3632.8125,2.088196080824635,1.4627722890466903,1.8528288993886055
621,3638.671875,2.1869038017507707,1.6255070304738066,1.5349550386229698
622,3644.53125,1.9667547898411375,1.2698752894205363,2.1433968098129035
623,3650.390625,2.090663506703757,1.3566501524760097,2.04933138052264
624,3656.25,2.9731282198297535,1.7150300275045636,2.6587676194764707
625,3662.109375,3.374722750023607,2.182702052660293,2.673474552403777
626,3667.96875,2.59357415513342,2.2353260247915516,1.9360801719636664
627,3673.828125,2.771662244755163,2.5972766256489046,2.997368905317345
628,3679.6875,3.969997665392043,4.203323033125466,4.023666935503228
629,3685.546875,4.095365826847321,3.7555646603387087,3.9496487630521195
630,3691.40625,2.4009108118346734,2.2791061119112035,2.366602132581933
631,3697.265625,1.7484007935141055,1.5008879926725034,2.17153436729633
632,3703.125,2.769499344321777,2.3315466967877705,2.24676910192077
633,3708.984375,3.0361477285655383,2.4576297760903256,2.527484725677891
634,3714.84375,3.3764443791723444,2.2150055768801638,2.9920468234642716
635,3720.703125,4.401647807452095,2.9856005771934524,3.519598683912152
636,3726.5625,4.987616117449894,3.695905313253717,3.4855065008454416
637,3732.421875,4.781833541727211,4.470364195708882,3.691765427922045
638,3738.28125,5.13552361026006,5.838186632096312,4.906311897036466
639,3744.140625,5.108838315316735,4.166530794452701,4.197858324787894
640,3750.0,4.099818723689487,2.8043753577539348,5.461902092864589
641,3755.859375,4.1141590575212845,3.2400193264149575,3.4826210446793255
642,3761.71875,4.771214460854601,4.205704034414618,4.730855684208728
643,3767.578125,6.2261089469947795,4.694213236492218,3.784521893150586
644,3773.4375,5.2467214251504775,4.082486212779594,3.7384046624627527
645,3779.296875,3.8618232898723623,3.794716539593275,3.7043243939751673
646,3785.15625,4.2352815228067575,3.7268302755522775,2.8617330443512485
647,3791.015625,4.628143137158061,3.6483076913860257,3.12712274681925
648,3796.875,4.811378985366163,3.61769962850566,3.018174301450488
649,3802.734375,5.2079399330897065,4.089028675884266,5.037280600786162
650,3808.59375,5.045569924099516,4.943104549229846,4.022811204287789
651,3814.453125,5.869196498140091,4.12041579474227,4.3884559745147245
652,3820.3125,7.076647732807682,4.869200736652404,4.24985172127736
653,3826.171875,7.09688617570371,3.999841262360109,3.5409420745348306
654,3832.03125,6.940434541150191,4.355081637562961,3.345537071702622
655,3837.890625,7.693148715989027,5.032618215391472,4.253686260299627
656,3843.75,8.623472533133668,5.878079628819294,4.42069133911568
657,3849.609375,8.949484715090003,5.296328974643092,4.915105534181105
658,3855.46875,8.32881808098998,5.365627733273937,6.764432404117836
659,3861.328125,8.178237535753777,5.679076351602772,5.640531280781565
660,3867.1875,8.858225686476679,5.150964867760293,4.17770538201453
661,3873.046875,9.29809000059589,5.593048463347484,4.473053380922074
662,3878.90625,8.94288031387782,5.324580498602737,5.636631274900389
663,3884.765625,8.633654315204627,5.521509388678973,4.478617774098232
664,3890.625,8.660435159935426,6.918993140560145,7.210330257269249
665,3896.484375,8.254643566445077,5.7287820362532065,7.41667028793739
666,3902.34375,6.886498992536704,4.812129014244909,4.414525110809208
667,3908.203125,6.248017583405961,5.779411993820087,8.121543476216837
668,3914.0625,6.699222295674429,7.059031772261432,7.871735116943496
669,3919.921875,7.297097028449328,5.429123379136171,5.19556640941416
670,3925.78125,6.870035065595608,5.152503712926811,3.6656481012812643
671,3931.640625,6.2900312537133365,4.727106297419349,4.182584619582046
672,3937.5,6.878627115797341,5.3486974085506445,5.079963734636641
673,3943.359375,6.222834405342177,5.4774923285394435,4.540432878561868
674,3949.21875,6.215801506316588,7.373668762158895,5.248555281569501
675,3955.078125,7.087243744615571,6.038137538311512,4.9188212858149685
676,3960.9375,7.110583073253166,5.836608912466976,4.708132711382211
677,3966.796875,6.8287377719172335,6.325556158617949,4.38736267081354
678,3972.65625,6.18293215276948,7.455699690369592,4.981746238336849
679,3978.515625,6.220146857290988,8.436288056293943,6.44398157860896
680,3984.375,6.464614924475723,7.417220844593171,5.888791943706064
681,3990.234375,7.148422848007618,6.491587674155264,5.742215375957609
682,3996.09375,6.755276634044902,7.747866646752944,6.744124995387258
683,4001.953125,6.560959197081925,5.80500625561718,5.212658022499064
684,4007.8125,5.599432026259735,5.567342566264701,5.495336157790495
685,4013.671875,5.329047565432418,4.922792329352219,4.405154587433338
686,4019.53125,5.833244062768366,6.252675743975136,5.831990167880229
687,4025.390625,6.180122261820247,6.364555181229216,4.658795366068258
688,4031.25,5.187807037868154,4.389154507579013,3.3084211230590435
689,4037.109375,6.513089993307237,4.648994238933982,4.1780028304691434
690,4042.96875,6.279551062682622,4.991629877952961,3.9489110723298233
691,4048.828125,5.395243946779561,4.533628565030208,3.7308987106386313
692,4054.6875,4.6665098211779,4.464049763823558,2.8040552374070367
693,4060.546875,3.4799753274059846,3.7199450588660907,2.464714882288208
694,4066.40625,2.5644520579788925,3.6468619068384416,2.415266612807582
695,4072.265625,3.016652243464894,4.156264352791705,2.803739554264164
696,4078.125,4.34726986657317,4.658367891519738,3.930228801196031
697,4083.984375,5.079990901125419,6.429401144619877,5.122156174813176
698,4089.84375,5.144783676431555,9.844771644157877,6.082453933847876
699,4095.703125,4.735574048524201,8.563313920635576,5.049458895840755
700,4101.5625,5.548059380560962,8.371899920161729,6.418754729557343
701,4107.421875,5.168591902408341,5.707708825123182,6.0320208450076365
702,4113.28125,4.3375659102312785,4.485317395000832,3.8839031114181872
703,4119.140625,3.348842518195207,4.201616645419194,3.3246627063841143
704,4125.0,4.473061532669051,3.9509567140402995,3.271482731389467
705,4130.859375,3.398896130119849,3.2357186646239136,2.3661809673593246
706,4136.71875,2.8816919594517283,2.871013077676742,1.9736875318231724
707,4142.578125,3.8347341770104295,3.562722404551212,2.625893963580699
708,4148.4375,2.831809613152716,2.66858724451827,1.8720261030263856
709,4154.296875,1.409210776823624,1.564969314062071,1.1680854310528068
710,4160.15625,2.531537551203555,3.442919723217119,2.560568813901829
711,4166.015625,3.2829694415374946,5.413632890371851,3.6259262481738372
712,4171.875,2.6780325112086816,3.09387342877616,2.008350468134167
713,4177.734375,1.9180280305405868,2.776369458321029,2.0790609371029096
714,4183.59375,1.5322261954648262,1.5364243080862838,1.1994789434478674
715,4189.453125,1.8684729440751306,1.4245329079370594,1.3851166494526639
716,4195.3125,1.9012279939816754,1.2045662224856786,1.7102212356494544
717,4201.171875,2.1798015048980406,1.5253208823904432,1.1510833519274406
718,4207.03125,1.1556800061863781,1.0640685327128825,1.607791927608553
719,4212.890625,2.306085785525277,3.707716158920399,2.3096950951234807
720,4218.75,3.018600377952612,4.22752778228389,2.83151463897607
721,4224.609375,2.4080467531076986,2.741616865403107,2.396440528528479
722,4230.46875,0.48640045478504157,0.75,1.0201809043043335
723,4236.328125,1.5051996425833607,2.3467324241901,2.7334295431229654
724,4242.1875,2.705108222789507,4.060601760478209,2.9363457648226117
725,4248.046875,3.0913720410824883,5.163258331157888,3.839260831205086
726,4253.90625,2.954542846532711,5.331967680673563,3.2487045393708542
727,4259.765625,1.5926776647991443,1.9465562391912181,1.8272804535338343
728,4265.625,2.7822621465684128,3.6304576824213477,4.161871308390874
729,4271.484375,3.876811588512974,5.8041237401392305,4.2383358989720525
730,4277.34375,3.9437755639973258,4.783178692540804,3.5014071367241044
731,4283.203125,4.7425344555209,6.396426387410762,4.04908026519372
732,4289.0625,4.3151888426266485,6.942791953824036,3.6270947652401966
733,4294.921875,3.2420050697205895,3.9839853736109845,3.858555348607449
734,4300.78125,3.4615388446333353,3.6421501886223173,3.394130856187536
735,4306.640625,3.725591187266038,3.8021571484554038,2.805491163629143
736,4312.5,2.648951291857449,2.7454775746514346,1.3759813573216964
737,4318.359375,1.3242791848853925,1.4486416000988713,0.6665531410442834
738,4324.21875,0.9561845315428054,0.75,0.6344984645144199
739,4330.078125,0.6224867728673535,0.75,0.6256089097402903
740,4335.9375,0.5693405951660649,0.75,0.8325202398924978
741,4341.796875,0.6760564974519631,0.75,0.5473801256441823
742,4347.65625,1.8223694045737748,1.4966623131635484,0.5748730674645696
743,4353.515625,1.7413921228730151,1.3980582700042776,0.7974313619197309
744,4359.375,0.9005399272187129,0.75,0.531979696013106
745,4365.234375,2.5707917666364626,2.294490929488077,1.5310783819128173
746,4371.09375,2.414467464587775,2.098827934372955,1.799181948199285
747,4376.953125,2.4833986530397887,2.3440598922921456,1.5272678975019336
748,4382.8125,3.4426160871595886,4.057341366321541,2.910610545361457
749,4388.671875,3.6872516122033776,3.9099509779096246,2.910095227662901
750,4394.53125,2.021139255102882,2.1777493020546497,1.5675659385619778
751,4400.390625,0.531658992251048,0.75,1.546030530084892
752,4406.25,2.309862813637504,2.3863077390310146,1.2087070619973825
753,4412.109375,3.0909997934045506,2.1922939317211796,1.3843171231509228
754,4417.96875,2.5189487792475895,1.676568294202278,1.378218123561895
755,4423.828125,2.3236591842860386,1.8544639318963485,1.2815381929861138
756,4429.6875,2.681827265331254,1.962846295223037,1.080970530864508
757,4435.546875,4.111835813159955,2.382180665535004,1.8485678858372416
758,4441.40625,3.9604460040645697,3.196834258223209,1.7947524667813923
759,4447.265625,3.4995162336760326,2.6305469431810673,2.479566888495982
760,4453.125,4.0191905677834265,3.521252776854974,2.7702094031542086
761,4458.984375,4.360258459415146,2.811832313331002,2.667265638152112
762,4464.84375,4.7080044813038775,3.0107837316825954,3.7307279078064277
763,4470.703125,4.0761139674148055,4.1448437766969155,2.4158166131349286
764,4476.5625,1.4958711813130623,1.7419407621055685,1.304899772946124
765,4482.421875,0.760007206204986,0.75,1.0162095089362495
766,4488.28125,1.4229002828133421,1.40810677155373,1.0895553726899443
767,4494.140625,2.7815301775812813,2.405921738867844,1.4365114556268523
768,4500.0,1.8564417889004448,2.12860406131099,1.3527138789738347
769,4505.859375,2.4236867688670616,2.840378075052156,1.6769210759180295
770,4511.71875,3.169422544770219,5.480980096305711,3.0473023973265034
771,4517.578125,2.933987751780714,2.4147167510261016,2.724013942459277
772,4523.4375,2.375749225880779,2.054180118846934,1.3893994962920382
773,4529.296875,0.1281202630834331,0.75,3.326259083514095
774,4535.15625,2.8088992793781524,3.2962733965625306,1.8918710422399185
775,4541.015625,3.727055922346156,3.9630905677262582,2.2624807856281013
776,4546.875,3.709323042474104,3.55615803762461,2.2292452454375837
777,4552.734375,3.1347918847151868,3.0023187656032264,2.3362444921927854
778,4558.59375,2.980959351553505,3.0556825159133134,2.451558645342483
779,4564.453125,3.3694985640894695,3.263177681976607,2.1858881810675097
780,4570.3125,2.7578418031433287,2.77642722479094,1.9993196298010925
781,4576.171875,3.5509578083531306,3.086625091538732,2.449035944664523
782,4582.03125,3.3304276459185687,3.0773176817714747,2.438842555983356
783,4587.890625,2.6000385826006194,2.2561046315652153,2.425434785935242
784,4593.75,2.8087484992265273,3.1282764917889745,3.2391783057162953
785,4599.609375,3.8558591717611583,4.635472029150326,4.378014199095495
786,4605.46875,4.998806610023526,4.308124540090904,5.0806268453991
787,4611.328125,4.567563884216473,3.765322653694507,5.551519538447256
788,4617.1875,3.9571521297478713,4.594535339591992,5.666089803091214
789,4623.046875,3.7260999757466924,3.979561830784393,3.724411321001157
790,4628.90625,4.111904734692811,4.697569488400139,4.779290376160079
791,4634.765625,3.8334965318079606,6.507574490530727,4.171657916227111
792,4640.625,4.66545143509757,4.557087300889649,4.551453228219253
793,4646.484375,3.251642888593967,3.971455976635097,3.2800455454979502
794,4652.34375,2.5868612524276458,2.93243912592987,3.5800562506446623
795,4658.203125,2.425696632070799,2.528316678491192,3.974391661352289
796,4664.0625,2.150677092087201,2.322222745722846,2.924602709282981
797,4669.921875,2.6935444708208536,3.579099759033466,3.331533124134038
798,4675.78125,3.3753263259306885,5.168547918830739,4.00414695932144
799,4681.640625,3.32805898188968,3.5529262529224788,3.5873810952860175
800,4687.5,3.944814977179605,3.5766845210327727,3.995502030929116
801,4693.359375,4.118544347673054,4.6466973803398,4.039869669710127
802,4699.21875,4.35979789002683,7.610950825350997,4.837064493722184
803,4705.078125,3.361441589509974,3.6907021823949027,3.176366776968847
804,4710.9375,3.1151429034096454,2.6928121189857186,3.7627716257590023
805,4716.796875,2.3478887472863645,2.2837901578032076,2.8290045635765213
806,4722.65625,1.2783809080614152,1.2700120915702064,1.0536771842262702
807,4728.515625,1.1456794292583161,1.429685570218994,1.3136099454156245
808,4734.375,1.9071463537083995,3.546407334831583,2.6945745514598753
809,4740.234375,2.3197353744341513,3.402834125680945,2.502258215129767
810,4746.09375,1.5476837034638378,2.319905128452458,2.189728634635028
811,4751.953125,1.5356003401770053,3.040587872101739,2.42210000181901
812,4757.8125,2.1038696097821847,3.1422044079768074,2.098857972320561
813,4763.671875,2.3880340940282223,3.5785338411867618,2.753074523955308
814,4769.53125,2.043572019502876,3.1341383019955495,2.9015294682029293
815,4775.390625,2.1262020030291917,4.199465474286424,3.64510971147096
816,4781.25,1.5490876982577313,2.867333597697982,1.739100959908187
817,4787.109375,2.350645925945011,3.527012728894446,2.4945949931036213
818,4792.96875,2.624007984847178,3.4519846657115285,2.1241197714709767
819,4798.828125,4.072464304342008,4.90474087906321,4.073617796282886
820,4804.6875,4.212853343287046,6.710036642543852,4.611989254504934
821,4810.546875,2.9602451202819458,5.303749682108827,3.2350957234678415
822,4816.40625,4.397986005967469,7.539091526637012,4.7771146424159925
823,4822.265625,5.298211988369504,8.392692402035586,5.39954021920362
824,4828.125,5.152607459769264,7.384013456275698,4.519141903573607
825,4833.984375,4.151619358711164,5.228746748476779,3.9495983657224873
826,4839.84375,3.854903766359485,4.784945275066564,4.040387404395548
827,4845.703125,3.9254041579777086,6.512627823455885,4.648240040350438
828,4851.5625,4.825131443474813,7.6222846623051765,5.08267283703608
829,4857.421875,3.9394021101203713,5.5977603156561635,3.8878269480208454
830,4863.28125,4.469736544874758,6.609352415171987,3.92035248913494
831,4869.140625,3.3235299596120886,5.794574982251886,4.175301688725947
832,4875.0,2.824876700455967,4.414701108499652,3.182706449922584
833,4880.859375,3.035141685584432,4.464432155135733,4.187035293604199
834,4886.71875,3.5117528735352677,6.2018808512388315,5.277628981492307
835,4892.578125,2.8975998607553697,2.314867354279946,2.521946570719153
836,4898.4375,3.0311270591682216,2.8384219288985193,3.038681704839043
837,4904.296875,1.7438759260725702,1.8809168188997083,2.078708689988287
838,4910.15625,1.492852323559229,1.7799793034573268,2.4441883146765195
839,4916.015625,2.357818189951524,6.647392730827853,4.9401803188401905
840,4921.875,2.519614537482308,4.342173911648967,4.552911768717622
841,4927.734375,2.811931974966163,2.889980827008983,4.702388037438943
842,4933.59375,2.990094990128994,3.645492706305721,5.376037944560632
843,4939.453125,2.9042812093850863,3.8448388572651533,3.670146207705392
844,4945.3125,3.240146588157089,4.902944658755712,3.2283841727336684
845,4951.171875,3.5548540588896467,6.5276220517533785,5.244559865062197
846,4957.03125,3.4583372909201255,5.482635069795448,3.962836578171207
847,4962.890625,3.373370804408336,4.420620271008184,3.5763733298951492
848,4968.75,3.245996038753656,4.704703315402286,3.174449869030191
849,4974.609375,2.8297906304855514,3.6306450359379125,3.2344743875467046
850,4980.46875,2.0767860990128835,3.310680170967047,2.813596230756265
851,4986.328125,3.2167128807792036,5.228466515254287,3.5408527099847142
852,4992.1875,3.3029754538234832,4.0786392070795205,3.3481381353706112
853,4998.046875,2.448356349047452,4.649883879255816,2.7649735157942676
854,5003.90625,1.5787003248929898,3.140043616277975,1.5836005061043341
855,5009.765625,1.431094515969815,1.9303774398239084,1.3284213339639803
856,5015.625,2.782217707244837,3.3259097447005983,1.9637072993411773
857,5021.484375,2.342811989028631,3.4398706131581935,1.8700664725172869
858,5027.34375,2.0179922986401593,3.063894987604103,1.9896422368465358
859,5033.203125,1.8769665696603701,2.709662370654898,1.9020722620316046
860,5039.0625,1.6558821269261301,2.344593407508494,2.214568768252958
861,5044.921875,1.5871901256886645,3.88145970353884,3.133821125975356
862,5050.78125,1.1000826385449411,1.859990717572076,2.7253201734936345
863,5056.640625,1.5905960168549622,2.6221655744124677,2.8017591239641524
864,5062.5,1.8028996384359708,2.119531632903847,2.488065184797819
865,5068.359375,1.067898596993446,1.2150992954258615,1.4081369069223413
866,5074.21875,1.4936635965932465,1.551853959646527,0.7924574121145982
867,5080.078125,2.2534373391846705,2.2168633893579215,1.792387379478917
868,5085.9375,2.038436054858505,2.5235518735153315,2.3564366295372694
869,5091.796875,1.4594346709747081,1.8526746301384336,2.2651945486017317
870,5097.65625,0.20265752422835123,0.75,1.4432882948541292
871,5103.515625,1.4153975193056612,1.1105168351447476,0.7627666661247442
872,5109.375,1.9924243496309022,1.8672763751388843,1.6435053460293103
873,5115.234375,2.305961727826854,1.7288989702363922,1.625694205938554
874,5121.09375,2.7593728128142123,1.8389031756760374,1.657432465338894
875,5126.953125,2.157552006380373,1.8081315517894472,1.6213685599940237
876,5132.8125,1.8058936451923917,1.4464554820794724,1.1645660666718094
877,5138.671875,1.8703788141868447,1.496476506123347,1.2801096479754104
878,5144.53125,1.592777776302422,1.4658822773820597,1.003818580910174
879,5150.390625,1.0304556100645892,1.025656052056941,0.6236133232562934
880,5156.25,1.0865462863704884,0.8689689845091009,0.7466357331943091
881,5162.109375,1.1509318759516967,0.8258370790129426,0.7231145034215585
882,5167.96875,1.175848579430464,0.9236803987348021,1.225338518322373
883,5173.828125,2.050517209059156,1.5522856196736572,1.7314679413428014
884,5179.6875,1.5490048892156443,1.501561108785984,2.224242961069098
885,5185.546875,1.6647457604084583,1.4820909989594784,1.6087109506601096
886,5191.40625,1.8770328024639198,1.5190489703877894,1.855474531692953
887,5197.265625,0.6457522659031726,0.75,1.2464588152677043
888,5203.125,0.8553531859717545,0.859473485809056,1.6018088737441623
889,5208.984375,2.770806979524399,2.924673101712829,2.702321647490183
890,5214.84375,3.8174058797851576,2.6285224105810387,1.899925599017035
891,5220.703125,3.757080837274708,2.762237334927048,2.7852929412372283
892,5226.5625,2.280720532127818,1.4600832923620377,0.9802231239908255
893,5232.421875,3.042863722716115,1.9054153674390206,1.8124154423699754
894,5238.28125,4.186383093200461,2.4593555594468675,2.8467542931496634
895,5244.140625,5.206492230380054,3.2654706379694156,3.6984982908938706
896,5250.0,5.315810587923756,3.919607067256237,3.7676110344272606
897,5255.859375,3.9838172004372856,3.263926474701571,2.406247193224632
898,5261.71875,3.015524012047881,3.111660435102568,2.0832844071258707
899,5267.578125,3.267297614035293,3.1596970165038014,2.2966127420582874
900,5273.4375,3.407106935455509,2.8410001591113248,2.7959873473213057
901,5279.296875,3.878115386495522,3.01150348969613,3.4452361058663405
902,5285.15625,3.8368609417171786,3.246849188445399,3.8141965683681835
903,5291.015625,3.825187773551693,3.7947020565521323,2.7176127560113095
904,5296.875,3.545398194789762,2.875369942652827,2.5447576624514916
905,5302.734375,2.142421735838468,1.9597253694132235,1.8573211151571956
906,5308.59375,1.6468483017986768,2.0382043601066826,1.9643336024533153
907,5314.453125,2.4961079188619033,3.13579459077189,2.524603472546623
908,5320.3125,3.285415104071413,3.3957333177224545,3.009794436084925
909,5326.171875,3.6749437227985036,4.138836657546584,2.9525128868518977
910,5332.03125,4.949390053682672,6.205185805124767,4.13996849779951
911,5337.890625,5.032391847285438,9.297942368683815,6.179457146649393
912,5343.75,4.035834105678865,5.390674203051293,4.317614125643098
913,5349.609375,3.901823481579258,4.5035246480228555,3.313994213626204
914,5355.46875,4.70355775908299,4.720585048491294,3.505556072132148
915,5361.328125,4.142855704125946,3.434336392382258,2.656764905375517
916,5367.1875,4.0404116351778585,3.56514117992851,3.0813621029836
917,5373.046875,3.7025922709730814,3.328029187378913,3.4179697636695687
918,5378.90625,3.8723503104416834,2.224643154359773,3.6487417202562984
919,5384.765625,5.135755781494834,2.7710746161764224,4.434976269139247
920,5390.625,5.212148699774747,3.1965966743942227,2.806522954642591
921,5396.484375,4.783487522047625,3.2727039342131072,3.0441860698972523
922,5402.34375,5.273811713724234,4.646694091839258,3.7650687411823185
923,5408.203125,5.837850975340732,5.482578384730334,3.737231476490888
924,5414.0625,5.729036951972368,5.046049353695655,3.327863342498131
925,5419.921875,3.967201322523261,3.4125043508818136,2.138171994145002
926,5425.78125,3.1383395189689938,3.0511427721876188,2.1840911794857307
927,5431.640625,4.3905394923083305,3.5469672021336534,2.7314346887209715
928,5437.5,3.592902096407149,3.1170983269668238,2.348238352680934
929,5443.359375,3.6784517391587763,3.6189339781175307,3.3560833280451052
930,5449.21875,3.512222286704995,3.598819997749609,2.1448529121236204
931,5455.078125,3.4473153442499562,4.282401716676002,2.6996705380727968
932,5460.9375,2.00506246804787,2.1506224519982573,1.1764053125197547
933,5466.796875,1.9907967854534852,1.6653258399448139,1.0782907191664794
934,5472.65625,1.0860093103976047,1.079389856498798,1.1387077176125209
935,5478.515625,1.941767277459736,1.6393270270340672,1.2327313534562463
936,5484.375,3.040138594743531,2.294980313424966,3.462205607512257
937,5490.234375,2.6029589667051276,2.233592909818121,2.811481257787881
938,5496.09375,1.7821461422311975,1.8276938352241006,1.5030136622810124
939,5501.953125,1.2552857905624677,1.2971184475441155,1.3166358800007159
940,5507.8125,1.4951705965824302,1.336965383132847,1.3555453384195988
941,5513.671875,1.284252321503675,0.75,0.9177429644287438
942,5519.53125,1.0530933746808038,0.75,0.8393544889612706
943,5525.390625,2.165513774489677,1.1942041896467894,0.9459690169566028
944,5531.25,4.113372047667686,1.7309854416871562,2.02467027987334
945,5537.109375,3.6990779414449046,1.9140461975290493,2.344814101758766
946,5542.96875,3.063447576447146,1.7554451814938097,1.3331693487548033
947,5548.828125,2.9486687759890033,2.272971784873884,1.9479910617659653
948,5554.6875,2.4787873998468877,2.7356738459414247,2.501598322905872
949,5560.546875,2.3670847501377943,2.390337476032516,2.3970097664168972
950,5566.40625,3.580023107865477,3.050626583015073,2.978153522504088
951,5572.265625,5.382290619736197,6.14190624262951,3.393120720708736
952,5578.125,4.7537165495065565,5.126099787734735,3.6891293315134126
953,5583.984375,5.018880172678514,4.997554890721135,3.304494360797912
954,5589.84375,4.527843373139577,5.921603526235101,4.421085148496597
955,5595.703125,2.6505519666341524,2.60321538637746,1.8357625070625385
956,5601.5625,3.4471843537994213,2.7453342351542513,2.285466042560601
957,5607.421875,4.180824910419547,2.436492498012084,2.063322783747048
958,5613.28125,3.9970329943485874,2.679153576708787,1.9808627750491898
959,5619.140625,2.8737606183792526,2.476009089198066,1.7743878770003305
960,5625.0,3.1025686729371738,2.1394233655136303,1.7307479097820493
961,5630.859375,4.917861393651422,3.0111222107444005,2.072477346973701
962,5636.71875,5.183862204090468,3.6065481601944103,2.3426756263882016
963,5642.578125,4.605162272017413,2.6808908871266057,2.1556050814467667
964,5648.4375,4.640534578616247,2.3237672243708167,2.311738624764241
965,5654.296875,4.865773367828995,2.051249735816693,2.9599977404841935
966,5660.15625,4.34734401326898,3.194427402185573,4.741383757970732
967,5666.015625,4.093826039817091,3.024346040689704,2.8539738304421705
968,5671.875,3.6133620717843344,2.4695736783121536,1.9338313281941935
969,5677.734375,3.8866918325918856,3.311213192027139,2.3198026540333307
970,5683.59375,5.199122160533397,4.5004484153210305,3.1888947142078043
971,5689.453125,5.677568047502117,6.547852132800306,3.939301872757843
972,5695.3125,4.544964241453873,5.891385153623519,4.262224702715697
973,5701.171875,4.190361376065066,5.759120035335829,3.6023429003927956
974,5707.03125,4.539441139502776,4.7833593518515825,3.6385983501317516
975,5712.890625,4.272461544475175,3.1107437904697974,3.1802205216074677
976,5718.75,5.363789584227949,3.4601485175347224,3.750555185067502
977,5724.609375,4.942526611289586,3.7740405725623214,3.554905801943032
978,5730.46875,3.2996045892215244,2.8694099972816938,3.212007001203387
979,5736.328125,3.692232944480536,3.3815823899049477,1.9945640821347301
980,5742.1875,5.4939591225973805,4.255299060308701,2.8831834892584665
981,5748.046875,6.01963623371524,4.359886848529696,4.347026510241499
982,5753.90625,5.81937992152802,5.052942760876546,4.405413547507215
983,5759.765625,4.682904810636805,5.265293664483547,4.104807580044253
984,5765.625,4.430398693966479,4.327335368390351,3.501726289479111
985,5771.484375,4.239603992788454,4.241986780411035,3.6584126976517792
986,5777.34375,4.729384784888427,4.344418322544611,5.032547581383574
987,5783.203125,4.605852970417763,6.811133246695098,3.7581306895537274
988,5789.0625,3.1387712892055983,3.6621772613414834,2.0116649321581015
989,5794.921875,4.634115289591206,5.393645564705549,3.555179331271903
990,5800.78125,6.9251896939520865,6.84935498991946,4.786321077504372
991,5806.640625,6.174647627651318,6.145844758066687,6.848364125179056
992,5812.5,4.240434617139146,3.5631613373502358,3.1002315387647674
993,5818.359375,5.05613960265728,3.326284559119829,4.320639889521279
994,5824.21875,6.281499680767002,5.025622657123563,4.607204344989334
995,5830.078125,5.790384671628947,5.682646325153868,4.475303407579775
996,5835.9375,5.282134989652587,5.372800769827375,4.738128492831434
997,5841.796875,4.110573651860884,2.634637882968561,3.589249214940942
998,5847.65625,3.14961504774701,2.128183759143721,2.3952648002739543
999,5853.515625,4.212059894579884,2.963519607311253,2.652192449373761
1000,5859.375,5.173449252884734,3.06244520779944,2.7319033163125064
1001,5865.234375,3.89383237152287,2.23906832169012,2.386619284344534
1002,5871.09375,2.35784033257532,1.3509922004940045,1.4450821865069874
1003,5876.953125,4.88321998727239,3.226824786498305,2.875794594082918
1004,5882.8125,6.2777012978647395,4.642759727843956,3.9601868221317944
1005,5888.671875,5.320981733337505,4.033154391234003,3.3273718566449557
1006,5894.53125,4.980880997139404,3.895751612191373,2.954630697860197
1007,5900.390625,6.031612055076139,3.3554536599014497,3.6040498503977143
1008,5906.25,5.930857169135412,4.28640333697848,4.658572993717565
1009,5912.109375,4.978966358857803,3.8594603572226625,3.295643543136805
1010,5917.96875,5.360938922263757,4.679456580206179,4.136373135237155
1011,5923.828125,7.200740571512564,4.9009216229833585,5.35297118053166
1012,5929.6875,6.3444536092883,4.235660937002742,4.675245476040326
1013,5935.546875,5.511842591880965,3.8364055145764295,3.7832622243251333
1014,5941.40625,5.314329798181483,5.728448208690845,5.382738770771164
1015,5947.265625,7.255365857429225,7.116587733999754,5.592304538117578
1016,5953.125,8.71358502722217,5.524692799139719,5.585975480800525
1017,5958.984375,7.049663557799086,5.419274178233835,4.764511977320587
1018,5964.84375,5.576874489943078,4.610311693297457,4.376205145114253
1019,5970.703125,6.562677959636589,3.604496395408634,3.625276384222686
1020,5976.5625,5.643468056476261,3.1016137565463535,4.911886413877468
1021,5982.421875,4.957796660643877,4.034137045403406,4.223005195170046
1022,5988.28125,5.559337164693792,6.773953194542677,4.206664532041111
1023,5994.140625,6.042642032181877,5.4519348584734715,3.618999483151299
1024,6000.0,5.540393946049964,4.4406427531651715,4.826388069873943
1025,6005.859375,5.818701956011775,5.194550630249944,4.64701817390947
1026,6011.71875,6.80231762404665,6.921942969044592,5.565337228064629
1027,6017.578125,6.178974844463412,6.318892588696359,3.922197792022273
1028,6023.4375,6.2706863989438295,7.726401104949619,5.224591212724268
1029,6029.296875,6.929827997006001,5.964240437175144,4.94526918403394
1030,6035.15625,7.61056603946425,6.3040254195403485,5.266015372357712
1031,6041.015625,7.049640906528609,6.8303482139705265,5.262395086270398
1032,6046.875,6.7016938793969905,6.65195300253221,4.942447623474566
1033,6052.734375,6.381410257478137,5.81366939666877,4.308809703566713
1034,6058.59375,5.750195388597311,5.420297278203182,3.4446889058450565
1035,6064.453125,5.432369281673546,5.346841803689552,3.7529827442451196
1036,6070.3125,4.579602574454926,5.248262013821555,4.2404530778040685
1037,6076.171875,5.019686514694933,6.1949588880044715,4.234186247339462
1038,6082.03125,5.341833076719966,8.486335793165317,6.014657817824388
1039,6087.890625,5.5823949172741765,4.660830947715509,5.096735932853903
1040,6093.75,5.602908248537724,5.339424165564831,4.927187357542099
1041,6099.609375,6.424896505514261,5.752985545021789,5.466935399308094
1042,6105.46875,6.191101830525367,5.131400790969554,3.2193761945724
1043,6111.328125,7.224766937411537,6.487972854442323,4.622593391970831
1044,6117.1875,8.89602040192952,6.505579588989185,5.489129736126019
1045,6123.046875,8.288378027075936,5.894936366788646,4.318177237540959
1046,6128.90625,7.8878492150071375,4.647630340089118,5.093487678992908
1047,6134.765625,7.273249039539482,6.016256240040472,4.5169755565212695
1048,6140.625,7.308544226100466,6.697106868164338,4.427081398514702
1049,6146.484375,6.552657991145269,6.225522201560651,4.874407871688119
1050,6152.34375,4.436550019479665,2.793290979772343,3.4308380844291433
1051,6158.203125,6.658056308869056,4.4164026476274705,4.425999387968024
1052,6164.0625,8.058168311392262,6.395771856472769,4.23088145622104
1053,6169.921875,8.513420335763678,8.228791035301526,6.201282701521299
1054,6175.78125,6.907873264432423,6.760782343149003,5.824703008279274
1055,6181.640625,5.713298486262106,3.52311200617743,4.473717776803208
1056,6187.5,6.92789183184528,4.890956309913307,5.207827218319368
1057,6193.359375,7.436131074539303,6.584839342530101,5.1707194013728275
1058,6199.21875,7.195831312996266,5.026797796623307,3.5291656775765
1059,6205.078125,5.676503070972586,3.943528901413643,3.544993092209737
1060,6210.9375,5.7465012125463355,3.2154790742522206,3.7452446798585015
1061,6216.796875,5.560034968962493,4.750246924682257,3.0868752282709955
1062,6222.65625,6.406446427594982,5.4418194229649774,4.565866927659607
1063,6228.515625,6.407816478765747,4.074273661520955,4.448497189404966
1064,6234.375,5.022009134201516,3.3310418699890034,3.9128317661046843
1065,6240.234375,5.651273473340119,2.9171004554506332,2.461491044493815
1066,6246.09375,6.3003088645268965,3.888144456536537,4.09519914324601
1067,6251.953125,6.279068981350133,3.3498109867743935,3.3161405275361093
1068,6257.8125,7.078356726146061,3.7107273647976813,3.3487536533780893
1069,6263.671875,6.610450676657133,3.4905968376340355,3.7630615693738036
1070,6269.53125,6.841773153858001,3.1339426428311215,4.574856009536865
1071,6275.390625,7.0599112510069775,3.587932321555419,2.862920972761039
1072,6281.25,5.400590082247129,3.0762314425322894,2.33484049918381
1073,6287.109375,4.9387566773622975,2.550450239427455,1.9471818801845733
1074,6292.96875,5.330482780367599,2.940057364613933,2.1701352136517293
1075,6298.828125,3.702691552149038,2.404086619549267,1.9070056145143082
1076,6304.6875,5.593572040326601,2.800243795684607,2.6651644050898016
1077,6310.546875,6.218619950013837,3.2165396947200464,2.878717716222652
1078,6316.40625,6.223963535078975,2.860697182827979,2.8112091120007485
1079,6322.265625,6.497840607044254,3.061030670714343,2.855594596126036
1080,6328.125,6.394461752257207,3.2510014318667655,2.727346960050431
1081,6333.984375,7.437634998202148,3.799447181210928,3.5352004927062115
1082,6339.84375,7.182937163203665,3.9786604613905356,3.4863469882887057
1083,6345.703125,7.508917352873808,3.7745449345559248,4.072488873324114
1084,6351.5625,8.619726294488817,4.940858366563697,7.072021896769347
1085,6357.421875,9.830928712384388,6.054063872250571,5.982686382705317
1086,6363.28125,8.544594845901031,4.447322946212009,3.7708809369739535
1087,6369.140625,6.964087862993387,3.7065616431638757,3.4555670528233255
1088,6375.0,6.637035619159736,3.510068647880277,3.1286704239116205
1089,6380.859375,6.514439374954501,3.4338679067113196,2.870383046160633
1090,6386.71875,6.781620345797174,3.0680754274005593,2.802509965076096
1091,6392.578125,6.949329198420971,3.115018391028173,2.6159670254865217
1092,6398.4375,7.410881040183833,3.053956528219676,4.1063506862793995
1093,6404.296875,8.557880208012103,3.2104183396544936,3.71807917073266
1094,6410.15625,7.930390124564695,3.265439524618568,3.466716022923987
1095,6416.015625,8.331913289041582,4.2303960205569595,3.403239747075904
1096,6421.875,8.022166700690791,4.437469160820305,4.2928155591736665
1097,6427.734375,7.711563648000558,3.772122748991471,3.546937089207753
1098,6433.59375,6.725460415855785,2.7000051004274566,3.494362047690553
1099,6439.453125,7.741196219470033,3.3996518652416325,3.591435080483475
1100,6445.3125,8.041272945075137,4.760123986469304,5.210793463356414
1101,6451.171875,7.586857736552488,3.8761081261474604,3.780847812235488
1102,6457.03125,6.087145902343327,3.7217931261569097,3.2478449221526304
1103,6462.890625,5.801392274731431,2.5553944189050783,2.184249650530591
1104,6468.75,6.154902296995247,3.9998214165709105,3.4000676533778713
1105,6474.609375,6.215611710152959,2.725170971970054,2.748176237380623
1106,6480.46875,6.554012649871401,3.0525813301491076,2.303024540252085
1107,6486.328125,6.04860445660683,3.3521036872897962,2.9034001875638693
1108,6492.1875,7.193330427615452,3.4423036906684374,2.584964873381924
1109,6498.046875,8.997179542028107,4.9961831293845105,3.877947606518114
1110,6503.90625,9.548690647783358,4.700311997757147,5.6260384582993135
1111,6509.765625,9.462392295537953,4.263855381721148,6.019092779030631
1112,6515.625,10.100883102530695,5.519797802617857,5.327701856017703
1113,6521.484375,11.431899249385204,5.81329485506164,5.199416570629215
1114,6527.34375,10.97105688259874,7.1905648592721105,5.3345144406340745
1115,6533.203125,10.36716555052274,4.9980876712247095,5.839446361972493
1116,6539.0625,9.991025786498767,4.647515222848344,7.286684529769439
1117,6544.921875,8.327488805108848,4.12117170423571,4.754505598944624
1118,6550.78125,7.386747456148249,3.754227233001086,4.22392987065318
1119,6556.640625,6.88810692828201,3.071182497563642,4.412323890228565
1120,6562.5,7.693821352026135,3.336925032543812,4.05456543802037
1121,6568.359375,6.965522425134045,3.124047680946574,3.407212974368773
1122,6574.21875,5.8593258014977305,4.016073278259839,3.316478407786401
1123,6580.078125,5.595301085337068,4.881188616729512,4.370911452235102
1124,6585.9375,5.525118598445706,4.181202043569177,3.9784459746496745
1125,6591.796875,6.067219778651825,4.043964673148043,3.6117823329886405
1126,6597.65625,5.3075109559293745,2.58047401200755,3.1756142776099137
1127,6603.515625,2.467028114561391,1.4205531420304778,1.791952404758599
1128,6609.375,4.761163103843986,4.035731605491669,3.150282420006681
1129,6615.234375,8.635458117774972,5.927460104983583,4.066052670438992
1130,6621.09375,8.440596070796893,5.684076271132742,4.129049720732125
1131,6626.953125,6.988746693046626,3.975470416101534,3.6369406719379844
1132,6632.8125,6.298925045769025,4.869374621594124,4.048787815657998
1133,6638.671875,8.88865496726865,4.512036554477858,2.944049688501472
1134,6644.53125,10.85493175054701,5.341115838716647,4.339150615149919
1135,6650.390625,10.74679937453175,4.943937872364902,3.8924303405990908
1136,6656.25,6.251037039117659,3.0299288330480776,3.243190304190566
1137,6662.109375,5.109353897877393,3.334065259253066,3.0353602312348684
1138,6667.96875,6.8974351853948255,5.178771024440867,4.8624150462068645
1139,6673.828125,7.3810294247166475,4.477125947978568,4.052198149852448
1140,6679.6875,7.301895715009309,2.68082331048472,3.2615839816764796
1141,6685.546875,5.966290547497301,2.952147967022275,2.567752287203678
1142,6691.40625,6.36888056459755,3.4365389389056222,3.3478799730149276
1143,6697.265625,6.428919619491226,3.6099733804212857,3.732199596450213
1144,6703.125,6.09064198829823,3.324191753763853,3.298008958332722
1145,6708.984375,6.994704239286578,3.7292406948718773,4.049913076086844
1146,6714.84375,4.986868915583342,3.0265214566220378,2.28438879811353
1147,6720.703125,2.572382022043711,0.9577060536788518,1.5995561234794642
1148,6726.5625,4.404092116548304,1.602837353339607,2.8806560710161313
1149,6732.421875,5.885715040765771,3.3908260733257904,5.056855295408366
1150,6738.28125,6.2619358825801035,4.3662144125489135,3.9870422699933226
1151,6744.140625,4.564524915887834,2.389267045848497,2.1383097606231467
1152,6750.0,3.532259027045241,1.9504246633422055,1.6729158848716106
1153,6755.859375,4.617976634429517,2.4178366743846844,1.7248323905447802
1154,6761.71875,5.403792525300108,2.512997064507267,2.7487002967779803
1155,6767.578125,7.060833830498733,3.507525030168304,4.311939069077443
1156,6773.4375,7.018929736846164,2.9288394748613316,3.232621936407898
1157,6779.296875,6.328693724966959,3.088650587839681,3.0072968847891706
1158,6785.15625,4.625607679276033,2.310663292920423,2.1762424383218
1159,6791.015625,4.472989315889465,2.4448333261631197,2.0340938253717176
1160,6796.875,6.677611528705614,3.639954635188576,3.1031174809011204
1161,6802.734375,5.823350028758791,3.9123379078912075,3.3093816166838304
1162,6808.59375,3.678753195008223,2.7156768820704382,2.914886336000095
1163,6814.453125,4.612728594025923,2.401830842141775,2.237513952429474
1164,6820.3125,5.741148804400538,3.1202572427664776,2.817096962538998
1165,6826.171875,7.254494195628336,4.248390549142844,3.8725362490264796
1166,6832.03125,6.904686313572641,4.794168948740639,3.5122696848747457
1167,6837.890625,4.363571360074569,2.9048735214152,3.563082816018267
1168,6843.75,4.08985743404284,1.7462247588164903,2.5156796503860304
1169,6849.609375,4.86536982529265,2.0660340194111173,2.477200708571338
1170,6855.46875,5.3226096350619985,2.619543408305854,2.9625431687174872
1171,6861.328125,6.294351511268605,3.7971195870490453,3.631894474700587
1172,6867.1875,5.082628449376695,2.051228523196539,2.634280090266885
1173,6873.046875,4.964288684069772,2.201629616396537,3.051671946197958
1174,6878.90625,4.009024723401637,2.159481188204859,2.7365350201302543
1175,6884.765625,5.810485671331745,2.3182148170077133,3.0728960448869014
1176,6890.625,5.603421344378565,1.8296314200106027,2.3814890207892874
1177,6896.484375,4.341024927526548,1.5874012642053903,2.3363668770362573
1178,6902.34375,4.49077582137875,1.7137023963880944,2.392011419993732
1179,6908.203125,5.6191671140431145,2.28193846898335,3.1297439467664505
1180,6914.0625,4.827866555014063,2.777627210270097,2.720589466988812
1181,6919.921875,3.20310830441047,1.723697404616975,1.223359221332446
1182,6925.78125,4.539791395668953,2.0779831201182697,1.8440991569356548
1183,6931.640625,5.00155067149114,1.8707859716730502,1.979323871474077
1184,6937.5,3.576653940372555,1.3468559198723953,1.8266422888617593
1185,6943.359375,3.4733757871648088,1.0897634814768251,0.9956385598309688
1186,6949.21875,4.3160488170964895,1.5838689019797405,1.1708663444740042
1187,6955.078125,4.799272269535942,1.8119208105655804,1.7046743574192267
1188,6960.9375,2.8494478102099774,1.3625563138124124,1.4175123491272792
1189,6966.796875,3.4166596434757444,1.3577256392121102,1.1569252241660137
1190,6972.65625,4.54572853703767,1.6175714543796762,1.6832021533920494
1191,6978.515625,4.706987515318369,1.8229887861994436,1.7130263190449666
1192,6984.375,4.1957209740290535,2.153269404128813,1.6208641108667954
1193,6990.234375,2.3505147314366086,0.8962624588759275,0.8911330939650635
1194,6996.09375,3.4702684980539074,2.1139305598110676,1.101650452090533
1195,7001.953125,2.430354088772631,1.0428109005918333,0.6694008759610739
1196,7007.8125,1.1834140249456444,0.75,0.950278269804209
1197,7013.671875,1.2265524058159607,0.75,0.5609312096485702
1198,7019.53125,0.6425293342441925,0.75,1.102807502000714
1199,7025.390625,2.7608084526403025,1.3384823311049032,1.2935288369698346
1200,7031.25,3.2538293358872044,1.7654076993401695,1.271603920110698
1201,7037.109375,1.5460783688894317,0.75,0.9622545405453519
1202,7042.96875,3.142365783462802,1.368298134468914,1.0575029968596381
1203,7048.828125,4.755160558341095,2.09756136894861,1.5237367122371153
1204,7054.6875,4.260161481159702,1.995729582560973,1.161945676786333
1205,7060.546875,2.8552701543493253,1.3946294723688872,1.0554869524516455
1206,7066.40625,3.9130514628265147,1.840860619290614,1.9798749198379084
1207,7072.265625,6.905501556164749,3.3637875052244635,2.585108561080326
1208,7078.125,7.152606482624515,2.8362619489353045,2.6597734809495726
1209,7083.984375,7.546672871939293,3.0326166326936397,2.5292436238970097
1210,7089.84375,6.897569890080423,3.157299595496311,2.734570407782507
1211,7095.703125,5.363801710524777,2.843017235513154,2.1163521869081476
1212,7101.5625,5.948836707202423,2.971683818803177,3.137302849180288
1213,7107.421875,6.612821498903086,2.2621370823177376,2.2010020347374346
1214,7113.28125,5.1693819911701535,1.6172668063051296,1.3737415871581624
1215,7119.140625,4.971609915438062,1.5893360376826098,1.176138243202367
1216,7125.0,4.319518738302728,1.680674094066603,1.5280626631002312
1217,7130.859375,4.474430623898546,2.2697463060217,2.2528221931207977
1218,7136.71875,4.014173649875438,2.304614537260951,1.9265319373812138
1219,7142.578125,2.8239323252031534,1.2486804459551675,1.1493190704582295
1220,7148.4375,3.354567647486516,1.4114848396562203,1.8061978342587424
1221,7154.296875,5.340764815101604,2.5629322783245647,2.539446388629539
1222,7160.15625,4.950592275308418,2.2018071064746376,2.392626348402273
1223,7166.015625,4.447139093143849,1.3467728779383241,2.018761792023577
1224,7171.875,4.20888047183949,1.5410429859444363,1.838175599810474
1225,7177.734375,4.458826241538293,2.4354398206855294,2.618600900240791
1226,7183.59375,5.659341403958894,3.581975395845298,2.668875679642357
1227,7189.453125,7.12772845795396,3.2946627526133767,3.0570475382190856
1228,7195.3125,6.058913024821826,2.924280775387092,3.028002273905609
1229,7201.171875,5.311283316575684,2.2299436902072873,2.797055613803881
1230,7207.03125,5.736236798714023,2.6576595115305,3.1247531075374058
1231,7212.890625,6.584572272031378,3.0748476575798622,3.467437523381639
1232,7218.75,6.989862814722953,3.789634499660817,3.1513003905779873
1233,7224.609375,6.051405360817339,4.112506411830835,3.010612398838446
1234,7230.46875,5.663624092977255,2.6273916345956545,2.389305832147899
1235,7236.328125,5.651941932608782,2.692451961830539,3.236755279640934
1236,7242.1875,6.048046298077655,3.0321152419519795,3.11721361491897
1237,7248.046875,5.165019505645091,3.2471221051518633,3.002020186028932
1238,7253.90625,4.583781241968597,3.3498206326464857,2.396176348978427
1239,7259.765625,4.929568798074154,3.0273078341846764,2.9631188603503733
1240,7265.625,5.197893251233515,3.2135571734224397,3.0268290452407807
1241,7271.484375,4.011237446789751,4.381099776641495,3.8522743728394913
1242,7277.34375,2.6443381831499484,2.0090692597789337,2.090958592140007
1243,7283.203125,3.95267445436484,2.9488204743916286,2.6386494643419436
1244,7289.0625,4.381774024573627,3.279102216415794,2.9191739777032026
1245,7294.921875,4.528976731454268,3.6430302014756366,2.9825026082746118
1246,7300.78125,5.061194962814659,4.204249477928064,3.486302077585814
1247,7306.640625,4.91731490211905,3.478784124611738,2.668146328484992
1248,7312.5,5.205585414579131,3.6428317998060695,3.2383090160510264
1249,7318.359375,5.69023450496631,4.495780726180947,3.9790671040674455
1250,7324.21875,4.273837160733211,2.673166738166984,3.083244048236518
1251,7330.078125,4.609566100046089,3.348160878217274,2.6852644462717654
1252,7335.9375,6.135450788046852,4.930545061096588,4.691183481664882
1253,7341.796875,6.768966353131413,5.3057364857979925,3.8190736814889297
1254,7347.65625,5.558940018874329,3.0092120207669977,2.9122224187569246
1255,7353.515625,4.775046839205509,3.137853520117909,3.109014463480068
1256,7359.375,4.753025677573267,4.007957294790405,3.2562057796082358
1257,7365.234375,6.033114524958474,4.458816204164807,3.822206157741647
1258,7371.09375,5.975037063069649,5.124508515010183,3.860121718645162
1259,7376.953125,6.272184229832296,4.847908866746835,3.450809506599521
1260,7382.8125,6.980016033374958,5.112957084932649,4.409966487673862
1261,7388.671875,5.65623181266711,4.200870703245873,2.9865044709747925
1262,7394.53125,3.2657395551614914,2.583325472627954,2.080450633723165
1263,7400.390625,4.845710193664764,4.578773590019196,2.4004406420388094
1264,7406.25,5.246891603843846,4.067844070609843,2.821013951347305
1265,7412.109375,4.6691862741375045,4.022642891211888,2.746338711534725
1266,7417.96875,5.241507139907207,5.037102083749078,4.252858536135275
1267,7423.828125,5.442342754385035,4.425101076361516,3.4142781060278398
1268,7429.6875,4.615252734713115,4.494244048428943,3.5784118245674814
1269,7435.546875,4.03488240693012,4.51440841427658,2.68248868187917
1270,7441.40625,3.749643244007664,2.541745154166087,3.0676665186683145
1271,7447.265625,5.72798501548618,3.2884569178025442,3.4871310266115407
1272,7453.125,5.775807343098249,3.4005929585035752,3.185608822977738
1273,7458.984375,4.803223678326591,2.80116276901564,2.654669704576722
1274,7464.84375,4.811803440832533,3.23025151576418,2.6425924265618943
1275,7470.703125,4.945095432661173,3.460090700538809,1.900223045989884
1276,7476.5625,6.151406630718943,3.376250715173912,2.4411894356185213
1277,7482.421875,5.799903658691227,2.4748838079899627,1.9835065697201104
1278,7488.28125,5.1018150751879565,3.225381878743354,2.8389904521669616
1279,7494.140625,6.226514461972203,5.638710003184055,4.24443521990884
1280,7500.0,6.475794043687271,5.561493252774463,2.9881666022663556
1281,7505.859375,6.70426177183483,5.61395812198497,3.151126563745223
1282,7511.71875,6.163571691287061,3.9493953601509784,2.47888295130074
1283,7517.578125,6.0690317000821565,5.173903129633014,4.512031669165464
1284,7523.4375,6.245923729688042,3.8850255518081855,3.3276749540059516
1285,7529.296875,5.68835709828619,3.401993023287048,2.854313998906501
1286,7535.15625,4.928937629085852,3.7626672857784413,2.6483309450817356
1287,7541.015625,4.013970711721226,4.44411590819008,2.735336282301732
1288,7546.875,4.874619221437346,3.477236350040851,3.0119387238000206
1289,7552.734375,3.769051369645307,2.8222112215906914,1.8514335493668268
1290,7558.59375,1.1025472756059018,1.1377589209308963,0.9185337855490372
1291,7564.453125,2.485761764976584,2.2010528476293,1.286053074605902
1292,7570.3125,4.480370963516464,4.657296294269108,2.54107372065831
1293,7576.171875,5.254752948159224,6.181011118473505,3.4669863043249345
1294,7582.03125,4.887497501243885,3.8104910156711704,3.171268245926615
1295,7587.890625,4.79451563815589,2.5895527349248866,3.2211973159400165
1296,7593.75,4.997305406377728,3.2938583705149904,2.397338686273628
1297,7599.609375,6.419299956517013,4.283010462819807,3.11370494646931
1298,7605.46875,7.471991715352601,3.8776226615526856,4.5800270555131775
1299,7611.328125,8.316099647588237,4.536850170427822,5.410945479014131
1300,7617.1875,8.325326390287334,3.279474139977954,4.53173921535751
1301,7623.046875,8.33649185198014,3.0427340843279342,4.023628534057421
1302,7628.90625,8.793190607779884,3.3408371616725887,4.635737209861216
1303,7634.765625,8.58658990279558,3.4066669812942876,4.1898958984616845
1304,7640.625,6.994033183831884,2.995214902744203,3.821814759356106
1305,7646.484375,4.64623497429679,2.0269381408799605,2.254284413762359
1306,7652.34375,5.2976988732669135,1.7377805878670494,1.7678114912103984
1307,7658.203125,4.50239185828369,1.861119430332318,1.4299070865831662
1308,7664.0625,4.557882085891721,2.114669530387147,2.1647305800572
1309,7669.921875,4.759280240909479,2.4630157764238647,1.8488030190085556
1310,7675.78125,6.584259702766761,3.3375795213782222,2.7897782892871046
1311,7681.640625,6.619433745076012,3.4707850322625573,3.354970486700798
1312,7687.5,5.9160781962566125,3.289416272595803,3.216747552798633
1313,7693.359375,4.808725020770564,3.755490374334192,4.056947496341574
1314,7699.21875,5.293156888500925,4.267498851445953,3.2610591543321945
1315,7705.078125,6.372919857427455,3.628106257190571,3.4087283629833336
1316,7710.9375,7.285722265529059,3.6165325356397036,3.581640605814177
1317,7716.796875,8.143979609288257,4.800367796901602,4.009311606238985
1318,7722.65625,6.930869565922838,3.086481323312465,3.619023077763285
1319,7728.515625,7.264681572955927,3.20129031785486,3.46018030317657
1320,7734.375,8.171450112320246,2.9338528177739267,3.9790741076872176
1321,7740.234375,9.731971797226825,4.16328587768003,3.704399826848272
1322,7746.09375,8.819676598702001,3.307067566364646,3.180891575149254
1323,7751.953125,8.38763876959344,2.5669278694201005,3.30799359910749
1324,7757.8125,8.252989112194278,2.6195616186162884,2.931514751874472
1325,7763.671875,7.6318826073125825,2.9104818126459886,3.622473375468521
1326,7769.53125,8.044012003046436,3.1279826852405375,3.37851651859654
1327,7775.390625,9.011076693146018,4.031149011011573,4.070285897623351
1328,7781.25,8.604399602132236,3.811300747351063,3.312159513084762
1329,7787.109375,7.389001412952993,2.8353582770755166,3.175213090572905
1330,7792.96875,6.558424376882351,2.6891277106970644,2.4303628492590366
1331,7798.828125,5.551727278821563,2.7841300836945284,2.3542789132199013
1332,7804.6875,5.56257472364826,3.2749042706077134,2.8418020737516856
1333,7810.546875,5.82108339904199,3.372635457091467,3.922220515616907
1334,7816.40625,5.034864598456106,2.7902956436991078,2.726089926370739
1335,7822.265625,4.6631314762590375,2.6206953515674627,2.611023375695931
1336,7828.125,6.238770230328523,3.297099396617014,2.3476677535944983
1337,7833.984375,8.51363609830985,5.613968603105937,4.257837988575509
1338,7839.84375,7.8470579305773835,4.72848879070466,4.601707565380515
1339,7845.703125,7.391479672305704,2.8042819386862146,2.7721023518871384
1340,7851.5625,6.210046779337454,2.0449503610314483,2.2070301483546184
1341,7857.421875,5.223535278984936,2.3022392003742973,2.0041015540732245
1342,7863.28125,6.777299674405072,3.148523831281816,3.578237600367004
1343,7869.140625,7.946845684488442,3.1415983778664467,3.3571615685989946
1344,7875.0,7.717868196156249,2.8210860592847973,3.3186200931073038
1345,7880.859375,7.259344192188225,2.630167052871637,3.04259555289251
1346,7886.71875,6.615635739208787,3.2417838777380865,2.971951495444196
1347,7892.578125,7.997017770184019,3.9333398037337073,3.3444823343611167
1348,7898.4375,9.419994112770862,3.557938801708668,3.035410494058914
1349,7904.296875,8.992257325053515,2.956577165889282,2.820186689294446
1350,7910.15625,10.305445040206555,3.9033139369797074,3.4327725242352303
1351,7916.015625,10.178771529504631,5.122490850654453,3.9918820048146686
1352,7921.875,9.466334509169432,4.577645374770648,3.880953543678821
1353,7927.734375,9.69971217866285,3.920620683255937,3.7443521798912363
1354,7933.59375,10.850405172954972,3.770713322818213,4.432373799283271
1355,7939.453125,10.478667597997006,4.550040255179047,5.058665996473745
1356,7945.3125,10.35705994506994,4.53605091705473,4.553238089820078
1357,7951.171875,9.71286108111515,4.718668300849355,4.785712715404864
1358,7957.03125,8.86207702312792,4.700761211264393,4.181369663252286
1359,7962.890625,9.056184801472666,4.171220488782014,4.494033499183136
1360,7968.75,7.822468456894444,2.960631499899037,4.948654831177519
1361,7974.609375,6.113097278317874,2.312556069656811,3.1159857709337135
1362,7980.46875,5.690118861019605,2.259158333187146,3.1559082693975435
1363,7986.328125,7.921664228993717,2.848952640104137,3.262153487498778
1364,7992.1875,8.08616748947503,3.4365514516825195,4.498961992093917
1365,7998.046875,7.788771228249683,4.253859363635338,3.4497701870891366
1366,8003.90625,8.051373310637379,5.706823113310372,4.20486886132873
1367,8009.765625,7.989825778910778,4.401312039589493,4.3130510039739915
1368,8015.625,6.9223399347036585,3.765866726803561,3.8042480299664376
1369,8021.484375,7.634977143374583,3.5833339282608705,3.4322054982432166
1370,8027.34375,7.862712813347418,3.1989881620064757,3.4599208150971617
1371,8033.203125,7.345369867452616,5.190540436314959,4.774649497607732
1372,8039.0625,6.366226159706798,3.5500431419213596,3.5348374541863055
1373,8044.921875,6.7722026603769985,4.073700772404209,3.59404000211877
1374,8050.78125,7.665189824425525,4.990618950291601,5.1155779200403435
1375,8056.640625,7.961266904484997,5.6661781150284,5.034378869377083
1376,8062.5,7.75060140740939,4.870021908512461,4.267047887043266
1377,8068.359375,7.669561961371606,5.699553586368538,4.803167192478544
1378,8074.21875,9.764524784955364,6.820393505132092,6.811153147352783
1379,8080.078125,11.315720625558274,7.024662523536695,6.68095546656762
1380,8085.9375,9.763163931049373,9.830381133899712,8.169706020260803
1381,8091.796875,8.866410196110563,9.506476168795974,6.063858466807574
1382,8097.65625,8.934667318110982,6.221370303242476,4.780358668126863
1383,8103.515625,8.383240518607519,6.1134770995198195,6.656356912732834
1384,8109.375,9.135906479533089,5.813103805082095,4.332413201356832
1385,8115.234375,9.160422682550012,6.543575111473297,4.553086830700337
1386,8121.09375,7.490950042156367,4.691219107878922,3.5615611918025203
1387,8126.953125,8.10954283525116,4.082988557343614,3.749837172615754
1388,8132.8125,7.721907081866147,4.5345226390935425,4.610573687606508
1389,8138.671875,8.00585848040917,5.398027088171088,4.05130464740782
1390,8144.53125,7.073611699623273,4.985269805929326,3.198140848088396
1391,8150.390625,6.714193579526054,4.136871666873931,2.8572570953972147
1392,8156.25,9.545906858287074,4.057946672047661,3.754882198912113
1393,8162.109375,12.072063404424066,5.424958037015901,4.392303498955015
1394,8167.96875,13.30780867963771,5.70770879490397,4.8463030507971485
1395,8173.828125,13.477406345898522,7.036612858879011,4.347462191413123
1396,8179.6875,12.389966459058938,5.475305265748034,4.25143428681623
1397,8185.546875,13.396308063469634,4.754165884283349,6.09526688974884
1398,8191.40625,12.671444561952736,4.828879546144682,5.494946741458914
1399,8197.265625,11.372493414425966,6.156886015467274,6.015231838592088
1400,8203.125,10.449926938921726,9.338608397773253,6.271432921204753
1401,8208.984375,9.586169104855323,9.198034333004221,6.7570824716098485
1402,8214.84375,8.369316763315659,5.827500525573544,4.566477671960197
1403,8220.703125,5.774113562071336,4.464768196265816,3.4923626021044867
1404,8226.5625,7.634956877137352,3.417488607856189,3.7275904587968727
1405,8232.421875,7.546009357816261,2.861920623358338,3.4334724078297776
1406,8238.28125,8.958947659613983,3.219508681897591,4.142862565883848
1407,8244.140625,10.582953013850311,4.005999157629566,4.426104183588659
1408,8250.0,10.559992147805858,6.6532295126067975,4.330997454491358
1409,8255.859375,10.222566320128882,3.6142158519336203,4.736904006530583
1410,8261.71875,7.889118795046536,2.6328611561946857,3.6579721104484153
1411,8267.578125,7.347820814881636,2.22721148359972,2.2235420401767425
1412,8273.4375,9.280250982807903,3.3294965565091754,2.8995224058643387
1413,8279.296875,11.470956741086194,6.083043494619481,3.444802829764071
1414,8285.15625,10.291428410715957,5.591770240475166,3.6023620813437107
1415,8291.015625,6.605900568647132,2.7362715395102617,2.3657314806709744
1416,8296.875,9.808515227187842,3.3702911874575667,3.0890833800485473
1417,8302.734375,11.49031684469438,4.355785626972853,4.522479967995413
1418,8308.59375,11.149141027135464,3.7584501682304747,4.769539247819886
1419,8314.453125,10.387324224768587,3.6772502976451644,4.532314993096586
1420,8320.3125,9.579734039742645,4.039158547545807,4.056393344133618
1421,8326.171875,10.609845451420334,4.0487071212179355,4.11190482288972
1422,8332.03125,10.51419420351422,3.5745723207031275,4.712866488322246
1423,8337.890625,8.85243457211092,3.9206569551497403,4.0278052175314585
1424,8343.75,8.483295666561727,3.2951622483821184,2.7890694784774603
1425,8349.609375,9.516292534947857,3.997252336727846,3.3190638085109767
1426,8355.46875,10.20563474275708,3.9063840889203574,3.184724272638232
1427,8361.328125,7.482631176711399,3.128503288209754,2.686731385614142
1428,8367.1875,5.382768125911737,2.304891998158592,1.9488172256652605
1429,8373.046875,5.871354319964088,2.180027233738346,2.206015776949075
1430,8378.90625,4.665730383365166,2.383139633327583,1.9862934535858126
1431,8384.765625,3.902393353736648,1.4583295194317478,1.425566838279357
1432,8390.625,4.799807992803702,1.6530016653311275,1.4943672038501186
1433,8396.484375,5.472843098951659,1.9274189398863215,1.511991803181263
1434,8402.34375,7.582442312836743,2.443657087376105,1.9131183332335309
1435,8408.203125,7.910649241679152,2.7465219476474183,2.4330922790548195
1436,8414.0625,8.84920933980737,2.3217910806314763,2.9914066655377303
1437,8419.921875,9.867292733790226,2.788381144509783,3.0540880881164045
1438,8425.78125,11.582812565553619,2.417940625469923,3.4341417660857902
1439,8431.640625,11.841495876488661,2.614361334549149,2.894511624987875
1440,8437.5,9.396741381401535,2.743153175194064,3.0304379275561044
1441,8443.359375,6.541381977995032,1.9960596101262944,2.2824698853933207
1442,8449.21875,6.909710902824893,1.878142987492448,2.4016588008846167
1443,8455.078125,9.109936885384343,3.0999665960880245,3.4258550372699608
1444,8460.9375,10.325387521769747,3.1182574171852417,3.293291425644101
1445,8466.796875,7.929607257748593,2.7133586475733487,2.5135651477998198
1446,8472.65625,5.496678285699046,1.6620970495797804,1.3239338973878496
1447,8478.515625,4.14120347757124,1.7371792603183351,1.5683486488972107
1448,8484.375,6.133097331624184,2.1157274750266497,1.9338046543761591
1449,8490.234375,4.43232619271056,1.8452827596119934,1.4788473537395845
1450,8496.09375,4.718294277404425,1.6502010827862015,2.2230757599300106
1451,8501.953125,5.609714345263857,2.2700057561925924,2.6064720040582676
1452,8507.8125,6.513824120988893,1.969576909216796,2.1126186928295048
1453,8513.671875,6.764292258737653,1.9354809075406612,3.6669086781356603
1454,8519.53125,7.4271929239732914,1.6718735040880093,2.4284662038755913
1455,8525.390625,7.117904028832822,1.7943073642673761,2.6264075273519283
1456,8531.25,6.726533593595672,1.8814210775331395,2.6739012910256426
1457,8537.109375,7.3473764846727905,2.4852264695340125,3.1851217069935123
1458,8542.96875,7.0070746609049985,2.4714003591048312,3.916420144700071
1459,8548.828125,5.8778277613095335,1.641866201665085,2.2412665938347525
1460,8554.6875,5.8738613829406665,1.8559703707028925,3.0164853426198373
1461,8560.546875,7.572813142647144,2.306669314468901,2.49065178267614
1462,8566.40625,8.228130698353397,2.382502784326607,2.9494602698162296
1463,8572.265625,6.74840686660841,2.051276130344382,2.864252688176799
1464,8578.125,6.336593490930069,2.043526564007555,2.9441036099791846
1465,8583.984375,7.06355288486668,2.116651516728962,2.4447961648644454
1466,8589.84375,7.30324336811727,1.8628430348671228,2.147603490006911
1467,8595.703125,7.275556848901128,2.113075604256154,2.2397711786707943
1468,8601.5625,7.269309272834489,1.7228555221920914,2.05691678610216
1469,8607.421875,6.6148955715836495,1.93011951236213,2.080836307775943
1470,8613.28125,7.8143473014393585,2.0076451598229577,2.058040937635106
1471,8619.140625,9.770803794725953,2.104213887690206,3.3001158697461754
1472,8625.0,10.783965574458973,2.72972773570473,3.337067901793639
1473,8630.859375,8.259999263097123,1.8054305878838974,2.8634681373586104
1474,8636.71875,7.8477351013691115,1.6923361970745758,3.014815918159756
1475,8642.578125,9.226273757870214,2.191873860154722,3.274110550796764
1476,8648.4375,9.217230500428993,3.621352715414786,3.65932659068538
1477,8654.296875,9.32020419804644,2.8517954723852568,4.188504243712021
1478,8660.15625,8.091629650154058,2.311149094204891,3.773814075667003
1479,8666.015625,7.106454697530275,1.777736694339552,4.4385219102882365
1480,8671.875,6.255186368179854,1.8900991774742102,3.044880666050716
1481,8677.734375,5.102531960899315,1.6691832891223695,3.670902603010314
1482,8683.59375,4.489178684351518,1.69476164119284,2.580253796365715
1483,8689.453125,5.4449022045546105,2.1524410133402627,2.868528525877986
1484,8695.3125,6.817722441120484,2.0809674957964663,3.322031551117619
1485,8701.171875,6.912500643423159,2.0089123990779907,4.011967324829683
1486,8707.03125,7.643898846535639,2.2918442176752607,3.05570904495519
1487,8712.890625,7.760709894914992,2.9880341653166216,3.3267722682081695
1488,8718.75,7.976441407432502,3.74579124907817,3.650986086889635
1489,8724.609375,7.453827792734638,5.191432696434292,3.8532655838261656
1490,8730.46875,7.172395308960631,3.753578310455824,2.858454418607779
1491,8736.328125,7.867097977417081,3.287851811789216,2.8096116295771796
1492,8742.1875,8.584467396251709,3.1113922621914885,2.901902880102655
1493,8748.046875,9.235392987090249,3.928220480842093,2.652573537384156
1494,8753.90625,11.867642139950656,5.411171672940927,3.3982691054686542
1495,8759.765625,11.591166278596742,5.234897639687791,3.315435608698704
1496,8765.625,11.884409722339633,5.223422699393786,5.185849944495167
1497,8771.484375,10.3838143314403,3.9843464309020473,3.4037909430952427
1498,8777.34375,10.49604626483827,6.355400316713178,3.790926349391435
1499,8783.203125,11.21796393407841,5.465498240646935,3.29871172117715
1500,8789.0625,9.516090806299365,3.4524587463391514,3.405143087611956
1501,8794.921875,7.669621331587236,2.64355783281855,3.3307721198343287
1502,8800.78125,6.322187760563291,1.8254425481501186,2.605564740379122
1503,8806.640625,8.006593911223044,2.8409825263401665,2.0922565591122364
1504,8812.5,9.070227153331055,2.7305766427835696,2.303026789159762
1505,8818.359375,10.026164607261213,2.859664486140127,2.772882266115858
1506,8824.21875,8.929061861911006,3.2074944301380235,2.6373477958173033
1507,8830.078125,6.997458245586589,2.6206333069160954,1.7510498145133444
1508,8835.9375,7.868372016533529,2.4570235893583554,2.20320228121798
1509,8841.796875,8.199454722354341,2.32763235974349,2.496809200560115
1510,8847.65625,8.478213602904326,2.341757482431566,2.4594199314384495
1511,8853.515625,7.780260661261592,2.370171171594447,2.165506036466249
1512,8859.375,7.4149534727366575,2.381425949012984,2.1132479319313555
1513,8865.234375,7.610992314617081,1.9408259506784638,1.8487827298363924
1514,8871.09375,11.618339217896585,3.521233544679906,3.2537967671998707
1515,8876.953125,12.242794226094718,3.8349827816095203,2.734430635285731
1516,8882.8125,11.498294791163516,3.7651008745505887,3.6981459682595093
1517,8888.671875,10.40679001630131,3.918835847506338,2.784197113111298
1518,8894.53125,9.116442442498176,5.30993830497969,3.071735505825348
1519,8900.390625,7.385297121756836,3.0079720099884044,3.3065180655984214
1520,8906.25,4.953087600277884,1.2434882666517717,2.0022160621727347
1521,8912.109375,5.2206527372048726,1.162341291039868,1.5024666886831184
1522,8917.96875,6.203264815823948,1.659655869881504,1.985749474890431
1523,8923.828125,5.948009439717568,1.7477884591623032,2.2914320039779295
1524,8929.6875,5.360810641986253,1.23728030150831,1.430695176674988
1525,8935.546875,5.837463023828887,1.4377532042096284,1.305731468724744
1526,8941.40625,8.24701456318428,1.6032581790442224,2.0561229752751924
1527,8947.265625,9.464123215108534,1.5896689574878948,2.410911726914762
1528,8953.125,7.680188061523128,1.3284708355236634,1.7018043567593515
1529,8958.984375,5.018576866944638,1.0573522916417408,1.1460794686936406
1530,8964.84375,5.117076446846703,1.2363672861417692,0.8102525230765778
1531,8970.703125,7.172061135728437,1.4834427027510428,1.2821279957663418
1532,8976.5625,7.331584936153356,1.5944145223614714,1.0248408946346077
1533,8982.421875,6.545192961820178,1.44466167517916,0.9378240932522303
1534,8988.28125,4.0441503314735225,1.14762259887052,0.7486669776933557
1535,8994.140625,5.318737756187859,1.4117677544007117,1.4295039427195266
1536,9000.0,7.169223465472057,1.8263160670985277,1.8595424257361581
1537,9005.859375,6.372604443132827,1.6952531914659497,1.8837823434974614
1538,9011.71875,5.566834567144982,1.3756926764676745,1.2359854744536243
1539,9017.578125,4.337234850186905,1.1279551768673817,1.8701685705524216
1540,9023.4375,6.177961062567904,1.34568344521761,1.6451265927924628
1541,9029.296875,5.895042350009046,1.6533510799506068,1.2787980548659672
1542,9035.15625,6.221160370675419,1.4251406379903486,1.390142859977896
1543,9041.015625,7.340805214690021,1.3209605110267182,1.8543405931863652
1544,9046.875,7.588449397655076,1.2609533226401504,1.65735238842317
1545,9052.734375,6.262337442196118,2.0146759472360976,1.2480024718425382
1546,9058.59375,5.522660695600493,1.3012978906408827,0.8795299262550941
1547,9064.453125,4.3829727029593135,0.9314917213785368,0.8675902227533643
1548,9070.3125,1.557551710149582,0.75,1.5676883324519522
1549,9076.171875,3.3567978669452367,0.9844185966688928,1.7612562498986146
1550,9082.03125,5.747926978691077,2.6484207116077405,1.875954178675773
1551,9087.890625,4.578697702409507,2.1602116175206536,1.4853444176144925
1552,9093.75,0.9978583894957797,0.75,4.3945062122147736
1553,9099.609375,5.341080323206013,1.3810047145139461,2.5467697385938526
1554,9105.46875,6.5887267229743705,1.9434108206515925,2.690844360690889
1555,9111.328125,5.36547356387743,2.6634663210887535,2.6690659019947507
1556,9117.1875,4.461615151717155,1.8057487221515447,2.688053202366312
1557,9123.046875,4.853638844916369,1.5086836179809444,3.280524829894892
1558,9128.90625,7.714774510389762,1.9646540811242272,4.031633603228745
1559,9134.765625,8.810689262671652,3.151666156287133,3.3954668616508297
1560,9140.625,6.804192477315214,3.03531595622863,3.0461514571974537
1561,9146.484375,4.172163199948893,1.4557963410044048,1.4410181033821647
1562,9152.34375,3.893357664207724,1.346620489006614,1.976426384111861
1563,9158.203125,4.984449690045864,1.6605781636954235,2.2422751376430603
1564,9164.0625,4.818114341957253,1.6465272040299512,2.6025906206905636
1565,9169.921875,5.862149451244788,2.0146854770834555,2.361679039884323
1566,9175.78125,4.048000154389811,1.3955371978721594,1.9977698493947122
1567,9181.640625,6.024895099619782,2.187870514663951,2.3650531920225957
1568,9187.5,7.459305349291899,2.7880244597325405,3.059370558060807
1569,9193.359375,5.741650037230193,2.4765871627517795,2.811859975995041
1570,9199.21875,4.731541399427909,2.215682191662238,2.3479360331859813
1571,9205.078125,3.3845823455230786,0.9408306708269469,1.4291507104007748
1572,9210.9375,3.619897783157734,1.388875700518744,1.8351455490467565
1573,9216.796875,4.551380889531845,2.1180181828061793,2.10991935118351
1574,9222.65625,6.567641536615267,2.8067319947897253,2.70181655736101
1575,9228.515625,8.414306623858714,3.6889665790475803,3.509298067828055
1576,9234.375,8.766323469758348,2.894649590020013,2.767328090674002
1577,9240.234375,8.007665985595432,2.1495865504281824,3.319867314566229
1578,9246.09375,5.858718948954846,1.9998733733349816,2.2338519346856516
1579,9251.953125,3.920654290798146,1.679642868282635,2.224060390534956
1580,9257.8125,2.7797438480704044,1.368182881360671,1.668333109687597
1581,9263.671875,1.4914502027595014,0.75,1.5987020261897762
1582,9269.53125,1.2840433888443425,0.75,2.1683144756981036
1583,9275.390625,2.1342894397937893,1.0180867641041147,1.1153463196573346
1584,9281.25,4.344557478478518,1.9612824821264963,1.7085754071504726
1585,9287.109375,4.2939890514496515,1.732563468254388,1.7460172858699672
1586,9292.96875,4.3645780884641034,1.5851321911520007,2.053266955058006
1587,9298.828125,2.573325522316779,1.0192049462398514,1.8579271335578171
1588,9304.6875,2.9372917168109938,1.4018818202685055,1.4201565747815754
1589,9310.546875,4.287421917925724,1.78686788468121,1.6922490628731264
1590,9316.40625,4.5359159036717775,1.4911925113526479,1.317210113120227
1591,9322.265625,3.407725185177738,0.7716849157541856,1.9576237165106534
1592,9328.125,2.38890979135104,0.75,3.2530401262503172
1593,9333.984375,2.7856742081205956,0.989042755177946,1.673721530960621
1594,9339.84375,4.076258531990384,1.698685781337502,1.4884122847177192
1595,9345.703125,4.662668803826238,1.668418088769603,1.9916580194587068
1596,9351.5625,4.737855074189857,2.1534902615328804,2.161876162743403
1597,9357.421875,5.382999054498326,3.6401533447613637,2.6498011427388835
1598,9363.28125,5.082198257031925,1.671738684692142,2.0638914766593666
1599,9369.140625,2.962938509341586,0.7725388805239536,1.9734631293987979
1600,9375.0,4.085568226153027,1.3036191659670515,1.6730414225258101
1601,9380.859375,3.497160266409043,1.3350486807195554,1.8566536122465205
1602,9386.71875,5.409452212032863,1.9249624057913395,1.7491096724032202
1603,9392.578125,6.040150659713204,2.561700312206366,1.9896085906607557
1604,9398.4375,4.8591896627409135,2.1278330814381374,1.579200374937958
1605,9404.296875,5.609210763579916,3.025394784550814,1.5947676721867272
1606,9410.15625,5.092957985068853,2.142239496469883,1.2690982586169346
1607,9416.015625,4.2166739296321625,1.785660991395039,1.1276973813015094
1608,9421.875,6.353096459540495,2.873961612919994,2.167293809269263
1609,9427.734375,7.707493109755171,2.689152337186288,2.588096590321024
1610,9433.59375,5.851865353722182,1.8375744554298374,1.890437229330932
1611,9439.453125,3.940032428442468,1.3046288260866965,1.6434293056662652
1612,9445.3125,3.73570857182503,1.335807391959874,1.932420669818279
1613,9451.171875,4.08755261847132,1.3876680426300487,1.764553758789919
1614,9457.03125,4.162566794209045,1.2756803493910918,1.5284103632850974
1615,9462.890625,4.7969027566748235,1.7687876416615944,1.510453519688331
1616,9468.75,4.547167978881725,1.3827725567395668,1.3791450676426378
1617,9474.609375,2.9371115240549774,0.8259446538924,1.4925883150722719
1618,9480.46875,2.079670785713803,0.9342341312770923,1.068262808295679
1619,9486.328125,3.3868230738221996,1.5884463838753136,1.151514792177713
1620,9492.1875,3.580931852154793,1.2183615109123096,1.1095966901880554
1621,9498.046875,4.851183946498502,1.2327251991091868,1.2118758882737044
1622,9503.90625,4.9548432487029554,1.4395836799624897,1.1305996258616533
1623,9509.765625,2.5225224593094664,0.9620343312014,1.077626025361218
1624,9515.625,1.1761690864211307,0.75,1.5966967500627924
1625,9521.484375,2.270953116075289,0.75,1.351972127232301
1626,9527.34375,3.077345738266711,0.7626938254805999,0.8339812469763869
1627,9533.203125,4.067806714537712,1.2182511721717217,0.8895974420141811
1628,9539.0625,4.237303629982648,1.3723674061208866,0.9859572927434803
1629,9544.921875,3.075432764780686,0.8827536638398575,0.7524774265680431
1630,9550.78125,2.354924865693347,0.75,0.9855431623668872
1631,9556.640625,4.268727926041423,1.0167649608282514,0.8225267821326162
1632,9562.5,5.2095440150032815,1.683487294260345,1.2120452620589457
1633,9568.359375,3.8617341273738526,1.3514858854286058,0.889478509679473
1634,9574.21875,5.251048799310529,2.3830072108135534,1.196019754954505
1635,9580.078125,7.147842277404159,1.9464234962607594,1.4641074935922291
1636,9585.9375,6.05884494452721,1.4423610551315984,1.1990117236166877
1637,9591.796875,4.765630696745679,1.4493951226359836,1.2742062275526662
1638,9597.65625,5.348653472404805,2.2197032311755427,1.1149463739260035
1639,9603.515625,5.954588231547264,2.5134451304725327,1.211965726265813
1640,9609.375,4.361542458231129,1.5078282737386064,1.1784353358553217
1641,9615.234375,2.720353881472627,0.8844019813721391,1.660900257160846
1642,9621.09375,1.6505949724088957,0.75,1.5043728927002906
1643,9626.953125,4.110453589513431,1.2674472428783683,0.82659257479404
1644,9632.8125,4.295620331130533,2.0014349827954097,1.2330572733631873
1645,9638.671875,2.6634714675728244,1.3520377905427297,1.4324297092316107
1646,9644.53125,1.035757766964133,0.75,1.7390842931916803
1647,9650.390625,1.6191035640258464,0.75,0.803249007639965
1648,9656.25,2.3462301428589245,0.75,1.4775057140304797
1649,9662.109375,2.008705975104964,0.75,1.9243619031053856
1650,9667.96875,1.1667480055868595,0.75,1.4103968005815692
1651,9673.828125,1.4783178399486439,0.75,2.05274705170339
1652,9679.6875,3.0309550235764946,0.9710385708497902,2.0698249695168514
1653,9685.546875,3.144958291866887,0.9508150809500789,1.841245309742144
1654,9691.40625,4.081650727666387,1.861466049886614,1.8170705054641267
1655,9697.265625,5.39583447202173,2.497469412264379,2.782177411292883
1656,9703.125,4.351391403145652,1.3500020237797132,1.3070539067421425
1657,9708.984375,2.4201150620333554,0.75,0.9507859526806747
1658,9714.84375,1.3781144181250478,0.75,4.488080386342759
1659,9720.703125,2.655828539003185,0.8465869439697917,1.3232217841027738
1660,9726.5625,2.188364560334932,0.75,1.5323287055552395
1661,9732.421875,1.8475164833975508,0.75,1.6259371293212483
1662,9738.28125,3.2790222219392775,1.6603377211292025,1.4644061995712423
1663,9744.140625,2.597214707953644,0.890393924500555,1.6969023381501391
1664,9750.0,2.2659507250490547,0.75,1.5265491662316824
1665,9755.859375,1.9582169788965076,0.75,1.4053237815615502
1666,9761.71875,1.7821231829139619,0.75,1.5619897424380536
1667,9767.578125,1.7558849933698475,0.75,3.7135549423981056
1668,9773.4375,2.87685715480742,0.9089122387455408,1.903468639485642
1669,9779.296875,2.73388570739665,0.8482723678305135,1.2648764109636181
1670,9785.15625,2.665518931639058,0.75,0.9561154643088434
1671,9791.015625,3.2886112355606154,0.9048387168149467,0.9920559423142763
1672,9796.875,3.921965938722999,1.137673295021507,1.15337210105053
1673,9802.734375,2.089840877665911,0.75,1.0960771667883542
1674,9808.59375,2.29488492960986,0.75,1.18469032609277
1675,9814.453125,1.0914466784113894,0.75,2.352253381616152
1676,9820.3125,1.3733233646897214,0.75,1.8805737878308615
1677,9826.171875,1.1291557027378394,0.75,4.383641489973312
1678,9832.03125,1.068440645403284,0.75,1.4944195653773058
1679,9837.890625,1.7805534530481697,0.75,1.6695505264958344
1680,9843.75,0.6234023694929176,0.75,2.4491707204374653
1681,9849.609375,3.6525584201350103,0.9928502247440603,0.8002271400988288
1682,9855.46875,5.501838396023008,1.3753136531935675,1.2124443298599825
1683,9861.328125,5.0684016211217315,1.0641164513902297,1.266852444655264
1684,9867.1875,4.067527521909128,1.0197624529724258,1.6429397155526055
1685,9873.046875,2.0668652153500053,0.75,2.335124128818269
1686,9878.90625,1.0121381366561912,0.75,1.7282702427036567
1687,9884.765625,2.380831704647877,0.8726861801587127,0.8450946977592388
1688,9890.625,1.0376303418930106,0.75,3.0473169184950453
1689,9896.484375,2.2388438805351956,0.75,2.150736565125128
1690,9902.34375,3.2334853117135838,0.7534286612251513,1.5677086179730158
1691,9908.203125,2.7137994343697325,0.75,2.071205728638235
1692,9914.0625,3.765704256625726,1.0010758173565681,1.2138894799542317
1693,9919.921875,7.026766242692726,1.9968034441879228,1.3013184351851481
1694,9925.78125,7.092033920333075,1.9024044792453843,1.8069041768436342
1695,9931.640625,4.416180367736991,1.219649014304996,1.0939593788203523
1696,9937.5,5.311328658484782,1.1865797351582894,1.0775296626994355
1697,9943.359375,6.384789042234803,1.2655714473395234,1.0169275088811405
1698,9949.21875,6.239661571113975,1.286917407897195,1.3428339544514092
1699,9955.078125,4.857311887032227,1.040688239147025,1.0620647885801522
1700,9960.9375,6.169286406868068,1.2237744055150723,1.3645725442114196
1701,9966.796875,5.641621046275023,1.0904450090925706,0.9291402333812562
1702,9972.65625,5.239606789860454,1.473359473166111,0.9253873024512208
1703,9978.515625,6.406050320669362,1.7029074139526932,1.3072675040328585
1704,9984.375,4.946855079129848,1.0752863181758336,1.4617444583542143
1705,9990.234375,3.427155489472116,0.75,0.9444841730543373
1706,9996.09375,6.797285122659736,1.7254896365843715,1.170546593868205
1707,10001.953125,6.044944852243265,1.4840722253762864,1.6775654949890888
1708,10007.8125,2.7467808691365647,0.8471864229368353,1.1114187393636474
1709,10013.671875,1.0653989670902502,0.75,1.9850054693802002
1710,10019.53125,3.262938904653949,0.9719650943480918,1.0396579211962613
1711,10025.390625,4.292018713521275,0.7895437248664545,1.298854400926595
1712,10031.25,3.8366028371793277,0.75,1.5861329200253567
1713,10037.109375,5.611434698570628,1.5740574978482165,1.1717268058158752
1714,10042.96875,4.240086660350134,1.5212159014662872,0.9911249885074813
1715,10048.828125,0.9258087727551513,0.75,2.3751155164173756
1716,10054.6875,6.971521059629757,1.967073097020928,2.3967243371719817
1717,10060.546875,11.426116146631824,2.6769331159290846,2.454384717822167
1718,10066.40625,13.649490754070026,3.177421563836652,3.6391204868251967
1719,10072.265625,12.742073354536899,2.8316415215554396,2.848312282949051
1720,10078.125,11.31052868973033,2.529501936118399,2.5917377249757583
1721,10083.984375,8.729085377597407,2.162954099432162,1.3849963924615005
1722,10089.84375,9.632739385804516,2.71953874136475,1.5892708888973528
1723,10095.703125,9.840428744621262,3.2337346861331873,2.088750552875218
1724,10101.5625,12.046460646814213,2.2771966078420016,3.119207098634327
1725,10107.421875,12.932781715227268,2.0722643092047073,2.4155156132292532
1726,10113.28125,9.754693098944019,1.9160502795288008,2.157313091704828
1727,10119.140625,5.419542587639943,1.2169504837918113,0.9461073285234812
1728,10125.0,4.699005162260724,1.1469894645930525,0.819574637345979
1729,10130.859375,2.7474766333678216,0.75,0.8139346323545669
1730,10136.71875,1.8678183657799838,0.75,1.8434517464422868
1731,10142.578125,4.481458913837847,1.1215046064637217,1.1283661922527977
1732,10148.4375,3.5620349952150643,0.7542189268370927,1.2868624537887496
1733,10154.296875,1.3615723626069285,0.75,1.9037512133677592
1734,10160.15625,2.673532677526235,0.75,1.4091379627640133
1735,10166.015625,5.833713110679152,1.0247569320767251,1.7363317403320337
1736,10171.875,6.858869675104741,1.7043967197783725,2.1505966316754406
1737,10177.734375,5.728865306340097,1.5273678458453994,1.4913351612153558
1738,10183.59375,5.31140944669845,1.1092099142815124,1.3407511610667235
1739,10189.453125,5.016286568383429,1.000830778455189,1.8290944285118673
1740,10195.3125,5.846623339491304,1.3703694961511494,1.8314524590062922
1741,10201.171875,5.818383750950237,1.2224973651249011,1.5864909952792616
1742,10207.03125,5.560425536260514,1.4259675335593571,1.2734613896971019
1743,10212.890625,4.4560937695877785,1.2093016112240784,1.111071201436377
1744,10218.75,5.586922108004504,1.4477159153747559,1.7808014003699197
1745,10224.609375,6.397040200595488,1.1270644420804512,1.3276731909374841
1746,10230.46875,5.0470695944938155,0.9926342258825089,0.7971030348648103
1747,10236.328125,3.0094544321929346,0.75,1.2007913488930624
1748,10242.1875,3.6443051584608313,0.8294740787550261,1.6914657376348354
1749,10248.046875,3.86323035464274,0.8025233092079183,1.013549241366811
1750,10253.90625,3.181492469984962,0.75,1.1661808604286248
1751,10259.765625,3.414406643266767,0.75,1.6598621842837384
1752,10265.625,1.5030172961807209,0.75,1.9187971768356948
1753,10271.484375,0.539999253603329,0.75,3.1140377977955462
1754,10277.34375,0.7485769666327597,0.75,5.83903873378265
1755,10283.203125,2.1566076298646544,0.75,2.971043801780903
1756,10289.0625,3.684134313812166,0.75,0.8940838536116229
1757,10294.921875,4.129615186568239,0.8356639671783563,0.979588988341587
1758,10300.78125,5.005630557878648,0.8388389873814018,1.0466322265692458
1759,10306.640625,8.549630041248301,1.6609356470463217,1.6945479934345484
1760,10312.5,5.922085197209791,1.2847039056522438,1.3148089821337725
1761,10318.359375,4.955219680565028,0.971956305313471,1.3004675158525543
1762,10324.21875,6.569834156172095,1.4115278880825475,1.249021207668239
1763,10330.078125,8.288763295070039,1.4378346840009533,1.3988724198595208
1764,10335.9375,5.605431845030734,0.991560994945612,1.5927794471798866
1765,10341.796875,6.485086107236172,1.2534372323164076,1.121155680946477
1766,10347.65625,7.053228403925057,1.1467774696334885,2.399013953009217
1767,10353.515625,6.1048809019029875,1.030988380802251,1.340246309511987
1768,10359.375,4.71736483914457,1.119406051034272,1.3294830215265316
1769,10365.234375,3.953038890592567,0.7982934243183952,0.9095017973891054
1770,10371.09375,0.8554341792775574,0.75,2.0322092772940894
1771,10376.953125,6.413255207185486,0.9004326329148704,1.290207006821567
1772,10382.8125,7.19642115108426,1.253233298935319,1.6691172861244787
1773,10388.671875,6.470705146820783,1.0512388305912723,1.2843388337617725
1774,10394.53125,4.378817548689045,1.3916395383149172,1.2524890434985387
1775,10400.390625,6.563777989365224,1.58729854944312,1.9359850413873692
1776,10406.25,5.985566665326789,1.294801396324138,1.4474638862743237
1777,10412.109375,5.799645496426045,1.702420641257202,1.877473824486567
1778,10417.96875,5.669277926277568,1.2654310473836343,1.6277883690341848
1779,10423.828125,5.643273237421481,1.0711097577444262,1.625964235799397
1780,10429.6875,3.32928099009298,0.75,1.6528874604668273
1781,10435.546875,2.9197096580219672,0.75,1.1955639149695576
1782,10441.40625,5.552393864373999,1.2071264143055975,0.9945387788724209
1783,10447.265625,7.925815812490908,1.8604428963555006,1.3246394222879279
1784,10453.125,7.4885894310568775,1.3877182519236635,1.4012824452720503
1785,10458.984375,5.957823196725655,1.065080607884665,1.4875240082562553
1786,10464.84375,6.28622361321033,1.6552967195682622,1.5821119328860611
1787,10470.703125,6.314721422714528,1.5961839920145233,1.189294189641706
1788,10476.5625,4.7544882592660525,1.2950198886605904,1.4016051419070577
1789,10482.421875,3.9002580439501915,1.0090784689953902,0.8513415708764321
1790,10488.28125,5.803069704705968,1.0907217167102834,1.2248185370159776
1791,10494.140625,8.169000929874505,1.3738295626494856,1.4150680549149144
1792,10500.0,6.625129556477103,1.2845728886403576,1.037664986518231
1793,10505.859375,5.151661169237626,1.8073521993013357,1.0769597996275937
1794,10511.71875,5.17708891418522,1.622680149695027,0.9909544827247393
1795,10517.578125,6.380412274560648,1.6933769898812385,1.7534487542017176
1796,10523.4375,6.326659236737886,1.098465794265513,0.8998916605256801
1797,10529.296875,6.043192792928896,1.316183478372968,1.0113799434432542
1798,10535.15625,5.483798960278028,1.3124611936959643,1.2029690820448249
1799,10541.015625,3.1670408116775897,0.8119286490781021,1.0484950063979914
1800,10546.875,4.309971459600382,0.75,1.1677826409587688
1801,10552.734375,7.427751377128619,1.0852233164641576,1.414177138971213
1802,10558.59375,9.187219531632977,1.0880025116489747,1.4709703890272434
1803,10564.453125,5.861091187712015,0.7756850711026992,1.1191967312238333
1804,10570.3125,4.910461850527424,0.75,1.5011989687622889
1805,10576.171875,5.75195491406018,0.75,0.9689008728495315
1806,10582.03125,3.7726636178199624,0.75,1.2700403285337303
1807,10587.890625,4.850752677957835,0.75,1.5679645222439167
1808,10593.75,5.798158436976432,0.8089090394749194,1.2243138450925604
1809,10599.609375,5.839741475289598,0.9889939712594945,0.8558378546331551
1810,10605.46875,6.2712453698452695,0.8581975540571112,1.2041285855809216
1811,10611.328125,6.562190398793408,0.75,2.127177372050433
1812,10617.1875,5.057828913173645,0.75,1.921157055365736
1813,10623.046875,4.117302799087388,0.75,1.5669124002476644
1814,10628.90625,4.443207267278473,0.75,1.4854000369076563
1815,10634.765625,4.189403922065377,0.75,1.9420943183147221
1816,10640.625,4.305188470391558,0.7652866846540507,1.7547978447729788
1817,10646.484375,2.220859661666726,0.75,2.0616375870767882
1818,10652.34375,2.409604614579513,0.75,1.0028107860371538
1819,10658.203125,4.272693041695789,0.8599590435009761,1.2113068081652156
1820,10664.0625,4.5215221207503316,1.158863894397812,1.7952230772713533
1821,10669.921875,3.337910032083128,1.1758552026478128,1.4176154614388334
1822,10675.78125,2.309845215735433,0.8037329232422669,1.2924588388952898
1823,10681.640625,3.2565975136875105,1.4830618392519985,1.2757806802380123
1824,10687.5,3.860746998945013,1.9344531093130053,1.2147297536807589
1825,10693.359375,4.833320012392986,2.4252775799131707,1.3846269525027257
1826,10699.21875,3.9200708875459656,1.2214783215354352,1.6365201568061225
1827,10705.078125,3.68870562892813,1.4582430412219496,1.6114613379040215
1828,10710.9375,4.572861793260223,1.796359291464239,1.6150528335514012
1829,10716.796875,4.318798107281497,1.8180003833153426,1.2736465890294009
1830,10722.65625,4.465541653702062,1.8345747142087976,1.363704591192173
1831,10728.515625,4.41711481300003,1.332718412133751,1.192418728835422
1832,10734.375,4.400580942962126,1.585825835872819,1.2182311000788522
1833,10740.234375,3.7845553333638517,1.539340251282311,0.896141524136961
1834,10746.09375,3.8256864826392674,1.7831266094604692,0.9629084000576572
1835,10751.953125,5.057442002784966,2.079545091953795,1.195553321443857
1836,10757.8125,5.143845175414465,2.162007174286928,1.6543392448765728
1837,10763.671875,5.623457726488573,2.119504908810854,1.8454263771590977
1838,10769.53125,4.608483532302648,1.905587832587665,1.8228265687362892
1839,10775.390625,2.167261812202201,0.75,1.2424140677682234
1840,10781.25,1.3273127388069426,0.75,1.9600567679004415
1841,10787.109375,1.0699245639062709,0.75,2.81181784731671
1842,10792.96875,3.214565893309282,1.286605027568426,1.40903381241663
1843,10798.828125,3.9045403253962516,1.844366399654279,1.2645100618530591
1844,10804.6875,3.972096863270513,1.4755755544962326,1.5619818665404852
1845,10810.546875,6.1474436960784855,2.2505218559497657,1.5768320831968468
1846,10816.40625,7.496659249592943,3.3093872168106993,1.8213857472632293
1847,10822.265625,5.76292191369984,1.9854284964078697,1.7339985349992797
1848,10828.125,4.832449393950391,1.9635292952403587,1.6711097146553293
1849,10833.984375,6.920661753657108,3.1930264368374965,2.366294025268869
1850,10839.84375,8.0814161427545,4.002938686099875,3.4562720934883973
1851,10845.703125,7.164643160814061,3.6103260107553634,2.6920470932672766
1852,10851.5625,8.650014893553035,4.464601239664096,3.238254521142182
1853,10857.421875,9.128790161945041,4.0645478555634815,2.566574659965755
1854,10863.28125,8.191066937646719,4.221904340275824,3.096530410390865
1855,10869.140625,9.0746809597243,6.082334200386677,3.9093079060988285
1856,10875.0,9.882754758648062,5.026017986057646,3.266601806795778
1857,10880.859375,8.102160324175268,4.7190709655136684,3.0700696558022464
1858,10886.71875,6.203071784627871,4.757401298706396,3.281451614071547
1859,10892.578125,8.319995983361574,3.903371861389269,3.909727132239229
1860,10898.4375,5.6872885897891425,3.0902760363642203,3.1737423451482796
1861,10904.296875,6.632009804922856,3.7713163114623223,2.3984076532310157
1862,10910.15625,8.841353962065716,4.9613035795930704,2.8643690810085665
1863,10916.015625,7.857347294596653,5.010124190671018,4.390893629693794
1864,10921.875,6.31830691393367,3.742873150223269,2.806149584725334
1865,10927.734375,6.412126219507426,3.966830925075672,2.4123152580545044
1866,10933.59375,6.335790997848664,3.84771178327959,2.729052260998174
1867,10939.453125,5.9868134132554225,3.6813431777621233,2.6264563437720696
1868,10945.3125,5.170596764181567,2.6065957721958526,2.12766768328431
1869,10951.171875,4.501981890049752,1.8116299549903045,2.1026838215293973
1870,10957.03125,4.900490913525297,1.9065930176363366,1.7814679720589033
1871,10962.890625,5.098220543948501,1.9961676197732487,2.407699249506292
1872,10968.75,4.964960176830331,2.283671136988612,2.3915507050179388
1873,10974.609375,4.113162468671416,2.297904629195774,1.9434817745556314
1874,10980.46875,4.266034789850524,3.9466710766166027,2.867811758012895
1875,10986.328125,6.467353212789087,3.4789263865814375,2.7049289164846315
1876,10992.1875,6.567356577880934,2.7333286583274736,2.864830253688381
1877,10998.046875,3.4072559700330434,1.3953123495354771,1.5725619224220597
1878,11003.90625,5.000468300281033,2.5235950284731414,2.0793341725864125
1879,11009.765625,6.961750826398471,4.7079332225522394,3.3762475897414332
1880,11015.625,5.075635933365305,2.9597452621449447,2.1536519702773607
1881,11021.484375,4.6499904667333745,2.9145928804320476,2.413197871721255
1882,11027.34375,5.502240682207577,2.5392499356578067,2.38595072828734
1883,11033.203125,6.12029610106595,3.2925044122968306,3.0638452309429955
1884,11039.0625,6.657658195800434,3.5710179106164093,3.309804092602394
1885,11044.921875,4.995285467973912,4.430669295520971,3.7658935725764073
1886,11050.78125,3.6282846864948555,1.6629205744654478,1.4967993493942724
1887,11056.640625,4.657230916037188,2.5341605110821352,1.611692536824977
1888,11062.5,5.8642083853560765,3.4017376120834903,2.066552304785696
1889,11068.359375,4.139577388944882,1.9824213586660913,1.374394051099582
1890,11074.21875,3.3939183638558297,1.525128033948132,1.814579385417771
1891,11080.078125,5.576096739453288,2.4576599433272808,2.041156699403263
1892,11085.9375,7.526822793290495,3.4791621775632473,2.6882135749300384
1893,11091.796875,8.75892666375556,4.880750676350745,4.807823518058844
1894,11097.65625,9.103161416860504,4.092389736708928,3.0512728339689286
1895,11103.515625,7.784583534771876,3.704879663432391,3.3429431084439227
1896,11109.375,7.613429830858507,3.5731469280684034,3.6668881719581705
1897,11115.234375,7.834730078893329,4.8658533110119215,3.6278867089839966
1898,11121.09375,9.136173659011057,5.458784137352827,3.8290327889215554
1899,11126.953125,10.596435182913414,4.884787684420754,3.8101113175465957
1900,11132.8125,9.17603974710557,4.666080916497199,3.9090322137047564
1901,11138.671875,6.757780425814517,3.6450100974740423,3.1257607692256
1902,11144.53125,5.076260880056484,2.7013314682343132,2.29485472741611
1903,11150.390625,5.938170248948598,3.4189262649686785,2.8099569608306756
1904,11156.25,6.712260275982068,4.493762942325859,2.833598047071863
1905,11162.109375,6.965207905398463,4.430519511177524,3.0998545600246206
1906,11167.96875,5.445660283373449,2.8950300762091152,2.2807222098933644
1907,11173.828125,3.239274584420067,1.7335210850838862,1.3252756193039987
1908,11179.6875,2.874849519423087,2.0908758343453924,1.1631704714756725
1909,11185.546875,2.7474217773152727,1.5784325787088074,1.0824650447261515
1910,11191.40625,4.184111646156999,2.415851182765845,1.4314245690019949
1911,11197.265625,4.987789829404535,2.6816316012607277,1.547332335773223
1912,11203.125,3.6166529970728503,1.5803676082510814,1.3909579197229827
1913,11208.984375,5.486102843887775,1.3097009817091314,1.3999218163938636
1914,11214.84375,8.047939165803713,2.238179823326035,2.0720152858609437
1915,11220.703125,9.706002693274925,3.3029061403060638,2.6781101908454947
1916,11226.5625,10.609242734282795,4.268984327378094,4.131842636519663
1917,11232.421875,10.038422205825736,3.2689118314523835,3.962756867048797
1918,11238.28125,6.827169332277329,1.961638566923845,1.9656009743570617
1919,11244.140625,7.40892761425546,2.258870164683783,1.8518165981877979
1920,11250.0,10.197576567673794,3.559158208858122,3.3369967842235395
1921,11255.859375,10.148519628215556,3.2275676428852753,2.6614553260293885
1922,11261.71875,9.590026948490575,2.299185594884011,3.1854074446962897
1923,11267.578125,10.577257063094796,2.405195327011117,2.946826534500451
1924,11273.4375,10.690524805882138,3.479120486805942,3.849558833308106
1925,11279.296875,10.522260110295024,3.1645113017915074,2.902236979563332
1926,11285.15625,9.887661399035752,2.482136692324764,2.8034655449582795
1927,11291.015625,10.338023565153682,2.911130308895972,2.6519813247541273
1928,11296.875,12.129040157934073,3.990233757414221,4.112931107571015
1929,11302.734375,10.845649545523269,3.4018311817371867,3.670964043982434
1930,11308.59375,8.329854214259056,2.9209881384871723,2.579238975389843
1931,11314.453125,9.5062476330054,3.742856346938197,3.982246011289984
1932,11320.3125,12.648025674916015,4.6542690235737405,4.404620946958876
1933,11326.171875,13.416464278637344,6.192920917538279,4.6003560382338
1934,11332.03125,12.357813447840364,5.099840231055127,4.44212614054739
1935,11337.890625,12.121022990107365,3.7571712827127404,3.8341345883780527
1936,11343.75,10.816175172045496,3.5236890389644224,2.97221481403453
1937,11349.609375,9.691555770243834,3.951704525854449,3.3753774809821753
1938,11355.46875,12.04815395311074,6.054999351621831,4.047069905489788
1939,11361.328125,12.650236132711765,4.635281667090228,4.826685663374361
1940,11367.1875,11.017494983536519,4.273582067185227,3.9772948102409056
1941,11373.046875,8.977850914732407,4.295810041443788,2.817232656595646
1942,11378.90625,10.14900022484217,4.385041725606437,2.741032178690181
1943,11384.765625,10.782990863057814,3.6360356901600577,2.9763696429139355
1944,11390.625,10.048887184280835,3.6549801157187343,2.806379467296467
1945,11396.484375,8.686123055614255,3.6892025196836284,2.6154260128864633
1946,11402.34375,7.538643867381519,2.812460699792066,2.227552016610251
1947,11408.203125,7.8580463286387205,4.592552233202171,2.786946982439203
1948,11414.0625,8.130062520513006,4.418264021163969,3.4696911567524515
1949,11419.921875,8.662158068893829,3.697588381372006,2.3909025273642586
1950,11425.78125,8.503496245366378,3.4280627884929054,2.832054495635822
1951,11431.640625,10.193622653828292,3.564647345139866,3.1279659505508377
1952,11437.5,10.178208659675475,3.593146223397994,3.0291320308358216
1953,11443.359375,9.534664326232633,4.852252887735575,3.4370326259052737
1954,11449.21875,11.57183372068364,4.185740619741846,2.7587299288606597
1955,11455.078125,11.433950186176046,4.888328277256559,3.9800105106468404
1956,11460.9375,12.061861479878372,5.178615264275568,5.763335489004439
1957,11466.796875,12.632635405752602,5.584408091606803,5.441634567213157
1958,11472.65625,14.370442303981742,4.625124062566063,4.431557034290813
1959,11478.515625,15.555129649443966,7.596472204375897,6.426009754294855
1960,11484.375,15.916733699405595,7.555985012167363,5.98993455605153
1961,11490.234375,16.269441380480814,6.847521167280586,5.82414434118678
1962,11496.09375,14.653857003088401,5.912311573958453,5.634243232600775
1963,11501.953125,12.43266160511288,5.363236333317495,3.9395284633282213
1964,11507.8125,13.377887276194532,7.940121222820618,4.628494275388506
1965,11513.671875,13.538749152455523,9.21631197468885,6.011165448708703
1966,11519.53125,12.344513979646758,6.775678992225496,4.55064647545803
1967,11525.390625,13.04444110497053,7.176366897976635,7.446725813795403
1968,11531.25,13.71131577670979,5.935598169883039,4.335561243900833
1969,11537.109375,14.144332984605608,6.2105810543247735,6.10171938667497
1970,11542.96875,13.292391605102416,6.987158177393123,5.039309671875123
1971,11548.828125,11.016713541306869,6.646778989185904,5.448536997265778
1972,11554.6875,8.325664960844454,5.880379180732294,3.4107353165724166
1973,11560.546875,9.142908188603418,5.455318932861137,3.9189166655988177
1974,11566.40625,9.241484673991836,5.516828996117601,4.34232319892294
1975,11572.265625,8.94255170106764,7.003036756815754,5.086609798224167
1976,11578.125,6.129921738790744,3.955210732594251,2.4519407523616676
1977,11583.984375,4.743980983287483,2.694814783669877,2.404418959430963
1978,11589.84375,5.00327543704218,2.551535130910958,2.077870272767105
1979,11595.703125,5.464051643872092,2.686395920316882,2.850711856588938
1980,11601.5625,5.934652844850775,2.2587646955940373,4.203731449019003
1981,11607.421875,6.134302645736316,3.0921302839900155,2.9285536608590705
1982,11613.28125,7.529410709320888,5.33647415425564,3.324140283379365
1983,11619.140625,8.610797230544922,4.050201985957898,3.102667905535358
1984,11625.0,7.018891771305224,2.9794664802188606,3.476987641513293
1985,11630.859375,7.567326107888571,3.289555379262379,4.361347567430865
1986,11636.71875,8.913062188868299,3.766095068379771,4.893487216555256
1987,11642.578125,9.687243483845561,3.221842055688595,4.461943962584099
1988,11648.4375,9.832247644606092,3.0057639590552805,4.631812377723885
1989,11654.296875,11.651880033457992,3.7598245872955243,5.109657894629137
1990,11660.15625,14.343175302902509,5.844670237321375,5.7185382872794435
1991,11666.015625,13.571922561385188,4.977571648781996,5.071082219030708
1992,11671.875,13.779909527616095,5.1138259718646015,6.268315317274921
1993,11677.734375,14.884859702679103,4.097130506568775,6.620608436095947
1994,11683.59375,13.26279648261723,4.2233936268130154,6.608872734774075
1995,11689.453125,12.03653815233035,6.6036540993645545,7.984280259845734
1996,11695.3125,12.62301240634594,6.230693561316778,5.063048588267658
1997,11701.171875,11.587125466902103,5.4322570446186225,5.0223172147983
1998,11707.03125,9.749420122868456,3.3156824674676746,3.4228253883943265
1999,11712.890625,10.087214400412321,3.5359197391326473,3.3314367701619747
2000,11718.75,11.19505279829382,3.9054987990679697,4.2973983836487335
2001,11724.609375,11.896145208450859,3.953874177997065,4.58020257010868
2002,11730.46875,11.004858376990262,4.39034284086283,4.287763958076337
2003,11736.328125,9.290574002590677,4.764118720040876,4.26356387958837
2004,11742.1875,9.770691552288067,3.1511149802368577,3.1750389126146845
2005,11748.046875,9.572018069996961,3.845867580784163,4.454188760538984
2006,11753.90625,8.767069060763175,3.5417806602119475,5.008503709642305
2007,11759.765625,6.809865247473113,2.5214082550704475,2.4734067500539756
2008,11765.625,6.748250200291232,2.878768980590644,2.4073478988451273
2009,11771.484375,6.968421795772217,3.0416828835252225,2.861204808430844
2010,11777.34375,7.501999306367893,3.403389436410184,2.840160996285328
2011,11783.203125,7.087514752026784,2.750113791963993,2.2464304363720076
2012,11789.0625,5.596825242845745,2.101498769642922,2.3621389796879932
2013,11794.921875,5.566000589856209,2.3336496509518665,2.5362171677584477
2014,11800.78125,6.2852873602684545,3.3790573108428728,2.7969142465493935
2015,11806.640625,6.329929502591519,3.4890486209481715,2.424707182332296
2016,11812.5,4.427225757857671,2.08119789900838,1.6052297983859793
2017,11818.359375,5.4843488811675005,2.426489635054038,2.282293557247048
2018,11824.21875,6.654486011559937,2.9765104730663365,2.309363794145289
2019,11830.078125,6.2555717095079535,3.4283806164469093,2.592600066619034
2020,11835.9375,5.58716471927591,2.9820567014318122,3.01243100904762
2021,11841.796875,7.731871000248053,4.117192831320468,2.8104029266960846
2022,11847.65625,9.061398758389746,5.4093168108656515,3.893934326213332
2023,11853.515625,8.932562032279991,4.811902979375554,4.330821879487816
2024,11859.375,9.284099856078386,3.4736682817909097,3.47018808676283
2025,11865.234375,11.521634674717756,4.096821838582918,3.9574920658861243
2026,11871.09375,11.674329694596528,4.22459093365237,3.4250502495527053
2027,11876.953125,12.941737522193364,4.643418470749244,3.453041029767454
2028,11882.8125,13.355756616745,5.753338535153903,4.315833991329936
2029,11888.671875,12.59422867591579,5.611209649860409,4.29088893129038
2030,11894.53125,13.96279274087923,4.647681680159308,4.5458815700293185
2031,11900.390625,13.863866306031804,4.9500966083249915,6.2127399520734645
2032,11906.25,15.134005312507798,4.4555131342152885,3.794344848893917
2033,11912.109375,14.268874653582335,5.151946773053044,3.6290972763397398
2034,11917.96875,11.021191070091588,4.743171769801291,3.887568583805119
2035,11923.828125,11.169420399557257,3.177546995216195,3.204703395715283
2036,11929.6875,10.597821576709219,4.037210345712924,4.401029994413586
2037,11935.546875,9.31305074899039,3.3414136911553776,2.469863702055348
2038,11941.40625,9.532737284611764,3.227231734696348,3.3243169357235955
2039,11947.265625,8.471102557336772,3.346853562340007,2.7179645947673
2040,11953.125,8.39218600889333,3.290460225710751,2.48565694514063
2041,11958.984375,8.998887012195677,3.537727910709271,2.4528338020213516
2042,11964.84375,9.008188136518772,4.0919766072693715,3.305475276451888
2043,11970.703125,11.52262926560657,3.897518406606661,3.0218456444980983
2044,11976.5625,11.242360817200113,3.176184737679244,3.2846972784991304
2045,11982.421875,10.004450103241265,2.8253610512149603,3.2114122833269887
2046,11988.28125,11.022211292913456,5.008154841209805,3.6583472596207414
2047,11994.140625,12.796031219626043,4.469677831315412,4.0312121698075885
2048,12000.0,10.816497505684355,3.8722934166534113,3.5369357555576997
2049,12005.859375,12.75009758077981,3.573635264223053,3.3300412369822006
2050,12011.71875,12.867134956328007,4.325635420846761,2.967278174015053
2051,12017.578125,13.341905077588322,6.39644460623375,4.730797906993339
2052,12023.4375,12.268601726025489,5.717075129147022,3.825026199619335
2053,12029.296875,10.528909429714963,3.452947811634052,3.4085717261507114
2054,12035.15625,12.1243036693719,4.42375168471666,3.7930415846620007
2055,12041.015625,14.075749287575468,5.330035789363523,3.876427746623723
2056,12046.875,14.836967706667721,6.415663783429303,4.305836004384335
2057,12052.734375,12.6938403181919,4.403421585855758,3.1941873681032154
2058,12058.59375,10.772924198825612,2.9600760070235075,2.249039307847827
2059,12064.453125,11.832577875284628,3.3125409054845996,2.438595135671851
2060,12070.3125,12.64058353636397,3.552714306315927,3.187132032862631
2061,12076.171875,14.113286747263666,5.592757405527482,3.9034741094780676
2062,12082.03125,15.081982507388176,4.660531855303666,4.152663155595553
2063,12087.890625,13.099175296639281,3.0221404636452394,2.739252506642841
2064,12093.75,12.851629249116083,2.8810505165293705,2.3971448482333044
2065,12099.609375,12.72900376317998,3.5256516801806494,2.6140791746216627
2066,12105.46875,10.158868419061921,2.90885350153783,2.910702967666618
2067,12111.328125,9.37348798832922,3.143008402733555,2.488812093046508
2068,12117.1875,10.396741202545849,2.9686170904383307,2.982958660893966
2069,12123.046875,10.319093538043807,3.002356336495597,2.631496996921879
2070,12128.90625,8.085318874439867,2.1309749050343427,1.7880264545573032
2071,12134.765625,6.575448351417678,2.4484422074368566,2.370966687647224
2072,12140.625,7.142840785755372,2.4930102095319424,2.91035476265286
2073,12146.484375,9.389558670022524,3.1228124942312054,2.872093310501408
2074,12152.34375,9.228949846145436,4.291063276937452,2.9962607365232468
2075,12158.203125,9.530468411510858,3.359294953702604,3.1424109654148142
2076,12164.0625,11.585569653383377,3.354327409522911,3.3517582879247323
2077,12169.921875,12.49901601940283,2.887500189560445,3.2350847816722044
2078,12175.78125,12.793005388882438,3.9917768116218557,4.140253261582115
2079,12181.640625,11.73726180945625,4.071315591819778,3.6798095489145637
2080,12187.5,13.71413161637672,4.011269081902262,2.8781051839759804
2081,12193.359375,15.327301653695898,4.136546674719583,3.5681290659172578
2082,12199.21875,16.275531470419658,4.192660644387748,3.8196959869538616
2083,12205.078125,16.073229470207046,5.0300995572543545,4.755357887163096
2084,12210.9375,14.502933892934001,4.166289026790364,3.475340509184409
2085,12216.796875,14.100162024683746,5.014331663261539,4.46749170780025
2086,12222.65625,13.251688191995243,4.4855524271317195,3.6361243652111477
2087,12228.515625,13.631472977948423,4.817829736250498,3.340457417071821
2088,12234.375,13.815966594717061,4.005447643726795,3.0261148820500807
2089,12240.234375,12.360416030658316,3.9659539128653085,3.2594289659837594
2090,12246.09375,10.545439326108566,3.4068775167623198,2.9129560468258924
2091,12251.953125,9.40691030839967,3.558781501009543,2.5788569274162403
2092,12257.8125,9.237013750460235,4.613740868689036,3.1356614423820606
2093,12263.671875,7.439634846956138,3.09725434101067,2.410931952615012
2094,12269.53125,7.063322463707715,2.440109906398706,2.3362499901317824
2095,12275.390625,7.492769640390279,2.554798691752804,2.679849204111916
2096,12281.25,9.713982040888114,3.5792959731683753,3.077613744000563
2097,12287.109375,9.943543604254732,4.160761957762214,4.26404626269204
2098,12292.96875,10.320039393136714,5.999620672439909,4.630257734819092
2099,12298.828125,10.535950027457945,3.8947468275615895,4.012603324084911
2100,12304.6875,10.33561734348054,3.26690928674652,4.110425675939595
2101,12310.546875,10.544172718264818,3.2977696700297945,3.7608885223311708
2102,12316.40625,9.489118769158608,3.6679817386769438,2.972573316817637
2103,12322.265625,10.384668634651291,3.950029405624717,3.3756092838582514
2104,12328.125,12.177624522633284,4.376468013485769,2.938713469161083
2105,12333.984375,10.657708878839875,4.5165850590133285,3.4239662380576226
2106,12339.84375,10.70289748071214,4.062273090395687,4.035919587329851
2107,12345.703125,7.800103932447234,2.6876876384141,3.5176157479902783
2108,12351.5625,8.392135087326475,2.6150671337442786,2.2979796245855195
2109,12357.421875,7.19543616275188,2.333963309815685,2.1296513695380535
2110,12363.28125,7.099121214480591,2.324100623219765,3.0382477589141685
2111,12369.140625,7.232971225982696,1.7151862966313058,2.4143713613297493
2112,12375.0,9.48023394519324,2.2037877868177356,2.666073364114144
2113,12380.859375,11.424673783498042,2.708176666085082,3.9206172927204057
2114,12386.71875,8.777055333719643,2.556769511473524,3.1716958912224937
2115,12392.578125,7.883150710041123,2.3184638990020487,2.816844335198961
2116,12398.4375,8.594796904869511,3.1432349978043854,3.492301017681582
2117,12404.296875,9.676899436926902,4.384767493606992,3.671071754299778
2118,12410.15625,10.650713090150681,2.718373192397568,3.0504970649801035
2119,12416.015625,12.05809283602352,3.600514535344706,5.528566968786957
2120,12421.875,12.121144985364232,3.397373291124894,3.321875119749793
2121,12427.734375,13.00853017169062,3.9626544821494694,4.171010752214262
2122,12433.59375,14.570286397067864,4.617206330652104,4.4538292104754325
2123,12439.453125,14.592593189877485,3.692764595393614,4.340265628431651
2124,12445.3125,13.716177379251024,4.083915755177163,4.921721670281214
2125,12451.171875,13.797067159191577,4.1387303642574045,3.6602305113666906
2126,12457.03125,14.538714515098242,4.419144224442411,4.038788489306131
2127,12462.890625,14.901112380418445,3.8578492458393656,4.670829943636767
2128,12468.75,14.687331711777249,4.292508312420841,3.149516642594015
2129,12474.609375,12.97354489941074,4.150301790721999,3.289011345185419
2130,12480.46875,11.422052961025882,3.281976778942171,2.8214820436377077
2131,12486.328125,12.31252221045086,4.429771299494776,3.8721314086334147
2132,12492.1875,11.69700504999657,4.397526819512969,3.2278914811847694
2133,12498.046875,8.473401989601271,3.04172405511117,2.3660390286525144
2134,12503.90625,7.613247699803245,2.0843362614355803,2.217489945058635
2135,12509.765625,8.660871444804357,1.7796079854159599,2.3610620582509
2136,12515.625,11.797945371466732,1.9846963663177464,3.0257980734279166
2137,12521.484375,13.268971489901295,2.4503536993983763,3.071866639161017
2138,12527.34375,13.500130159572135,3.1689533896942117,3.323047615114755
2139,12533.203125,11.971346468615492,2.6087620962555866,2.2238534506892975
2140,12539.0625,11.289492093599447,2.3070666955320926,2.318175932567129
2141,12544.921875,12.674316149589005,2.259020995415147,2.967650063217772
2142,12550.78125,13.550107278079318,2.3441423973007494,3.4666525393444942
2143,12556.640625,13.8106298495001,2.296983431795397,2.961410194777454
2144,12562.5,13.373986950025273,2.2456985139247814,2.5494260625427785
2145,12568.359375,10.941213637600077,2.145532406969703,2.041977295198648
2146,12574.21875,11.923957373106141,2.509125697624882,2.3500534384496032
2147,12580.078125,16.23516794411334,3.2316638753695397,3.430513115008376
2148,12585.9375,17.02543450231115,3.978972844634496,4.570027646002002
2149,12591.796875,16.70115553585574,3.3785716721644223,3.643978190202113
2150,12597.65625,16.393886514651477,3.553383500168643,3.2189763014678467
2151,12603.515625,14.44390457025912,3.6280498083666606,3.301583318396762
2152,12609.375,12.484282578393666,3.4128204638614914,3.3501424605136814
2153,12615.234375,12.593116209665634,3.234878479132272,3.19999787319831
2154,12621.09375,14.138092469849715,4.620378091657659,3.6988324509324846
2155,12626.953125,14.25434418463069,4.691536133804613,3.563210775727049
2156,12632.8125,13.131831959580175,3.8858291607922646,2.9593342184731846
2157,12638.671875,11.604735416237006,3.066510162076418,2.2405673672872197
2158,12644.53125,11.2129645188133,2.9338112597758284,2.636758057108624
2159,12650.390625,15.32692154388545,4.427591780939584,2.953820769847278
2160,12656.25,17.11018041404168,4.26035840624202,3.144214742927229
2161,12662.109375,15.853924515562083,3.5234401347639244,3.4582592092203948
2162,12667.96875,13.208651652205562,2.266183765472441,2.434270256479774
2163,12673.828125,13.78397772646668,2.8206850899031033,2.512978742609991
2164,12679.6875,15.126708647982978,3.587271369049522,3.2338613426028657
2165,12685.546875,16.403655510941554,2.9611008438023747,3.4464848554163745
2166,12691.40625,16.860664942937735,2.647994071134212,3.3295046742627856
2167,12697.265625,15.008115684182636,2.27490196173067,2.6492268764995535
2168,12703.125,12.936424271499428,2.121375077375424,2.0793480187714577
2169,12708.984375,13.69840893506689,2.806612000925564,2.704244778734062
2170,12714.84375,14.259436334906948,2.843627729001199,3.1960411200943035
2171,12720.703125,15.988062836525913,2.383606476375205,2.68484061988005
2172,12726.5625,14.853673897790149,2.397804008389886,2.347393359654705
2173,12732.421875,13.086288294438855,2.5121795557165028,3.074908460514913
2174,12738.28125,14.703351967490182,2.445712174273974,2.818719825443599
2175,12744.140625,15.846177699182682,3.2273694286726133,3.4908936829097614
2176,12750.0,15.59187654034041,3.9664101667096734,3.6529580071567582
2177,12755.859375,17.68657717290322,4.592223801694711,3.5185282719972055
2178,12761.71875,14.670991989669574,3.7277189615974606,3.0958105492147925
2179,12767.578125,14.538211604497398,5.03764927671638,3.954032869508437
2180,12773.4375,15.493428247154158,6.188535275589636,4.976725268346682
2181,12779.296875,13.396719814188142,4.409483752003651,3.965944103620334
2182,12785.15625,14.071254711246926,4.574068854271992,4.408851933354651
2183,12791.015625,15.242603066710053,4.247282654448304,4.476343144037483
2184,12796.875,14.636195272030324,3.5439574035821044,3.456058751668004
2185,12802.734375,16.44713465272835,5.3313764194567135,3.9754890905136415
2186,12808.59375,17.630993117877154,6.459055113014124,4.385171401192582
2187,12814.453125,18.076822810981877,6.937262180815354,3.7903677785657566
2188,12820.3125,17.46279646280979,6.399877227637293,3.5241424484080315
2189,12826.171875,17.415935266867763,5.594710058782853,3.7137619240801323
2190,12832.03125,17.121431838612878,5.471678989472722,3.6409880344830756
2191,12837.890625,16.04084551696568,5.219511043295801,4.074307869937786
2192,12843.75,14.740128692854459,4.498267338866421,3.284280270576747
2193,12849.609375,15.10552002072136,3.889469831027617,2.770109337238973
2194,12855.46875,15.467394823405535,3.26286628671345,2.7197797334908222
2195,12861.328125,13.440473487615964,3.0812427568011103,3.0443028208349645
2196,12867.1875,14.051419689024467,3.034224732545962,3.95559321550092
2197,12873.046875,14.512342044159944,2.4859885699722115,4.059105715238985
2198,12878.90625,14.162566607973504,2.490313285477568,4.273936896519342
2199,12884.765625,14.546671120330577,2.620110677925891,3.240802408623012
2200,12890.625,14.566228037677229,2.4563256491811907,3.6425221356703137
2201,12896.484375,13.376688833138102,2.5052171192342265,3.436018671345759
2202,12902.34375,16.70223246158881,3.332912559054847,3.317450810038538
2203,12908.203125,16.587877059237393,2.92884587904319,3.910611448498663
2204,12914.0625,16.999850546636473,2.997686598632823,3.527782684300274
2205,12919.921875,15.315950996250523,2.5082034470165873,3.4154635463370537
2206,12925.78125,14.553723072260734,2.2789323104762667,2.5806509239045385
2207,12931.640625,15.595922435067399,2.500437964141498,3.0889574100056545
2208,12937.5,16.850762229538326,2.765821995846027,3.27802649847747
2209,12943.359375,20.275259795168548,3.445396297978135,3.958820560440597
2210,12949.21875,21.20968885417584,4.106562022153924,4.733448442747699
2211,12955.078125,18.85455517411629,2.7368277659294837,3.909386253468398
2212,12960.9375,18.18571189926419,2.5383061264870816,3.5102124301800117
2213,12966.796875,18.878809486061744,3.070965840403516,5.092233478511444
2214,12972.65625,20.978654910327585,3.0067298309154897,5.174953746114726
2215,12978.515625,18.8813359025218,2.5290892861624137,5.756084459028948
2216,12984.375,16.212259756899176,2.1044303137477325,5.230546422510057
2217,12990.234375,13.797477198765353,1.6182882213147332,3.797785910926849
2218,12996.09375,16.19281091384671,1.7878182147844819,3.6063886973491357
2219,13001.953125,18.562637996413525,1.962883077335468,3.4330732473484558
2220,13007.8125,20.856152337444236,2.181677890264146,3.8071350407620717
2221,13013.671875,22.90859326998122,2.0204523428052212,4.095603923684128
2222,13019.53125,21.89637270989411,2.066646221286361,3.8462887543981563
2223,13025.390625,22.122545366894787,2.1393489308557867,3.416807243416922
2224,13031.25,25.85788354606911,2.244146428280395,3.6755174967698245
2225,13037.109375,24.19993088806133,1.8778580640882856,3.989389586911443
2226,13042.96875,22.389463522532697,1.9093079635505048,3.7743291236889585
2227,13048.828125,21.109496093967245,1.818099470375699,3.664712135631047
2228,13054.6875,20.465909028647435,1.7056961614874786,3.583802855699819
2229,13060.546875,20.015513340444212,1.5702960402806214,3.7340083100572734
2230,13066.40625,16.95712870852686,1.5017694259323422,3.6249946573343403
2231,13072.265625,15.156814108817029,1.529770633347569,3.438526221729454
2232,13078.125,16.474411647069765,1.799331585344921,3.314017110643719
2233,13083.984375,16.988823379802017,1.7831980002571195,3.353458546769351
2234,13089.84375,16.319222760103816,1.5996791973887317,2.7707388650254607
2235,13095.703125,16.616985485284708,1.7848119697161435,3.7322832515186244
2236,13101.5625,16.417845144609533,2.028164822431764,3.891568510792119
2237,13107.421875,15.139860076090466,1.6215386280169137,2.090688410495916
2238,13113.28125,17.24302129637581,2.1729686466225493,2.854182544428215
2239,13119.140625,17.603735873915443,2.041207632211359,2.802952248940773
2240,13125.0,18.56000868741991,1.903677544157734,3.8781069539657733
2241,13130.859375,19.62212507149706,1.9249663967006587,3.2931493664655713
2242,13136.71875,20.043731412071473,1.7660434960064813,3.0434303928074615
2243,13142.578125,21.720864473245864,1.9842139629598652,3.37527706602408
2244,13148.4375,23.484991365347785,2.2587249680737744,4.599545691097676
2245,13154.296875,23.81455112482861,2.1319425751375713,5.29531831874588
2246,13160.15625,24.901160748225955,2.171074391257903,4.335216398593727
2247,13166.015625,26.934154768319228,2.4737783308965566,3.7439055485191215
2248,13171.875,26.670038265691794,2.8304486046364232,3.4653562978395542
2249,13177.734375,24.097184882398246,2.620122687887052,3.7770892768682667
2250,13183.59375,21.40775614620817,2.2184576434440553,3.6921718914043273
2251,13189.453125,27.656805829837232,2.88342735828773,5.0215320049655165
2252,13195.3125,30.866082411537768,2.9211032221424804,4.547141945864333
2253,13201.171875,26.456205033590848,2.6771918920291373,4.365452259801799
2254,13207.03125,23.105355051628592,2.5354326145299564,4.333455776693924
2255,13212.890625,19.322236086054378,2.0914281764750053,3.3510178027126765
2256,13218.75,18.84818552828652,2.244413567778795,3.83129341265088
2257,13224.609375,16.151823200915953,2.1898910022555116,3.263134839917694
2258,13230.46875,16.234679988392955,2.0596584976789547,3.3911771821014054
2259,13236.328125,21.13604138738573,3.300001188049123,3.84982259845264
2260,13242.1875,24.859799081111845,3.586489586751168,4.133098564710362
2261,13248.046875,25.73076613523386,3.9859651075132794,4.0455507966158795
2262,13253.90625,30.116269078752193,4.209041295936364,4.5538336323196
2263,13259.765625,30.710269359958193,3.71244613147197,5.375129964029954
2264,13265.625,29.56953718327016,4.144824428557177,5.027827850215418
2265,13271.484375,28.50011240537956,4.391981427449836,6.043946375804255
2266,13277.34375,26.253523078429094,3.588699907935191,4.852336858614461
2267,13283.203125,23.272841944707807,3.5611169844502433,4.192259147979824
2268,13289.0625,21.621337374340527,3.0306788959524025,3.3821149135402493
2269,13294.921875,21.432884444632336,2.973865992560609,3.734703180006819
2270,13300.78125,25.129736468423992,2.9003319397352723,2.991491994412277
2271,13306.640625,29.769766189476602,3.8964174961135827,4.164573898024941
2272,13312.5,27.5596146979835,3.816034538284687,3.60121591297416
2273,13318.359375,26.47517051739155,4.0077526864484705,4.7430903307752335
2274,13324.21875,26.81764104459553,3.1321252433101687,4.641735918032728
2275,13330.078125,27.821689140749537,3.0735208607316413,5.0957965416327005
2276,13335.9375,28.92752119204306,3.2297192719226238,4.056035721746007
2277,13341.796875,27.66331841027706,2.9853199600740075,4.475204723154429
2278,13347.65625,24.514567783644328,2.4889245810071734,3.6134748036053157
2279,13353.515625,26.832923464522146,2.767713309341785,3.095585153122431
2280,13359.375,27.32376761774782,2.966249881196816,3.6193780143066667
2281,13365.234375,26.844506916086317,3.1871341220847746,4.033301352059648
2282,13371.09375,27.62772145710784,3.461232773473637,3.7051856315397766
2283,13376.953125,28.19110684123855,3.3601140699091614,3.7448077771318355
2284,13382.8125,28.15606923347733,3.3476111856557993,3.628980693688038
2285,13388.671875,25.856735842501838,3.1202359300850624,4.832876317224112
2286,13394.53125,25.8659740046443,3.012167214993032,4.075330634704276
2287,13400.390625,28.23356170624721,4.288097367856819,3.580465768143857
2288,13406.25,29.21465792624562,4.485258514327829,4.896501192534305
2289,13412.109375,30.55207600777392,3.827627262259637,4.084269915227713
2290,13417.96875,30.258988128833792,3.733610769670084,4.321000968514798
2291,13423.828125,30.831946262992414,3.893704650568911,4.063636373287923
2292,13429.6875,28.01056903401856,3.1868222705512554,3.714110767840092
2293,13435.546875,25.265660229283448,2.7184283923233385,3.7204440279230435
2294,13441.40625,28.084449763965875,2.948706801088659,4.255512111567173
2295,13447.265625,27.36646781297505,2.643825247243403,4.536217404884993
2296,13453.125,26.564693597861496,2.352693375178297,3.4103330134820555
2297,13458.984375,24.125742132995363,2.383507328540942,3.57546963364892
2298,13464.84375,25.233437333349148,2.598854390648229,3.0988822287726956
2299,13470.703125,27.845444384490783,2.7631351700162052,5.294148034546995
2300,13476.5625,24.565154328008436,2.438068875112034,4.925442541596299
2301,13482.421875,23.68654091763027,2.094883386244524,3.491163515331924
2302,13488.28125,22.815016753434936,2.02181346661753,3.027167337957413
2303,13494.140625,23.419984458401824,2.4647332263721733,3.494672208600198
2304,13500.0,24.631069955651675,2.4304827785495298,2.844038825874867
2305,13505.859375,22.26035203584649,2.1617347053367895,3.5129608669222954
2306,13511.71875,23.179198514958156,1.96655926221653,3.5034243311695312
2307,13517.578125,23.812042821041462,2.050102805885504,3.8686215411082334
2308,13523.4375,22.65284248790888,2.200999025458284,2.7197496398455607
2309,13529.296875,21.97380055493598,2.0391453836517917,3.0785017846374574
2310,13535.15625,23.69912333155629,2.61799634512844,4.450448497699205
2311,13541.015625,25.314099363240885,3.1369102141852765,3.633749036674186
2312,13546.875,23.533083303160513,3.537696919104481,4.125811769647704
2313,13552.734375,21.20834687096389,2.5328567581487373,2.9649614950497143
2314,13558.59375,22.671822211509596,2.407981072119211,4.09069284571336
2315,13564.453125,22.835161843968176,2.95428776596983,4.389441769017591
2316,13570.3125,21.263258627514286,4.188017496569341,3.690065508094464
2317,13576.171875,20.833342158449756,3.049841715634261,3.8128469241551963
2318,13582.03125,19.878661242807695,2.8005239107730597,3.351063533832762
2319,13587.890625,19.395268338840154,2.4036386392150098,2.621087907110599
2320,13593.75,21.65421056460718,2.689063711690735,2.731809629276773
2321,13599.609375,20.650836536125123,2.974328733249483,3.0762440101074797
2322,13605.46875,18.59546261384438,2.705953586647846,3.31707449558505
2323,13611.328125,18.756243300697097,2.4939138617239136,3.3284125188690528
2324,13617.1875,22.435645289172005,3.429343508626367,4.43924639350086
2325,13623.046875,24.512576473917242,3.2099090225269964,3.873872444918642
2326,13628.90625,21.78548998980473,3.0752634326495816,3.854458930213651
2327,13634.765625,19.071654443585107,3.388884594307985,5.237174380652905
2328,13640.625,20.241302736429432,3.4764573416671314,4.914859038745366
2329,13646.484375,19.066422597269266,3.4227233321339603,4.7534405783056775
2330,13652.34375,18.685922443430325,3.1620387333049256,3.7052968947810623
2331,13658.203125,19.65621245162954,4.02665025190485,3.8583811170094693
2332,13664.0625,20.946910910962757,5.020529558559366,6.1878460988593105
2333,13669.921875,20.396482466517273,3.002647681420741,4.1133726247045574
2334,13675.78125,19.13645918488721,3.0636344345749524,4.0858752347279665
2335,13681.640625,18.082169363710374,2.5135879306075104,2.9139953684600757
2336,13687.5,18.51879837352277,2.856008047555675,3.228922855545487
2337,13693.359375,20.232987319977358,3.2965158995504007,4.101376165386236
2338,13699.21875,19.772628429839884,3.0080011323710742,2.8809881445777292
2339,13705.078125,18.344685473864985,3.3840539443167192,3.793338675164439
2340,13710.9375,18.886659701818967,3.528646515222754,3.16420461501432
2341,13716.796875,20.49720978774016,4.370596346119758,4.067476283102055
2342,13722.65625,22.204522370370775,3.7668918320574045,3.74121934766379
2343,13728.515625,22.27533518852168,3.7752163425011958,3.5519043271426747
2344,13734.375,20.31507428928786,4.2065356495386155,3.8954949573255786
2345,13740.234375,20.1560690754672,4.839397336637744,5.138285396841757
2346,13746.09375,23.241204553235058,4.882379305841669,5.447161389722168
2347,13751.953125,23.597441045145207,5.304827441454631,5.4849914555508645
2348,13757.8125,21.79307928048614,4.559662047890691,5.174913351055703
2349,13763.671875,22.262693953240223,4.811682921732578,5.234275459922516
2350,13769.53125,23.342585185546778,5.952208530878398,5.541301628943249
2351,13775.390625,24.27995301134735,6.798172526035503,6.826833151888393
2352,13781.25,20.432197679712807,5.258207865386898,4.4472498628810575
2353,13787.109375,16.43435852474783,3.8688324896378443,5.041141326294348
2354,13792.96875,20.632024261543513,3.7338685032684458,4.756708566594424
2355,13798.828125,22.845060707021215,3.48033724997254,4.398185212271953
2356,13804.6875,23.052115971302555,4.221990867229497,3.5727837137261007
2357,13810.546875,23.97705012424023,5.389730623646524,5.338235049067144
2358,13816.40625,22.935497871719278,5.58054337168828,5.034180606866013
2359,13822.265625,23.070679053448533,3.760624782659682,4.303645447630995
2360,13828.125,24.16968144982131,4.997619338216807,5.18652778688213
2361,13833.984375,23.098673405830276,6.809118819205782,5.435306625289672
2362,13839.84375,22.30434791044702,5.7538690133807515,4.485008572069528
2363,13845.703125,22.121939129728375,5.24221067599209,4.137941628915223
2364,13851.5625,25.37602366071431,5.234190525886959,3.825477963303563
2365,13857.421875,26.2503025695923,6.467373831654686,4.947376386908748
2366,13863.28125,24.177184920260512,4.385454768015876,4.614503365772406
2367,13869.140625,25.741417506021897,6.120739187172688,4.415466883461475
2368,13875.0,26.64862656302473,5.056034038385091,4.088794469356063
2369,13880.859375,24.775553820862275,5.185905507121146,4.090157454136733
2370,13886.71875,24.13921979413589,5.307745864057541,5.146578861341354
2371,13892.578125,22.896771530098405,5.737304726166531,5.360256860034366
2372,13898.4375,18.850891820224952,4.767866971990802,4.1163520779579645
2373,13904.296875,19.120294654512307,4.562375339079531,3.650127012381671
2374,13910.15625,21.17891500551091,5.103490429546442,4.161307913481811
2375,13916.015625,23.664769570229268,5.2912424467863115,4.135945802526633
2376,13921.875,21.973648329527197,3.68504897008695,2.8946001384321294
2377,13927.734375,21.464069973611153,3.783811057176047,3.6154936329379996
2378,13933.59375,22.770055994591953,3.5578975833576743,3.032608187436711
2379,13939.453125,23.823051833298216,4.052586816971333,3.5437500143561
2380,13945.3125,20.077325888057896,3.4912672851216024,3.4282232128347196
2381,13951.171875,19.4266851858696,3.4242892085020613,3.073433078134212
2382,13957.03125,21.4320328171736,2.8207352095774834,3.0941352988565423
2383,13962.890625,22.50717063267003,3.162040356904642,3.4739436233888226
2384,13968.75,21.588427201294724,3.2410201022227847,3.047971382336382
2385,13974.609375,21.797152157365044,3.5619782519842045,3.628662598614128
2386,13980.46875,22.485357820075194,3.131900959628658,2.8631803733044654
2387,13986.328125,23.083103611924624,3.237167093031011,2.957711447017397
2388,13992.1875,23.748683483042498,3.3632798328154916,3.469162295794855
2389,13998.046875,21.5514890660428,3.6541656000491707,3.437399265998732
2390,14003.90625,23.65574515857164,3.2580590629402764,3.641201989208689
2391,14009.765625,24.572291844001576,3.6148993079380274,3.9797760417954033
