bin,freq_hz,abs_h,training_noise,mean_abs_llr
400,2343.75,0.08754388130768215,0.75,7.461656911087215
401,2349.609375,1.2147478732432826,3.4154302615621077,3.386423864527495
402,2355.46875,2.1435674823713486,7.410841756107125,6.853091899069464
403,2361.328125,2.8180483453037715,8.743294258172442,8.618512606066618
404,2367.1875,0.8568843707057219,2.2471109105025393,3.169323179342654
405,2373.046875,1.3022640986120237,3.228594108585594,2.5095659731395377
406,2378.90625,0.4026913577300304,1.6546830764550555,3.783754431717042
407,2384.765625,2.0593801184178724,5.2326451821669995,4.047657676290253
408,2390.625,1.4817385990506997,3.5390720045610222,3.43801250316179
409,2396.484375,1.8672304351569344,3.7100808051895298,2.9845139539756635
410,2402.34375,0.9023149332045638,2.4797918233281226,2.1079038932723004
411,2408.203125,1.651813419039187,3.763287041608017,4.286465525245563
412,2414.0625,2.0483988252631566,5.255725268748091,5.473499022681981
413,2419.921875,1.3411080307123113,3.9014592853903185,4.557440577693768
414,2425.78125,0.4289645096195108,1.0576471800780705,2.1215680771452425
415,2431.640625,0.6338235798896396,1.7718007967683973,2.446952767435027
416,2437.5,1.7616596195612038,4.992045148295025,3.271760203799604
417,2443.359375,1.663609873906199,3.358115341547086,2.974064484810774
418,2449.21875,1.4213964699465902,4.361715465165703,3.276664586524587
419,2455.078125,1.2657920943418168,3.295513793289704,3.032453394310879
420,2460.9375,0.461456020701319,1.1671462392703733,1.719933738880787
421,2466.796875,1.0325254323150315,3.0371518462968696,2.138864686432573
422,2472.65625,1.5465377686643933,3.660113360777177,2.3340062000414274
423,2478.515625,1.9243032608055504,4.381748251098506,3.3847352510715303
424,2484.375,1.9844014106018792,4.0135292658085335,3.108309892619882
425,2490.234375,1.1029041150177594,2.757941634831625,2.6245579627593796
426,2496.09375,1.5586167678921377,4.532143640730877,3.2479235462464824
427,2501.953125,0.604063332401777,1.785112756838097,2.0749006781524937
428,2507.8125,0.7429928368255045,1.7805993673703344,1.6285392601292599
429,2513.671875,2.1242118610936225,4.368836728918927,3.1786796241464566
430,2519.53125,2.213517647116117,4.567730748657117,3.742850994184153
431,2525.390625,1.5520358022847742,4.698614671054116,4.03214549892398
432,2531.25,0.7412553605794199,1.9509991192094476,1.4860673125022261
433,2537.109375,0.7149335788735147,2.3390187535330345,1.7705558544863238
434,2542.96875,0.6692663161280177,2.020800028675581,1.8681397405282831
435,2548.828125,1.640722305243773,4.963955291670732,3.794233862582511
436,2554.6875,0.5308380400536746,1.486049996440088,1.2699742761863935
437,2560.546875,0.4689118680297799,1.5670679163038168,1.6380441679820876
438,2566.40625,1.3546034875868247,4.377961599555197,3.0532544573632756
439,2572.265625,1.3928039820037328,3.591902751604052,3.267389008808935
440,2578.125,1.5224099016323416,5.08927229998285,3.3021817149665966
441,2583.984375,1.378197066679158,4.8597311573442665,2.7435026145884565
442,2589.84375,0.7678106780821592,2.785593245982837,2.5027361552353526
443,2595.703125,0.16763407979794473,0.75,2.089977445399979
444,2601.5625,0.7656263247586748,2.5234537717787697,1.9675746977482291
445,2607.421875,0.7478468595071021,2.5017305924050017,2.082911376661566
446,2613.28125,0.34198782544009676,1.167781641377466,1.4327989499881615
447,2619.140625,0.5525051792551211,1.4967366798003332,1.541484668746312
448,2625.0,1.1511832095026808,3.4562005177056223,2.8226580868093514
449,2630.859375,1.3746268841529794,4.775311825158896,4.190985881612613
450,2636.71875,1.6970391647635745,5.743168523405243,4.479919801704044
451,2642.578125,1.4186640924200675,4.162158468448835,3.0634617193343994
452,2648.4375,0.724498039202322,1.9804184295190892,1.5209630447214257
453,2654.296875,0.8140025174925111,2.3164676456445674,2.3064422251323564
454,2660.15625,1.4481253982576818,3.8225076372777136,3.4987521476074237
455,2666.015625,1.8502555857568823,5.778491614895255,4.473746512070521
456,2671.875,1.765205301362309,4.27700095713458,3.2020072461486224
457,2677.734375,2.0983200937161257,5.241257275859037,4.444636236155952
458,2683.59375,1.5834326844194364,3.5475119677914955,3.144380795514776
459,2689.453125,1.5833392158885187,4.535358433993224,3.8396406419129474
460,2695.3125,0.7325860058524132,1.5261447932580765,1.1856108084569426
461,2701.171875,0.6494606692958091,2.499804139629324,2.4837844774072484
462,2707.03125,1.416480101634413,4.6097224944530995,4.3583409817427405
463,2712.890625,1.302740196688625,3.878665231442766,2.9630387530755726
464,2718.75,1.3036134687682577,5.168035473397728,3.1086829237514095
465,2724.609375,0.8270408196493444,3.3272404002189115,2.3122582423106888
466,2730.46875,0.09388147343174254,0.75,3.6003885944841616
467,2736.328125,1.1339014118020123,2.9447160608942555,2.4308403597411337
468,2742.1875,1.3534630020276401,6.219467781805023,4.738227514799254
469,2748.046875,0.6129700714820444,2.8150558075108814,2.6024656016334973
470,2753.90625,1.097572180081606,4.682138921668143,3.040613119420943
471,2759.765625,0.938858640102458,4.04241266697934,3.5541914669965236
472,2765.625,1.3715905242944315,6.067116013144171,5.195723914384742
473,2771.484375,0.8866253475121436,3.3559177353982808,3.912756136412713
474,2777.34375,0.6675191081132674,3.3257877521590675,4.204680902799093
475,2783.203125,0.6288691746659069,2.493894088748163,3.2488544187284583
476,2789.0625,0.3613544267930197,1.0501959101668539,2.328982926297787
477,2794.921875,1.238973232282417,3.666507003117788,3.8058279286432577
478,2800.78125,1.1985428525459891,4.453235525906611,4.494266085720302
479,2806.640625,1.2460518732743133,3.475150686735024,3.044762450852768
480,2812.5,0.34959025705932595,1.0927337710140355,1.4484117488439232
481,2818.359375,1.037710563074002,3.617618692394661,2.5515479109109913
482,2824.21875,1.1025756415048318,4.264028041779215,3.4801938113107074
483,2830.078125,0.24859399632266785,1.171354400803708,1.9309673085665977
484,2835.9375,0.43435694514031614,1.6771377582123086,1.7753332879682746
485,2841.796875,0.03737572384384065,0.75,5.313179676207555
486,2847.65625,1.4411387830036586,5.649828158824047,5.036657084556501
487,2853.515625,1.6088481106782737,6.1031906160409335,5.137798567210534
488,2859.375,1.0004811838120313,3.1931944026298424,2.4209211202549534
489,2865.234375,0.6117492505226224,1.9160801257757587,1.5534094233695181
490,2871.09375,1.3533673266899147,4.0853315844318425,3.6150880298438173
491,2876.953125,1.1761914637175477,3.4943918733543953,2.5462443003607733
492,2882.8125,1.059822596801789,3.282401931008561,3.3111553930414104
493,2888.671875,0.8156648673148709,2.3756280745662295,2.615515283680787
494,2894.53125,0.2921925872444742,1.3251468281695156,1.570744994588358
495,2900.390625,0.7608462720368128,2.407440665754507,1.9734988780168683
496,2906.25,0.6990093650052844,2.252643732705916,1.9037485895867765
497,2912.109375,0.9322087171731398,2.467688601876212,2.300262664106218
498,2917.96875,0.6458603469018858,1.9910633497455652,2.592352449834589
499,2923.828125,0.332506242692968,1.3297601891051216,2.256927861230141
500,2929.6875,0.3788117968349497,1.637438243727599,1.9586928633613796
501,2935.546875,0.38922969384616196,1.2071393068245238,2.16915136150436
502,2941.40625,0.8947177492080054,2.662772311576874,2.6258857629740535
503,2947.265625,0.3243074086431169,0.75,3.251178149533248
504,2953.125,0.3351831408452595,0.8446226227182463,3.1026522290157454
505,2958.984375,0.25417941790564774,0.9607635432574775,4.357920920468545
506,2964.84375,0.2395617010500367,1.0384213964261673,2.272188006181835
507,2970.703125,0.5016098976737284,1.6777331196277645,2.3056947865924227
508,2976.5625,0.4369779510090703,1.4500093379128072,4.065957376503745
509,2982.421875,0.6794410176223934,2.518069811916856,3.2534081327836546
510,2988.28125,0.2727206379939318,1.01475951592751,1.5935692332789146
511,2994.140625,0.5028501975236532,1.891426592304564,2.6034428885860574
512,3000.0,0.347640669435068,1.2567460695967019,2.6507752648134395
513,3005.859375,0.09589823340590041,0.75,2.819821047667271
514,3011.71875,0.2785602761241378,1.18081860050708,2.3593639390824537
515,3017.578125,0.3622484184359414,1.6467076574410702,1.8648467376372617
516,3023.4375,1.0449052012040563,4.30879298393405,3.4767637422730697
517,3029.296875,0.7533504967213871,2.840386590118045,3.4365857147759287
518,3035.15625,0.5324509527052145,2.032085556029275,2.753277476096166
519,3041.015625,0.6956598637463304,2.899051863738066,3.424397506265211
520,3046.875,0.9805040925013029,5.128280797618208,4.208364585493432
521,3052.734375,0.5635746498817864,2.179269968650613,2.485074034244881
522,3058.59375,0.14520955959092885,0.75,4.167668755464761
523,3064.453125,0.4556148775325722,2.2673718655945105,2.950303014510623
524,3070.3125,0.9367516619068726,4.523771898137564,4.120753225774223
525,3076.171875,0.8552459589378396,3.8363633946749465,3.6310552195851566
526,3082.03125,0.73692534065776,3.408390822935167,2.9052942099977566
527,3087.890625,0.5836523185359179,2.6146844341388986,1.9289298398314896
528,3093.75,0.5900596263819656,2.02503351076353,2.7714367129106656
529,3099.609375,0.7424701557398936,1.6671708261583715,3.6069362540007996
530,3105.46875,0.3787192325114514,1.0055695601568435,3.5018366759637174
531,3111.328125,0.7342102356751988,3.263328530774508,2.3201310747638715
532,3117.1875,0.7970219461467001,3.8711843004065827,2.2833749255592357
533,3123.046875,0.6961607045099206,3.3141762296933095,2.3222611331330665
534,3128.90625,0.6078136620679644,2.9924582700132567,1.8790560380026236
535,3134.765625,0.014505624091879507,0.75,7.604951626981568
536,3140.625,0.6332471288341122,2.7420593506386326,2.5036794946004206
537,3146.484375,1.145717440042927,4.233935032421727,3.663463437169401
538,3152.34375,0.8260647767325546,2.733039514809078,2.6227525788790986
539,3158.203125,1.2617927695460458,4.83748000646861,3.1366148413592376
540,3164.0625,1.5337854468845107,5.5259868311701075,3.3486359836268336
541,3169.921875,1.6184428651057456,6.9738113991394,4.253981705225498
542,3175.78125,0.7403242599965888,2.8893523292497614,1.8167592914358732
543,3181.640625,0.5447565284820692,2.332204999037439,2.6811790645216536
544,3187.5,0.8633708762352155,3.6655578090941403,2.55172920018032
545,3193.359375,1.0120767913220274,3.4111936112604493,2.701397254235459
546,3199.21875,0.7003613244290363,2.675215543802898,2.6794059534354213
547,3205.078125,0.745102848383241,3.468220278163931,2.522335877697412
548,3210.9375,0.6683133856905412,3.6841398801600533,2.6221788660845204
549,3216.796875,0.8563344872580546,3.758027001709012,2.228482837992166
550,3222.65625,0.7511741360611093,3.2291129566021253,2.8478046360143576
551,3228.515625,1.000099105030433,4.576618827479462,4.313580854339986
552,3234.375,0.9858788139530307,4.526158299117919,3.9155100151951006
553,3240.234375,0.44188229672409496,2.3376228992387156,3.782885353164762
554,3246.09375,0.8767073533388341,7.498438228974383,7.846041471734608
555,3251.953125,0.5573458859359864,2.4907966721297776,3.3147359462318446
556,3257.8125,1.0304262632985894,4.495327744495645,4.068515568932676
557,3263.671875,1.053385927151655,5.366108143766949,4.049265002718412
558,3269.53125,0.8003685147473251,3.508995116038916,2.343832488071103
559,3275.390625,0.4972797792719166,2.1340686738967483,1.4011952270482244
560,3281.25,0.6031375055740931,2.779676438654854,2.0713017589776306
561,3287.109375,0.5149737774627497,1.867611237479892,1.2903575062862829
562,3292.96875,0.09112104285377329,0.75,4.927789647019662
563,3298.828125,0.4508620320611258,1.6677515341928326,2.8101610888887
564,3304.6875,0.9633420227624933,2.837789246896091,3.2097263815675756
565,3310.546875,0.7600948241918227,2.1767365966715024,4.218342283572484
566,3316.40625,1.4186524951814077,5.503916206284969,5.783235195068482
567,3322.265625,1.0301171971464396,3.597219808008284,3.363891585819927
568,3328.125,1.0942921842710167,3.1360043367771957,2.2920262157361124
569,3333.984375,0.7163891006737954,2.9729604211678624,1.6039768069564522
570,3339.84375,1.0619373871034297,3.7185101308252344,2.9010128220257734
571,3345.703125,0.9879134770197064,4.132909510275656,2.3946731697775148
572,3351.5625,0.6308270881288791,3.30334291620122,2.2548180838482454
573,3357.421875,1.006955815390678,3.6533948456134917,2.308582438711533
574,3363.28125,0.24831180756905835,1.3188557501584037,1.3620906012668879
575,3369.140625,0.4488636917524662,2.7428192513747276,1.8779139080983565
576,3375.0,0.24182766184967955,0.9602478617215122,1.354427064965568
577,3380.859375,0.931754852118228,4.675059969837495,2.836062991306249
578,3386.71875,0.919015096397869,4.217225776637974,3.6227505973453282
579,3392.578125,0.787654844010949,3.958207090320159,3.388669369813942
580,3398.4375,0.4919203052500951,2.3565797449479717,3.1921223181270313
581,3404.296875,0.43052522309165236,1.6677986690641222,3.220160146187877
582,3410.15625,0.8690399808700046,3.705873549785278,2.8818044582177618
583,3416.015625,0.7575453707002541,2.6784767119732598,1.8898081981841552
584,3421.875,0.5251024812080923,3.0797690615737388,2.4757704313423754
585,3427.734375,0.437010513696725,2.4997282717731952,2.63393977362273
586,3433.59375,0.6854800845303719,2.649891211529909,1.9225432084148995
587,3439.453125,0.8072594456434533,2.772647332075477,2.4359682543486
588,3445.3125,0.9170893025816785,2.7553177232546497,2.978053463686341
589,3451.171875,0.8844463663351976,3.422564943578249,4.928727977306915
590,3457.03125,0.844183828214435,3.3926204376007765,2.9058648956264186
591,3462.890625,1.384243725286358,5.952864130903457,4.62139134266913
592,3468.75,1.026423978958602,5.735854117926134,4.254127397207553
593,3474.609375,0.7899488056933072,2.4455697010327913,2.058594634450195
594,3480.46875,0.890949359814426,3.3662217071393856,2.483908608712992
595,3486.328125,0.7611379054021292,2.706029388110805,2.050173734902148
596,3492.1875,0.2246782005626375,0.75,1.7964039231876905
597,3498.046875,0.3130716091086635,0.75,1.8932701258645361
598,3503.90625,0.6086705345808507,1.3831877255830436,2.194682641355453
599,3509.765625,1.3557192978660129,4.727729771824119,3.6645357562990846
600,3515.625,0.8105307961217916,2.240286281692655,1.7805721887577295
601,3521.484375,1.3260714340827815,3.577746074569145,2.620523161112919
602,3527.34375,1.5052760473476647,4.122200877759593,2.945107187609751
603,3533.203125,2.5726957653683864,8.68466060448725,6.122344416089373
604,3539.0625,1.6200328738451897,3.3767386373906323,3.0216929814495734
605,3544.921875,1.0845552177991604,2.925239034726289,2.2957477618684816
606,3550.78125,0.8101358298355171,2.4588739123408727,1.6341348520627859
607,3556.640625,1.1680904416184201,2.9598749119904477,1.7285920398342056
608,3562.5,0.9937459253839013,2.785186971060326,1.7982960414241445
609,3568.359375,0.7669695363347504,1.5758502167745108,1.7962196191514146
610,3574.21875,1.5664286647715893,3.533885895209025,2.2131510082649717
611,3580.078125,1.815130901739493,5.5056782697402165,3.5523950775007034
612,3585.9375,1.711160702583684,5.729882626901407,3.606161436573788
613,3591.796875,0.9739863521418081,2.844977364449819,2.233835002789192
614,3597.65625,0.7194828935943318,2.16152911783964,2.5255618900449357
615,3603.515625,1.0989935528018309,3.848347124351259,3.019074912681815
616,3609.375,1.3259724362150234,3.9524138991472126,2.813782888080033
617,3615.234375,1.4350339541701822,5.161928487491436,4.355533645625582
618,3621.09375,1.3575162611002978,5.823979137714642,5.521518417486116
619,3626.953125,0.8759647528716872,5.094184861031261,5.34961843370711
620,3632.8125,0.6066015126595161,2.0716495093569853,2.8835368221053543
621,3638.671875,0.269502055814868,0.816836113659753,1.963808191773736
622,3644.53125,0.2097500283356643,0.75,4.993770551457413
623,3650.390625,0.24127344055090247,0.75,1.9356725526102507
624,3656.25,0.5292746605630266,1.785772320312438,2.4265665675531287
625,3662.109375,0.7113841248173022,2.3799395475240526,3.463350899883197
626,3667.96875,1.266804998620809,4.734181317879652,4.013059037878299
627,3673.828125,0.9964505334395556,2.329651370336241,3.1987027382647875
628,3679.6875,0.8284314445993248,2.0943237733178415,2.814622736275342
629,3685.546875,0.6101363693764096,2.37995271255754,2.3349077316167204
630,3691.40625,0.6477668514113932,2.536611775764558,3.0169171995929704
631,3697.265625,0.5339519452514405,3.357263133544996,4.040983111260852
632,3703.125,0.8627944992275831,3.447020220728742,2.7444887801618814
633,3708.984375,1.0425088959364484,3.2525244204523833,4.390721958405638
634,3714.84375,0.6974585657888207,3.3647664424232904,2.409703931729442
635,3720.703125,0.25935434400384433,1.215475113003192,2.1299648068989923
636,3726.5625,0.5546966621524724,2.884533070220548,2.866218617788289
637,3732.421875,1.042203029508283,3.9253145182127422,2.8405356583823473
638,3738.28125,0.8156928995763202,3.2825726431368727,2.3186468518019305
639,3744.140625,0.9595420231922487,3.1038243165502415,2.8958045374167227
640,3750.0,0.79721044303053,3.0862377409949495,2.056019577264393
641,3755.859375,0.925593281256798,4.282694556659161,3.026329832768389
642,3761.71875,0.03332026038536951,0.75,6.855815632935203
643,3767.578125,1.3131966873072545,5.113582699391998,4.730867796782087
644,3773.4375,1.6703262930298013,8.652094988556515,6.264175234637712
645,3779.296875,1.1001773248254108,4.003796992308464,4.319633941106668
646,3785.15625,1.042150301156821,3.9799896998567417,3.717159389619012
647,3791.015625,1.1281193638698674,4.989585925482585,4.250669556247819
648,3796.875,0.25875624163996724,1.1422702301074734,1.8790447497144922
649,3802.734375,0.7736000889003531,3.719468687487952,3.055924126347829
650,3808.59375,1.041657836817105,3.9633461488729447,2.7552369560150556
651,3814.453125,0.995292392786216,3.365960105453436,2.2282326501362135
652,3820.3125,1.043125723569027,5.37120640220496,5.026717761909569
653,3826.171875,1.2536941706225488,4.817791554939142,4.355206410395928
654,3832.03125,0.9557680419587402,5.849458558100471,4.631793360851404
655,3837.890625,0.22476375816493677,1.0261770945551696,1.7919246737071086
656,3843.75,0.79527784978562,3.6708331807001575,3.833096615525621
657,3849.609375,0.8537109730655442,3.7726627100499397,3.445996450525321
658,3855.46875,0.9320207195366497,3.297989442392982,3.686369601311783
659,3861.328125,0.7589018444638482,3.647060207092949,3.636129470943787
660,3867.1875,0.3840849707616576,1.5083886258230834,2.634138727080128
661,3873.046875,0.16576280989326453,0.8025878855628704,1.8301238031063818
662,3878.90625,0.2154808959918175,1.2044117728582244,1.6789552749578578
663,3884.765625,0.24703298870148116,1.0402362365526914,1.7186535190287635
664,3890.625,0.4140684327338963,2.5195697112381787,1.9430117932750925
665,3896.484375,0.4776034790627507,2.640714424625209,2.266205562811777
666,3902.34375,0.44201694996280133,2.5078365263970985,1.969529705219311
667,3908.203125,0.5416814983934248,2.4801463158540997,2.3017019647796464
668,3914.0625,0.14772172118761753,0.75,1.62695629262786
669,3919.921875,0.3437454813529317,2.0854601606127043,1.6996335344575488
670,3925.78125,0.6023106227225002,3.1778901165002713,2.3580732098016712
671,3931.640625,1.0436258967352976,5.120534959489435,3.9229232657525848
672,3937.5,1.0052055761252148,5.589971336230979,3.742876531176747
673,3943.359375,1.1884173232812516,5.633864173036422,5.29923611905102
674,3949.21875,0.9656079803060702,3.497052813277673,3.561911731436112
675,3955.078125,0.35492298039311493,2.036662233190791,1.7554136499499515
676,3960.9375,0.34502899303706774,2.0278867309148136,1.6134483488864833
677,3966.796875,0.6490552527411548,3.15190241723366,2.4152137568450938
678,3972.65625,0.32335542356275426,1.5356386115295106,1.3600762602630239
679,3978.515625,0.558467870125603,2.9811534249781877,2.6287589998204957
680,3984.375,0.8198525362386566,6.93965716816057,6.088531736325517
681,3990.234375,0.9643387843235884,4.803989900825118,5.252313759426302
682,3996.09375,0.5153474156661562,2.7546042464055422,2.8500331065094517
683,4001.953125,0.47911003651979456,2.512597434394388,1.989640250677822
684,4007.8125,0.17413291001794556,1.0196161515245876,2.2953157758384877
685,4013.671875,0.3691082094015366,1.8151174895591304,1.5781205121857358
686,4019.53125,0.48957358999757905,1.9511209740174478,2.1615080041829384
687,4025.390625,0.6191726047178822,2.1085847520308305,2.178615841699263
688,4031.25,0.22143526985447298,1.0101367665013468,1.8668997152889835
689,4037.109375,0.2928428406891625,1.6014798255291618,1.717948367100817
690,4042.96875,0.11954718366090329,0.75,1.7851017412031656
691,4048.828125,0.30579130679733807,1.3849245435456765,1.469151406749069
692,4054.6875,0.3618028205657952,2.098376831095449,1.984486051160154
693,4060.546875,0.2619886472220902,1.6647476148366076,1.6490936673223136
694,4066.40625,0.6112675559445364,2.8769877565174586,2.1730998563692348
695,4072.265625,1.0863624995261645,3.926321978183114,3.3145559014927284
696,4078.125,1.192549689435592,5.877488864563701,4.7945130647533825
697,4083.984375,0.6184680050829299,2.5718383237037146,2.113091500030577
698,4089.84375,0.5588007466012664,1.933385770008266,1.4173987039988882
699,4095.703125,0.9446093285248176,5.027138120275485,3.827204550680169
700,4101.5625,1.2027782269716063,6.056304287100181,4.579406924574572
701,4107.421875,1.4568143173424102,6.559325884575233,5.0749685317626945
702,4113.28125,1.4121763319245622,5.354554483518861,3.7627515962278615
703,4119.140625,0.7612361031497725,3.100502820264447,2.8387957232451635
704,4125.0,0.2455111398096074,1.3322512037824907,1.689417566394055
705,4130.859375,0.3818037920451712,2.4038268345959812,2.015313506418838
706,4136.71875,0.476846101875061,3.0753826695787474,2.339764332100662
707,4142.578125,0.2740973206799195,1.5652713791100075,4.294315443305554
708,4148.4375,0.25685231857335905,1.3377042890245125,1.7718308891618126
709,4154.296875,0.39513471058139155,1.8762324230282215,1.3003585020828765
710,4160.15625,0.48462305956228074,2.0864156297421887,2.4917083826952937
711,4166.015625,0.5196403350318817,2.8493095304175036,2.354366108522764
712,4171.875,1.1209221250080346,5.215080818785904,4.46664999563972
713,4177.734375,1.233623620287406,7.512914904942208,6.589450755612541
714,4183.59375,0.44720926390070515,2.2402044172212707,2.7055816246294055
715,4189.453125,0.714327789714108,3.250740442090499,3.4355610313305434
716,4195.3125,1.0432686962917619,4.56525821589428,4.051483031294287
717,4201.171875,1.2581583021658935,4.4246272559940545,4.73078773650247
718,4207.03125,0.6377122903434288,2.4305781438815237,3.2449810890134008
719,4212.890625,0.48814655235850035,2.3322231449211737,2.809998710866753
720,4218.75,0.9829521216422299,3.010309640786848,3.1234393294441167
721,4224.609375,1.175313110822346,4.597282951616257,4.701279308324733
722,4230.46875,1.1530614910666908,4.819253573424373,5.685794343283105
723,4236.328125,0.7436340166465039,4.629359884222842,4.587083351918871
724,4242.1875,0.5748904924409949,3.1763151209199774,3.089444056287601
725,4248.046875,0.5538237194205434,1.9860407353316296,2.274553935875636
726,4253.90625,0.2096202218195757,0.8478179829791466,2.3509427559063516
727,4259.765625,0.230306088998699,1.1391883750602294,2.421181756664608
728,4265.625,0.19326229222463753,0.7713577632250824,2.4254819665499316
729,4271.484375,0.24110946579412076,0.9405868374178372,2.5697430114826902
730,4277.34375,0.5102560194654712,1.9573475283473067,1.8262087960665139
731,4283.203125,0.6496179983168517,2.2158201147063283,3.0747764333720506
732,4289.0625,0.700368056830022,2.937983665204164,2.818162959719571
733,4294.921875,1.1222866667352267,5.418006423639845,4.159339046573436
734,4300.78125,1.1158581548785944,4.838621973781011,3.9107109215266314
735,4306.640625,0.5416813046299341,2.6127593518726577,2.3599915671923473
736,4312.5,0.38047150550525943,1.2819553748419097,2.8335745143349205
737,4318.359375,0.7086115130213745,2.872555398144876,2.540481599741145
738,4324.21875,1.5833847277025572,5.024627823350411,4.07028422033083
739,4330.078125,1.8025856014782926,6.788975729918931,4.89496531336229
740,4335.9375,0.8814899446806258,3.185646734719252,2.4932903836285365
741,4341.796875,1.1717685597492162,4.541568170986986,2.739566311855815
742,4347.65625,0.08166778794413346,0.75,5.323850179984584
743,4353.515625,0.5964194420341719,1.419924543435714,1.1578974649781706
744,4359.375,0.3768979960123037,1.1514209573163225,1.489149559938317
745,4365.234375,0.8013338016973116,2.4801641508223904,2.6521341915571393
746,4371.09375,0.7713300912717672,3.471932089114871,2.6574047816778825
747,4376.953125,0.7172028579779071,2.3684201611173923,2.588494963533344
748,4382.8125,0.5284980450963859,2.2499734647098073,4.259645200897954
749,4388.671875,0.5599422666002482,2.1062219425124806,2.084065319984058
750,4394.53125,0.4987172835185216,2.230413549551394,1.8203469355355755
751,4400.390625,0.414061326612781,1.6446971669033494,1.8416799211470418
752,4406.25,0.38302525553890104,1.471418489814256,1.1073089086132304
753,4412.109375,0.5842984515346404,2.5169619577012696,2.604124926995361
754,4417.96875,0.664354118779865,2.3429697356357724,3.1193148409693947
755,4423.828125,0.881190675831261,2.6836547714761165,4.095478642347551
756,4429.6875,0.9216566283276612,3.5671379190092667,3.820785526641487
757,4435.546875,0.39032979741990714,1.7900885763942627,2.7836545085508115
758,4441.40625,0.36977085945270627,1.923682156691123,2.1132910997693926
759,4447.265625,0.3720072960401513,1.4467397496460432,2.565178156648337
760,4453.125,0.8320089879623813,3.4342368254325146,4.0096409410536165
761,4458.984375,0.7383682939078766,2.556238134955942,2.6098994502153525
762,4464.84375,0.6821511080480616,2.6160736847169828,3.0509254817608253
763,4470.703125,1.0819394177416255,3.7622438492062553,3.1986500882537094
764,4476.5625,1.2326680907683,3.8743579707910776,3.008997397198512
765,4482.421875,1.1681520292563234,3.7653366734902556,2.2527058244796696
766,4488.28125,1.0859627968755565,5.009870128168064,3.0549928433312483
767,4494.140625,0.8566403673408126,2.846092740548891,1.9688283358096748
768,4500.0,1.3964322291970288,4.7138449515464025,3.204325187366398
769,4505.859375,1.110517268187098,3.498751001873967,3.1949404004305593
770,4511.71875,1.084190117301563,3.5584513020069224,2.1835382732833724
771,4517.578125,1.3465769361157875,6.3139019829886625,5.80440573174357
772,4523.4375,0.8409568655593577,3.634686888442375,3.4562525090673684
773,4529.296875,0.43079652640861277,1.5688210572064674,1.3851873851722138
774,4535.15625,0.64730245161942,2.1853530774687346,1.8570517558573785
775,4541.015625,0.5584759379474371,2.3165206303496664,2.2605860329201812
776,4546.875,0.8967523761126073,4.51589339468315,4.053638152392361
777,4552.734375,1.0403158318290966,5.169966825784417,4.110736937262252
778,4558.59375,1.1880828817447389,5.180385088013811,3.9695670070719147
779,4564.453125,0.48110473656025116,1.995824909157492,2.477127865535397
780,4570.3125,0.7562199062410795,3.090636552975969,2.800271739037583
781,4576.171875,0.09689516388384253,0.75,3.0881555884894265
782,4582.03125,0.09818167140526593,0.75,3.2261309141779297
783,4587.890625,0.4538613273990917,1.509642282144605,3.1860800485603136
784,4593.75,0.851239385930761,4.452173919077253,4.3310648982974405
785,4599.609375,0.7249011929991979,3.7521755318789425,3.602323081523834
786,4605.46875,0.4804001861182937,1.6660349348311336,2.2833661171810014
787,4611.328125,0.3676234140202954,1.3931784145769754,2.1762625430125047
788,4617.1875,0.08239786123310563,0.75,6.705555576676759
789,4623.046875,0.7869746141019702,2.7517900418322725,3.425320029211793
790,4628.90625,0.47169778310181054,2.7206735564276965,2.8771986250982056
791,4634.765625,0.69747735712245,2.8090988915806436,1.7519146649987234
792,4640.625,0.1095681972566252,0.75,5.275910415691529
793,4646.484375,0.19299844921270154,0.7906016418704049,1.8839256473395747
794,4652.34375,0.7006902699499686,2.9608952454993345,2.9337724826217677
795,4658.203125,0.7746037599643322,2.8435596771150005,2.2823042767104287
796,4664.0625,0.6583655767065667,2.7420402553123617,2.1972727345735374
797,4669.921875,0.44103846473597974,1.1179167352455823,2.3771379961562307
798,4675.78125,0.3825765440983048,0.9583063778245205,2.526602148255937
799,4681.640625,1.0063746513318905,2.6940325257596025,3.00215170073285
800,4687.5,0.4404748763160039,1.1659819611353597,2.621427764297245
801,4693.359375,0.34403377222118947,0.8542678968224617,5.351583498340043
802,4699.21875,0.43416521029122473,1.8793224237230053,1.5231663224678715
803,4705.078125,0.6486926166846823,1.8956906051878581,1.9356997760149122
804,4710.9375,0.26011111786673635,0.75,4.605151748643522
805,4716.796875,0.5266916147997203,1.9708639000510968,2.9766624016281327
806,4722.65625,0.40018476425666144,1.0452171665159637,2.6069302495164344
807,4728.515625,0.4816106039968659,1.549172923374319,3.2319892424787433
808,4734.375,0.4531850802778629,1.303538856044554,2.539310585125746
809,4740.234375,0.35921943453887484,0.849903682740288,2.3867260698918757
810,4746.09375,0.5624195964702159,1.9616703126029371,2.0693478914140084
811,4751.953125,0.29621008705705143,0.7739293365594307,2.4774278410102943
812,4757.8125,0.35865574558750013,0.7779444484011929,2.0768783077941153
813,4763.671875,0.5040806089015615,1.5538128817270378,1.859401696176574
814,4769.53125,0.5620898787091235,1.6038427395408876,1.87676141766396
815,4775.390625,0.6135301929549332,1.670389566851033,2.103201508611835
816,4781.25,0.7587532663980162,2.4025731795890324,1.447287843394315
817,4787.109375,1.2760771227122438,2.834256805208786,3.4095715281054177
818,4792.96875,0.9785093763194131,2.139781780781129,2.535144454246426
819,4798.828125,0.8849364230898609,3.0199905100588857,2.3162976091800704
820,4804.6875,0.4193004020652238,0.9700571058329523,2.2358980793632357
821,4810.546875,0.4980270988140616,1.3224959914810404,1.7668444359166418
822,4816.40625,0.27123797405310973,0.75,1.5378422326551655
823,4822.265625,0.8307754072336418,2.3640852620852297,2.839460184840675
824,4828.125,0.20349248973517275,0.75,2.7221738239145745
825,4833.984375,0.6582064927181345,1.9266960363069405,3.3625525314143103
826,4839.84375,0.7187064233133964,2.161386986183424,1.9157262142081257
827,4845.703125,0.590191356925307,2.352057068187678,1.9972197699460412
828,4851.5625,0.7428465470771851,3.242569362038171,3.083426482246088
829,4857.421875,0.9951609278246201,3.4155414698289954,2.8758212273976724
830,4863.28125,0.6609681706326811,2.936303978825764,2.385641686672706
831,4869.140625,0.3843822665460192,1.1502423262684736,2.4062435543215854
832,4875.0,0.8020606612004679,3.182260477765576,2.859422119415012
833,4880.859375,1.1960404857104472,2.9885562734842823,4.852201666911411
834,4886.71875,0.8185625263505784,3.1176459749196916,3.340348188176097
835,4892.578125,0.3168756549886222,0.8270628002049161,2.2056472288954643
836,4898.4375,0.09299885468504479,0.75,3.57008294808156
837,4904.296875,0.3485104939349276,1.583981445642808,2.2155242168111746
838,4910.15625,0.36151884027215125,0.9478712830674553,1.981655913934826
839,4916.015625,0.4927041297473033,2.0010514484542403,1.6179815203173453
840,4921.875,0.23301696673247707,0.75,2.1165788399952747
841,4927.734375,0.7185532811802436,1.8187750616872171,2.0588828591642248
842,4933.59375,0.23126973584643903,0.75,2.448921911940593
843,4939.453125,0.9877502554455476,3.151759016845883,2.8810394063585716
844,4945.3125,1.0947451947804177,4.46195765527993,3.119051911407415
845,4951.171875,0.38276715020656554,0.9361758261583382,1.9953211372095088
846,4957.03125,0.11504476244795854,0.75,4.35149874421347
847,4962.890625,0.4301083824806198,1.3793369462888476,1.947624591836747
848,4968.75,0.5949947574559102,1.3152556599914198,2.0901720438528715
849,4974.609375,1.1935134119699384,2.1192620064672267,2.136939658647155
850,4980.46875,0.9655580523075761,2.15803928941338,2.0969859442806165
851,4986.328125,0.6878386208811152,1.8615124975949922,2.296627232252609
852,4992.1875,0.7648957563376878,2.1135540795927046,1.83016357973741
853,4998.046875,0.5426835068839794,1.4969738372755566,2.0191214913763718
854,5003.90625,1.238280164903853,4.218305167883248,2.685000771331589
855,5009.765625,0.7813772713159376,2.864592133722828,2.23098919810169
856,5015.625,0.44813721038076765,1.5799748395374311,1.8144199020435996
857,5021.484375,0.8016001035712517,2.8797815336010615,2.552968432571069
858,5027.34375,0.7153419466915761,2.383519186868863,2.347018403694929
859,5033.203125,0.4669422579024958,1.4226723822680003,1.6679623811042528
860,5039.0625,0.8339929429950663,2.632229524536988,2.036298342004698
861,5044.921875,0.9645181398651819,2.8835350207971855,2.047351328731235
862,5050.78125,1.074280509307928,2.8296082451654367,2.522614607020439
863,5056.640625,0.4459694567391004,1.355963584697951,2.417863760744536
864,5062.5,0.06026830603694674,0.75,5.378514592289987
865,5068.359375,1.2200505590006683,2.8091388101394568,3.1125887210947325
866,5074.21875,0.7927544907948237,2.5762599448355945,2.726358324772975
867,5080.078125,1.9165815595702265,6.358459760512641,5.384278413655631
868,5085.9375,2.112799687196804,7.925343064235678,5.56791841103501
869,5091.796875,2.0786828994685345,6.1000401314336195,3.68861064949456
870,5097.65625,1.421192197102639,3.053417578099838,2.2516170810745555
871,5103.515625,2.047350933152113,4.760629527009745,3.1502147906511433
872,5109.375,1.996385143980936,4.377541424971491,2.361421879643348
873,5115.234375,1.7161242654232889,4.663394524981829,3.1771657692546804
874,5121.09375,1.4512944527497362,3.2665777457110443,3.0069011919416146
875,5126.953125,1.7023843649412704,4.170721288149152,2.312616121089445
876,5132.8125,1.7881508892907032,4.344547825422901,2.9312630283817445
877,5138.671875,1.4240823323887053,3.7315585980420325,2.0977834773124076
878,5144.53125,1.382573505513113,3.445291360169939,2.1750207889044257
879,5150.390625,2.1740051618698595,5.382714821581979,4.145476119175476
880,5156.25,2.1836129597546896,4.8900759387423935,3.3852510125932542
881,5162.109375,1.4312519222334947,3.33607591831795,3.2534470041245536
882,5167.96875,1.320730334376775,3.558745417185208,2.687120187931982
883,5173.828125,1.41664649326405,3.3853039096402417,2.9066565816683614
884,5179.6875,0.588631066781861,1.2725265086475126,2.4052265440736367
885,5185.546875,0.7673555788844125,2.1547758981352394,2.0481273016064474
886,5191.40625,1.1329045834672438,2.542562919859427,3.090553848652004
887,5197.265625,0.3749469271085204,1.1758943065261391,1.6342832890436234
888,5203.125,0.44064401009930776,0.9456806120009948,1.5410743494167936
889,5208.984375,1.0315626299604346,2.8206588304118467,1.8925178053118301
890,5214.84375,1.0657203276440397,2.791210624811703,2.3721450858728983
891,5220.703125,1.2316133552736181,3.711556262043402,3.8520540178401235
892,5226.5625,1.0265939353252815,2.2341649534712085,1.9062359154073414
893,5232.421875,0.8568459047163156,1.977906400977596,2.3368423806977883
894,5238.28125,0.9762638532481376,2.732846477635758,4.410377401667929
895,5244.140625,0.4121181191229078,1.7841121697503821,3.3489564962360916
896,5250.0,0.8181256002754049,2.8731837254426926,3.9916627756719563
897,5255.859375,0.39315208589174094,1.3278535599777452,3.305641174714781
898,5261.71875,0.35810732988777794,1.4441492767018687,2.428323085129177
899,5267.578125,0.7065410816409465,3.7692194974394573,3.1442443570336063
900,5273.4375,0.7783394404653534,3.5920487436191966,3.0345139559283214
901,5279.296875,0.9362533266813355,3.059830876706441,3.0517725429458253
902,5285.15625,1.0888620414455394,3.9188234397394828,4.12620364097348
903,5291.015625,0.7127800686454048,2.386705499223995,2.62072505526785
904,5296.875,0.4479961063149727,1.6439480466831329,2.4685189203604434
905,5302.734375,0.398160907173416,1.397349550125429,1.9710269041920583
906,5308.59375,0.5581611637828174,1.817027932380557,2.227226271838171
907,5314.453125,0.7341443857409642,1.4840663416538729,1.8440116131514663
908,5320.3125,0.9655179221644642,3.219584713951356,2.5103902443881085
909,5326.171875,0.9644214308491548,3.0918000499513125,2.9326130898144074
910,5332.03125,0.4037549492929955,1.258515719511583,2.3676013258043347
911,5337.890625,0.47427695846646434,1.4662434721097126,1.6640396446732164
912,5343.75,0.7380595504216801,2.26620978569216,2.3156640461217735
913,5349.609375,1.343637296909039,2.9790673861094983,3.2046656218579566
914,5355.46875,1.298946060051048,4.115366500409492,3.5688554075418577
915,5361.328125,1.2713382475846833,3.94383996059567,4.2076821133741165
916,5367.1875,0.6126892143923044,1.3296503727562368,3.3704766936462365
917,5373.046875,0.9107904207641886,1.8728724998821065,2.5031537493869402
918,5378.90625,1.138586015031403,2.727219317795237,3.3728460518820165
919,5384.765625,0.923463555616281,2.00248002295927,2.886991866561956
920,5390.625,0.9157493076424947,2.075904265285837,3.2970984469054376
921,5396.484375,0.8796400993167867,1.731723434676257,3.088933000522156
922,5402.34375,1.3374304423414913,1.9131793493683729,4.201791227708795
923,5408.203125,0.7409496160115668,1.0064240943151863,2.562050558591351
924,5414.0625,0.7085261556787026,1.393208899949824,2.7106706219578887
925,5419.921875,0.7846160522972474,1.4972553277108553,1.6680787642047528
926,5425.78125,0.23625610759151314,0.75,2.357646965570926
927,5431.640625,1.0764546758325257,1.982488217073006,2.51838626350494
928,5437.5,0.3573570722072607,0.7781366975773921,3.057571929652847
929,5443.359375,0.5083928620605025,1.1381983023033027,3.1471254189266418
930,5449.21875,0.7436326568711369,2.406343501049059,2.4781609069793475
931,5455.078125,0.1899368006457181,0.75,3.514941529853301
932,5460.9375,1.247674876627311,3.8769963841607336,3.0930181101612053
933,5466.796875,0.9690881840446117,3.2684842018324063,3.587516857301919
934,5472.65625,0.8617708607568338,2.404629093534448,2.119382669044868
935,5478.515625,1.3796318393291882,5.047470127546332,5.089480204998118
936,5484.375,0.783582307423869,1.5093986972489093,2.227527271655663
937,5490.234375,0.8136860225082932,2.5002331306809804,2.520728371665087
938,5496.09375,0.35562300672249325,1.194548575430946,2.1216686910825877
939,5501.953125,0.3895313079000791,0.9117249784869219,1.9601656963303156
940,5507.8125,1.032375535973999,2.767093007676517,2.599010361967416
941,5513.671875,1.3242397517792082,2.437213015586171,2.7819209905966855
942,5519.53125,1.2153708577097027,2.419680085007613,3.2245537039297547
943,5525.390625,0.6419739053443062,1.601779892600015,3.1146956207762737
944,5531.25,0.7295286172293224,1.787581401293295,1.496943732473744
945,5537.109375,0.6531332381900171,1.8574718875240888,1.6076353375669046
946,5542.96875,0.647282820159518,1.5481801253437775,2.3055400317094437
947,5548.828125,1.2810653283922868,2.788743776228676,3.7373166019472146
948,5554.6875,0.230971821194888,0.75,3.1508027819206372
949,5560.546875,0.18438469052022333,0.75,5.706158706229508
950,5566.40625,0.18894120622574753,0.75,3.727000217916404
951,5572.265625,0.9950008949018199,1.5994437532741095,4.909141870707685
952,5578.125,0.24593102588115603,0.75,5.417450883654756
953,5583.984375,0.7218663752371374,1.2489045004233288,3.4693231621317526
954,5589.84375,0.9186496088046522,3.285822309286342,4.092236183099778
955,5595.703125,0.17724504780181483,0.75,7.039511758688293
956,5601.5625,0.782116862516943,2.36986902281603,2.714244377466841
957,5607.421875,0.6106015937482678,1.4223727508336832,2.0955563727787605
958,5613.28125,0.6585654884201793,1.7636966412721629,2.329264952681058
959,5619.140625,1.7729882799820795,4.142849725463259,3.5323262921774843
960,5625.0,1.7557532153877116,4.05945444785445,4.402265721451566
961,5630.859375,1.407879763717117,4.652108366627711,4.945520481991994
962,5636.71875,0.9398826442059828,2.949807446778905,4.197505950669993
963,5642.578125,0.661381270972626,1.1452074081186847,2.418764046312266
964,5648.4375,0.5712295505111044,1.5035901139999197,1.827520054565516
965,5654.296875,0.3877216480278395,1.1467571874813172,3.1010477872954945
966,5660.15625,0.4521607850612032,1.1315591222390773,3.39922148734974
967,5666.015625,1.3100905911886809,2.913179153676386,2.93627618351725
968,5671.875,1.4506199077623603,4.061627536876605,4.037515455006401
969,5677.734375,2.2228511952533374,7.148376962767325,4.966348913574135
970,5683.59375,1.8377413170946812,3.793230344038177,2.7345041185631596
971,5689.453125,0.7065621808059993,1.2582585353987619,2.183632505219566
972,5695.3125,1.3452289686304524,2.670255154694116,2.739568632426809
973,5701.171875,1.4660014100381138,2.4249392054059644,2.4689235434778354
974,5707.03125,1.3656628140185978,3.2424357292994994,3.009622982540247
975,5712.890625,1.629794449368887,4.7430447570684695,3.2186705319152207
976,5718.75,1.0099548658880786,2.812109963811494,2.250708869729165
977,5724.609375,0.3455760243889081,0.75,3.7883410454067463
978,5730.46875,0.6499740311284703,1.1796010324188975,4.735356725036588
979,5736.328125,0.4650879608851375,0.75,3.0579299414182572
980,5742.1875,1.409644235777098,2.327484564831177,4.980667198662023
981,5748.046875,0.8407052016738282,1.9872050276754578,2.9390396420524305
982,5753.90625,0.4234206796161857,0.9087156224521034,4.5399411408214405
983,5759.765625,0.6354766891539634,1.247641898480953,2.1106429121674086
984,5765.625,1.9249564450774308,5.566741316070652,5.4646892099066
985,5771.484375,2.11205002721802,4.335956617350025,6.801597456633994
986,5777.34375,0.8689127525069903,1.6707434634777805,3.509941982449962
987,5783.203125,0.9269496461376688,2.096141132227877,2.5755215388032915
988,5789.0625,0.46240802022452127,1.0627116359470967,2.313906706592085
989,5794.921875,0.6598581011870737,1.4107695364235788,1.8991353070095107
990,5800.78125,1.5390773325833074,2.6339367339297555,2.2336050554059192
991,5806.640625,1.9332626363767156,4.480478087954063,3.1741281221587676
992,5812.5,2.3551591288960463,5.0113599722881395,4.198468108517906
993,5818.359375,1.3724930325289033,2.620676890520103,3.3008755171858284
994,5824.21875,1.1240195536149524,2.6033817985828884,3.005996907872497
995,5830.078125,1.3533401264366247,3.180592720915797,4.232416725491749
996,5835.9375,0.9605721471079958,2.593081235790885,2.713978809171983
997,5841.796875,0.5618025132144306,1.3659933584117978,3.806735427082023
998,5847.65625,0.42400725857575017,1.2300393919208148,3.162829583454354
999,5853.515625,0.5492481425692275,1.4435950940604336,2.8423185570134706
1000,5859.375,0.5728588016783455,1.279295538721082,2.705463199632457
1001,5865.234375,1.348276375051737,2.845772177610677,2.661074964365945
1002,5871.09375,1.4189505524765968,3.445381511043532,2.4067029881942763
1003,5876.953125,0.2995721439690144,0.901210956675339,2.3090655872888783
1004,5882.8125,0.6417376694400476,2.098105533865355,1.8776167447158196
1005,5888.671875,0.4259003600766627,1.501300099150141,2.27747093861206
1006,5894.53125,0.6976960126809618,2.0805186706501204,1.6153245848704059
1007,5900.390625,0.9616266192023041,2.2430948408372364,1.8425426093673931
1008,5906.25,1.7628470647852277,4.530371698946012,5.007833453705772
1009,5912.109375,1.3949568242884909,2.795243932217748,4.271869503169983
1010,5917.96875,1.353422671375825,3.339692470413602,3.324878234130513
1011,5923.828125,1.2697745604007997,3.110944509068556,3.1878700997929728
1012,5929.6875,0.47742946425799254,1.0953935458692543,2.6282525812478768
1013,5935.546875,0.8367778965595392,2.306248298718652,2.4036592982627267
1014,5941.40625,1.03015915962143,2.2160512730447257,2.414512116791258
1015,5947.265625,0.9306376719963635,2.024372708391449,1.8348456362061292
1016,5953.125,0.6517497429997372,2.173232476809067,2.5172839676824474
1017,5958.984375,1.3405226558895464,2.9564722966363175,4.143159600015516
1018,5964.84375,1.311898337982507,3.8187457781681298,3.2774627655941764
1019,5970.703125,0.5388531116602169,1.4609582605905411,2.0365917697375595
1020,5976.5625,1.1764007595530785,3.3639848330268025,3.468802608986242
1021,5982.421875,0.6341904253918259,1.0433196776197098,4.115065881095907
1022,5988.28125,0.2303613792001221,0.75,3.576101732721553
1023,5994.140625,0.6993936724345586,1.6886326428262128,2.473744434076084
1024,6000.0,1.3624521733947224,2.633620240574249,2.630205327746034
1025,6005.859375,0.7373910171915178,1.4267665982512543,2.5205324091067354
1026,6011.71875,0.8251934092827968,1.9799804499525582,2.563866033054704
1027,6017.578125,1.1819661367886334,2.4345027484145056,2.5682678819049447
1028,6023.4375,0.8192288867285944,1.698415761365026,1.5022509943672244
1029,6029.296875,1.2852420695904476,2.4054723556339965,1.769277827789455
1030,6035.15625,1.6373803120562764,3.308865912416108,3.0078730491298438
1031,6041.015625,1.2463951454368192,1.5677515401153372,2.805295965803779
1032,6046.875,1.310230348439943,2.2836554996062284,2.969042123459256
1033,6052.734375,1.8216822314940948,5.4080647050619355,4.204065786896567
1034,6058.59375,1.3897658558027692,3.774639146846389,3.354544037407346
1035,6064.453125,0.8338881206662418,2.097024571043225,3.0274533312459075
1036,6070.3125,1.4661884587777165,3.888295690213228,3.437838455462119
1037,6076.171875,0.5513133735894692,1.6354143884266623,1.8470867898715884
1038,6082.03125,0.7523503967932752,1.726329190247339,2.237344605147539
1039,6087.890625,1.0858089851322204,2.8107922397612204,2.7226755881825144
1040,6093.75,1.6957920211783155,4.233952454056273,3.2000518047495996
1041,6099.609375,1.516138064909988,3.5184901719705977,2.8662273819922826
1042,6105.46875,1.0329389434833747,2.4693494612448594,4.404609147711567
1043,6111.328125,2.2739934046983534,4.151829545367962,3.025896102107097
1044,6117.1875,3.1301056807242778,7.081816568929279,6.958656514336383
1045,6123.046875,2.1098855852548106,3.045400092085208,3.0547919983807086
1046,6128.90625,0.2813790534652821,0.75,1.9814699512074896
1047,6134.765625,1.5757958427294214,2.4569526009698635,4.657714862747226
1048,6140.625,1.7813457060745657,2.9259193381049577,2.337715250060698
1049,6146.484375,1.5839765882286234,3.140317610564131,2.9339497677956143
1050,6152.34375,1.578568229858535,2.9153953442474676,2.99337407562099
1051,6158.203125,0.4273219121924897,0.75,4.165476155434232
1052,6164.0625,0.2446655858700517,0.75,5.628688218514689
1053,6169.921875,0.40827118892688585,0.7797495591714797,2.742484527486966
1054,6175.78125,0.1727318165567027,0.75,4.534171775833592
1055,6181.640625,0.6782935324783469,2.637067782138264,4.051769149190893
1056,6187.5,0.8710388872362654,2.130324743605732,3.875266776376513
1057,6193.359375,1.1624193355353603,2.4269737340670248,5.201965897258322
1058,6199.21875,1.3001935357975292,1.8739494739408253,3.6756885033348037
1059,6205.078125,0.9604701803702286,2.0273938145506163,3.724234165169621
1060,6210.9375,0.9797527017695868,2.405782809658022,2.4676245550621325
1061,6216.796875,0.13340288140844736,0.75,3.9775417439127763
1062,6222.65625,0.3863586659735354,0.9794876889985081,1.8553567178363486
1063,6228.515625,1.0788669812313634,2.657762117752285,2.2290709376002202
1064,6234.375,0.7811049428519199,2.3576890419072307,1.9213653512633553
1065,6240.234375,0.9603193459955726,2.6063651343032763,2.7788518004368883
1066,6246.09375,0.5305238814366818,0.9256473450853497,2.294867683345991
1067,6251.953125,0.7243161346819373,1.4924849521626944,2.4854403970969594
1068,6257.8125,1.5951048203109537,3.1442279608221426,2.7048762682938396
1069,6263.671875,1.8225797290055847,3.1124454562198918,3.54302901795531
1070,6269.53125,0.5345206529232606,0.8502670903526941,2.384090372650111
1071,6275.390625,0.9754346951990361,1.5439207193646762,2.683276859942674
1072,6281.25,0.34963101274745134,0.75,5.360608636579369
1073,6287.109375,2.2975176699828483,2.6256041968644395,2.864787091766881
1074,6292.96875,2.370651647936425,3.105723015249059,2.094832849426211
1075,6298.828125,3.114698635039758,6.027823686724743,5.039506584709328
1076,6304.6875,2.7196517211519637,4.512438457128585,4.802056893918524
1077,6310.546875,1.6274472401685138,4.01383402498112,2.5727678268047622
1078,6316.40625,1.8385054095454698,4.29928535515095,3.641323241488646
1079,6322.265625,2.3598513251333637,6.240701411539995,5.596679740892592
1080,6328.125,1.961480926297273,3.451312482896365,5.766569505545668
1081,6333.984375,2.483012395984294,2.999920614267605,5.126668013831902
1082,6339.84375,1.905712277300365,2.340064438694972,3.491449722431299
1083,6345.703125,2.0085654487855753,2.855979730171782,4.9856852092389445
1084,6351.5625,0.7900955647904586,1.4849884440415,3.2659014678185527
1085,6357.421875,1.5885342358829306,2.321205899781994,4.595153203414018
1086,6363.28125,1.6101067277827759,3.288486909467517,5.200210765916027
1087,6369.140625,0.6045973780328824,1.4960162903838916,1.6576104121139152
1088,6375.0,0.9138936448770387,2.2293315171842023,2.6060370985717856
1089,6380.859375,0.9987953572723631,2.835750084807832,2.5484049851859933
1090,6386.71875,1.4130089608691878,3.350256891652183,3.1990901273872336
1091,6392.578125,1.8019855164426182,2.6892331082069103,2.5924589195232164
1092,6398.4375,1.4961789756648014,2.9766059892702446,3.1582039211910335
1093,6404.296875,1.5305141298382903,3.364864988685781,3.276891967204093
1094,6410.15625,2.398901060732872,5.618910052170189,4.002345046083118
1095,6416.015625,2.859513409727642,4.721207819541301,4.575004704589172
1096,6421.875,2.0516506379478683,3.4483956119125265,4.045304127874778
1097,6427.734375,2.2822303093215686,4.807158170260539,3.6067816032956252
1098,6433.59375,4.0822505585374245,8.366798367187428,7.310546051280182
1099,6439.453125,2.8103333558303776,4.788511308130322,5.052879772904326
1100,6445.3125,2.244547670459961,3.8233604826871135,3.481728492762073
1101,6451.171875,0.8877457110433923,1.4560733300839117,3.6635356570561637
1102,6457.03125,0.7485691871263842,1.1282824762937458,2.61361318230642
1103,6462.890625,1.2099632527782824,2.9350064391755564,2.194935447979745
1104,6468.75,0.9270868694329438,1.5411774782954022,3.31740481377131
1105,6474.609375,1.8614064243419735,2.511496991014641,3.2417978952145896
1106,6480.46875,3.122596318283809,5.25205690795924,5.4392052953520675
1107,6486.328125,2.2829512675646515,4.8312365488724645,6.018215632936179
1108,6492.1875,1.5465126625752317,3.9097345372319126,4.00990481360509
1109,6498.046875,0.6958300375837078,1.8218609203454181,3.217842669639934
1110,6503.90625,1.0447224822948158,2.5675478874534705,2.531683459848868
1111,6509.765625,0.45980416622458675,0.9433657836991207,2.6606177450808577
1112,6515.625,0.9982515096952761,1.8005404755853962,2.6551516192100517
1113,6521.484375,0.12087992131294793,0.75,4.9942409941315
1114,6527.34375,0.5657645792848761,1.0015749623960961,2.3752044182427468
1115,6533.203125,0.25562966020953504,0.75,3.6512909103244846
1116,6539.0625,0.9706699241603852,1.7647314503717846,1.8747289372711604
1117,6544.921875,0.515432097366718,1.4548355772013728,2.0624045638164255
1118,6550.78125,1.8569771335704857,4.824033302567522,3.34753354545954
1119,6556.640625,2.9317459613702606,6.866909234766627,4.927558078552654
1120,6562.5,1.0574985918734137,2.085316472652174,1.8236950114813961
1121,6568.359375,1.9079000268270327,3.567799669698591,2.0336590726607238
1122,6574.21875,2.778626825879492,6.2959278092211175,4.03798349158463
1123,6580.078125,2.757094167669852,4.763387850694773,3.241330011220732
1124,6585.9375,1.8364360781668942,3.803305509277838,2.118864261873376
1125,6591.796875,1.4147811090076217,2.7936756864159116,2.380955890096613
1126,6597.65625,0.8465201261800747,1.8158887226973481,2.0654470196944463
1127,6603.515625,0.8844210737930055,1.6464234723307822,1.632776446057601
1128,6609.375,2.077835228414706,3.742435518370857,4.8222509751959
1129,6615.234375,1.5886316952521617,2.80188655643987,2.029056257996683
1130,6621.09375,0.3021932771171044,0.75,3.336676654850459
1131,6626.953125,2.7110279836447075,4.608756809679296,4.608745216784855
1132,6632.8125,2.0490270214185444,2.9434273116190117,2.720259387512541
1133,6638.671875,1.8904404064636164,3.638926351884569,2.9081453637901578
1134,6644.53125,1.518575213041115,2.4306367536467786,2.6207501537643094
1135,6650.390625,3.0555012540699287,4.786473862360424,5.013528862762617
1136,6656.25,1.8602283384750964,2.4656399593430103,3.3430448469088523
1137,6662.109375,0.5823844818454885,0.75,2.7454188784944473
1138,6667.96875,0.6644095347781714,0.9193855932926842,1.7280723539716134
1139,6673.828125,0.6568070520525031,0.9334340338944068,3.0038845698251673
1140,6679.6875,1.4638767868811136,1.9610986122324618,4.16163705559213
1141,6685.546875,1.855171312939135,1.8812721708834754,4.03982887703383
1142,6691.40625,3.2419658342719373,4.445339886582522,4.434924979017476
1143,6697.265625,1.4169312342357525,3.1800132201490157,2.77257412069731
1144,6703.125,1.2792849193093103,2.859586409221226,1.9729525833200574
1145,6708.984375,2.4267447146768526,4.820133073727977,4.108842206420005
1146,6714.84375,1.8613476720632751,4.3811400526539215,2.963861725005999
1147,6720.703125,1.1502717038254808,1.7633153093344152,2.487413011278132
1148,6726.5625,0.5337362888471692,1.0125104759168806,3.1303947532000946
1149,6732.421875,0.884668904446032,2.20886796060573,2.4732010847422274
1150,6738.28125,1.1094697953125496,2.8053044944307066,2.1329232722340454
1151,6744.140625,0.7715887065850089,1.6900557187591876,1.5489998605628204
1152,6750.0,0.5435868174307062,1.3378469274745695,2.53182285584856
1153,6755.859375,0.08662068866904842,0.75,7.438822553445152
1154,6761.71875,0.8539898143624409,1.95204305496405,2.959134086720791
1155,6767.578125,1.4897779823414095,3.4040040659622006,3.401049206052714
1156,6773.4375,2.3163956118607665,4.082544350156236,3.8271952337949444
1157,6779.296875,1.9123568392017671,3.3405556488366663,3.9179134126105817
1158,6785.15625,1.6227363154393255,2.367546929957136,3.6140658668801313
1159,6791.015625,1.2310644490563607,1.6258892790026116,3.0066729687888447
1160,6796.875,0.8014294483969382,1.331682630307712,3.0818701558283546
1161,6802.734375,0.5533111100251681,1.08250060022974,2.3845399060925465
1162,6808.59375,1.5890304379889972,2.8577025049019644,1.9918078518672113
1163,6814.453125,1.478740329264467,2.318372479120061,4.069773683601403
1164,6820.3125,0.19450281257187488,0.75,7.989677930835413
1165,6826.171875,0.7077331809223308,1.2997823889661864,2.3571232591220364
1166,6832.03125,0.8808569537269829,1.2054399938288096,1.5256081931375745
1167,6837.890625,1.2288922169003926,2.0935071046574194,1.7229123757555258
1168,6843.75,0.6685481699773274,0.7595672622843302,2.678326557600704
1169,6849.609375,0.9932267507385703,1.4623477144677075,1.7970559584559627
1170,6855.46875,0.9892213196394906,1.5540332228355171,2.235057601795181
1171,6861.328125,0.804676365090273,0.9642832882108647,3.1232981402293163
1172,6867.1875,1.5965300615280695,1.940585508395218,2.059702976439229
1173,6873.046875,1.9583699326803146,3.92560590317117,2.7215967297695602
1174,6878.90625,1.5956850150222555,4.316755041186874,2.446923722754907
1175,6884.765625,0.8735979860387639,1.4203293342818977,2.7173325251054217
1176,6890.625,2.2250153669203323,4.18886272205176,3.4257736597125437
1177,6896.484375,2.392980516539903,3.539317476757959,3.053474215255126
1178,6902.34375,2.583225446707995,3.739507928108706,3.9262164638326134
1179,6908.203125,0.32593811090572194,0.9156724466694817,3.3379156220843287
1180,6914.0625,1.367106268732085,2.0855725991671563,2.357419574967186
1181,6919.921875,0.7898065316800745,1.8838269707603041,2.2653878606775106
1182,6925.78125,1.0812394003188974,2.2758507167323465,2.54858831118953
1183,6931.640625,1.2501344614964591,2.715428593137754,3.062926434246078
1184,6937.5,0.44685341120127453,0.7955563996176408,2.8554106533820507
1185,6943.359375,1.486083541174475,2.745682834683994,3.013547649501865
1186,6949.21875,0.9909564852044497,1.3074392807237756,2.701517987006567
1187,6955.078125,2.1770012059413677,4.571612231002948,4.484781959886476
1188,6960.9375,2.60127316655011,6.324593423784703,6.314582478493295
1189,6966.796875,2.380254667114311,5.96593567088982,6.06171440085278
1190,6972.65625,1.986131567970992,5.096259398241814,5.383608373266426
1191,6978.515625,0.4272394999433786,0.75,2.5208828832656356
1192,6984.375,1.038074084360128,2.2282687725038484,1.7054313499421188
1193,6990.234375,0.8752753559690435,2.5347019631150554,2.8576732343901683
1194,6996.09375,1.2990026696124655,3.6176435085883294,2.5764991759893294
1195,7001.953125,1.5705040203860114,4.039500772042318,2.5605636733844515
1196,7007.8125,1.5429552020603705,5.612640725163215,3.799344820368132
1197,7013.671875,1.1269565851928436,2.094102488502164,2.8417195047676898
1198,7019.53125,0.5326335841816613,1.4550334623872885,1.9864536586455455
1199,7025.390625,0.7540365635011117,2.1131904420409446,3.4957671114751
1200,7031.25,0.40629368599595306,0.8202724818877862,2.803322832076931
1201,7037.109375,0.4754604699758483,0.9601295512085823,3.5312008811861624
1202,7042.96875,1.0991285647286537,2.8952959844813195,3.70093535952167
1203,7048.828125,1.7165054735688108,5.315882305539059,6.113239197803448
1204,7054.6875,2.14140717998051,4.547663383069241,4.2501057156206175
1205,7060.546875,2.061858482227482,6.1581748762925095,3.805584980484604
1206,7066.40625,1.548137583558717,3.592480585297274,2.259242102199109
1207,7072.265625,1.3613696215696147,3.400657371369916,2.867195049092684
1208,7078.125,0.6104626316079943,1.7182911686499294,1.8850816886154502
1209,7083.984375,0.07815341935435087,0.75,6.799316954651094
1210,7089.84375,1.0505514771237232,2.442806531246087,1.6494208113637574
1211,7095.703125,0.45328849756556855,1.2168154883052222,3.4086412163786757
1212,7101.5625,0.8013551335786201,2.3081918903050864,4.050482012743644
1213,7107.421875,0.787274190245529,1.9078063834882044,3.8431322878340515
1214,7113.28125,0.8899840751319842,2.4786307941389163,2.7518323182859703
1215,7119.140625,1.9570179519035402,3.218528314214164,2.8309661056847677
1216,7125.0,2.3304592949598506,2.9468865438049567,4.647526310304591
1217,7130.859375,2.3685930392866243,3.5310056168925588,2.842701358523884
1218,7136.71875,1.7546573591806454,3.452113121097174,3.8212706773501335
1219,7142.578125,2.4495354531195686,7.542746733125798,4.507858246948536
1220,7148.4375,3.2047739693164616,6.540279815437975,5.749908202267449
1221,7154.296875,1.8302069073635965,3.252112984049087,2.931446261738264
1222,7160.15625,2.2260369352135503,3.9657771181245045,4.11870810872997
1223,7166.015625,1.3693368610767676,2.478089724703946,2.297387122394102
1224,7171.875,0.39669095932411313,0.8472291656377413,3.0827355521743645
1225,7177.734375,0.44174447952631046,0.75,5.835552114458017
1226,7183.59375,0.7101822086136574,1.3680494391885414,2.4141927379453128
1227,7189.453125,1.1036892593943226,1.9479262995490532,2.7120950447955003
1228,7195.3125,1.3439861124711097,1.9114242554156164,2.22194600075238
1229,7201.171875,2.1055336130515983,3.185131243237209,3.8002418565473777
1230,7207.03125,2.4750120888845846,5.1423250538676335,5.100037434959102
1231,7212.890625,2.69537124596596,5.318475543539176,5.827414582952147
1232,7218.75,2.0859363488859426,3.838446134299697,3.943727960938738
1233,7224.609375,1.3028524766943927,2.075299682168532,2.170660155258681
1234,7230.46875,0.533137971179407,1.0602482049652766,2.3367773674962944
1235,7236.328125,0.931361221987168,2.412139004969788,2.550353511942733
1236,7242.1875,1.2773798734507058,2.7041101517068746,2.476316679298558
1237,7248.046875,0.1625815841827835,0.75,5.96780760029636
1238,7253.90625,1.712957004710093,5.482786290808775,3.9304299637577604
1239,7259.765625,2.8592603303562925,8.309212605492842,7.331137792554289
1240,7265.625,1.0912538307973902,3.8118391620896492,4.960256275828568
1241,7271.484375,1.223368352163052,3.2284210163515015,4.063950246998851
1242,7277.34375,1.0260441837528576,2.1566452820218007,3.7306440326216577
1243,7283.203125,1.0254826648020703,2.577516911886048,3.9989654218485273
1244,7289.0625,1.1967843504143238,1.9122884571598973,2.6155125321808192
1245,7294.921875,1.2409716499214738,2.609881431000493,2.363606299115186
1246,7300.78125,1.0154854172567889,1.8167723613624336,2.756398175611819
1247,7306.640625,1.43781814981197,4.247531781256127,3.156663155736678
1248,7312.5,1.1228735370470075,1.6798523203142952,1.6639652816714219
1249,7318.359375,1.3198048062858152,3.6381735909147603,2.470969906590209
1250,7324.21875,0.7876158700244329,1.7293399946327483,2.037232920258188
1251,7330.078125,0.3475853700513209,0.9683543751754953,4.477549174999076
1252,7335.9375,0.4598915160390412,1.3733855514980915,3.857612627116286
1253,7341.796875,0.8310606480486538,1.5528116322544991,2.957177970313661
1254,7347.65625,1.708614908784963,2.9277416622908827,3.125422913843316
1255,7353.515625,1.7411910305463996,3.1773323255484573,2.2550109113771235
1256,7359.375,2.6505836663228464,4.460192761275735,3.5056431796070204
1257,7365.234375,3.126371043900054,4.893820976363231,4.559081489861148
1258,7371.09375,4.112319444433127,5.950540812668601,5.088575589795436
1259,7376.953125,3.275987362480418,4.579141317467249,3.120078159662309
1260,7382.8125,3.0146574312519587,5.843017068672749,3.4965425068855427
1261,7388.671875,3.1205069921896222,7.481313236867713,5.792988984388495
1262,7394.53125,2.879792024585088,5.473075164003631,5.362929502357651
1263,7400.390625,1.6875739119811843,3.4679880923791524,3.7147056000420284
1264,7406.25,2.2425144134315413,3.724777563293701,5.120168244059432
1265,7412.109375,3.0633382397989437,7.902373895635795,5.4581769361993
1266,7417.96875,1.6520858126943458,4.1098542428403,3.2789628914037237
1267,7423.828125,1.8667981804673228,5.3326323973013,4.6270398363602
1268,7429.6875,2.918325065951941,5.025966618533257,4.718398138245679
1269,7435.546875,1.7027656154860613,3.4766335645286324,6.087052771984606
1270,7441.40625,1.3741844260446812,3.85552739245899,3.4738628212016773
1271,7447.265625,2.1571144749804456,4.632547884981387,4.909985588250122
1272,7453.125,1.45812915518699,2.1182861457560582,3.8843929168382623
1273,7458.984375,1.281249528811993,1.435649846329229,3.0500381432032087
1274,7464.84375,0.9033479838132559,1.201645434489123,2.686506248730395
1275,7470.703125,1.1234334442999403,1.7201559243700286,3.2932766166014478
1276,7476.5625,0.8110207178048269,1.893972543136524,2.903824390918867
1277,7482.421875,0.37124566845153045,0.75,5.352754030347072
1278,7488.28125,1.4174475623188743,2.029517359832023,2.56873743765618
1279,7494.140625,2.2215125676766587,3.577825217875396,3.286114402137203
1280,7500.0,2.563813736209174,4.282637000489892,3.5419992251322663
1281,7505.859375,2.235688401701122,3.4310104532703853,3.757142885943364
1282,7511.71875,1.990208404742398,3.7258779947620173,2.7637405598711777
1283,7517.578125,1.8910540052321647,4.211282065376426,3.354900965093133
1284,7523.4375,0.9659118451547187,2.2368296354868997,1.8357221054909671
1285,7529.296875,1.7248248862778808,3.2000445268898856,3.6477384700597577
1286,7535.15625,1.8869888754516506,2.9153308424119473,2.218520662139514
1287,7541.015625,1.6738661472295846,2.5415345465839434,2.061477663582755
1288,7546.875,2.677755495320153,3.855829404681012,3.7919474570819562
1289,7552.734375,0.4662524613727471,1.0600237271258983,3.185446788331686
1290,7558.59375,1.2301777399161584,2.829332401625513,4.1847878621231525
1291,7564.453125,0.5972151164007633,1.4793476083249737,2.330874698962778
1292,7570.3125,1.4821601313147261,2.2892269868501867,2.6174451612637393
1293,7576.171875,1.2293822641851546,1.9151984286273134,3.4289199881846346
1294,7582.03125,0.8980259406215194,2.07776512584484,1.776051734117761
1295,7587.890625,0.5927458239188822,1.5052915426485862,3.7885085228459463
1296,7593.75,1.1521006438510857,1.9186635684427409,2.2936046268843335
1297,7599.609375,1.8826994845982061,4.071675688846035,3.0931921989530755
1298,7605.46875,2.62757718525465,4.287821143182979,2.987695635329345
1299,7611.328125,2.9328394298385603,2.930276607161126,2.591839688259284
1300,7617.1875,2.299052439585299,3.004108614729252,2.6724562500539686
1301,7623.046875,2.1417377854040613,3.343723532483989,2.9557020351617918
1302,7628.90625,2.6615018368795664,3.7583050112423857,3.3979778831241627
1303,7634.765625,1.4251839504855865,2.155984642559333,2.0122271345586715
1304,7640.625,1.9315439686374627,3.927691114039316,2.8297059827337314
1305,7646.484375,1.6403395788262753,3.195609748659061,3.2824314374073387
1306,7652.34375,2.4327412658828145,3.329361599801903,4.271870485826868
1307,7658.203125,1.3600153124877414,2.144930597926902,2.2468640319958313
1308,7664.0625,1.0610748718111511,2.5497400871407763,2.540438439790936
1309,7669.921875,1.4796832069031383,2.3398925195409364,2.3314297397492574
1310,7675.78125,1.6512435824022416,4.473059513735887,4.565074118520988
1311,7681.640625,2.068777838570927,4.954304663286684,5.6252863058825655
1312,7687.5,2.5094251805642744,5.571663289330178,6.021706115087107
1313,7693.359375,1.6338237825233513,4.542414333627409,5.407098298545509
1314,7699.21875,2.4115849137582437,6.315568193283004,5.066090363483859
1315,7705.078125,1.8474665102214576,3.6475840589323627,5.032870130637763
1316,7710.9375,0.8557339255873435,2.1196857452073785,3.0033458054780127
1317,7716.796875,2.056194096394479,4.140843959252946,2.9946059776451097
1318,7722.65625,1.4923205270402031,2.488622114792223,1.7310017347490516
1319,7728.515625,1.1694602599915542,2.3923425058739833,2.4993138710692024
1320,7734.375,1.0565315910371664,1.5010757156856216,2.4934824708543886
1321,7740.234375,1.4597111198039183,2.131491022146707,4.096443786216222
1322,7746.09375,1.3897004795801093,2.876450333026279,3.4415400469963404
1323,7751.953125,1.512980071869895,2.6476786655191993,3.531775906755398
1324,7757.8125,1.116054090551577,1.753232092854161,1.7767333077097105
1325,7763.671875,0.540985361268508,0.7758293534923815,3.228741621892318
1326,7769.53125,0.9481936091216927,2.554226954767137,5.120213934171142
1327,7775.390625,0.49595636563616,1.1324215900728682,5.435639318561538
1328,7781.25,0.9803042075240224,2.1917449969328797,3.1411962263690767
1329,7787.109375,1.6454917029943017,4.514249867510538,5.235445341166505
1330,7792.96875,1.0975012244533693,2.1185343845096156,2.901913642067258
1331,7798.828125,0.6156635518371174,0.9668577092355713,2.8828933140550994
1332,7804.6875,0.5499093549535842,1.176677331960521,2.720866967826118
1333,7810.546875,1.2482702576417792,1.9591447445908332,2.4872662020498906
1334,7816.40625,1.269188760516651,2.648755011152378,3.340716017009192
1335,7822.265625,0.3289358072502229,0.7678867640786894,3.4227941847287853
1336,7828.125,0.9295292850184356,2.6523354191435913,3.2372476241485875
1337,7833.984375,0.838048114952802,1.359055497171486,2.0490623957932406
1338,7839.84375,2.7535014988056425,4.415892284714664,4.914499306750907
1339,7845.703125,1.6083608730554193,2.4717699801879585,2.843350537512063
1340,7851.5625,0.9697990499582806,1.6497946591829247,3.123240885623052
1341,7857.421875,2.185948081848606,3.953258581151232,3.5596239514149133
1342,7863.28125,2.773084513012989,4.814758775496159,5.075053396132946
1343,7869.140625,2.2531278453795283,3.3012363870409356,3.933060185621665
1344,7875.0,0.9432852067946946,1.9161951786545308,2.358855507884097
1345,7880.859375,0.9852043066413728,1.7998493829215678,1.7871249909860585
1346,7886.71875,1.5016327286518314,1.67670222835869,2.5320785933089685
1347,7892.578125,2.314005070094035,2.1512011169661167,3.1273351217002694
1348,7898.4375,2.8930879101679445,4.782800577083735,4.987538872341238
1349,7904.296875,1.5130078050646831,2.5826046699779375,2.911838341059741
1350,7910.15625,2.401962726688574,4.519564371922518,3.473245774318426
1351,7916.015625,3.250362691547258,5.393359906726525,5.008933387464849
1352,7921.875,4.430953085306321,7.155163184468599,6.821322150847623
1353,7927.734375,3.589142210293106,5.54752733740283,4.282886582802379
1354,7933.59375,3.0552379601726214,5.39063311326036,3.7539643736950565
1355,7939.453125,2.8856168084980176,4.0904757918159325,5.307102469957616
1356,7945.3125,2.11169889776359,2.1370007206918094,2.87910815253453
1357,7951.171875,0.5010859527702743,0.8044098116509347,2.4461230148230233
1358,7957.03125,0.7262923655890869,1.3932903339814324,1.8616362876813717
1359,7962.890625,1.4279427593470173,1.9930348331528318,2.1926329513347795
1360,7968.75,2.7970344941766476,3.1286262632437953,3.2146361338188383
1361,7974.609375,2.0705697333670003,3.6707773356208833,3.482170011745723
1362,7980.46875,2.4154985590299645,4.57365715527647,4.232949819170323
1363,7986.328125,2.346738892485033,5.020210306791467,3.397059206719876
1364,7992.1875,2.143659885160688,3.7362638858946378,3.76991329375659
1365,7998.046875,1.256102593611712,2.716596981719343,2.6839755159147693
1366,8003.90625,2.5905936011948785,3.883983007965284,2.868495021494758
1367,8009.765625,0.875387438278117,1.3617130244223719,1.5397132237475837
1368,8015.625,2.1893088761798474,3.524773404120455,3.048515289607224
1369,8021.484375,0.5921424039982586,1.1489076296233265,2.579141182981134
1370,8027.34375,0.5309953261753485,0.8813257198587334,2.1763536105202377
1371,8033.203125,1.0015290760151396,1.1593327215268368,2.0986902781873016
1372,8039.0625,1.1985743525903203,1.3764336668483763,2.18348546847143
1373,8044.921875,2.792266940588606,3.998478685595151,3.0723206445478586
1374,8050.78125,3.359404820139699,4.300154556282633,4.656126304281127
1375,8056.640625,3.6864206230929177,5.254447350594024,3.9458699729953692
1376,8062.5,2.4410936055797996,3.147062241375327,2.1347660925589276
1377,8068.359375,0.6491741253463112,0.9282141448252712,1.8675152408324793
1378,8074.21875,1.1244747824797812,2.015364307984301,3.4348424577939305
1379,8080.078125,1.7518126007810548,2.03203290704002,2.770339109399898
1380,8085.9375,1.743062781072994,2.0634363820708836,3.251060212001364
1381,8091.796875,2.1260816108639005,2.0945551074385595,4.362823197440405
1382,8097.65625,2.4694785956673804,2.5944886839953214,5.221909537724884
1383,8103.515625,2.0810452591068134,1.9697515153410006,4.014427950984245
1384,8109.375,1.253371161819183,2.6809730123564255,2.5330581300896835
1385,8115.234375,1.240324137271718,2.5094702665965904,3.49596589885856
1386,8121.09375,1.8336940722828676,2.7008594661336334,2.487217886715039
1387,8126.953125,1.7087739090524101,2.6510269291550155,2.334644512488433
1388,8132.8125,0.930696901573351,2.4173100882394003,3.063486011161405
1389,8138.671875,0.4597036285522501,0.752909149818054,2.508910724590768
1390,8144.53125,1.096544341565398,1.5883034274331185,3.029409722336302
1391,8150.390625,2.735855341978854,3.534975957126492,3.5405974005456864
1392,8156.25,2.9132441261433017,4.413085853479904,4.036644947165071
1393,8162.109375,4.024888680040535,4.243207616104245,5.852762090794273
1394,8167.96875,3.767606974501239,6.084902103168483,4.736119278698604
1395,8173.828125,4.35971975719685,6.827750231029286,4.701012293880814
1396,8179.6875,2.6084435522542693,3.6579578012415954,2.774294498806334
1397,8185.546875,3.871992144617789,5.883449569191243,3.8498673068386173
1398,8191.40625,3.4917400600522286,4.856749243797363,4.22995033139884
1399,8197.265625,2.762583796973365,2.92229705131737,4.079289657247794
1400,8203.125,2.5052894939273265,2.8359416565011477,2.9998090495694316
1401,8208.984375,3.69713602678187,4.408399214975496,4.793204411915776
1402,8214.84375,2.375734358306198,3.2642857911920626,4.59604287320977
1403,8220.703125,1.798974591404867,2.110819974221023,2.92452165729753
1404,8226.5625,1.3091958691624057,1.1356166319458554,5.774712050117524
1405,8232.421875,3.196839065361385,3.305020272307812,3.5543418191065523
1406,8238.28125,3.2793787625648942,2.804839229461239,4.183867698423734
1407,8244.140625,3.4742144979880116,4.651391358942012,5.137083678587501
1408,8250.0,2.2573622702847964,2.8808291263092873,3.548896834451351
1409,8255.859375,2.2335331821685434,2.76758507922775,4.2072587934398396
1410,8261.71875,3.5001557297293746,6.280293579964697,4.0076392461553585
1411,8267.578125,1.7392504339168242,2.519727569122403,3.3613208160353363
1412,8273.4375,1.8030791575936784,2.996976691184722,3.4023683762769505
1413,8279.296875,1.1658131075534475,2.093292037126853,3.867203220302421
1414,8285.15625,0.34400764531731554,0.75,4.571868540787691
1415,8291.015625,0.919177632160729,1.8399816436728182,3.762600429598424
1416,8296.875,1.6927685273325321,2.2813421301780012,2.0171357097198017
1417,8302.734375,2.5011343026977153,2.8484954619806913,2.5207335559566477
1418,8308.59375,1.9329914042164955,2.7832265135726924,2.8178744822584445
1419,8314.453125,2.2062406651982784,2.717057056977707,4.548026790763227
1420,8320.3125,1.2574583532058008,1.8466079091546037,3.4493415262975256
1421,8326.171875,1.0548153163739498,1.1828637042574548,2.6581792331546454
1422,8332.03125,3.106341738430302,4.420502684396904,4.5439431195589775
1423,8337.890625,3.8592191597508916,8.200188150053924,6.620885899163039
1424,8343.75,3.0821214455202965,7.188385784191744,5.018548900168924
1425,8349.609375,1.963120112100653,4.404264148506789,2.491154538929555
1426,8355.46875,2.6573493400135746,3.7236261860193225,2.3586475244557805
1427,8361.328125,1.622634902183293,2.4192942995407907,2.059398374613895
1428,8367.1875,2.8651486419215617,2.9115476278620376,3.895954730933952
1429,8373.046875,2.0377227333628323,3.214443106757128,3.0523789954256633
1430,8378.90625,2.783126324658618,5.093605268272558,2.8723553303687273
1431,8384.765625,0.7314825116243723,0.9885873460631198,2.8061978855571867
1432,8390.625,0.9735648954196422,1.0993882721783326,3.393156715908447
1433,8396.484375,0.9097972510802015,1.7521265246840767,2.6382978487778725
1434,8402.34375,1.0540495314845553,1.9961635266894993,2.3036446238281156
1435,8408.203125,2.1453599113725423,3.5547485887791135,3.08645586588658
1436,8414.0625,1.0219473394049405,2.511184137191829,3.3055851054001093
1437,8419.921875,0.6690152689234169,0.75,4.868595392104748
1438,8425.78125,2.8823292812144667,2.7414124887848605,5.679247521090511
1439,8431.640625,2.96626818143719,3.537517582259528,4.744046600722872
1440,8437.5,2.278620485077283,3.03192190510034,2.7306759311850786
1441,8443.359375,0.19913683001130922,0.75,5.826596341112284
1442,8449.21875,1.0818839161566263,1.3092923190168764,3.536250356137563
1443,8455.078125,2.9800969688232466,3.3536251182561068,7.047082341616144
1444,8460.9375,2.347568312684358,3.14469968653042,4.407534058577183
1445,8466.796875,2.5617068116513346,2.5402228747399045,4.573431305654731
1446,8472.65625,2.536863495712324,2.919809640823277,3.86560228593508
1447,8478.515625,2.1224107300954493,2.4865116382371975,3.5974966211918997
1448,8484.375,1.8974873968576027,2.3555930998622845,2.9674295725783133
1449,8490.234375,1.6482413094636814,1.931353371985405,3.464863216413352
1450,8496.09375,1.3287003773060688,1.9108685758370736,2.397269583913223
1451,8501.953125,0.575158308376076,0.75,4.193397818557812
1452,8507.8125,1.5176583200052145,2.6063421484357767,2.247812990167409
1453,8513.671875,2.3276621734936667,4.641732272020327,3.393359445311159
1454,8519.53125,1.8377171989515788,3.031553999892205,3.8636009751534117
1455,8525.390625,2.1397159320134844,3.8621695630467014,4.393894500614167
1456,8531.25,2.934039515544995,4.597897570845312,4.584335632713644
1457,8537.109375,2.4806081280036554,6.413188843729921,5.669601023638831
1458,8542.96875,1.4406864498394745,2.014905120683043,4.959156930371613
1459,8548.828125,0.32930452520937825,0.75,2.7978958896794652
1460,8554.6875,0.43519695413986814,0.75,3.2794358400576704
1461,8560.546875,1.0626401879526264,1.3396322851098068,2.836821871756946
1462,8566.40625,0.7953705724320428,0.9874973144850174,3.211520772439011
1463,8572.265625,2.096034983993378,2.579297147376631,3.8597131954682364
1464,8578.125,2.248471967332192,3.04403979660216,4.8320388634004265
1465,8583.984375,1.960790181710252,3.524421224788842,4.0790942567520645
1466,8589.84375,1.6638695625844528,2.310844270614045,2.9508903463369984
1467,8595.703125,0.5480192315583005,0.8833792955661057,2.4450440981729824
1468,8601.5625,0.22040643919242225,0.75,4.523529949320286
1469,8607.421875,1.8107368127859422,2.3214401151448216,2.5476281866558548
1470,8613.28125,2.9992689017044563,5.4171263932894815,4.534823356850365
1471,8619.140625,3.434668118815096,6.458386998210131,5.99098118662431
1472,8625.0,3.5590333189647336,6.494626825128355,5.160395595898829
1473,8630.859375,1.706763551068792,2.981331674980768,2.242408067425839
1474,8636.71875,2.699422938669399,4.941823491113821,3.7033920226989463
1475,8642.578125,1.8708121381372385,3.7548789267436575,3.229323852878621
1476,8648.4375,2.5525773218028203,3.3987104634673777,3.5377286870198628
1477,8654.296875,2.442793085119755,2.6150446933965177,4.042001709654256
1478,8660.15625,4.2252898873021225,5.46818194111253,5.738002541131251
1479,8666.015625,3.4292963664402154,6.082513041261061,6.139019659425666
1480,8671.875,1.8424658838070307,2.3245787999244762,3.1320538187365163
1481,8677.734375,1.0768417135195374,1.730585425877188,2.7252229247881026
1482,8683.59375,0.9971475451356262,1.4505940720294876,2.182158645810132
1483,8689.453125,0.38718560008364694,0.75,4.0796802973884265
1484,8695.3125,1.1746286865467443,1.4963482094325575,2.0176490077983393
1485,8701.171875,0.6773165143771828,0.9623949377130074,2.0711361019410184
1486,8707.03125,1.722777223165257,1.8408972321596415,2.2940769773611382
1487,8712.890625,1.2234902323354386,1.19711050491203,2.1770723701852814
1488,8718.75,1.2051461514995594,1.1659451632088824,1.8506045716202197
1489,8724.609375,3.286419814155947,4.30071592951915,3.0855984736203017
1490,8730.46875,1.9825406300899837,2.2103772211574197,2.1648433263082008
1491,8736.328125,2.1293572901122007,2.997508486640486,2.943696082565201
1492,8742.1875,2.7169100535688098,3.0588480402344063,3.185616814063201
1493,8748.046875,2.6441067407212664,3.565885895198201,1.9425224211492729
1494,8753.90625,1.2391178976378172,1.7399853672612888,2.4283463223696478
1495,8759.765625,2.4373894293863025,4.45628001874098,3.3233036131418263
1496,8765.625,1.2554889417004227,2.5336704624610764,2.3767752224707865
1497,8771.484375,1.5681201011430572,3.3942910417161585,1.9742997413864072
1498,8777.34375,0.23062986784563824,0.75,6.263831360471221
1499,8783.203125,1.5734559014321314,2.830470539158494,2.747170515803145
1500,8789.0625,1.6395256562886915,2.3022531839651252,3.307379603312818
1501,8794.921875,1.8107332015935407,3.253064315041075,3.422621809917176
1502,8800.78125,3.1939840286098233,5.075502771514592,3.422999324871922
1503,8806.640625,3.822578701518269,6.9497038035747085,3.9114489494883626
1504,8812.5,2.2883288442115877,3.6096482818527593,2.7041253736341933
1505,8818.359375,3.0333208547318664,4.755654345294801,4.760773092042508
1506,8824.21875,3.59122823551913,5.76687841166855,4.649298436550522
1507,8830.078125,2.8047722534409094,3.812613525110113,3.7526519056367573
1508,8835.9375,1.8820797831449132,3.159686032036296,2.1534688068526298
1509,8841.796875,4.285157308199489,5.584133569732414,3.635897219430055
1510,8847.65625,2.517764051684981,5.146491897675029,3.9340271907969115
1511,8853.515625,2.1160160515723794,3.8201658314967015,3.4418207570439585
1512,8859.375,2.130306829141996,4.572616751226544,4.785101074653075
1513,8865.234375,1.8405227167132796,4.8314204302776105,4.579575866881059
1514,8871.09375,1.7622368376978903,4.7635618503040975,3.1876178952584606
1515,8876.953125,1.5265793564706365,4.134623694919126,2.626042360556548
1516,8882.8125,1.17959007842026,1.9683352031369798,3.9981980818443823
1517,8888.671875,1.8724592061969851,3.188731759715173,3.4366391454191767
1518,8894.53125,1.2858243220543815,2.379657093283334,2.2823004400868134
1519,8900.390625,2.0246899129245404,3.578857786090042,3.214436132806232
1520,8906.25,2.9396097039771254,3.596210478885992,3.242998607716312
1521,8912.109375,3.2481844487404845,4.9260700415144445,3.8764627913475618
1522,8917.96875,1.4314770278351352,2.0078701576083726,1.9870311340325653
1523,8923.828125,0.7787121262246892,1.4661532756808093,2.1534867368471886
1524,8929.6875,0.9995668160299737,1.6985511409548824,2.1541721168428998
1525,8935.546875,1.8747288258099402,2.4882620035193797,2.976449801732111
1526,8941.40625,3.807653147985345,4.7163755126451345,4.476825718162585
1527,8947.265625,3.446571469724601,6.122235377865309,5.203086336017366
1528,8953.125,2.441712686338977,3.7414497544224683,4.095467910068172
1529,8958.984375,2.759681524719553,4.109056729313994,2.929590512942482
1530,8964.84375,2.6348992194480028,4.510272892845399,4.31656162999639
1531,8970.703125,1.8348447408882866,3.6903984734792843,3.2399642014852996
1532,8976.5625,1.5526901756634426,3.4215639903947865,2.352432332897571
1533,8982.421875,1.8419781435255407,4.260205796702175,3.575548958469272
1534,8988.28125,0.6464476457418918,1.1096410703987045,2.889404917986411
1535,8994.140625,1.5350545305156826,3.0233195043769525,2.326715350372749
1536,9000.0,2.0784942591903786,4.221836623151411,2.969764969876234
1537,9005.859375,2.1911406048577455,3.5377658689955953,3.288870446424696
1538,9011.71875,2.8143581731185763,4.324127324151131,3.510186457296418
1539,9017.578125,2.5066462225642567,4.351386654721746,2.964782780726707
1540,9023.4375,1.6467529426707896,2.7226353451774257,2.671012237017023
1541,9029.296875,0.8718715512198074,1.488108419519428,1.7843323690680426
1542,9035.15625,2.730318073344797,3.298957104281402,2.5743826810576214
1543,9041.015625,2.0423852540794796,3.3958358893293448,2.057381119757351
1544,9046.875,2.798103002098021,5.026427427953174,3.0364019672352525
1545,9052.734375,1.6507879985233478,2.9258846612178204,2.6809089296614768
1546,9058.59375,1.4314555526101638,2.623887446060028,2.5799156131198937
1547,9064.453125,1.2231090096911796,2.829517633999182,2.4088082094917502
1548,9070.3125,1.4777273053415139,3.9187310247727503,3.5469943253828324
1549,9076.171875,1.802448519275932,3.4152967149473823,2.7815696758249597
1550,9082.03125,1.5765354078532663,3.4641695335351477,2.5972532622530293
1551,9087.890625,2.2473603550475634,5.030773744594581,2.345040195107482
1552,9093.75,2.307239026300748,4.948469464860297,2.774402168635226
1553,9099.609375,3.6127291137583435,7.37471824352872,5.4851589692727245
1554,9105.46875,4.239936673113207,6.380064160754497,5.072990189828938
1555,9111.328125,3.4515138145681954,6.532990040813974,4.743409352984904
1556,9117.1875,3.5118537574924003,8.064447592746134,5.580616807470584
1557,9123.046875,2.3654557673723944,6.208920816217964,5.177856106348895
1558,9128.90625,1.8941546442336847,4.474868089511524,3.6514993353415615
1559,9134.765625,2.5940185323019818,5.709919959364926,4.8648448912098745
1560,9140.625,2.7469560165524776,5.465313099312777,5.409540852421075
1561,9146.484375,2.174575205834497,6.086710737078147,4.2792884517988465
1562,9152.34375,2.101615127761921,3.1729699366817306,3.878673779983691
1563,9158.203125,2.2036083618589557,4.171730587871326,4.289037844325437
1564,9164.0625,1.7942552060156627,4.04193524416626,6.20259777800814
1565,9169.921875,1.6074223848083233,4.002100070486549,4.393455674649956
1566,9175.78125,1.21017259948999,3.7798790620408895,3.9584523752649323
1567,9181.640625,1.6338466388502613,3.8331043027150438,4.134500811069379
1568,9187.5,1.429134974486273,5.402801920271387,5.225922013696138
1569,9193.359375,1.361758696515836,3.4428963698298745,3.929175165775403
1570,9199.21875,1.0302980496546628,2.6690469804363905,5.311406011062633
1571,9205.078125,2.253262995996776,6.778388999190688,5.874259638051865
1572,9210.9375,3.1677995345429615,4.5135280425234505,5.512095721874477
1573,9216.796875,3.0384320919251127,5.367500960849634,3.9428236616716554
1574,9222.65625,2.9882904673582473,5.264172113211709,4.627018276717121
1575,9228.515625,3.3344637624335944,5.881752939690896,5.485631253688139
1576,9234.375,2.8186868024552116,6.189362589253303,5.261960496410574
1577,9240.234375,2.7813430473688947,5.3540891562059105,4.92818014308072
1578,9246.09375,2.6689026054240643,3.706739599744804,4.237729884238965
1579,9251.953125,3.98221971816619,8.37949455000317,6.3697724400001805
1580,9257.8125,3.332139748134019,6.756904389179704,4.896292828735839
1581,9263.671875,2.2497444750806093,3.900475513044925,3.443282093082312
1582,9269.53125,1.0304564055525245,1.5417014592622356,1.8673003751162087
1583,9275.390625,0.43184837859333564,0.75,2.463626351248627
1584,9281.25,3.6169488650971897,5.048269332031397,5.736460236803311
1585,9287.109375,4.127583565325172,5.957719240458314,7.228194212013823
1586,9292.96875,2.8564846286782712,3.7672293723207217,4.609746202042479
1587,9298.828125,2.5618398765124417,4.352988380388343,4.359091046117951
1588,9304.6875,2.324637463112677,3.642026801648637,6.219351926214378
1589,9310.546875,1.3940006707767612,3.1121831347176885,4.515226330457892
1590,9316.40625,1.8089599585996228,3.3185543124441956,2.901318913157071
1591,9322.265625,2.2103610785677823,3.715065513408753,3.3826067707062815
1592,9328.125,2.314344235011033,3.303029943715906,3.9016033661418787
1593,9333.984375,1.934730165929615,2.600857869362595,3.860439924732923
1594,9339.84375,2.036485683893763,2.6723186302683715,3.7644298009814174
1595,9345.703125,2.9968857104481756,4.313689283770257,4.403659744378526
1596,9351.5625,3.4010807577307176,7.226540975350334,4.725616116321096
1597,9357.421875,3.5350800552017745,6.241054176710205,4.638271405487666
1598,9363.28125,3.981657598903254,11.27419934192037,8.34038796569805
1599,9369.140625,3.6491827639561474,7.528841910212766,7.647291291435469
1600,9375.0,3.308454608548795,6.553909328653465,6.7982410605535835
1601,9380.859375,2.526585269485536,5.724871912933608,6.426226599098269
1602,9386.71875,1.8794469657352297,2.820351804355954,5.613328071778273
1603,9392.578125,2.8192123604383292,3.7172223690005954,5.896449642750459
1604,9398.4375,2.711890003170583,7.4880511410620505,6.675132288480756
1605,9404.296875,2.4456149527499056,4.154785114817894,5.138693741801669
1606,9410.15625,2.1052408328267402,3.406763521443506,3.632765979114189
1607,9416.015625,2.6563257244371408,5.2599765406356855,5.4275078330940545
1608,9421.875,3.0041548320952223,4.034095305937067,4.585370952185969
1609,9427.734375,3.928807422960919,6.162862127487678,7.065036984862677
1610,9433.59375,3.6265052088603786,4.925854017042274,5.320560456542178
1611,9439.453125,4.112420555635689,5.691762252962453,6.921349459929749
1612,9445.3125,4.7294390568945195,7.878264750814996,8.424813668323345
1613,9451.171875,4.3804566816145245,7.203146788325075,9.179623525474607
1614,9457.03125,2.793356775255503,5.0760284427785685,5.063348131970884
1615,9462.890625,3.406812693481296,4.9400830041761505,6.40910006775576
1616,9468.75,3.7101131913363874,8.24020277680473,7.457013360069989
1617,9474.609375,3.122102363805053,6.020777986064286,6.548839265626136
1618,9480.46875,0.9630683576920605,1.9902195283137196,2.3851240641272593
1619,9486.328125,1.6631489059260298,2.0366326867773026,2.6940016510819613
1620,9492.1875,1.8915103791220131,2.6154579107849383,3.2105910363986867
1621,9498.046875,2.442435246924641,3.44057101297817,4.789394269080401
1622,9503.90625,2.9930523130356628,4.051225571670672,7.906708911190277
1623,9509.765625,2.1079139137120477,5.421646146919863,7.1597384890465605
1624,9515.625,3.462916743199157,6.389688702547675,5.597931625913074
1625,9521.484375,4.218132082628485,8.098256908136536,5.762873621264139
1626,9527.34375,2.9698690715217326,6.430751447667863,4.5111025081406195
1627,9533.203125,2.0198548767123987,5.123117195617873,4.104047699921248
1628,9539.0625,2.103516330051388,4.8431063096755915,3.9882757716576682
1629,9544.921875,1.426881076245833,2.074133622101729,3.7068365986923006
1630,9550.78125,0.7779451292799141,1.0177251453491656,3.150520788082058
1631,9556.640625,1.2894254029723136,1.6855541470464095,3.045565220280943
1632,9562.5,1.5935711117223648,2.1920815933673787,3.7642388013934975
1633,9568.359375,2.7948099763958414,6.256583372536287,6.038797383096633
1634,9574.21875,4.525603049902509,5.521895143972142,8.195442221849158
1635,9580.078125,3.6058709821352335,5.151913689266991,7.289164299807362
1636,9585.9375,3.0948285767692734,4.3288755241466434,6.963342488593321
1637,9591.796875,3.5917852232044676,6.305760027980156,5.693934969175386
1638,9597.65625,2.714003424525287,4.98515362242544,6.48621329744774
1639,9603.515625,2.154676197983202,2.778027335021939,5.019652723710238
1640,9609.375,2.3040686717152936,3.7584013996334082,4.905129849381469
1641,9615.234375,3.001153310497999,4.190632495155634,4.053382751608074
1642,9621.09375,2.350875000152606,3.0547952159415237,3.0572152851282115
1643,9626.953125,2.5688659743987263,3.7040054225578745,2.5855576479685496
1644,9632.8125,2.3781314395435658,4.100475953210439,2.283046870288188
1645,9638.671875,3.736052670548341,6.773565379809648,4.832426900463475
1646,9644.53125,4.5396066397018275,6.389706835636012,4.865731812429774
1647,9650.390625,5.05686080486253,7.7760371304246725,8.337186960538116
1648,9656.25,5.739937489161018,6.257395622250538,7.551412859066483
1649,9662.109375,4.654321085858585,4.413077223896117,6.360751415595117
1650,9667.96875,3.202615555517664,4.211474665172461,5.43922644010245
1651,9673.828125,2.1670914949847986,4.352561094713545,4.0528184730428585
1652,9679.6875,2.114281641783239,3.7350795054733457,4.630760767808672
1653,9685.546875,1.4224911097361683,2.443965078330214,4.219946558294204
1654,9691.40625,2.3546281046143522,5.964068829326127,4.212254387700896
1655,9697.265625,1.4055885636801113,2.7370377525164375,2.241809042040459
1656,9703.125,1.2901302098804877,3.0816399960182626,3.2901308510373344
1657,9708.984375,1.7943691561533335,3.991568938867551,4.104591645284917
1658,9714.84375,1.9930754691563382,4.142307024469628,5.689663672834628
1659,9720.703125,2.235213794694713,3.615449956882679,5.081736404339062
1660,9726.5625,3.3122857580466425,5.317737436187142,5.443273905556482
1661,9732.421875,3.262006986612048,7.0326453749459255,9.039722311435792
1662,9738.28125,3.955833204610483,5.099172443653357,5.954880052607665
1663,9744.140625,3.688285870835791,4.343594462291119,7.3504430941818
1664,9750.0,4.357968733164964,5.957716915901205,7.115177877257373
1665,9755.859375,2.703923022383936,5.311597722953418,4.035946551490233
1666,9761.71875,2.361929919656101,4.700226063805319,4.5037935888075395
1667,9767.578125,0.6920092050679771,1.4047924209260636,2.1001516400929003
1668,9773.4375,1.8321763130187112,4.132846459139241,4.686660146953754
1669,9779.296875,1.784142140776703,3.5851689942022196,5.317453479024201
1670,9785.15625,2.5089375332492736,4.494600035116657,4.328433105825074
1671,9791.015625,1.3257211060510121,1.8506975850259235,3.6492825255207495
1672,9796.875,3.885289739265363,4.970421946305617,8.26944896740012
1673,9802.734375,3.4056681162086453,5.009830974934835,6.940769724153112
1674,9808.59375,3.300317418229882,4.785818689925271,4.482213022764636
1675,9814.453125,3.226346238416633,5.1621681908533645,3.884130390614217
1676,9820.3125,3.5687901571907545,8.353039290952912,5.785686730156379
1677,9826.171875,2.157264010261068,3.886161016739336,3.3199950452101126
1678,9832.03125,2.596846652908978,6.057787091614738,5.292158182969572
1679,9837.890625,1.7937774534645214,3.9043143276139762,3.5849207534598273
1680,9843.75,1.8460876658870373,5.391197216388104,4.403209591527316
1681,9849.609375,1.6667032773869577,4.867158253825931,3.8421552248124886
1682,9855.46875,2.33638110278163,9.049341839467306,6.853618521294513
1683,9861.328125,2.3460562041781032,7.10143174877833,7.439741602581689
1684,9867.1875,1.9802860635868254,4.1222463017127,6.579474203478637
1685,9873.046875,0.9537670048192053,1.7393276175938248,3.777114696593432
1686,9878.90625,1.660472332630618,2.375051557364256,4.77787920425034
1687,9884.765625,1.8911034786007501,2.0635703936687015,3.8137617372687336
1688,9890.625,3.2810076181947343,4.619850181551668,5.915241958463453
1689,9896.484375,2.736901331878958,4.033039941009606,6.425183932175436
1690,9902.34375,2.987790047249059,4.710986302961533,8.302089686731149
1691,9908.203125,1.2312415089338615,1.7815330828707225,6.943294874891916
1692,9914.0625,1.9415619389622747,3.5961566330982055,4.274364039574361
1693,9919.921875,0.6395917728977648,1.5355767811942629,2.076263098531822
1694,9925.78125,1.238269091224793,4.0635590587645005,4.000629824417172
1695,9931.640625,1.098079339632927,3.096867661831931,3.800331538219134
1696,9937.5,1.061416437038837,3.0716579839025,3.3846278208896483
1697,9943.359375,1.26504432566935,2.7376766460517024,3.1106785493741125
1698,9949.21875,1.374829421387355,2.7659580356266864,2.8790310678305326
1699,9955.078125,1.1447984834453597,2.639861774575031,4.54196402398994
1700,9960.9375,2.1805197440572885,4.497413193541081,7.108585509762187
1701,9966.796875,2.9411734353478614,4.773119109000908,7.961845524631149
1702,9972.65625,2.6486328886195523,5.770990144630581,6.7634915974517416
1703,9978.515625,1.502858304978911,3.1283438362564135,5.1460488646809
1704,9984.375,1.2050453215949501,1.8272638645090398,5.059780352321254
1705,9990.234375,2.0966048333972735,2.73937875355462,4.934023188882122
1706,9996.09375,1.9917875099770268,5.218401125635397,6.0410752985981455
1707,10001.953125,1.4879100270467622,2.8799254296211374,2.8057412445216756
1708,10007.8125,1.0935152577612093,2.638413548841131,2.543885693104962
1709,10013.671875,0.5653292953741883,1.229367253929248,1.8489632343365838
1710,10019.53125,0.3957824308238588,1.0389794615195416,1.8951340293201562
1711,10025.390625,0.4118953776522671,1.4037214853959785,2.8201357281468997
1712,10031.25,0.9640480200995133,2.173972582769065,2.725980918670249
1713,10037.109375,1.5459180501333942,4.263608243991048,3.1237375829607665
1714,10042.96875,1.7922236635877506,3.556929910074355,2.526112264512301
1715,10048.828125,2.3461195920413043,6.207899438689847,6.346109958092609
1716,10054.6875,3.002709214692066,5.651067133131483,5.681040046238551
1717,10060.546875,4.005482772393603,4.938491850419101,8.189124882540696
1718,10066.40625,3.5608664426141443,4.252050748788778,4.664268798263648
1719,10072.265625,4.214336765262056,4.039602582928689,6.357905327374454
1720,10078.125,2.9631558079501863,5.307112289624736,5.368548178022817
1721,10083.984375,2.379560808835846,4.6262087736292195,4.321892508285869
1722,10089.84375,1.681564220068511,4.3686637286764025,3.80069750091761
1723,10095.703125,1.2298408690566063,2.5594688931249348,1.8420529430390087
1724,10101.5625,2.492592963757925,3.981447123148718,3.9445698209775273
1725,10107.421875,2.351140654017635,2.681910844371095,2.8985203762173115
1726,10113.28125,1.7631629697485556,3.695467390003521,2.4935007186930753
1727,10119.140625,0.5063968507654469,0.7799833360567863,4.371215226091972
1728,10125.0,1.958867544571488,2.934728259730601,2.791007537184033
1729,10130.859375,3.2262748510309303,5.031209693188857,6.560259029451122
1730,10136.71875,3.4087496919863485,7.466007819701517,5.6880511687621675
1731,10142.578125,3.539575275300982,4.793405375474149,4.622621028901159
1732,10148.4375,3.5928040046210876,5.182202186706383,4.433695162728856
1733,10154.296875,1.0415347803394102,1.4086274482452334,1.795154119344263
1734,10160.15625,2.0958112324384337,4.461123673331911,3.6519057107871986
1735,10166.015625,1.3508733080503674,3.0964573659422596,3.959471231573784
1736,10171.875,0.6305250892703766,1.232724188329349,2.109101606672071
1737,10177.734375,0.21951892607057544,0.75,6.252678665130654
1738,10183.59375,0.3934496493077502,0.75,6.679311901718754
1739,10189.453125,0.6584405167145456,1.0209946367947682,4.540508378698311
1740,10195.3125,2.3370230694169387,4.911333846292695,5.39863639788784
1741,10201.171875,3.248770414864255,8.62514738947213,11.567130637213198
1742,10207.03125,3.8668313873163007,8.732585563790948,8.052352197938006
1743,10212.890625,3.2270374558870962,6.718527469273113,5.911221242216281
1744,10218.75,2.227606284601275,5.5219379979525485,5.645700844232926
1745,10224.609375,1.5443025449856043,3.64443166251911,1.9799742566880874
1746,10230.46875,0.3746497775392259,0.8148429874864936,1.6736164248567214
1747,10236.328125,1.4405763459099215,2.6011899170856836,2.3118846813007226
1748,10242.1875,0.6940153424480949,1.3808707846278303,2.4431699884476017
1749,10248.046875,0.817884833201079,1.2238014359673857,2.374937219674909
1750,10253.90625,0.5957695683329576,0.8235281148422592,1.8605813148486479
1751,10259.765625,0.7058187711699972,2.244452457136183,3.0661606628865123
1752,10265.625,1.2348966775180588,3.446750755627278,3.218201501357486
1753,10271.484375,0.5329609188616627,1.3796982969632074,2.060445220711118
1754,10277.34375,1.2586221567608509,3.221801498976841,2.2100387431099935
1755,10283.203125,0.8584547041498702,1.8694746974047152,2.5781214136570743
1756,10289.0625,1.286525751309451,2.9792529075081227,2.936579643894644
1757,10294.921875,1.356533378314016,2.7653212082737446,4.663945065021397
1758,10300.78125,0.5489682368579775,0.7742093315882511,3.232707750820714
1759,10306.640625,0.6693732347283107,0.75,3.327010418785848
1760,10312.5,0.913888965607571,1.9241566421856844,1.656496970990779
1761,10318.359375,0.7396656264531032,2.609033698998519,2.007921038585846
1762,10324.21875,1.5084891358273562,4.166985145588108,2.5473022721549015
1763,10330.078125,1.1519026785699835,1.9004772069926323,3.341279829418034
1764,10335.9375,0.6648388999828755,1.1313805522718967,4.548539411132954
1765,10341.796875,0.5415277308156331,0.9613382564305518,2.6133673264847777
1766,10347.65625,0.46469793687716543,0.9008948934820964,2.644854688958393
1767,10353.515625,0.9121208946049602,1.54276607849269,1.8842014732439942
1768,10359.375,0.49742763132601703,0.9808998844816563,1.887171511938117
1769,10365.234375,1.2286332369687862,2.1160964072465975,2.539567532960548
1770,10371.09375,2.0648740189246197,4.622048098521732,3.7970793290812628
1771,10376.953125,1.5618601113934867,3.0766944909488263,2.360511504519241
1772,10382.8125,0.2707513993027208,0.75,2.666533216111581
1773,10388.671875,1.0150484045835104,1.8497399953924187,2.061734833839731
1774,10394.53125,0.7244637873172599,2.03918519797789,2.904087289317076
1775,10400.390625,0.7952276451370942,1.8513779182317354,1.6256468024325945
1776,10406.25,1.8435641276414616,4.497401605995238,2.327919802320949
1777,10412.109375,1.8309475552135384,5.185280592828966,4.439815129100414
1778,10417.96875,1.0666854179847285,3.7238980213854216,3.2713159260506095
1779,10423.828125,0.9050428356492218,2.5235897749215415,2.483306129830706
1780,10429.6875,1.7250850716780817,3.306784103319477,4.26554379836341
1781,10435.546875,1.3630630733945248,2.2244855711624445,3.159153039815641
1782,10441.40625,0.9784733318823539,2.4959445662395447,2.631584284989851
1783,10447.265625,0.7659817819208792,2.3115415451732098,2.364359724025019
1784,10453.125,2.1804781446134145,4.915072590202562,4.144623497553058
1785,10458.984375,2.5072707596030295,5.1302029714500925,4.842903288893113
1786,10464.84375,1.3382638139401257,2.1385730078355003,3.1055512971902743
1787,10470.703125,0.6158679908939344,1.3542624614820364,3.2559659838466266
1788,10476.5625,0.5530001615768441,1.2984416147549875,2.189276665143435
1789,10482.421875,0.44992386416606506,1.3507477161780579,1.6326376646116452
1790,10488.28125,1.45732037126772,3.462912212596565,2.7988115674167107
1791,10494.140625,3.2607743333957977,7.7609229776790745,5.552966529863769
1792,10500.0,3.10106963069402,7.285946219155696,7.185672252129365
1793,10505.859375,2.2156663797020095,4.680174501617671,4.39668233197047
1794,10511.71875,1.2270505431290284,3.5603970677744665,3.28298176218892
1795,10517.578125,0.3937472621035121,1.1593838542366262,2.4602798683703084
1796,10523.4375,1.112649364167373,2.6209423965050354,2.0596738213927375
1797,10529.296875,1.684299777703204,3.864325228849273,3.53209728207142
1798,10535.15625,2.3704804581317247,6.727312709476905,6.421002952042788
1799,10541.015625,2.078684233353387,7.002890269271871,4.456864337043562
1800,10546.875,1.2783477183268799,4.240986316537031,3.9147946024830773
1801,10552.734375,0.9513575497883114,2.971855862823168,2.826427071793932
1802,10558.59375,1.875301746157889,5.05064152452291,4.064263476085272
1803,10564.453125,2.094537259963582,5.546006833663833,4.293329240873541
1804,10570.3125,1.7996582152403984,4.459266379384619,3.0877097301392493
1805,10576.171875,1.3667503175639804,4.589012981676723,2.7758381329204163
1806,10582.03125,0.5725818991241765,1.8090043390384274,2.0717486753640424
1807,10587.890625,0.44742413913559265,0.75,3.2710967454838435
1808,10593.75,0.40701136439182106,1.134966570928024,1.7614134528486076
1809,10599.609375,0.9537350754160282,2.094128262867609,2.0248779674695876
1810,10605.46875,1.469023890692946,2.905140878363288,1.9533341843699175
1811,10611.328125,0.7715274734734285,1.7877013176635066,2.2728285900450267
1812,10617.1875,1.29768671473383,3.3164304447357464,2.1180649465587287
1813,10623.046875,1.2435023398707898,3.4690897047667457,2.4620774223640636
1814,10628.90625,1.9296545138251024,3.908903858920792,2.4073385515434094
1815,10634.765625,1.6884322125937312,3.993097204061386,3.0747265054045774
1816,10640.625,1.5665216125445351,4.948786282600483,3.4631016724216948
1817,10646.484375,2.042903632981591,5.497229068989242,4.0113307872396025
1818,10652.34375,0.6271905650714612,1.1484472159224017,1.3468390196768245
1819,10658.203125,1.260096515391209,2.7305286666610757,2.5362458555835103
1820,10664.0625,1.2534559683485238,3.180900386046477,2.4250720980867517
1821,10669.921875,1.94915272957268,4.40170428305454,3.6569839896330922
1822,10675.78125,1.4333661724262066,3.964417058974715,3.9109436433945386
1823,10681.640625,1.9819234154468774,3.6633391361003094,4.499587457507141
1824,10687.5,1.773804997159021,3.3878700329647153,4.07252329635589
1825,10693.359375,1.961114357356544,4.146859570792471,4.383383858625883
1826,10699.21875,1.3155598951898317,4.337594866684058,4.310851381153293
1827,10705.078125,1.3500435954214776,3.7302681600737237,3.4906926984755535
1828,10710.9375,2.367771030097291,6.140731397175092,5.845064262895312
1829,10716.796875,2.916818624940787,7.509533293364118,6.671058575483588
1830,10722.65625,3.482118606506031,7.067430009702383,6.249092172337072
1831,10728.515625,2.339406486208793,6.49026358667203,4.6193206875560415
1832,10734.375,1.1071772358426617,2.5818404798327794,3.154469225764707
1833,10740.234375,0.5251689775255285,1.6359986024521787,2.8081655787205864
1834,10746.09375,0.8736823479262715,1.7329011027750576,2.5637802697503065
1835,10751.953125,2.512037014556118,3.86364342670329,5.992075767683334
1836,10757.8125,2.2482834588777867,4.4247561415954335,4.034733888639568
1837,10763.671875,2.4605657219655193,5.9744361995122945,5.4402296596963975
1838,10769.53125,2.08267792273155,5.150645239246818,3.9142994554653123
1839,10775.390625,1.509782159658843,2.7160920876914334,3.410079487429192
1840,10781.25,1.1115666708660756,3.5123550501028524,3.310670045777506
1841,10787.109375,1.7040022224144769,4.267131339105942,3.6703628910331667
1842,10792.96875,3.738304394183905,7.970281477978938,7.305582216711748
1843,10798.828125,4.129540977691223,11.45650378690668,8.741597063072314
1844,10804.6875,3.9769534811937954,7.271045545597605,6.094942549430227
1845,10810.546875,3.044563099629449,4.559621651281014,5.4661147563859815
1846,10816.40625,2.118131605502125,5.04219183893148,3.805198108222807
1847,10822.265625,2.1208370945391946,5.05507854003136,2.773736957992497
1848,10828.125,2.0160516026692377,4.429662427579665,2.9785957894734647
1849,10833.984375,2.7619607573789318,5.276882070987987,4.290045984613486
1850,10839.84375,2.579127286054479,4.430910125757896,4.655571003429346
1851,10845.703125,1.3105164637415114,2.6063111632039417,2.234133819321923
1852,10851.5625,1.2148378134704432,2.025373959389573,2.2121770548596147
1853,10857.421875,1.3666533045887883,2.840032430738901,3.2200399698068307
1854,10863.28125,2.1201518925458225,3.3334728863889835,5.37927517549284
1855,10869.140625,2.2943001324127024,3.1053165471039064,6.440335595695299
1856,10875.0,2.349570109185461,3.977257080198177,5.33024947020127
1857,10880.859375,2.2282652231151023,2.869905968423029,5.938706407320548
1858,10886.71875,2.985946943839701,4.248549790651061,6.076049420733387
1859,10892.578125,3.652930114205361,5.394318291239892,5.772625844590763
1860,10898.4375,2.330044544037282,5.111122406741741,4.966620426919248
1861,10904.296875,2.8165938805746786,3.5023063344612346,3.956340510584148
1862,10910.15625,3.462858431522705,4.544478008759369,4.344468731390832
1863,10916.015625,2.925173779573801,4.31352530447106,3.5073780163941923
1864,10921.875,1.293458435935082,3.2022418064839187,3.0951450523014894
1865,10927.734375,1.1710717728120794,2.040687058068876,3.378634949530971
1866,10933.59375,1.2416917810039863,2.1859420003088967,3.290646514362265
1867,10939.453125,1.798159601479817,2.6204567908016068,3.048808559517172
1868,10945.3125,3.2830668906263885,4.380784700816161,4.453513847546186
1869,10951.171875,3.4582337421588996,6.921537072561264,6.3872630979643406
1870,10957.03125,3.3417956064063588,8.97097510213692,6.807012193364737
1871,10962.890625,3.2677935213038363,5.1273689351308915,4.398771365916472
1872,10968.75,4.135646169581721,7.200447741410498,8.423364366069052
1873,10974.609375,3.1281932503937178,3.4758229582376154,6.70425769265139
1874,10980.46875,2.0075414107840825,2.300347472454535,5.85850126189257
1875,10986.328125,2.2626690923628288,3.0725692050096676,6.426251393078598
1876,10992.1875,1.6906535665143663,2.449219697654674,2.912008256444146
1877,10998.046875,0.2828456576635222,0.75,3.428259234801212
1878,11003.90625,1.4540202989797286,2.759370258021961,2.6211869324478414
1879,11009.765625,0.4391460646422362,0.8215777136432569,2.8008677450311312
1880,11015.625,1.371866251091865,2.173717611030164,3.374690158049037
1881,11021.484375,0.7263160620153665,1.257426422141192,3.179551646875034
1882,11027.34375,0.7496322449569582,1.1892468054777716,1.5272696191752624
1883,11033.203125,0.8332187816429616,1.0452791271257271,2.4319106832647055
1884,11039.0625,2.884435270237129,4.719945085389462,4.662484485579626
1885,11044.921875,4.859067454711783,5.765695216936584,4.645550538756444
1886,11050.78125,4.58604646949753,6.221052084424966,4.71083923872743
1887,11056.640625,4.1710667193995885,4.789810716458717,4.361034487108924
1888,11062.5,5.002205284408027,5.563326710273529,5.158723584945333
1889,11068.359375,3.5423688225877012,4.003764068404031,3.449394082775731
1890,11074.21875,2.6269780215998946,2.3636511735989276,2.741338468055038
1891,11080.078125,1.1471647543319219,1.6971870049948783,2.6391403203983645
1892,11085.9375,2.409281555808632,2.445417123109067,4.254102351979912
1893,11091.796875,0.7864863514849548,0.8095962107878001,5.358887180543356
1894,11097.65625,0.771538156821193,0.8383138929180046,5.14805126886933
1895,11103.515625,1.3899831543773558,1.6523009990641695,1.9274631770043185
1896,11109.375,1.5520463104071318,2.9310547721537263,3.291106097407186
1897,11115.234375,2.974578532569522,6.2145541083771585,5.1342803724219275
1898,11121.09375,2.544743789731021,4.028938016847476,4.640462567370373
1899,11126.953125,2.111989880753552,5.345624215562067,4.898910598064807
1900,11132.8125,3.805162432657959,7.708561590652499,6.447566302084515
1901,11138.671875,4.754687775343323,10.501045611719945,10.020630666326165
1902,11144.53125,4.977001707776001,7.131521386942788,6.5315436822177
1903,11150.390625,3.4160076832428325,6.109473375283196,6.1758481184735095
1904,11156.25,4.196611053357711,5.7925381865862295,6.40722236999088
1905,11162.109375,3.303354213377214,6.672224272454027,6.38109377872057
1906,11167.96875,3.2362212248027413,7.020406608969704,5.911452061759012
1907,11173.828125,2.3566493808636833,4.088067182715747,4.335143843308813
1908,11179.6875,1.9914102767883457,3.611023778703001,2.7737828927277146
1909,11185.546875,2.47071100645301,4.305020064745244,3.643637713145968
1910,11191.40625,1.618122678774647,4.29385299795554,2.8295749824831153
1911,11197.265625,0.7754370672722014,1.3837372418311138,2.3841536114913082
1912,11203.125,2.7960581190490017,4.138020121078395,3.2195772001352023
1913,11208.984375,4.818457167269132,6.6744518886361455,5.339685316194607
1914,11214.84375,5.3699488482171756,9.301323243051984,7.365620372107858
1915,11220.703125,4.700986697450374,9.230071328293427,8.733324547973714
1916,11226.5625,5.035877006403449,8.8377456903795,8.02726093676832
1917,11232.421875,4.1699699337485745,8.566428616464975,7.070287192184793
1918,11238.28125,1.8355352211016662,2.5965468806623546,3.6440065628352722
1919,11244.140625,0.6044986087298477,0.7740277951221516,2.7130781334011522
1920,11250.0,1.0204570888616156,1.1423819468785767,2.2439084375826623
1921,11255.859375,2.3797857856129316,2.9934553939766526,2.4638883811547694
1922,11261.71875,2.4591253687892207,3.413034637384307,1.7015115258617841
1923,11267.578125,2.5871775084782334,2.9193144964187203,2.3140325264322748
1924,11273.4375,3.1629816381681173,2.427208295394761,2.1542134387378185
1925,11279.296875,4.732508706762406,3.5882875546492152,3.3747493903037924
1926,11285.15625,4.187677842183152,3.5017770251379776,3.904422769113543
1927,11291.015625,3.966272263723789,4.928951490134952,3.935762754019186
1928,11296.875,3.42381600034384,3.935096521693869,3.938461614256208
1929,11302.734375,2.6555734251103766,3.1508681660760542,3.014717538439494
1930,11308.59375,1.1674543466333673,1.3160471712521673,2.5294007136407495
1931,11314.453125,2.023634071319922,2.391658735962621,4.01776890248602
1932,11320.3125,1.806227762572727,1.863710179728576,4.473587463044016
1933,11326.171875,1.948181386958933,2.4422020946080876,2.930442946045949
1934,11332.03125,2.145604068802945,3.015147974516721,3.9493043585063403
1935,11337.890625,1.2993091419001972,1.8181357278086339,2.434489254462649
1936,11343.75,3.943403946787481,3.852812549373967,4.200460918634039
1937,11349.609375,5.6113556453262925,6.567276706777766,5.181173010681333
1938,11355.46875,5.767887263418756,7.752974507686132,5.818599937756282
1939,11361.328125,4.3325758122391544,4.639892600426234,5.589717393798027
1940,11367.1875,3.2171926101931057,4.416668241056492,5.365485549364283
1941,11373.046875,2.8383882682902795,5.144784212017975,4.064385156156827
1942,11378.90625,2.4370588190271585,3.6367718044132484,3.4162281328780346
1943,11384.765625,2.046229313354918,3.813448710185968,1.7294568301240167
1944,11390.625,0.5678287655738263,0.9256638256925898,2.5002077679267467
1945,11396.484375,1.9015301943572904,4.129218146696987,2.2611663501108854
1946,11402.34375,2.240968395330184,5.0771854986896745,2.3413758073515294
1947,11408.203125,2.0492443420238438,4.2115989963262175,2.1662374613436657
1948,11414.0625,0.7897596012852236,1.1560877826924747,2.554913447151896
1949,11419.921875,2.9469004473214904,3.4424884556453508,5.43224073024906
1950,11425.78125,3.143102253496925,4.05797158297874,5.029511389526659
1951,11431.640625,4.203738338555426,6.4569304747278995,6.475550143325095
1952,11437.5,4.5064561620669,7.0259112219314765,6.191465368783738
1953,11443.359375,3.651181207966965,5.560082106832786,6.815516599247594
1954,11449.21875,3.4561498628205234,6.740527909544316,5.721359459294928
1955,11455.078125,1.7758529223802038,2.7280880670276515,3.793475621892438
1956,11460.9375,1.9022179976722344,1.9472286106773464,3.2788956828835567
1957,11466.796875,1.362790806830603,1.3565834776099448,3.8724317755133852
1958,11472.65625,0.901935129969525,1.4680127675348982,2.143371738896709
1959,11478.515625,0.6157939381347676,0.9520418344828709,2.417143877175656
1960,11484.375,3.7496966116225448,3.913288687282109,4.616533864752973
1961,11490.234375,2.5517014828852864,3.671595046393442,3.302317137252432
1962,11496.09375,3.2441131726315406,3.0123890971184504,4.165229195432258
1963,11501.953125,2.743106903625461,2.218202083915884,5.240625091643667
1964,11507.8125,2.672000193950853,2.7575235456153293,4.7090922892091385
1965,11513.671875,0.5675456135300635,1.0054518161617663,3.074374373527144
1966,11519.53125,1.0672065569051523,1.9131563155365798,2.7102075374404886
1967,11525.390625,1.8168715352296694,2.6785711612564462,2.720295056570217
1968,11531.25,2.7582037615503334,2.850293240618141,3.301089641786799
1969,11537.109375,4.445116791815674,4.223857274832648,5.1330793638825805
1970,11542.96875,4.744734720169985,5.1649972496361105,5.33460979413236
1971,11548.828125,3.3544229346102035,4.644969135949951,4.483329592878179
1972,11554.6875,2.2211567723938885,3.2142359665025797,4.02707106284942
1973,11560.546875,2.118527826894127,3.98416040133285,3.780600939871497
1974,11566.40625,3.6725818214385604,4.7976466867552645,4.852981616859613
1975,11572.265625,2.976083806498368,4.412535781155054,5.052708673749823
1976,11578.125,3.547666679317709,6.682104066686923,6.524148700762681
1977,11583.984375,2.513701814084711,4.438664367849559,4.1399061004702995
1978,11589.84375,4.534217467869103,6.826937041092591,6.1175633697854765
1979,11595.703125,4.3910728848374525,6.0021011825985084,5.967054991473
1980,11601.5625,4.666422672143316,6.833136007650349,7.0894079287838885
1981,11607.421875,4.225318373377046,5.180448277367868,6.667000631960482
1982,11613.28125,3.0994001979654198,3.4345318432148746,4.9879122212980525
1983,11619.140625,2.381893751238967,2.689369999721256,4.370454910564772
1984,11625.0,2.537872609911979,3.3983305822723784,5.920684148661629
1985,11630.859375,2.5477362318307244,4.635026452002375,4.599431563860089
1986,11636.71875,1.6111431456273482,2.2994101233871205,3.1638738484879076
1987,11642.578125,2.445354254615986,4.224694556743335,4.087826020137535
1988,11648.4375,1.7202905244832463,2.7889165099336726,4.296382558063035
1989,11654.296875,2.558501233253991,5.0562071408170235,5.4476926745566505
1990,11660.15625,2.7292504883593947,4.53791059687326,4.124993975145911
1991,11666.015625,3.433061843266822,5.059262936076962,5.473785467848723
1992,11671.875,3.78797844805633,5.542769807626962,5.972358091666153
1993,11677.734375,3.849452074146048,4.94790966662271,4.978416221726125
1994,11683.59375,5.031069649624005,6.378352872609544,4.170399038087354
1995,11689.453125,2.470112585081791,3.7000208180585084,2.7304292675192596
1996,11695.3125,2.2548756970416832,1.8741737655893649,2.930936579992608
1997,11701.171875,1.901999968329125,1.8768509745312896,1.663093156244889
1998,11707.03125,2.6682922626080945,2.168166090338681,3.0855338622255233
1999,11712.890625,2.687676335384867,3.5341870273626754,4.113386353942122
2000,11718.75,2.2202238473455784,2.496112814394837,3.5213214536271678
2001,11724.609375,3.556546447820382,3.2243728265262774,3.916004661233688
2002,11730.46875,3.7118238733435165,5.873918023902801,6.2750132880681795
2003,11736.328125,4.414185006322621,5.926853665131743,7.005814105008447
2004,11742.1875,3.5631090903216887,4.223344038329547,3.3831412296927326
2005,11748.046875,3.1130941543036075,3.7127327942230677,4.410701231604197
2006,11753.90625,1.9272276083547764,2.4185462637351467,2.8869846513981927
2007,11759.765625,0.6494248187436122,1.1808902382555777,2.2042422514581412
2008,11765.625,1.423401103314694,2.241442480419408,2.1198185967318643
2009,11771.484375,1.4583875972839813,3.3350908383217224,3.4816909462280603
2010,11777.34375,1.4470422735063797,2.421119667728518,1.6843505335621953
2011,11783.203125,2.071559555481056,4.105286124730483,2.176241201389783
2012,11789.0625,2.422064933455357,3.2251459924185375,4.278781890902688
2013,11794.921875,4.445386049685728,5.359024427581519,5.43823509159203
2014,11800.78125,5.3161195629011235,6.649957860489923,6.814351894153407
2015,11806.640625,5.358374996750718,3.6376838469453805,4.4499772034080864
2016,11812.5,4.826839552254733,3.1974355176768765,3.7828456009023532
2017,11818.359375,3.5170061631977094,3.0702843546878458,2.605917421702582
2018,11824.21875,4.3445375360159435,5.987610735143646,3.2721224961944637
2019,11830.078125,2.2568659771072674,3.063933955456475,2.214803439458631
2020,11835.9375,2.132934973615721,3.531365414043424,3.3670782287609247
2021,11841.796875,1.3415855241234693,1.9563144594419348,2.0861949921633838
2022,11847.65625,1.3153067462855976,1.5024805344707652,1.9789869678814018
2023,11853.515625,2.4075540629362964,2.2974208938137117,3.2468763300845978
2024,11859.375,1.8963956393459045,2.138894763931149,3.4140995021027174
2025,11865.234375,2.6382785015572567,3.2422449500710275,4.51548309418617
2026,11871.09375,3.887669741529513,3.4742195727449703,5.9103663183235335
2027,11876.953125,4.780402922121036,4.874858343812733,6.916254007592897
2028,11882.8125,5.795105596356603,7.609611776732635,7.214618056782846
2029,11888.671875,4.220489476292075,6.145119148139404,4.63649042099292
2030,11894.53125,3.1205253833610658,5.900781699801849,5.484912450332525
2031,11900.390625,3.334840490284788,7.11395750206319,4.847626786993361
2032,11906.25,1.8424871313809028,3.5081327645357208,2.365414116731167
2033,11912.109375,1.5609449359886125,3.069261188174878,2.700685288123824
2034,11917.96875,1.6295388479790809,2.410517148544833,2.5925495646690617
2035,11923.828125,1.8359736677281404,2.8465773260513734,3.4445863472139195
2036,11929.6875,1.9554759090013984,2.448675607546991,2.8588300364122397
2037,11935.546875,2.79930005850487,4.6852531113669915,3.7598952146149514
2038,11941.40625,3.143095979749358,5.942231954818819,4.447199170426267
2039,11947.265625,2.4583826928187924,2.6249749736245516,2.9469278436894153
2040,11953.125,4.123387585862435,4.304382068673861,3.7874191966448034
2041,11958.984375,4.44488414829094,4.1514979990592025,4.353011736829691
2042,11964.84375,3.1602218398986026,4.193536913290284,3.2426706654831454
2043,11970.703125,1.7260688340290267,2.49264196526355,3.065217464174313
2044,11976.5625,1.7353330584512294,2.0488830584979794,2.1069585647910256
2045,11982.421875,2.6580620244161732,2.0487710789621043,2.298645097983503
2046,11988.28125,3.896796809682209,4.011201621342811,3.486212023479025
2047,11994.140625,3.87837752386385,2.8520093208264914,4.439085505367447
2048,12000.0,3.477390114375466,2.8848573940469047,3.191272497646424
2049,12005.859375,4.832336630410232,4.074859141997186,3.925095539406933
2050,12011.71875,3.773853828451993,3.62215864986639,2.697149052423208
2051,12017.578125,2.914194218568037,4.734633451395281,5.089663047579487
2052,12023.4375,3.777620502756941,5.209535592978208,4.53625639129477
2053,12029.296875,3.3197490493258877,4.197428451452382,2.8846597111557073
2054,12035.15625,3.9518172626067565,5.817699502841293,3.5696498156460676
2055,12041.015625,4.799313100315285,6.587785086671609,4.52019701512254
2056,12046.875,4.506972017396599,5.034062311869716,3.5129453123032395
2057,12052.734375,2.4771562403451655,3.483564611850939,2.542921986269669
2058,12058.59375,0.9972005943821269,1.1560155708380964,2.1257235586325427
2059,12064.453125,1.2363976876003726,2.0698041364033286,2.806799742075087
2060,12070.3125,3.017650413300867,3.6710475564192353,2.161259762107568
2061,12076.171875,5.22999397358243,4.629259713910942,3.7329115776543436
2062,12082.03125,7.538413601008553,5.961232235426816,4.532507800906768
2063,12087.890625,6.912647854122282,7.380351469596707,8.434727953202882
2064,12093.75,5.579366583461107,6.619359096595321,4.767417673729633
2065,12099.609375,4.99666283796465,5.573746117354453,5.438602065666099
2066,12105.46875,3.125658698204562,4.887417192493464,4.75159987013336
2067,12111.328125,2.3193105179814157,4.258449117409045,3.119198652193134
2068,12117.1875,2.913305545116751,3.9206126627987397,3.3212964662011673
2069,12123.046875,3.4834826329567923,3.644043319683484,3.3745523272987237
2070,12128.90625,3.1432390821935496,3.0531419510135565,3.0371165226754404
2071,12134.765625,2.5190330737163507,2.614638447998042,2.0996063230008635
2072,12140.625,0.5832626283012196,0.75,3.517944530024323
2073,12146.484375,2.3598397583192097,2.7863351524534448,2.291115442718865
2074,12152.34375,2.1347397934571157,3.021758041608703,3.9467578021196768
2075,12158.203125,2.023893707409172,4.024157401380101,3.7087988087436927
2076,12164.0625,1.2609531081761223,1.9646669259972749,1.8822566496811746
2077,12169.921875,0.6086083189763108,0.75,1.910388317159049
2078,12175.78125,0.7979482361383765,0.9792519032457724,1.8989738488028187
2079,12181.640625,2.082069283102044,2.2566318064692847,2.737274046397608
2080,12187.5,2.6447554840348086,3.0306925388690455,2.3603691733593006
2081,12193.359375,1.9684529997457512,2.9614787236931193,2.186172247093689
2082,12199.21875,2.2498818869333808,3.3884868312915595,3.772178384391615
2083,12205.078125,1.6708575669498447,2.6387124755462903,3.1604220747326957
2084,12210.9375,2.542893678938654,3.524264823938174,3.132832651932805
2085,12216.796875,4.2093462797105134,3.7688641740183733,2.320995398129607
2086,12222.65625,3.2328833895355045,3.394590359969227,2.6624555909800924
2087,12228.515625,3.7425622695549556,3.620724994066842,3.5533911458302705
2088,12234.375,1.7633290335610428,1.737410740221092,2.3530275678837502
2089,12240.234375,1.688399768693563,1.6807906693550603,1.4734460775453855
2090,12246.09375,2.079134148587647,4.086975680455472,3.156930476812353
2091,12251.953125,1.8494333199512778,2.2473539573856463,2.221021358394889
2092,12257.8125,2.3173953034804735,4.0400063017206405,4.0106909561704756
2093,12263.671875,0.5729254371162361,0.9854259751473773,3.2629379664916986
2094,12269.53125,1.245037555063496,1.7601290174020658,2.634287416366802
2095,12275.390625,2.808448711140338,3.8890631607173187,3.98213272104427
2096,12281.25,2.3721042505560903,3.3644053304659245,3.8626305897725675
2097,12287.109375,1.7591392090191253,2.1034647477887223,2.706937793407847
2098,12292.96875,1.5884917747476246,3.087933020532241,2.9897166189567805
2099,12298.828125,2.431079679975005,3.871967137416059,3.3423687090412475
2100,12304.6875,2.7791310369053197,3.8927586878406846,3.3545129656633006
2101,12310.546875,3.3409323979416805,4.372004459693102,5.1654007512391615
2102,12316.40625,2.8731625538136605,3.8467331072382396,3.3904840785767076
2103,12322.265625,0.40930812433789043,0.75,3.556089180974602
2104,12328.125,2.203003344048959,3.804060528479051,2.912357057095476
2105,12333.984375,2.170043771730355,3.598983091057237,2.1987149413843166
2106,12339.84375,2.2235545809049007,3.922724527048433,3.272332479717875
2107,12345.703125,0.48785445214636736,0.75,4.9843976386168745
2108,12351.5625,2.001028199840296,2.3406643328900185,2.562320278977072
2109,12357.421875,3.9868130795192123,4.57144202678214,4.0830936248065335
2110,12363.28125,3.4451387127462922,4.342350734696913,4.330467650688863
2111,12369.140625,3.5586993965597133,4.964156074934935,2.7257521174849497
2112,12375.0,3.3541913154934395,4.5957465187604924,3.0445526901230826
2113,12380.859375,2.923807550362063,3.0527791431972093,3.750089888912179
2114,12386.71875,1.1510871478875477,1.8815509114027356,2.6770674918266435
2115,12392.578125,0.41607637462718394,0.75,2.6637603940565477
2116,12398.4375,1.6225707299876762,1.8408621327830264,2.0831590826672826
2117,12404.296875,3.099766892474599,4.7529905758734,2.9953442741097542
2118,12410.15625,2.842194198657665,2.3275686111203657,4.717129532586488
2119,12416.015625,4.704036073925811,4.084686600268894,5.277562921444249
2120,12421.875,3.751788276264468,4.314806536825863,5.037112348307324
2121,12427.734375,2.141884411694287,3.9154918822474185,3.0550048578789535
2122,12433.59375,0.5626149678713437,0.9709423007912055,2.3235890107969497
2123,12439.453125,1.715130155164758,2.5611121455553647,1.9892470399464095
2124,12445.3125,0.8599778639691779,0.9125375749620859,3.129011358527979
2125,12451.171875,1.5449089104963303,1.8452472733558392,2.912916036915603
2126,12457.03125,1.1587507682253582,1.4550974821369627,3.2997185469727284
2127,12462.890625,1.3055359156098973,1.5044628428078681,1.5844548090042576
2128,12468.75,1.7493783313139497,2.1593465945651253,1.7852567917864273
2129,12474.609375,1.104683908621863,1.1736013724252863,2.906084162414743
2130,12480.46875,2.3290255204404757,2.7749948000606763,3.2300599402570387
2131,12486.328125,4.220045655572638,3.187911287483131,5.171912788217498
2132,12492.1875,4.078430490441715,2.627226197667796,4.781706335093898
2133,12498.046875,5.058837880689284,2.8876699749680586,7.232376963489795
2134,12503.90625,4.099066365648216,3.4457756938259547,5.946277657249085
2135,12509.765625,4.351524929212339,3.134741260972686,4.683495329723568
2136,12515.625,3.7451271277948948,3.1198786811044292,4.982628273715534
2137,12521.484375,4.3104704340240545,3.874533928898222,5.245529973833118
2138,12527.34375,2.7901410661561425,2.823634288950891,3.9130285226527586
2139,12533.203125,1.3170814668354056,2.5048902712944203,2.395613749485194
2140,12539.0625,2.4491182935882456,3.2425061705720823,3.61944898363176
2141,12544.921875,3.181338673088607,4.218098412939347,4.27689310646193
2142,12550.78125,2.0003139149875953,2.6577067556012492,6.588191976759937
2143,12556.640625,2.196164126631711,1.8765986369812566,3.9802106960315164
2144,12562.5,1.9263354100148982,1.6508491787994002,2.533161115446168
2145,12568.359375,2.1705019388161193,1.879871253857813,3.424329280624317
2146,12574.21875,2.4058969859434067,2.5062751104904755,2.5673199228137618
2147,12580.078125,1.260278050125547,1.2038586287323136,2.432223295178385
2148,12585.9375,1.5039494966145632,1.3638494537049777,3.2378508053219703
2149,12591.796875,1.5708740684543236,1.5352375154550462,2.85650369289699
2150,12597.65625,1.8283707058665961,2.104416466288557,2.301796197251496
2151,12603.515625,2.048714846779091,3.9625267805744526,3.0757770874565216
2152,12609.375,2.570902238330413,5.508744502401283,3.8784885861709486
2153,12615.234375,1.668287622703349,2.696052724088418,3.632025609204508
2154,12621.09375,2.614356557872856,3.6622783152425074,3.0190592367155316
2155,12626.953125,3.1200804006976215,4.722996735569668,3.4491371327900096
2156,12632.8125,2.8187842355941437,4.1271935780118,2.887199094758059
2157,12638.671875,2.9367522955863685,3.3761337623286187,2.443781776556561
2158,12644.53125,2.930552306886684,2.7229632730311737,2.182461272980568
2159,12650.390625,1.7073025850448675,2.531209088729776,2.1781275311992307
2160,12656.25,1.914755572512786,2.5180739638604375,2.4189838914481374
2161,12662.109375,1.1794313136737382,1.5190168068708017,2.281417542695825
2162,12667.96875,1.3844008953854803,1.866119277136165,2.6183679140633425
2163,12673.828125,2.022988839165331,2.1781014685986806,2.118312692592752
2164,12679.6875,1.1333648010631754,1.398155266671954,1.8632844051885613
2165,12685.546875,1.0458534453446637,1.8233597815613996,2.3988975531713006
2166,12691.40625,0.16237185097776632,0.75,5.967054540375736
2167,12697.265625,1.3984298945871372,1.6528878087412666,1.7710572395672097
2168,12703.125,1.1536109122475062,1.014409846743362,3.3915856708113155
2169,12708.984375,2.1899389853803486,2.2721798147216017,2.9753267293510834
2170,12714.84375,1.9613698257298666,2.3674261124344094,4.008103883650309
2171,12720.703125,1.664621455730373,2.590353363264266,3.711399022580385
2172,12726.5625,1.3194561313809343,1.3594416886851413,4.3526152681615775
2173,12732.421875,2.5842590570135195,1.9936639484542487,5.3972033248734785
2174,12738.28125,2.269167815880468,2.7318726056769735,3.8258755352855154
2175,12744.140625,3.8263911534300665,3.086787745222618,5.241301749143784
2176,12750.0,4.52786431028031,3.5084326775782966,4.8233584128327704
2177,12755.859375,3.979264897044109,6.021632100778873,4.407428489722404
2178,12761.71875,1.8444230995798652,1.971801988665714,2.518663981510254
2179,12767.578125,1.8808119299027881,1.8322226167649198,2.4182239468449027
2180,12773.4375,2.3154114843847426,1.6310418122796175,3.9167195392834806
2181,12779.296875,2.3925230405211124,1.9408479308070448,3.2644554024315107
2182,12785.15625,1.8458088177405507,2.744949307876786,3.7274458617160193
2183,12791.015625,0.44497012217148557,0.75,3.4208275705027873
2184,12796.875,1.4589649432612004,2.063274556440133,2.03702450288076
2185,12802.734375,2.1186952417210274,2.4930555503838496,2.928165601295096
2186,12808.59375,3.941209320519703,4.189083938638909,3.98031415266909
2187,12814.453125,4.196675256294926,4.022475196578549,3.6059985294692285
2188,12820.3125,2.963584888407153,2.6061696354374426,2.3078256161067077
2189,12826.171875,1.8962027774805408,1.7577283074372003,2.4188567593233015
2190,12832.03125,1.0140032686441276,1.2525729423748537,2.3983729656499757
2191,12837.890625,0.5315838230381523,1.0115972500801163,2.365107201579887
2192,12843.75,2.3829291325972,3.5984378654565363,3.889061429253139
2193,12849.609375,2.8962011010352082,7.850676840900277,4.6821063497554505
2194,12855.46875,2.9134989853627964,2.878141519263716,3.889868897548949
2195,12861.328125,3.732107442176173,4.2323722656880145,5.030121910675499
2196,12867.1875,4.378633111439833,7.086186513179758,5.961428755799086
2197,12873.046875,4.172988259180534,6.876052414819196,5.453704688505853
2198,12878.90625,2.835552942741086,3.8804927746410858,5.480905575799411
2199,12884.765625,1.4347291869711143,2.29665881791974,3.870924590180012
2200,12890.625,0.40521468382785486,0.8288127641091216,4.7223154593962615
2201,12896.484375,0.681164092135511,1.320230464778674,2.0448506955527708
2202,12902.34375,2.2034468230084796,2.3195127416877814,2.954793926259974
2203,12908.203125,3.864538733551306,2.962581951791101,4.63753994508009
2204,12914.0625,4.55742587173883,3.259203949998236,5.774106053181356
2205,12919.921875,2.250735276047468,1.7265212645715666,4.002476651666167
2206,12925.78125,1.3407695455632571,1.4423136525963831,3.034351452578769
2207,12931.640625,1.290243415366378,1.9827672004799715,2.416400221807793
2208,12937.5,3.7766403535963278,5.858358141609805,3.1700746441989387
2209,12943.359375,3.921011720075524,4.373703892206412,3.04129421976103
2210,12949.21875,5.441639502702657,4.986969446067464,4.413876116936988
2211,12955.078125,4.738391877004393,4.350025167787703,5.00713637489552
2212,12960.9375,3.7090346995438876,3.686058279891284,4.4030027588834
2213,12966.796875,0.8350503227213488,0.9929262318822586,3.430316738289074
2214,12972.65625,2.3615859755565545,3.1471828102986574,2.3725718193649175
2215,12978.515625,2.775083602135182,4.3340234907479465,2.929532697092244
2216,12984.375,1.6111134300247676,2.446973723393969,3.491925841087222
2217,12990.234375,0.35533074246432483,0.75,3.7229755369413673
2218,12996.09375,1.0300527371781407,1.9486984133181031,2.015245079580991
2219,13001.953125,1.2302105369727274,1.7226893899517783,3.195824152662083
2220,13007.8125,2.561953529542573,3.365528079822324,5.172663425471674
2221,13013.671875,3.2002562094474754,3.2151920526660493,5.026366306373019
2222,13019.53125,1.6961552304251246,3.531540404774713,4.163910637847027
2223,13025.390625,0.5059001485227306,0.9013467979868548,3.343181038375689
2224,13031.25,0.9940481350288741,2.071675732074688,2.5420394916181057
2225,13037.109375,0.8495911572609096,1.20341910079267,2.0375084066070044
2226,13042.96875,1.391082922226452,1.6497624222898888,2.9704468140749234
2227,13048.828125,0.6726513604738915,0.96541840470726,5.041267329226832
2228,13054.6875,0.46751049760996366,0.75,3.2362987765863735
2229,13060.546875,1.0528517298404165,1.4871747252199483,2.837573112448058
2230,13066.40625,1.0085038555489945,1.8891922734311617,3.252603750801305
2231,13072.265625,1.6358884702324303,2.7124683164427097,2.9148666998299197
2232,13078.125,1.415159584659656,2.8713070161102627,2.8721939389391786
2233,13083.984375,1.16482894061068,2.59751658807762,2.0416018408815275
2234,13089.84375,0.7949635575499825,2.0323922042018285,3.1333503753548797
2235,13095.703125,1.2537311115178604,1.6955437988720692,3.8472901657235288
2236,13101.5625,1.8288108947413746,2.0351060807900683,4.779813926662114
2237,13107.421875,2.58220365430435,2.4656695338388723,5.090682610529888
2238,13113.28125,4.210042293450085,3.2806974641125084,4.589409859702974
2239,13119.140625,3.9123205066454756,2.849631709898317,4.850885960456238
2240,13125.0,2.1438667730167134,1.9995946510187261,2.457839437361514
2241,13130.859375,0.8952347340988223,1.2732816763257082,2.5009846912232296
2242,13136.71875,0.3653763036429687,0.75,3.800975393957241
2243,13142.578125,2.7752560567010254,3.7011781054661244,3.0198453886515955
2244,13148.4375,2.792881785743908,3.6374753450121755,3.539453899204483
2245,13154.296875,2.376405811045756,2.2783417402411876,3.4617452773340465
2246,13160.15625,1.9640836643331987,1.9559290527813062,2.3358144984686273
2247,13166.015625,1.2837447656127912,1.9831336672310285,1.9939468394035367
2248,13171.875,0.4902651579540653,1.0991679389716178,3.0356450073881143
2249,13177.734375,1.07619323924598,1.5217142475784706,3.25438194963582
2250,13183.59375,1.1279643865288036,1.5121175492526344,3.480499376776364
2251,13189.453125,2.052080238779966,2.296714474054431,4.160700231010551
2252,13195.3125,2.4507724469871173,2.6268674061347874,3.7658668549165104
2253,13201.171875,2.636492082669156,2.850589650536192,4.738434225989731
2254,13207.03125,0.9222708452708254,2.282463847090655,2.886459908091152
2255,13212.890625,1.338811489362455,2.1177962127771077,2.532308618829664
2256,13218.75,2.0392726266040135,3.6160113496137427,2.949745227284499
2257,13224.609375,1.2857305808558166,3.2746228857283413,2.267909937756907
2258,13230.46875,1.4068897298395644,3.3951280989740855,2.7580990186892493
2259,13236.328125,1.8684717636063837,4.683135902265809,4.412781770018451
2260,13242.1875,2.14680440487554,4.976423872949028,4.574855829049595
2261,13248.046875,2.0737631328096775,4.88281769676415,4.074596650342064
2262,13253.90625,1.7441009666227354,4.475170059937414,4.081480493343627
2263,13259.765625,1.3713429037769143,3.0167475779445807,3.840478744395172
2264,13265.625,0.308223011098608,1.0212966577829339,4.051308157061415
2265,13271.484375,1.0335045716894737,1.3481529637032512,2.905645186999409
2266,13277.34375,1.2924172896594428,2.0608545618517873,4.115451089822994
2267,13283.203125,0.9383919345568935,2.109868708707493,1.9757664446920102
2268,13289.0625,0.9714998956958288,1.8220675311261403,2.1603419881132266
2269,13294.921875,2.501075583068638,4.562759250817389,2.81057945551573
2270,13300.78125,3.5885084951371438,5.590258715695485,5.096861815228787
2271,13306.640625,2.561670772835231,5.523133177019334,5.007484029392308
2272,13312.5,2.144706749301673,3.3408072015546417,2.8876621605470074
2273,13318.359375,1.9418454944067378,4.292082518312072,2.329738722781459
2274,13324.21875,2.859892975443539,5.995380483624581,6.009599383913887
2275,13330.078125,4.564069163267974,4.687441274956873,4.3151808675164505
2276,13335.9375,3.948414700205555,4.11822911924582,4.379617325941449
2277,13341.796875,1.9362958743207037,1.8337602334157204,4.3636571861583064
2278,13347.65625,1.7179746321002816,1.5173225608203633,2.053041401258594
2279,13353.515625,1.849498674610331,1.8535497376022199,2.0973375233165372
2280,13359.375,2.6466343776842605,2.667093413591477,2.0464163183134967
2281,13365.234375,2.719091389430111,4.330906765126071,3.971737052722995
2282,13371.09375,4.444724219004741,5.344227354149642,5.420372093429671
2283,13376.953125,4.732819178887906,4.923320146814957,7.37893840599457
2284,13382.8125,4.315208157857234,4.8115970058548125,6.540832036464348
2285,13388.671875,3.683862566873456,4.493690669446641,5.774680071406789
2286,13394.53125,2.7837819585899757,5.3683417431984415,6.0293495779536626
2287,13400.390625,1.7470084059359146,3.687652976291578,4.010360482643173
2288,13406.25,2.283151172685304,5.9413232105294975,5.514933050947003
2289,13412.109375,2.365106675890177,3.6899047005636536,5.304575808618547
2290,13417.96875,1.2254581510866145,1.5861943390208615,5.0818371869535826
2291,13423.828125,1.6900574995683297,2.1944882204031697,3.196242006121051
2292,13429.6875,0.960844175408565,1.1260301899384726,3.051823008508656
2293,13435.546875,1.365782689997709,1.9557411848831667,2.7011926616791886
2294,13441.40625,2.3351035197484307,4.946300467104642,3.9256795063437346
2295,13447.265625,2.2291073773984498,4.640564183648026,3.481791629527203
2296,13453.125,2.0088855196191497,4.270660131235497,3.3190686197823847
2297,13458.984375,3.030363621597003,7.120829339077551,5.041547444538818
2298,13464.84375,2.70057879372861,4.10799127582656,4.086786382799756
2299,13470.703125,3.1674671964034946,3.5444587187281993,4.655713868412364
2300,13476.5625,2.740685289437501,3.370436228397467,4.302351329582812
2301,13482.421875,2.9805537977201157,3.775986688729799,6.264865584165284
2302,13488.28125,2.545008846879356,2.1622763249008776,5.055207823362749
2303,13494.140625,0.899717790159127,1.2564951531134185,3.1789844576368442
2304,13500.0,2.124642155767121,3.58766471110094,4.512491555323099
2305,13505.859375,2.3630777277547654,4.638084028059502,5.600126955713479
2306,13511.71875,2.2604038438430147,4.591273762778934,5.364914953910786
2307,13517.578125,1.9962749739752021,3.2622648892856905,5.955162430460638
2308,13523.4375,2.876312961229193,3.746217800680868,5.71121164056253
2309,13529.296875,2.6594067020357093,3.33302006087309,3.842014573908239
2310,13535.15625,3.135959004624487,2.798316316060535,5.154460727557814
2311,13541.015625,3.063987345985156,3.5607983059056734,4.383184599053647
2312,13546.875,2.4260392102020956,3.594722265923229,2.4722682123394653
2313,13552.734375,0.8182568238974041,1.8351971916755867,2.432409364652977
2314,13558.59375,0.7589619169210683,1.4261780701585736,3.855292238292698
2315,13564.453125,0.48423673809496504,1.0466530637002567,2.3805705723488435
2316,13570.3125,1.606377569210481,1.9077408282084067,2.3980514707135505
2317,13576.171875,1.3520906068638108,1.6399962484931254,3.6234326474007568
2318,13582.03125,2.0384960503728116,3.6869784710567046,5.494198020756346
2319,13587.890625,3.236308553877583,5.816256988768489,6.454959361396771
2320,13593.75,4.638302059176945,9.26173527835043,7.759535117843839
2321,13599.609375,5.183207814720192,6.699955290217494,5.675249591916859
2322,13605.46875,6.132246390991191,7.652115092456684,6.069263613645144
2323,13611.328125,4.610802728898003,5.494003511505458,4.8200782592719955
2324,13617.1875,3.341134873885004,3.792753878072446,4.053804099110543
2325,13623.046875,4.395253436232761,3.634901403048636,4.185114405252013
2326,13628.90625,3.28322780992842,3.5838046700148745,4.7792536362931815
2327,13634.765625,2.625458140804163,3.6521922011003864,3.407513486263031
2328,13640.625,3.204427531832335,5.014799090094567,3.508287446630081
2329,13646.484375,3.0134224198695065,5.497225653061183,4.8454449573026155
2330,13652.34375,3.6382713706863568,4.113422023553195,4.273329937112036
2331,13658.203125,3.1572661014272456,3.7384048102314393,3.5565567782240985
2332,13664.0625,3.3240824199608823,4.235260960296242,4.210746842282642
2333,13669.921875,2.861177621399602,3.3756419628817023,4.654929063627778
2334,13675.78125,2.8480271388123723,5.369395975189595,5.264920757533115
2335,13681.640625,1.7469235691838483,3.615349624825753,3.923820765165114
2336,13687.5,1.2531325484136258,2.6177127690135764,3.6613795580903226
2337,13693.359375,1.5815409525534214,2.4470187430336754,3.968760041225076
2338,13699.21875,0.9920543444533066,1.7299893594226172,4.790086274220782
2339,13705.078125,1.0172587454801074,2.580123076979845,2.6768738390344597
2340,13710.9375,2.488619119841699,6.248370820758523,4.90521073611639
2341,13716.796875,2.4492203288594543,4.413503050366668,3.5116854121740593
2342,13722.65625,1.7427471982169473,3.0000793920349897,3.7780866994246827
2343,13728.515625,2.347500313925503,3.3043237922850794,4.470963995265898
2344,13734.375,3.631577249635953,7.303667696140448,5.375519235988582
2345,13740.234375,3.2754370951399228,6.0719429110850385,5.027864411748549
2346,13746.09375,3.658178991507796,4.346093353292618,4.405686252635926
2347,13751.953125,3.7029205963763885,3.6468723291992964,4.0213857010432585
2348,13757.8125,1.7638347884225203,3.6279637132042013,3.4282936080521758
2349,13763.671875,2.451572721085881,4.027253156060766,3.823628680134763
2350,13769.53125,3.1361671244958904,4.725477733456153,4.57553727785423
2351,13775.390625,3.2135673340703654,4.277191148122777,5.0066720221221175
2352,13781.25,2.7898268073418184,3.9474319085871423,3.9607587923668333
2353,13787.109375,3.736652144483819,5.491388227534312,4.797244121141239
2354,13792.96875,3.828100209939861,4.272674681701456,3.4846218199584222
2355,13798.828125,4.503362539237691,4.283589567101121,3.966220552024462
2356,13804.6875,4.3770975053472245,5.043263029752229,3.7916148714870537
2357,13810.546875,2.8124832318375597,3.86341357025738,3.387153404662068
2358,13816.40625,0.7994264314719081,0.811816200986346,2.9281053630479366
2359,13822.265625,0.5632325309785479,0.75,3.039552568527898
2360,13828.125,1.2229781953242502,1.5102375854861085,2.8220802950728823
2361,13833.984375,0.7807526228520999,1.3887664288355472,2.806338424964047
2362,13839.84375,0.5153388504288294,0.8598202784826839,1.8976105093245066
2363,13845.703125,1.0101397779250794,1.4521496765833999,2.5418643902696654
2364,13851.5625,1.5012848319588923,3.0055692843083306,3.332466531649147
2365,13857.421875,2.1858396759818755,5.457734625153716,6.180703410917345
2366,13863.28125,4.374299471377918,7.4282013439413745,5.864571844371446
2367,13869.140625,4.957147337582873,6.228670567832346,6.035788633243271
2368,13875.0,4.107947963254425,5.207162301955041,5.393213182521238
2369,13880.859375,4.02378006125659,3.7588793348616774,4.0590103499817065
2370,13886.71875,3.8808404895911033,4.587650310919713,4.015756351948588
2371,13892.578125,1.8757161824187805,3.4403947964341537,2.898432940910632
2372,13898.4375,1.5204993662528683,2.7482778466709377,3.236916020493094
2373,13904.296875,2.712045414473192,5.231851986123246,5.145643077653343
2374,13910.15625,3.3271754151042527,6.455815575872947,4.899321325883854
2375,13916.015625,3.6514215831056456,6.520209594379727,4.4244772297222035
2376,13921.875,2.4598598734328645,4.56386099618018,4.1050799026028155
2377,13927.734375,2.1003937551273926,3.524954807677692,3.5367729481752592
2378,13933.59375,2.515771870849771,3.20717047755163,4.376498791573493
2379,13939.453125,2.639732957549156,2.4989427813671328,3.4622498448804033
2380,13945.3125,2.9849357931193548,3.8667957368168997,3.6879167461410076
2381,13951.171875,2.8504657913428435,4.867723714500458,3.541450192325672
2382,13957.03125,1.915390785583168,4.748430462421741,3.5657618873472856
2383,13962.890625,2.260579438157094,4.963880361610166,4.123117143211553
2384,13968.75,2.2135149346690057,5.3672552534037505,3.9391260044805856
2385,13974.609375,2.3233358718386623,4.658025593036245,3.941525560218246
2386,13980.46875,2.140985573491955,6.325643246332303,5.1675858675207085
2387,13986.328125,3.844572909475976,6.679920699018215,4.836127862671639
2388,13992.1875,4.466725861454962,6.148311803644404,4.879171662999305
2389,13998.046875,5.303299694521897,4.793944886778248,5.431050025618387
2390,14003.90625,3.7006479914582093,3.404129341476699,4.593850405783413
2391,14009.765625,1.7969433116224194,2.691711206228189,2.7769167612614143
