bin,freq_hz,abs_h,training_noise,mean_abs_llr
400,2343.75,3.008358189145296,3.1412304033520506,3.7602652995217056
401,2349.609375,2.5712551245988324,2.2307085466457437,2.5256456439347614
402,2355.46875,3.8171455853353367,3.694101293426214,3.4573517821502593
403,2361.328125,3.678346283768794,3.1251912559191037,3.2182730338697976
404,2367.1875,2.9751101610724575,3.4817383397998674,3.095486837225562
405,2373.046875,1.2408035190056157,1.5398827886462159,1.8615933523072685
406,2378.90625,2.7459074326163346,4.283810695439084,4.704015052395137
407,2384.765625,3.0735721443948316,4.072976650694432,3.5990354539860374
408,2390.625,5.442678567576535,4.759826979647428,4.417487728986413
409,2396.484375,3.8170663082983034,4.864917094005613,4.580193665899559
410,2402.34375,3.084473101409285,3.989776161367519,4.033320716888505
411,2408.203125,4.326256907920795,6.097996462748473,5.991276587225958
412,2414.0625,3.2028389409585536,3.1458868695160795,2.779890738219981
413,2419.921875,3.7044476247931426,2.914000047104116,3.3458331318332806
414,2425.78125,4.368892368129211,3.9596700516998036,4.3665446623708775
415,2431.640625,5.2336006043852965,6.729782815635655,6.816055414918114
416,2437.5,6.777863264780963,8.726147774840433,8.758895648042538
417,2443.359375,5.48116443649025,5.857017672259027,5.507738425248089
418,2449.21875,3.2429400318574593,3.0443922888787087,3.192430293593612
419,2455.078125,3.269172512289686,4.153798659143503,4.034048772377537
420,2460.9375,1.8090348393107858,2.0683447690912793,1.5892335431531983
421,2466.796875,3.7825376150394967,4.9953133596482715,4.897803495183679
422,2472.65625,5.222082172759968,7.935480783206703,7.975486750214083
423,2478.515625,4.3684005293281025,8.4801904927116,8.352263126720953
424,2484.375,4.65754298344217,6.606916919592168,6.521624338760865
425,2490.234375,5.259133167164931,6.26565841379691,6.057781653711846
426,2496.09375,5.983467357389759,11.721660712155266,11.683964728329535
427,2501.953125,6.442640909699112,9.2979846854329,9.493606483962836
428,2507.8125,6.142261292112705,12.0,12.291241875965671
429,2513.671875,6.750108938609215,7.1064546991277275,7.185253323821987
430,2519.53125,5.52633816255439,8.095899486123553,8.063420033530454
431,2525.390625,2.425203511195309,4.026299501574998,3.8672416304775585
432,2531.25,4.4090121078216695,5.283417336279419,5.141864804399289
433,2537.109375,3.993108440365515,5.362422154896883,5.214716421487253
434,2542.96875,4.4490251488325585,6.965888983665737,7.009137691427672
435,2548.828125,2.5130761433015514,3.954362103277355,4.073440903807383
436,2554.6875,2.887158677627942,5.026372716048684,5.574490372220135
437,2560.546875,6.2211946210041695,9.476207493308541,9.969040149621426
438,2566.40625,5.9402629618988545,7.106858109259475,7.371437231224417
439,2572.265625,3.6807205409356194,5.377609183605122,5.286063091817481
440,2578.125,4.070831982201785,5.898647200650832,6.04181954363563
441,2583.984375,2.6946371892839993,3.565256081065497,3.5802791955388424
442,2589.84375,3.8481248192748727,6.021750998473223,5.403098360306842
443,2595.703125,4.186400320374992,5.20861586911537,5.152487182989249
444,2601.5625,6.11896604292786,6.519427699897694,6.48589453298016
445,2607.421875,5.322003158297585,7.180295124316155,6.939951027987728
446,2613.28125,4.718547296821842,6.923995272002829,6.68573155230024
447,2619.140625,2.435867207450562,2.7561123340873968,2.3713399746666575
448,2625.0,2.459361610283971,3.0628567495237444,2.6983912216401276
449,2630.859375,3.8867784861109316,4.887246711329999,4.65464495953509
450,2636.71875,3.0518509280943587,5.156237079495655,5.108810044673638
451,2642.578125,1.976387973693489,3.9976498126806552,3.9697725826410832
452,2648.4375,2.9042609892331903,4.252305655180799,4.216085764645528
453,2654.296875,1.5681537178786131,2.671100120430346,3.0718868390373832
454,2660.15625,0.8060673494265331,1.3504881832976217,1.8797776850473842
455,2666.015625,2.216839089193751,3.4087373890651036,4.179893833298992
456,2671.875,0.23506421803384467,0.75,2.7945015166024287
457,2677.734375,1.5817553002136744,2.3164855715436485,1.8635052157261847
458,2683.59375,2.0664953838669207,3.0086360899933764,2.8549625598496404
459,2689.453125,2.6825860128546233,2.7704661772998103,2.5613178934679826
460,2695.3125,1.1165165781570854,1.647335251729737,1.8801761421920413
461,2701.171875,0.887913392811435,0.9176736092910877,1.211683944101621
462,2707.03125,1.0172929723937962,1.4575321292962027,1.4952909835851578
463,2712.890625,1.3502238154236335,1.4794821180841353,1.3772537054387366
464,2718.75,1.859964565946343,4.136381459431098,3.7285035047919273
465,2724.609375,2.555867581943162,3.959134570456248,3.390031984450714
466,2730.46875,1.2267894282590686,2.401292720705323,2.0728877097376346
467,2736.328125,1.530628850456429,3.9953467085266388,4.049885382975807
468,2742.1875,3.766221075406522,5.7844380891643254,5.241185575303805
469,2748.046875,2.5767050551089796,5.948902894993287,5.180516657316583
470,2753.90625,0.6403557576467681,1.0361606344295948,1.367757055787362
471,2759.765625,1.4506432956643216,2.0676789284257526,2.3747168328897614
472,2765.625,3.749495752202454,5.087976253035127,5.125373789206377
473,2771.484375,3.872769177618409,5.5114312660094535,5.931030421993448
474,2777.34375,1.691328591350367,2.009245843288178,2.322473054100672
475,2783.203125,1.9185717737138204,2.6803620584117613,2.521460219098415
476,2789.0625,2.4866533012380545,3.178782665682517,2.7927442671149425
477,2794.921875,3.2523636225935753,4.795011370304677,4.089285130773754
478,2800.78125,3.6336839131407728,4.402103685186609,3.656549595617358
479,2806.640625,4.479433378212013,7.409976972113334,6.988341131707014
480,2812.5,5.005072085334313,8.43584723827136,8.050774680236863
481,2818.359375,3.2328063090799533,5.781013058211843,5.7154361539303675
482,2824.21875,1.2073714142009255,3.093112710071952,3.6285573501028825
483,2830.078125,2.8436709887855547,5.414897538869812,5.466680752654483
484,2835.9375,2.951781205357135,6.586946598905121,6.803907662373165
485,2841.796875,3.5637332524667436,5.515642957480203,5.54029617327765
486,2847.65625,3.978725958581256,7.986153787733464,8.174184090046264
487,2853.515625,2.2992689959432937,3.7630893052916843,3.761023469800631
488,2859.375,2.7435696866226897,3.613568248287344,3.6905201988421776
489,2865.234375,3.5970492086325523,4.325912532763257,4.755337499519686
490,2871.09375,2.7120549391879654,3.648864938791869,3.715412504236595
491,2876.953125,2.0428754043864044,2.5272095932903067,2.8662910441372333
492,2882.8125,2.5071131307656174,2.391310377230986,2.8597126178807635
493,2888.671875,1.9881555256725343,2.285593788269817,2.708199339918703
494,2894.53125,1.3478322441846071,2.1306376216977005,2.5443805520592244
495,2900.390625,1.6879893680870977,3.5718900635989637,3.87117811215599
496,2906.25,1.711074917046151,3.2742701623417423,3.439861241188506
497,2912.109375,1.8424267937385044,3.076035127228754,3.651377323157251
498,2917.96875,1.1043811927295295,2.063112592581284,2.5730960268231584
499,2923.828125,0.19360477080736654,0.75,1.5838437020546525
500,2929.6875,1.3228173715938878,2.2460185865909583,1.96087705536222
501,2935.546875,1.3581208682453303,1.7163230345293374,1.7530134665883528
502,2941.40625,2.311918279436057,3.2555802188228844,2.9874464835937475
503,2947.265625,2.139906506664907,4.429585216279277,4.003804884095259
504,2953.125,1.7465314604911155,3.3275256536310422,2.755812846434762
505,2958.984375,1.0750314347950654,2.244976252980801,2.575732346039985
506,2964.84375,0.7532163450510528,1.514556644793255,1.8862501985171034
507,2970.703125,0.5105580262625935,0.949755616638736,1.2899019924226225
508,2976.5625,0.8350755323777307,1.1742629771005555,0.7566686709038563
509,2982.421875,1.0263987938694448,2.2238755784013784,2.125683237045754
510,2988.28125,1.068133001478547,1.5391599030264413,1.406755412227197
511,2994.140625,0.20914770435863608,0.75,2.01290992320031
512,3000.0,0.7416562611084171,2.192972661467247,2.306203818428183
513,3005.859375,1.740150791517923,3.69201613873319,3.23587681010305
514,3011.71875,1.4351636903003793,2.2578513076130347,1.9159294521089376
515,3017.578125,0.5856567129311291,0.7522778406791978,1.2505754964832891
516,3023.4375,1.5740114561521978,2.838790763775858,3.065963861043062
517,3029.296875,2.939604246136932,4.873699558881033,5.369172712651028
518,3035.15625,3.4477819468556783,5.205344600601303,5.576725670494863
519,3041.015625,3.412491160160901,5.843599999265326,6.024491437049982
520,3046.875,2.131931111937656,4.9713877051992075,5.351775110739637
521,3052.734375,1.9364052479519627,6.060389272464505,6.45564989656083
522,3058.59375,2.4701707908143415,3.965265805473299,4.021693338991574
523,3064.453125,1.8030022750425196,3.3138802409698553,3.4109387984109096
524,3070.3125,0.9173210804734927,1.3273878602962816,1.1543853955498908
525,3076.171875,2.6543639730454327,4.080803757765258,4.022310601967242
526,3082.03125,3.1719010674933803,5.279887701200495,4.858194826166821
527,3087.890625,2.7094506115027315,4.386514741425578,3.8847405243574817
528,3093.75,1.7383107033161422,2.800575419487328,2.1273530298131487
529,3099.609375,1.3339179442798896,2.631498366404359,2.4836062238496726
530,3105.46875,0.9366239359949045,2.2003927784376445,2.1085034069769186
531,3111.328125,0.27749545711422163,0.75,1.5569523829270184
532,3117.1875,1.022781123073478,2.064617093530499,2.2172902525647658
533,3123.046875,1.3594209310913439,3.10589741151864,3.2743463685588208
534,3128.90625,1.0750428099041673,3.2415982673184427,3.2608064926279123
535,3134.765625,0.6756443079046974,1.900833252221347,1.2516560282968723
536,3140.625,1.4535921235823674,4.070999537059066,3.0673463236787715
537,3146.484375,2.3520814275326614,5.49719534575165,5.455478809862555
538,3152.34375,2.3799779948255244,4.401975221568122,4.42522447456397
539,3158.203125,1.4798298127319949,3.276425115630074,3.594091042169706
540,3164.0625,0.8938131821801204,1.8592722829253576,2.172676621030884
541,3169.921875,1.394990759201904,2.6903071012746405,2.4279741020099284
542,3175.78125,1.1959763976798625,2.576904535908527,2.4385229581492527
543,3181.640625,0.3442755171032785,1.6338353007053956,1.2657141210658247
544,3187.5,1.475834025237552,3.9279962929742926,3.170722967309064
545,3193.359375,0.949409266488173,3.0597894770225578,3.280991671164201
546,3199.21875,0.8320676151764356,2.344088368998687,2.3887086197749787
547,3205.078125,1.167060668654472,2.830586002315462,2.7670806905727425
548,3210.9375,1.2227823713517383,1.760677795380447,2.019736903662506
549,3216.796875,2.3199635619772567,4.501864951127634,4.2923708970437895
550,3222.65625,1.830064689074821,3.7221819846891426,3.6362925909499104
551,3228.515625,2.5585721839780766,4.209288035467731,4.341375524724448
552,3234.375,2.604004199561039,8.263662101488485,8.67664835477253
553,3240.234375,2.503929002330252,5.916090880911033,5.7544244000258
554,3246.09375,1.3837260635813686,2.7906219826508027,2.5856422598998394
555,3251.953125,1.0775750230707233,1.3365257788418503,1.3065758285830043
556,3257.8125,1.8002779018589925,5.150449478686427,5.624989837361974
557,3263.671875,1.5998402457586558,3.691956408665447,4.11233204109493
558,3269.53125,2.5773494692606844,3.682530385227727,3.446552989480622
559,3275.390625,2.3045559772674626,5.423246021784971,5.034695143434565
560,3281.25,1.7976174207845603,3.9102699681247683,3.185482007368226
561,3287.109375,2.895569051241671,5.063012508762558,4.962011952400762
562,3292.96875,3.3966621595432955,5.714318738864528,5.81020052150558
563,3298.828125,3.0817164194133277,6.258732729750521,6.105913342656215
564,3304.6875,2.6911543676703285,5.2476614895115485,5.009450368883654
565,3310.546875,2.145662264798074,4.898174722462938,4.863357897058148
566,3316.40625,2.123930581005056,3.2321125451266033,3.1037758628327494
567,3322.265625,1.3607341672981768,2.746619257588802,2.3768238925873697
568,3328.125,2.158307518041905,4.469655999165021,4.336067898295217
569,3333.984375,1.8046731649326708,3.8848143073517827,3.6367337717244386
570,3339.84375,0.9474001224746083,1.4868901447981482,1.36440039956356
571,3345.703125,0.7333599214868661,1.6418436459093182,1.56631763380962
572,3351.5625,0.5281127413400004,0.9215049001583457,1.2616592563445401
573,3357.421875,1.7471387756935892,3.104766258687735,2.7976658078809082
574,3363.28125,2.5491122553827954,4.5038647532553515,4.725623001506802
575,3369.140625,1.3111002450347757,2.3900816900718858,2.4682108689958815
576,3375.0,1.6375405881905327,2.4916373607741034,2.2870605051338937
577,3380.859375,2.1238798268128374,4.6688657501593696,4.834927198684115
578,3386.71875,2.0911608276478093,3.741972619585556,4.059255433969158
579,3392.578125,1.7886730716735524,4.5527226910072685,4.156923173776645
580,3398.4375,2.5748269858458155,4.406937351805231,4.290758893652268
581,3404.296875,0.8530690582854416,1.5676023036156288,1.6050310434635224
582,3410.15625,2.0923543989732,4.823836140543783,3.9921083757041114
583,3416.015625,1.7496139614280077,3.4797865853653533,3.193168893998455
584,3421.875,2.1903649674110053,5.0146519321474985,4.873016480634188
585,3427.734375,1.6352443783976185,3.1752755048192762,3.174749165729493
586,3433.59375,1.4892959473149336,1.9174298633097466,1.7440129010679115
587,3439.453125,3.080479328746012,3.1365434290096665,3.050909060740653
588,3445.3125,2.892461295568122,3.8893123468293647,3.47063767904985
589,3451.171875,1.9277124959920697,3.667805017449731,4.008944024441838
590,3457.03125,2.3375078844510404,4.277863300086013,4.738564296242178
591,3462.890625,2.0108629286543866,4.996636816444847,4.669975130585082
592,3468.75,2.126830228232393,4.880329779177052,5.05472126597676
593,3474.609375,2.009185723450355,3.814223199698222,4.236437259648011
594,3480.46875,1.2086953450482751,3.0218166875505803,3.6002877946986365
595,3486.328125,1.725950042098306,3.384987839848757,3.169157095302588
596,3492.1875,2.078138738759293,4.270718471609977,3.959048240651975
597,3498.046875,1.6246698633869787,3.6160896583816045,3.5221903109415997
598,3503.90625,1.5499249120718046,2.736574739217996,2.882429145726321
599,3509.765625,1.2311849211878159,2.3437447645819076,2.1432257065150297
600,3515.625,0.7692246527981341,1.5578347313930139,1.4013009125373608
601,3521.484375,2.555239233090675,4.320740580151545,4.565014039241984
602,3527.34375,2.4329119800887717,6.49076079654767,6.646714383916642
603,3533.203125,1.713101473239733,4.536717043524862,4.294967929459313
604,3539.0625,1.4444577957264355,3.231442741897526,2.994491552080137
605,3544.921875,1.2474258688187585,2.272554224837527,2.1615786447947065
606,3550.78125,0.5464370636078342,1.237918288718901,1.2535704721524192
607,3556.640625,0.25642821479793093,0.75,0.8424173047649326
608,3562.5,0.594247818940632,0.8459348430267559,0.9274368340963659
609,3568.359375,0.5911219510977316,1.0668820622558415,1.4912447444076198
610,3574.21875,0.12246609983718894,0.75,2.5282346548398853
611,3580.078125,1.2165083931336407,1.946415515475981,2.017361377898888
612,3585.9375,1.1230750945681582,2.1795221829868368,1.6840794618150645
613,3591.796875,1.529795029115247,3.154089302326688,2.8637818924872356
614,3597.65625,1.882620575742861,3.675659649414219,3.4920781189379166
615,3603.515625,1.1754752218359918,2.5584147384667766,1.8395120162170715
616,3609.375,1.0408138836637681,2.8003916546330854,2.0169847229361944
617,3615.234375,1.7715527091681598,3.2218866019247345,2.9833819481603685
618,3621.09375,1.7862180551695641,3.5433463162996843,3.12822153797995
619,3626.953125,2.1609926557151216,4.6135458666586775,4.133004210302526
620,3632.8125,1.8357493250326822,3.5433986614444786,2.7988257628266355
621,3638.671875,2.263294129743367,5.03524037195618,4.545300356376117
622,3644.53125,3.0522542660707015,4.864506009337419,4.806973563077275
623,3650.390625,2.271628100480594,4.828037346530242,4.789969483779842
624,3656.25,1.9189566096622772,5.147211344924603,4.773476257382443
625,3662.109375,1.1304319295793768,3.663168802292652,3.352171260444341
626,3667.96875,0.8640197368032656,2.329755610559367,1.6682062897549543
627,3673.828125,0.963609165301422,2.8916231939582966,2.497381357969998
628,3679.6875,0.8191285186097087,2.4054993299036953,2.4048847439906575
629,3685.546875,1.3465079722556659,2.5386423313578117,2.5096665373507747
630,3691.40625,1.2386478963354328,2.5562264552704423,2.5173165125033807
631,3697.265625,1.539989324194839,4.029786432834191,3.5734587055300437
632,3703.125,0.6754123027314677,1.743108939600571,2.0242219773612504
633,3708.984375,2.089086764689005,5.010023117365929,4.877733234679688
634,3714.84375,2.6291074930981155,5.5558330247062315,5.491434240384388
635,3720.703125,2.4155751795995144,5.452286304198109,5.172128406013418
636,3726.5625,1.6526897159589298,5.278652186102539,5.396498991019603
637,3732.421875,0.635209836129479,2.021673653226418,2.7406073722075748
638,3738.28125,0.9407075443014459,2.442905371617936,2.572207886800067
639,3744.140625,1.2152790597628411,3.5149824685519353,3.8295475961469263
640,3750.0,0.49813200717945105,1.122919964438793,1.2955993860085417
641,3755.859375,0.8504413259495822,2.1311638445208776,1.7009291083264355
642,3761.71875,0.29321254889066645,0.75,0.9795919517436221
643,3767.578125,1.0039048245299023,2.9320575644921636,3.5451947653536853
644,3773.4375,1.0053518090595237,3.649511005640877,4.317039710249302
645,3779.296875,1.3912123644589511,4.700759617911106,5.49147320807187
646,3785.15625,1.9819518089515833,8.060850294277575,8.471650618754406
647,3791.015625,2.3482274129068728,6.731168987699439,6.750629975786757
648,3796.875,1.7741410482545596,3.8528955177994524,3.7610447111966705
649,3802.734375,2.4624970335459393,6.13368396568627,6.433743223372385
650,3808.59375,3.3338759505957527,10.653145521299221,10.990702304162172
651,3814.453125,3.502295225447849,10.07807468303064,9.751743517203757
652,3820.3125,4.035840087577913,11.036893639047477,10.40842789209282
653,3826.171875,4.213166906748639,10.969483824967137,10.776934452813423
654,3832.03125,3.2042461236584936,7.2163366029650895,7.036392834127298
655,3837.890625,2.8769878413654877,6.165371542897213,5.9477938279485425
656,3843.75,2.485825184762798,7.572026517293093,7.090189008956551
657,3849.609375,1.073522143667212,2.197288175059095,2.248493050301043
658,3855.46875,0.9770073405811959,1.886388094910013,1.7098593211164752
659,3861.328125,0.5417234681189653,1.5414044592371248,1.5745598905615958
660,3867.1875,0.542225519859919,2.1216654726318724,2.1108652694774803
661,3873.046875,1.1877739946529395,4.6815793766598155,4.9469674066798826
662,3878.90625,2.1137000641670083,7.905329353088564,8.115554148680282
663,3884.765625,3.0343994297739405,10.08897476949063,10.837354327826414
664,3890.625,3.570320344601076,11.819723013160665,11.765132782890685
665,3896.484375,2.7003054909337503,6.910439900480571,6.93755323157304
666,3902.34375,2.7703906393973887,8.223617190114961,8.767012958828618
667,3908.203125,3.7515681907367933,7.6797889427512676,7.861898103862933
668,3914.0625,3.336757002292231,6.750379086260284,6.991284638399316
669,3919.921875,3.2892744705219537,6.668026204759222,6.532963707925946
670,3925.78125,3.1872431807868593,7.039536338906794,7.023732038601944
671,3931.640625,2.425665617190092,4.6360405511699625,4.5160641488702185
672,3937.5,3.2975071795086666,7.797459966348474,7.0643464949874755
673,3943.359375,3.7495381728830117,12.0,11.04100843150778
674,3949.21875,3.336274184186723,7.951720047891008,7.663348962313802
675,3955.078125,2.7616448653856374,6.138034664209642,5.846742138465198
676,3960.9375,2.5377296468472315,6.43249561587783,5.720000087392348
677,3966.796875,2.8193653870048614,6.701986065824197,6.047765400577327
678,3972.65625,2.283817738348519,6.33660412142207,5.023872096182531
679,3978.515625,2.289075777651169,5.947850457143809,5.50895585069816
680,3984.375,1.6204545556333616,3.7225643713849053,3.8750257209228316
681,3990.234375,2.429636838951234,5.2099145243345815,4.990043344218759
682,3996.09375,2.785547609956899,5.939708642225821,5.887037492331855
683,4001.953125,2.0359011086985954,7.445361865698072,7.514442276797137
684,4007.8125,2.8776967457037586,9.545866181747336,9.928411964828417
685,4013.671875,3.175592097276599,9.564741401598738,9.759539788644638
686,4019.53125,3.053611884012574,11.861353094988406,12.380403431603893
687,4025.390625,2.992351311035388,12.0,12.494462998761337
688,4031.25,2.8250248432492957,10.110329825211899,9.974183058243739
689,4037.109375,2.519920651433818,6.789938443426107,6.967394130494159
690,4042.96875,2.666190450778993,6.661873193249402,6.3813779737871545
691,4048.828125,2.0691260744934645,5.768020066175792,5.6944154196079975
692,4054.6875,2.2631075593169516,5.931298507889167,6.22745097873798
693,4060.546875,2.160383201563205,5.011596951561087,5.4204830122839684
694,4066.40625,1.1699765102102828,4.307864123441407,4.835053943728544
695,4072.265625,1.076045468596124,3.815478969520572,3.885398257435034
696,4078.125,1.1311391074277473,2.909955322349677,3.263474097293188
697,4083.984375,0.5658956824705854,1.4759675450617897,1.8240138564909316
698,4089.84375,0.46417776055482257,1.5861509925768993,1.6342780118756735
699,4095.703125,0.5278960748585212,1.4285670146099423,1.3983214303667828
700,4101.5625,1.206805480952275,2.885768131595204,2.6248560262664125
701,4107.421875,1.3848674308732505,4.064714754423106,4.084689877544859
702,4113.28125,1.4753928070965867,4.834846460534413,5.284058562834136
703,4119.140625,1.7056278750505944,4.125004828566575,4.207854886595656
704,4125.0,1.1579737636272036,3.2452961191384313,3.3560426723877415
705,4130.859375,1.1745407899381413,3.4063882600579434,3.7749418881535335
706,4136.71875,0.18038202752546603,0.75,1.708744467460793
707,4142.578125,1.7546499762063568,4.813294955673096,4.503804880663223
708,4148.4375,1.4313500263559689,2.606859942770634,2.564738265521276
709,4154.296875,1.143366462667074,2.832171155564663,2.5866291991744434
710,4160.15625,1.7437757040181288,4.446923797171666,4.726448333650619
711,4166.015625,1.4175332482977696,5.222343018712978,5.790982848930299
712,4171.875,1.4737410810839089,6.290159555397806,6.124703708381128
713,4177.734375,1.6452088567661325,6.055041371231017,6.0706033606295415
714,4183.59375,0.4729999231920452,1.0979112962438826,1.3594164998745097
715,4189.453125,0.29010602178821804,1.4252765341252243,1.5626700682151968
716,4195.3125,0.7496163677066419,2.632512930842193,1.7473028597086877
717,4201.171875,0.8290499147031213,1.8589924302587806,1.8914049292185822
718,4207.03125,0.6255147177257158,2.094103733389177,1.9019986278959857
719,4212.890625,0.7572976841656951,2.3758665616456263,2.5844010950180656
720,4218.75,2.077840065669389,5.170618784242931,5.332162365279381
721,4224.609375,1.657333723142115,4.446086572252785,4.923830554318135
722,4230.46875,1.1520644333533387,4.189905595359126,3.7265589661643435
723,4236.328125,1.2188967011015825,4.276107197562377,3.9056680852889634
724,4242.1875,2.4810887441460867,6.022940279511978,5.7624158383582715
725,4248.046875,1.9990924323279027,3.722965456625285,3.727488838980411
726,4253.90625,2.4444504496905424,5.083035606003446,4.857426292307555
727,4259.765625,1.9133808928977958,4.69321589896321,4.547729795132126
728,4265.625,1.8245425561460769,4.924867213463294,5.103296396153498
729,4271.484375,1.7811076639830725,5.05056198811107,5.02537649093248
730,4277.34375,1.4617207043477685,3.979302089252366,4.074828743622106
731,4283.203125,1.4676411123653148,3.953143213093375,3.791768362369671
732,4289.0625,2.798458732702095,6.159233049003134,5.720911056858767
733,4294.921875,2.1024299702608786,4.63722074212397,4.490633649284125
734,4300.78125,2.3445970120023025,5.310128548453932,5.031054850731208
735,4306.640625,2.5558023083125727,5.4715352683648275,4.912811127141678
736,4312.5,1.49361479267013,5.072899125004777,5.106042929966019
737,4318.359375,2.377148203612136,6.852265337316027,7.0942533442084015
738,4324.21875,2.364438890037592,4.431743433046462,4.9317223617697845
739,4330.078125,2.0436477663637294,5.25773956826751,6.070375145933663
740,4335.9375,2.4345525703516606,5.364695976907939,5.882288473315168
741,4341.796875,2.561511685732411,8.487996495313102,8.45019018457188
742,4347.65625,2.0360542813798332,6.717410341992085,6.5833199532020235
743,4353.515625,1.798047254579354,5.597114381659212,5.76375968017935
744,4359.375,1.7738797520141798,5.775146608116457,6.243860566202449
745,4365.234375,1.9329428367597532,7.23709822865878,7.529742320013323
746,4371.09375,1.9083478392172912,7.043555980886885,7.447884680836474
747,4376.953125,1.508766351153641,7.2399790178184755,7.919990696764457
748,4382.8125,1.4846660450772993,6.391281277022873,6.5703717247378
749,4388.671875,1.6719377403851965,4.185504354504113,3.591159250233105
750,4394.53125,1.9935420505324322,3.5533649260436126,3.6650457971761816
751,4400.390625,2.022370583293978,3.3029671295194905,3.090555331411955
752,4406.25,1.7105694145712753,3.571998025502184,3.078562132471343
753,4412.109375,2.842878033030733,7.506506609695315,7.191104049467221
754,4417.96875,2.8783805786160874,8.162688086412409,7.641756212515186
755,4423.828125,2.252338755810768,5.80649771589461,5.634657579534688
756,4429.6875,2.2657255292651186,9.674697218620203,9.351653982876762
757,4435.546875,2.2541014409912186,6.075371303915954,6.61235989573442
758,4441.40625,1.9320734397030697,4.936004174282954,4.882581777643752
759,4447.265625,2.3904197747524396,10.147037889945846,10.496187689661054
760,4453.125,1.5477616003224215,4.85355473896233,5.0996924629804115
761,4458.984375,1.3537169205934765,3.5557225754917017,4.312758299893319
762,4464.84375,1.634555799288802,5.048749082109106,5.344777183842856
763,4470.703125,2.022711569857517,7.133974883827213,7.219210321065292
764,4476.5625,0.9196544576903047,4.885251215448354,5.084894261986636
765,4482.421875,0.9916867988281576,4.798716187215161,4.391448906986745
766,4488.28125,1.375621896276497,4.580916994373245,3.999357675604893
767,4494.140625,1.2231594374575379,3.2468523343489766,2.6784419599905522
768,4500.0,0.8342758861145609,2.8499282394949788,2.6556200533603573
769,4505.859375,0.15725436155146366,0.75,1.2131704056427486
770,4511.71875,0.8059953101299734,3.819859711612839,3.5019395122606403
771,4517.578125,0.6378702360697039,2.2737167931023685,2.0259605546490995
772,4523.4375,0.37692523712429554,1.5871115246240268,1.3259514309140819
773,4529.296875,0.8621414309095051,2.6170910787208306,2.510224381765535
774,4535.15625,0.7586416195014695,1.5787790282083756,1.640732708975829
775,4541.015625,1.2750516749671537,4.091196888846343,4.436984680259978
776,4546.875,1.6235666717791326,3.858414147624928,3.6129223346126778
777,4552.734375,1.2280595403748946,3.646402811427554,3.494190405720234
778,4558.59375,1.6258444674073531,3.9357635071798196,4.112067616247387
779,4564.453125,1.3463809319375089,4.245733488531727,4.486827463828312
780,4570.3125,0.15725225136735246,0.75,1.3685762100196932
781,4576.171875,1.3466352621540811,3.0417045371757525,2.7250918953736707
782,4582.03125,1.5556963468650284,5.952359740306505,5.608263181031644
783,4587.890625,1.3726524919151175,4.582718805156448,3.9747138903268273
784,4593.75,1.3901803926706933,5.05955593015092,4.511117833619431
785,4599.609375,0.664334121640309,1.8902449986193512,1.6821855457379824
786,4605.46875,0.2562942293649852,0.845530111548787,0.9744321085049487
787,4611.328125,0.35810021139928777,1.6664579114033615,1.6890076420548534
788,4617.1875,0.2446220392818442,0.9476501983408481,1.0130304166534883
789,4623.046875,0.9041907707812152,3.915832338084352,4.422885413028611
790,4628.90625,1.025534160887836,6.05310814218806,6.909167840346373
791,4634.765625,0.6961862327859321,2.9342347828992854,3.5385097049355476
792,4640.625,0.47592028889354177,1.86892037193865,2.2420708823953044
793,4646.484375,0.6758918818213874,2.831458673510675,2.691937544516749
794,4652.34375,1.3303086049498973,5.831675544967973,5.677339367899378
795,4658.203125,1.0662226670254862,4.7223591537866865,4.884183847081337
796,4664.0625,0.9937474970944525,4.884664659337295,4.378450162133802
797,4669.921875,1.334942356485974,5.682412871433236,5.146295623221424
798,4675.78125,1.7077373255351473,4.989120694929641,4.257128459731855
799,4681.640625,1.6819414636148424,3.7923374005336603,3.1403919700588303
800,4687.5,1.2818734227360224,4.325792750812463,3.854317874163016
801,4693.359375,1.0951860251720622,3.4665150330522483,3.895220284063963
802,4699.21875,1.1660716318346136,4.821501844532224,4.833498852008781
803,4705.078125,1.4379776311644605,3.914213129585723,3.9199101694400937
804,4710.9375,0.7887077059629433,2.5849070121823154,2.4310129395550306
805,4716.796875,0.8315861134786353,2.617323946725425,2.566070880386314
806,4722.65625,1.4348316757735244,6.699944348559981,6.71563807158537
807,4728.515625,0.8484896036189449,3.5023161975056953,3.974802776617486
808,4734.375,1.2067855379884145,3.871378643714782,3.675477037012768
809,4740.234375,1.1446128444473267,5.066803202448378,4.851760783765926
810,4746.09375,0.9699431138898315,4.2306399555483765,4.309271632977367
811,4751.953125,1.791898181798348,5.20114105562416,5.037278313924602
812,4757.8125,1.9285834998156068,4.57316659049232,4.107651568245382
813,4763.671875,1.445714100148836,3.7239674505522062,3.8378903189638667
814,4769.53125,2.151053934995197,5.480387547726459,5.1524400560916295
815,4775.390625,1.65515267465162,4.052208437862025,3.5293465929335204
816,4781.25,1.6401603230535935,3.7395283936398203,3.3998604150338885
817,4787.109375,1.8679802196323834,4.609695291624196,4.422344232220967
818,4792.96875,1.193552089254926,3.7037224797272152,3.5663556590384156
819,4798.828125,0.9365536261311271,2.4386750363358507,2.74090371482122
820,4804.6875,1.7816700369689547,3.570122846091735,3.189694177559068
821,4810.546875,1.119462489930678,2.981118669540942,2.6700970454105413
822,4816.40625,0.3365677631516927,1.0230896719481635,1.6658485194642554
823,4822.265625,0.7098634445964508,2.7200650613778405,3.5642577924355465
824,4828.125,0.26134424717361415,0.75,1.1109561714037641
825,4833.984375,0.9630540672894374,2.7143457778313027,2.954100731596501
826,4839.84375,1.504033677560747,4.156447876000315,4.07018727435961
827,4845.703125,1.2968349395336296,5.351022465343469,5.534472801470657
828,4851.5625,1.5907919076864503,3.7714423882307306,3.646945579530481
829,4857.421875,0.9735557873617242,3.515397927517555,3.7131434320276417
830,4863.28125,1.9056996774661148,4.381675649127296,4.0862921272358
831,4869.140625,2.440688982906625,7.177602205483858,7.3171052028901125
832,4875.0,1.8891872292455407,7.468979388412547,7.0623356865967795
833,4880.859375,1.714007881214919,5.213229745188374,4.959624749290756
834,4886.71875,1.8252357008284097,5.070874707720489,4.954545708446012
835,4892.578125,2.1035547359213354,4.719393018743052,4.355253863938058
836,4898.4375,1.4834646302405519,2.98962903390703,2.9086321327922953
837,4904.296875,1.83874856019188,6.100510842883042,5.564099569677307
838,4910.15625,1.3426978128490588,3.284185921461326,3.0453709908580398
839,4916.015625,1.1894520133348727,4.941039439832242,4.538298747319899
840,4921.875,0.6187942893286078,2.1595078818364803,1.9862608365869152
841,4927.734375,1.1247821568323568,5.6352991284578975,6.024496838562779
842,4933.59375,1.3096500862680962,4.674444222869164,5.062056057840784
843,4939.453125,1.4424692851178427,5.082077091231422,5.471161621595261
844,4945.3125,0.7522930474044195,2.6742547660039264,2.7874073394658487
845,4951.171875,1.4705549546266834,5.115199184307446,4.942792414772974
846,4957.03125,1.3097492677010603,4.987220400216267,5.378037972012752
847,4962.890625,1.2778646168802208,4.185518241293003,3.854287500365359
848,4968.75,1.4482615005426833,5.679668324339897,5.804671339060785
849,4974.609375,1.3353188685951631,3.197423735396799,2.679058078123395
850,4980.46875,1.1003724683577514,4.2828647089244685,4.480440855918266
851,4986.328125,2.314345043733984,10.025489329948469,9.968838057943971
852,4992.1875,2.24387039368354,6.236531876075805,6.3583606249597295
853,4998.046875,1.8286298161279813,5.817689909910601,5.151146955701028
854,5003.90625,1.890954733896773,7.904196395563152,7.644464380124584
855,5009.765625,1.8075546439771355,7.3415887560580515,6.796824433134273
856,5015.625,1.514800210946765,6.728920185589031,7.01221193745681
857,5021.484375,1.453402576975308,3.865622919974819,3.84844495973495
858,5027.34375,1.0880477911527011,4.6110834685892685,3.905044229663909
859,5033.203125,1.1689880388703184,2.8646374086556583,2.4226752611079356
860,5039.0625,1.53756960910671,4.38299645034723,4.219267745941328
861,5044.921875,2.084097164703965,7.181192848279064,7.1076269842755595
862,5050.78125,1.9750877935713103,5.198817760759633,5.302470661377985
863,5056.640625,1.83283469775111,6.886320121746488,7.036346560298087
864,5062.5,2.391451069076751,8.536789275012692,8.31160295666294
865,5068.359375,2.4636772649273904,8.703687466760169,8.727452469248583
866,5074.21875,1.6859486379743698,5.637880024193001,5.264905746504258
867,5080.078125,2.155135344658804,4.725924436762283,4.691970149576634
868,5085.9375,2.3449517425635413,6.551541218220997,6.641177370550213
869,5091.796875,2.917589238092207,8.224577379192379,8.156725895335523
870,5097.65625,1.889739446058951,5.473032417290103,5.574001521079017
871,5103.515625,2.216130653603036,8.482337265942505,8.772514631267574
872,5109.375,2.6383168805403896,5.585730552371342,5.428181761157702
873,5115.234375,2.509575841920203,5.324784047879615,4.908832248725561
874,5121.09375,1.7313268831742405,4.607328261186181,4.2991649357594515
875,5126.953125,1.1885049334837132,3.068361461742562,2.736983865272851
876,5132.8125,1.359478791676868,3.6163963813748685,3.6383739556412373
877,5138.671875,1.7320724830453758,6.2677759950819505,6.003584786581343
878,5144.53125,1.458138920045826,5.833548464290967,5.018263436465695
879,5150.390625,0.8046083066623351,2.4269041599934886,3.00562184956184
880,5156.25,2.0015731946935196,5.6061898807165385,5.729588499791394
881,5162.109375,2.2219259943445264,6.860489170618571,6.504188685605068
882,5167.96875,2.150787955189346,10.525048952069133,9.62769497349165
883,5173.828125,2.1735343571322336,6.002460660720075,5.717376985364357
884,5179.6875,1.8235467774180856,9.867647526182221,9.318698341264293
885,5185.546875,1.967637205374783,7.377969850862916,7.126349910354887
886,5191.40625,1.3831910161813417,5.651528313187147,5.018688803980355
887,5197.265625,1.3830822332634762,3.715148165576774,3.592079977944555
888,5203.125,1.7654052199969066,6.906837175010336,6.595595376395305
889,5208.984375,1.563327809359958,6.119031134182532,5.680096222937009
890,5214.84375,1.4106819159186368,5.950425058008368,5.282802389109409
891,5220.703125,0.49450051773805703,2.8476277540776476,2.9501009662621387
892,5226.5625,0.3127160119054931,1.5487999073119414,1.8707596639569397
893,5232.421875,0.9654252845446744,1.9254218741649605,2.1131003692613093
894,5238.28125,0.6489629686619071,2.0682382084713944,2.5974344589894747
895,5244.140625,1.335969343303218,2.477965387138993,2.8124264030640083
896,5250.0,1.908066155003394,5.0269027186746715,5.305659185619682
897,5255.859375,1.5296709734667766,3.5192658186241577,3.765863605309361
898,5261.71875,1.6813368934007311,3.1183688843240036,3.22297449033169
899,5267.578125,1.9598037615918429,4.992673547303678,4.673822259990393
900,5273.4375,2.545804567310307,8.658772063549614,7.90722460153362
901,5279.296875,2.681895293169521,8.772346332173681,7.763109138531687
902,5285.15625,2.463852100726633,9.232533784437534,8.468363532802302
903,5291.015625,2.3337010963379474,10.723314134503672,9.545176817105302
904,5296.875,1.5186523737348192,5.799759872126158,5.194330304585036
905,5302.734375,1.5984117519109498,3.9966025177812643,3.7387878515112942
906,5308.59375,0.8280834742529313,3.7127273486275536,3.0013280871961125
907,5314.453125,1.016669894459015,4.15455552387282,3.866143146931284
908,5320.3125,1.438229533756584,4.993611495339717,5.119149074683959
909,5326.171875,1.1720190833759188,4.697565588427818,4.6039706489762775
910,5332.03125,0.9660539227979409,3.5836232733317566,4.214153705040783
911,5337.890625,1.1184816744124801,3.868906086068117,4.012300592900033
912,5343.75,1.3323901234584006,6.194869096105366,5.986868859409433
913,5349.609375,1.875167165473606,6.444731707722051,6.397747411402831
914,5355.46875,1.8569971278164537,8.794086576621266,9.090076576313917
915,5361.328125,1.9887528830484256,5.138278728081381,5.041678338878301
916,5367.1875,1.8276574561716135,5.770405740090452,5.6813315612764645
917,5373.046875,1.5346384978837204,4.5771396659751185,4.553415640049138
918,5378.90625,1.9678263231346362,6.444320232684158,5.948557566109774
919,5384.765625,2.408778507186423,6.397795537684644,5.753055859254838
920,5390.625,2.6424211933522193,6.2574883995169,5.745254196384085
921,5396.484375,2.2731479952112963,5.047483385013846,4.374973105907575
922,5402.34375,2.0187933637754356,5.379375572049249,5.027538210057213
923,5408.203125,1.3235325724625775,2.941994457398746,2.1258894510550213
924,5414.0625,1.6712244557355893,5.683066586269346,5.0176734524680615
925,5419.921875,1.6738228770391788,5.388654357418918,5.137421709127796
926,5425.78125,1.5650183689210497,5.277104814931926,5.184009298987922
927,5431.640625,1.1110678250577979,4.746622693562566,4.437144881771964
928,5437.5,1.4755913814371915,4.785519271054622,4.93886078131825
929,5443.359375,1.2319855241490922,5.949562433503329,5.970246139002278
930,5449.21875,1.1279890458381132,4.096817338753967,4.561573442428874
931,5455.078125,1.0381650767833077,3.9989099844623617,4.468063073361455
932,5460.9375,1.2647577969066253,4.107596934108658,4.002185077261027
933,5466.796875,1.412517841466767,3.679963553303515,3.5067496990511104
934,5472.65625,1.0644749839013867,2.5917186796295115,2.7652248063166995
935,5478.515625,1.7075535847210073,5.573972564706062,5.728939691497562
936,5484.375,2.740734636283448,6.497646101212666,6.120267916397515
937,5490.234375,2.7109929529666266,6.4700010036962805,6.146310440679155
938,5496.09375,2.1671542572596607,6.979267512284412,6.671483544738059
939,5501.953125,2.164877548605244,7.075818197109724,7.028554253137105
940,5507.8125,1.8473065696839877,4.828458349012604,4.554877887624955
941,5513.671875,2.545829202272588,5.731940731023044,5.39488768391895
942,5519.53125,2.1485687747865856,5.948357076603791,5.666386721372101
943,5525.390625,1.8277604133167542,4.9875514095366595,4.797656036835008
944,5531.25,2.151485198098567,5.168894114114612,5.245413798295586
945,5537.109375,2.555574297807333,6.241808818396164,6.163184316036278
946,5542.96875,1.573897133308987,4.350984790989168,4.615175650215163
947,5548.828125,1.1024610786995586,4.718351899393099,4.689750364083778
948,5554.6875,0.9335139604217929,3.265696418625468,3.536003336216504
949,5560.546875,0.7923990517751363,1.8655229050640272,2.0413023593536908
950,5566.40625,1.741819391548478,5.449785618285244,4.524052748038616
951,5572.265625,1.8254260390611854,3.5522656757838624,3.1295539685444775
952,5578.125,0.7540302032471031,1.723656340326888,1.6831400360810078
953,5583.984375,2.2007708607395853,6.232290306394924,5.883014902467124
954,5589.84375,1.733346917056225,5.597202574007572,5.002863591450514
955,5595.703125,1.4947324402078257,3.7578487774327947,3.561111901516373
956,5601.5625,1.883263278385961,4.827382766052039,4.3320056881939415
957,5607.421875,2.0323504279108278,7.603536986249091,7.023851415900233
958,5613.28125,2.007495086681419,6.229328959307778,5.925381095326368
959,5619.140625,2.261303043557669,4.563463508078912,4.225821787191369
960,5625.0,1.4752871167174046,4.844462433170179,4.777765282479943
961,5630.859375,1.008465351970736,3.203189926364117,3.480085578363006
962,5636.71875,1.612489963236671,5.954800998550607,5.784469637981883
963,5642.578125,2.0558161210945425,9.152364919132149,8.874859483466603
964,5648.4375,1.9896410688176116,7.951088214498737,7.599896240944472
965,5654.296875,1.7452220985455162,6.758528772788342,6.19976603018374
966,5660.15625,1.8233840533087042,5.811992136808733,5.3156021208593005
967,5666.015625,1.6098952410253575,7.223782517254538,7.405221864815916
968,5671.875,1.545952407958044,6.5275223288746975,6.5019323815447505
969,5677.734375,0.7735108078406202,3.035486537277019,2.5864601960999676
970,5683.59375,0.9077086664377928,2.3911152589267397,2.3337499425743644
971,5689.453125,0.9866759841278013,3.350019943053001,3.089504888401883
972,5695.3125,0.40804090510406194,1.3492991749206595,0.968454585343858
973,5701.171875,0.42371701407267415,1.3652376458399456,1.6795190815417842
974,5707.03125,0.6883612027307103,3.365092899107399,3.619015133740029
975,5712.890625,0.8657585096751695,3.5308371995993744,3.678174317095966
976,5718.75,1.321549951366091,4.758031841166303,5.198201854904586
977,5724.609375,0.6461906720887427,3.304144729421723,2.968825742821467
978,5730.46875,0.4978411223874427,1.5904408368921472,2.008444206851609
979,5736.328125,1.2324697806341842,3.0267533576334174,3.498919285669941
980,5742.1875,1.1246359081991708,2.6421799326829696,2.8888439968567785
981,5748.046875,1.2674234148464882,4.462553209383624,4.38136743904215
982,5753.90625,1.3003367199467464,4.750090979510326,4.55946617000088
983,5759.765625,0.7803773849547442,2.6861594942008256,2.414944340324862
984,5765.625,1.3757027845687926,4.084018454087802,3.7067250121566926
985,5771.484375,0.44694693019067566,1.227689452188969,1.6142548536927035
986,5777.34375,0.690597378945797,2.416647232331483,2.2205862332495037
987,5783.203125,0.9327553591450791,3.1221492240090094,3.121282037644368
988,5789.0625,1.006546536307395,2.9642495637543176,2.8826961348452933
989,5794.921875,0.8619174325932698,2.8271016576677286,2.5284623896821152
990,5800.78125,0.6811329250083518,2.2160045017298096,1.8893685250145298
991,5806.640625,0.7931848953738148,4.176778532181963,3.887108013606468
992,5812.5,0.36475970980272854,1.038926170928491,1.2221757432524847
993,5818.359375,0.29258419656843254,1.1532605643706986,1.429907604852073
994,5824.21875,0.3129012704728337,0.9173901545151064,1.2353121755153305
995,5830.078125,0.3999731378598097,1.3892677398636522,1.5334692376888415
996,5835.9375,0.6547567167367768,2.8092172730800504,2.6835124309517675
997,5841.796875,1.050780857547171,4.0799288514072725,4.130270720571792
998,5847.65625,1.0433517545780775,2.2666949254957744,2.2398058539704855
999,5853.515625,1.3418821232851539,3.5916525492759197,3.72560368246449
1000,5859.375,1.40493970433826,5.064680735766515,5.117107821444929
1001,5865.234375,1.1729792796399665,3.7235413285253616,3.0715472688099497
1002,5871.09375,1.1569687885852031,3.8182922941074264,2.961386480291637
1003,5876.953125,0.6847774621880858,2.6651675814301834,1.6683237813885494
1004,5882.8125,0.866938357513895,2.1093349043561496,1.5006093852359514
1005,5888.671875,1.1040324482750667,2.172352806986877,1.4708414601183761
1006,5894.53125,1.173661102635433,2.5223802937554147,1.6854372087134144
1007,5900.390625,0.693157757869135,1.5177298233071785,2.0258460819837265
1008,5906.25,1.1890938564877873,4.2704802736251395,4.40143302908824
1009,5912.109375,0.9640618895904124,2.998219671239917,3.110944257346505
1010,5917.96875,0.6068844969448166,2.0282460775804627,1.887895646293839
1011,5923.828125,0.17332371589879406,0.75,1.113805552463296
1012,5929.6875,0.4524508314531715,0.9810550531829403,1.180439457428197
1013,5935.546875,1.082445046464201,2.9551839685722525,2.9253975806605186
1014,5941.40625,0.7701082557800083,1.8068917405708382,2.2822518836754853
1015,5947.265625,0.8360396525594604,2.1116066803113833,2.2913939043840967
1016,5953.125,1.6563469939813362,2.626590776052659,2.5572579164043256
1017,5958.984375,1.1395793732892865,2.1360323919358635,2.076772011893904
1018,5964.84375,1.6680597045913879,4.3337587791521,4.295579848552425
1019,5970.703125,1.9662007450328693,6.689285156160988,6.472916503817679
1020,5976.5625,0.9333448086772123,3.531561318757599,3.467034466678293
1021,5982.421875,1.211304255592165,5.404798922606593,5.15973233453808
1022,5988.28125,2.0856083325712413,6.723542964317403,6.819373003293387
1023,5994.140625,2.2248025720326092,5.679553880608138,5.01251187720855
1024,6000.0,2.301256288361934,5.144898562058335,4.646525854263604
1025,6005.859375,2.5228517174862586,6.974625881492622,6.554874861476
1026,6011.71875,2.5268783791265372,6.389342802361709,6.239315413806642
1027,6017.578125,2.164249919932962,4.944974572554207,4.782800277329791
1028,6023.4375,1.6856403494589332,4.638361468605661,4.43912742657152
1029,6029.296875,1.3539080288520025,3.403382884876296,2.8421955149186737
1030,6035.15625,0.1752033429551687,0.75,2.1194526190280394
1031,6041.015625,0.4896185310431019,0.8707723100803825,1.1661287958539106
1032,6046.875,0.36741790133185376,0.9091996802511506,1.1546117889059515
1033,6052.734375,0.2984010374785874,0.813559986953116,0.7778428545258093
1034,6058.59375,0.9663012436280688,2.233196445102281,1.894603108276299
1035,6064.453125,1.126461330943991,2.489241229436802,1.9951581946656427
1036,6070.3125,0.575622842998819,1.9095402569849158,2.0582616270458103
1037,6076.171875,0.9312401121708623,3.133171085325948,2.6059216213374854
1038,6082.03125,2.1247311100027813,4.122447379366528,3.9498732176640017
1039,6087.890625,2.105529026743361,4.630862833407161,4.801444342719309
1040,6093.75,2.7927180444468345,5.250061418397199,5.177862903883817
1041,6099.609375,2.5689300819399348,5.538743183851642,5.8314179048971315
1042,6105.46875,3.4962499469617883,8.494881611087184,8.088162773559857
1043,6111.328125,2.3240872914317903,5.504492378657793,5.822950173566847
1044,6117.1875,2.6633485382670816,6.121954755458281,6.680860300188748
1045,6123.046875,3.1341710838192474,5.442104181591438,5.938524218299426
1046,6128.90625,2.437920127827048,4.910194574987696,4.755258200411188
1047,6134.765625,2.5623667163558164,5.950375138392242,6.484270002072892
1048,6140.625,2.564009447400146,5.479035960018581,5.8074845646277415
1049,6146.484375,1.5923129016893482,3.932385002785335,4.2113841051800085
1050,6152.34375,1.1370300744154467,1.7664334223286113,2.1798758012476163
1051,6158.203125,0.703348244798698,1.6745911330018566,1.9848871336116756
1052,6164.0625,1.5146044776422316,4.430659046871934,4.825686152064739
1053,6169.921875,2.4675343378268404,4.718222291439551,4.917410806880245
1054,6175.78125,2.95222084035258,7.234059780174413,6.921549229939118
1055,6181.640625,3.1682545650810954,8.852149411055375,9.538214639429626
1056,6187.5,4.036854666008123,6.142778250713327,6.009175348115797
1057,6193.359375,3.14606242186472,9.644789142111621,10.283521471207207
1058,6199.21875,2.844296810191627,7.240358659363355,7.13769853072348
1059,6205.078125,3.391138652491008,7.499159854397728,7.076873116059509
1060,6210.9375,3.1858599746598304,4.206931420819959,3.640274519263577
1061,6216.796875,3.229829600977476,7.080773865498182,6.638079289535372
1062,6222.65625,3.0922782459790517,7.488822787533336,7.5428110403364546
1063,6228.515625,3.66832428779818,6.055397092001554,6.192508285220013
1064,6234.375,2.3196889731012886,3.2647244357337204,2.9566846445433224
1065,6240.234375,2.4145640457248123,4.439838871933961,3.168274747894078
1066,6246.09375,2.687024485001564,5.809236788069587,5.433755039822215
1067,6251.953125,1.6604672285341338,2.1588550011555645,2.1731967106279266
1068,6257.8125,0.5835987655636315,1.2613906922578342,1.803846975199923
1069,6263.671875,1.1844219329063366,3.0479907936471475,3.1809911734871887
1070,6269.53125,1.1588275464796078,1.9784977644670048,1.5340787233667368
1071,6275.390625,1.1352850360095945,1.718377150955516,1.54998172571398
1072,6281.25,0.920594362531753,1.3267364154852368,1.181720042553173
1073,6287.109375,1.8486288216635198,2.870790275436488,2.7560715954656363
1074,6292.96875,1.5111168563133714,2.584793693091795,2.7460799229771014
1075,6298.828125,1.3093610705978875,3.305739619684844,3.8157067183901936
1076,6304.6875,3.677471143153285,5.230707664254447,5.341764781271753
1077,6310.546875,4.8482927070070065,5.662155225033401,5.817201484430841
1078,6316.40625,3.2920224929269493,3.5127386955388538,3.5782822016085887
1079,6322.265625,3.7088997445291487,6.3378523377085285,6.114124629166392
1080,6328.125,4.605931270231237,9.778449096967519,9.09788229128247
1081,6333.984375,4.015369888221067,9.915075441960463,9.08148936568048
1082,6339.84375,3.664467182489805,6.4960780151658515,6.122728798601581
1083,6345.703125,4.567479066378055,9.55049853632956,9.231918999909063
1084,6351.5625,2.8905837316968084,6.64972048819094,5.977537527587878
1085,6357.421875,2.7960705577622877,6.493310132079541,5.801474048198306
1086,6363.28125,1.6838236969492106,4.137107289926787,3.6858585240341295
1087,6369.140625,1.7782521404989065,3.4815810740170074,3.2147340472618313
1088,6375.0,1.8633804799589,3.0414138399524173,3.0394190141206088
1089,6380.859375,0.9185955581141406,1.4265285808094252,1.600323359489909
1090,6386.71875,1.7282554868973934,3.9177233008861774,3.887691831143119
1091,6392.578125,3.066773034219995,5.978326017354202,5.1358688853925285
1092,6398.4375,2.4042714775503717,3.5793526077390707,3.2745049217641844
1093,6404.296875,0.1685806666563517,0.75,2.059157584811506
1094,6410.15625,1.6162854781684928,2.5080490103553714,2.2686862722331083
1095,6416.015625,1.0274470720427615,2.0059638850499972,2.12086650823251
1096,6421.875,1.8073084888231299,2.6488029038448015,3.158036739626012
1097,6427.734375,2.562152533592857,6.369684152020668,6.817415538374959
1098,6433.59375,1.9666448202789772,4.3901974852568815,4.381758344295463
1099,6439.453125,3.1139094386766746,5.900400399343156,5.597981378134527
1100,6445.3125,3.013341436098895,7.0930235135254,7.0268888203883835
1101,6451.171875,2.2929354042268715,6.618769249792967,6.423601127635391
1102,6457.03125,2.785860276776229,4.729965151445172,4.584726994697227
1103,6462.890625,2.7480855647023703,6.464749222510104,5.9789462962557085
1104,6468.75,2.0532368598294775,3.726239025709632,3.41289717973266
1105,6474.609375,1.6879050057486669,2.9485181161379224,2.630169453409536
1106,6480.46875,1.768998675993138,2.2110579613497228,1.5867295209636199
1107,6486.328125,0.9286961549686253,1.4147646972236583,1.807409693422389
1108,6492.1875,1.3757315116883615,2.3286707430476716,2.3837423963449305
1109,6498.046875,0.9997851598433102,1.9789761535831611,2.751532461493291
1110,6503.90625,1.384469050494259,3.4067724760824527,3.7119690142996156
1111,6509.765625,2.8412175931185555,4.9719767058444715,5.053372141950867
1112,6515.625,2.813654886764839,6.164307223400234,6.450018991751687
1113,6521.484375,2.1768497083730893,6.732159783596595,7.39441311572729
1114,6527.34375,2.2597655587347405,7.462262548088226,7.883907315424836
1115,6533.203125,3.5747980769399383,7.491882674576603,7.481833638582975
1116,6539.0625,3.877352832875166,10.81862142279972,11.05616544722127
1117,6544.921875,2.365371904303531,5.667388803275674,6.4193844761130405
1118,6550.78125,2.199444706721964,3.669745595662252,3.2238337360002696
1119,6556.640625,2.0707008657486585,3.3871634585788906,2.8862358807333863
1120,6562.5,1.5860936419821317,3.302664587576479,3.0940582857498278
1121,6568.359375,1.9017141302098897,4.164466221077616,3.5027262634309864
1122,6574.21875,1.7439604197424312,3.0341467740697157,2.408076860320811
1123,6580.078125,2.2593854201377512,4.687033552028219,4.080533515451858
1124,6585.9375,2.826769421034973,7.474739356843426,6.453911613996754
1125,6591.796875,2.3051206942512987,7.383910239644361,6.041894930256416
1126,6597.65625,1.245161176925379,4.742948502834636,3.5041685205654542
1127,6603.515625,0.20446990950516622,0.75,1.1213219835676076
1128,6609.375,1.3344060313158819,2.7338731178443787,2.891190674137547
1129,6615.234375,1.388849554661236,1.7921576326858433,2.1889019827192153
1130,6621.09375,3.4289682220357265,6.450124846062376,6.478758085203468
1131,6626.953125,3.546118052472945,8.000580130249677,8.239525692142811
1132,6632.8125,2.7496895795212857,9.562492052859668,10.4391726584251
1133,6638.671875,2.2251788963549637,7.703145432718369,8.186592709000111
1134,6644.53125,1.9681831631633384,5.935734254896742,6.322563530612857
1135,6650.390625,2.5625769100382008,4.916978042656344,4.165360631683609
1136,6656.25,1.9957334771945578,3.361866106899978,3.1777408964111116
1137,6662.109375,2.508886249386728,4.987179797984318,4.717744497462385
1138,6667.96875,2.201148107656361,3.982627859852869,3.2867110411418885
1139,6673.828125,2.9850705858000897,6.157247389053357,5.472770774959106
1140,6679.6875,2.2376047909917625,3.628828704723664,3.3464870346342575
1141,6685.546875,3.343130895791212,5.948729240902045,4.698879627380299
1142,6691.40625,2.9918117013952874,8.407569286035557,7.124898280544469
1143,6697.265625,2.7858734269280854,6.686397603790972,5.74093697128791
1144,6703.125,1.9271101288012764,5.872719271242671,4.937185664920908
1145,6708.984375,1.7805565728919004,7.436422920602407,7.02626396424894
1146,6714.84375,3.1858282624344345,8.171754115989268,7.759168932442032
1147,6720.703125,3.437587388586068,7.408823793013988,7.006651967176066
1148,6726.5625,2.9137487115837533,9.918740865035419,8.642705163147971
1149,6732.421875,1.9102738395398515,6.278361711906291,6.194428316232963
1150,6738.28125,2.425277185712584,5.803908588852321,5.738231324375734
1151,6744.140625,1.9642327676542009,4.991689181745199,5.1825666159329105
1152,6750.0,1.2941562851863402,2.5320554498012484,3.047947885449808
1153,6755.859375,1.5920535567349718,3.6727240102978405,3.9233749967189917
1154,6761.71875,1.9575873726504718,6.25841958629164,5.843037597848915
1155,6767.578125,1.5427496662360547,3.9997487149767945,3.836886510589828
1156,6773.4375,1.4382739131736735,4.166234885086816,3.7519259841707298
1157,6779.296875,2.3212315049566454,9.688853164901971,7.897288223815624
1158,6785.15625,2.8487183379248835,7.948307359026407,7.482730008542879
1159,6791.015625,2.655986213352073,5.594737765363581,5.3654476464203
1160,6796.875,2.3182435618860566,6.380963219958373,6.551461528953533
1161,6802.734375,2.4739320695617,5.084471358806867,5.559886763599165
1162,6808.59375,1.4036147289877252,3.4995603926743213,3.585667466542132
1163,6814.453125,1.530980048569764,2.993223644792591,3.202503317676818
1164,6820.3125,1.0952161714711912,1.9700250733248814,1.8297909964199481
1165,6826.171875,1.4869365231088922,2.7220234100236897,2.5298364008692324
1166,6832.03125,1.2076950222932865,3.357015601933613,3.224491883297877
1167,6837.890625,1.1716434497538726,2.200973149664412,2.708129312228817
1168,6843.75,1.5327131436091483,4.103892829314226,3.615903159391287
1169,6849.609375,1.5878708622738344,5.450699529119582,5.240157792418089
1170,6855.46875,1.4633639821054494,3.1949885204731823,3.1601143433187353
1171,6861.328125,1.5345552836063596,2.747884653935974,2.629797606552098
1172,6867.1875,1.4590000880033462,3.538048620349696,3.6902306292415994
1173,6873.046875,2.2717532582415627,5.104893876723404,5.146224153328736
1174,6878.90625,1.838298217065938,5.12380595501127,5.617685192416398
1175,6884.765625,1.628877169839201,3.625047606960081,3.6587748870698555
1176,6890.625,1.0578401569429787,1.9551161166423077,1.7981180258665452
1177,6896.484375,0.2081420056829646,0.75,1.6564358160873187
1178,6902.34375,1.2994616857628638,1.933599381466916,2.1557613690029123
1179,6908.203125,0.7732084046169042,1.7670475000659451,2.1493627668759303
1180,6914.0625,0.5502611087890037,1.5421498417626402,2.0352249773948716
1181,6919.921875,1.1006165799504517,4.153208704320606,4.5867162290334775
1182,6925.78125,1.2196669545796273,3.3464185915193845,3.5451153831720448
1183,6931.640625,2.5844749208902673,7.060070540623671,5.845892078580098
1184,6937.5,2.446949306821413,5.255226525963152,4.509925899375762
1185,6943.359375,0.7695835493060348,1.4995473051191133,1.2224370571585148
1186,6949.21875,1.1948200518984176,3.3888885083083364,3.2944200144216516
1187,6955.078125,2.2356061648470793,8.167761678595975,6.857095437607185
1188,6960.9375,2.026669007804159,3.640348593708587,2.974415865226185
1189,6966.796875,2.377776452432836,4.09256746178307,3.7424991371071186
1190,6972.65625,2.702616362056476,6.309421847460944,5.622228842587436
1191,6978.515625,1.9912925488835644,4.331651665314107,3.8354421764848095
1192,6984.375,0.4888351963633639,1.2049922255440344,1.1409762958797238
1193,6990.234375,1.3996200116889033,3.0670491885482214,2.7361159406576085
1194,6996.09375,2.1938076696398126,6.423266321240152,5.689157881363491
1195,7001.953125,2.1183537040229883,6.442437563607208,5.4293387514443445
1196,7007.8125,2.0251390325551264,5.032237505938349,4.066809333856713
1197,7013.671875,1.0606425477090304,1.725129025729242,1.049179626414411
1198,7019.53125,0.5903770290931438,1.0859026415331767,0.9823423824181461
1199,7025.390625,0.4833394974781706,0.855566072447735,1.361131763254048
1200,7031.25,1.6800031972918759,2.55904254059754,2.7682828641694814
1201,7037.109375,1.0921338016252395,1.9608995573590629,2.1168761352709176
1202,7042.96875,0.4676532366360414,0.9758003850476771,0.9014913735356205
1203,7048.828125,1.209790151925937,2.431259273553493,1.918173873879691
1204,7054.6875,2.3186237398604757,5.468045534962039,5.4771334699548815
1205,7060.546875,1.8358570606016966,4.050022000031708,3.6448380173589796
1206,7066.40625,2.04286137724752,3.4657889481979245,3.421673314229312
1207,7072.265625,2.2126996245151584,5.046194638382738,4.761770518276941
1208,7078.125,2.823976634699082,5.052693141712646,4.845163075922522
1209,7083.984375,1.4263739759831273,3.414122745680112,3.5073709147570975
1210,7089.84375,1.6137015580923548,3.4879325741572975,3.247331631878996
1211,7095.703125,1.188057122096216,2.679300512230577,2.8017761276835986
1212,7101.5625,1.998545031329829,6.366097045602997,6.0211121362640485
1213,7107.421875,1.55781870633904,3.213284978172349,3.2308107979050877
1214,7113.28125,0.5512941014796815,1.0690890062046758,1.399773577080096
1215,7119.140625,1.049946724152551,3.6902431926803994,2.8250930844960713
1216,7125.0,1.753091675588009,4.082461924593796,3.9547925296804727
1217,7130.859375,1.4116853825764188,3.340895866141797,2.9784676225774516
1218,7136.71875,0.706184865941791,1.3888913350583565,1.1274537337305564
1219,7142.578125,1.3210306106538356,1.9892848403101133,1.7172916477365938
1220,7148.4375,1.278635940189278,1.6436451752762686,1.4357207733132877
1221,7154.296875,0.6502493002235833,1.000521603980204,1.1637414648978104
1222,7160.15625,0.6680358195874083,1.1076921489226106,1.245131705011997
1223,7166.015625,0.6725543348491574,1.0979518268649935,1.203238752459599
1224,7171.875,0.7530327439611533,2.402459779193044,2.8616054649106935
1225,7177.734375,1.1057015736767413,2.5638400191053097,2.5223433850088774
1226,7183.59375,0.8185563569251101,2.348550213826041,1.7829339243605722
1227,7189.453125,0.898553134632545,3.0865226514038104,3.697851290225421
1228,7195.3125,0.8628749084709255,1.8284975073271967,1.9341825757891002
1229,7201.171875,1.1620885128010994,1.9463534073571434,2.0952888155099485
1230,7207.03125,1.2831142979909478,2.9550303726873333,2.6829545226407068
1231,7212.890625,0.6639079530553709,2.178799711535808,2.5451478257661946
1232,7218.75,0.36453099970162367,1.2189002690928414,1.669520604504079
1233,7224.609375,1.5089484792169456,5.586885956788835,5.39218772886118
1234,7230.46875,1.3927872568630377,4.863789143463187,4.8369043635619
1235,7236.328125,0.4588811136320183,1.3914858892552502,1.1040298527748538
1236,7242.1875,0.7286110742375195,2.1631106557992457,2.70672618878916
1237,7248.046875,0.443866740884856,1.7841214105882965,2.529508029277419
1238,7253.90625,0.4772805616197986,1.4742793503175031,1.3430722349985207
1239,7259.765625,0.9128165770814569,2.2754693494813574,2.1046279796491865
1240,7265.625,0.7585988105318073,2.274701635465025,1.532952768227958
1241,7271.484375,1.0422833934997722,3.5288401374809912,2.2712095136014008
1242,7277.34375,0.8580232997484034,2.015181530695439,2.0015113367221353
1243,7283.203125,0.42188924773224545,1.7508497112541659,2.0421597082893257
1244,7289.0625,0.6997218769681796,2.3959077311746766,2.427585776531098
1245,7294.921875,0.822604313307001,2.785981885020046,2.322982031496626
1246,7300.78125,1.3509951298348977,4.148644798817032,4.469918141335086
1247,7306.640625,2.29091282515732,4.130891149217857,4.403041724237537
1248,7312.5,1.3459118459316155,2.2910415309939935,2.594054576350216
1249,7318.359375,1.5275221034043225,3.8885316033703896,3.8740865810567526
1250,7324.21875,1.0235792843211744,2.784615434909659,2.5216324731056985
1251,7330.078125,1.7387609106940223,3.8999231906853216,3.9649840999319115
1252,7335.9375,1.6785605992530535,3.793815252600775,3.2573725678118675
1253,7341.796875,1.8888621357255575,4.308143494498802,3.532016322256027
1254,7347.65625,1.6496019867356864,4.039150089286477,3.099690107845644
1255,7353.515625,1.3379914802463515,3.894305771179732,3.3194200311556568
1256,7359.375,0.7683013116489618,3.0138005713679994,1.843876443434635
1257,7365.234375,0.9196853696246611,3.5547969521989446,1.96168340112701
1258,7371.09375,1.438088643342878,5.496266492643889,3.9729091780106516
1259,7376.953125,1.2924229923665687,6.287496989218059,4.671383296596721
1260,7382.8125,0.6979576017444675,2.716429002275246,1.8870102164838125
1261,7388.671875,0.25403186208787476,0.7510268956501522,1.0370614747089886
1262,7394.53125,1.2208751887604603,3.1615899312340936,3.448188779247297
1263,7400.390625,1.6974067046264167,3.4237778904677647,3.091837536372181
1264,7406.25,1.6088133390450625,2.665661691400352,2.4902802622474662
1265,7412.109375,1.5406942977861484,2.898071148421532,3.048869742234499
1266,7417.96875,1.3606061674930445,3.595065968635285,3.542560660296997
1267,7423.828125,1.22175054865016,4.137781852744885,4.8643996808951595
1268,7429.6875,0.9945066016891544,3.0927959458194505,4.249302521295398
1269,7435.546875,1.4472285342333886,5.4599376725526545,5.841714585913382
1270,7441.40625,1.8137862112027134,6.902522449568074,7.161154713216331
1271,7447.265625,2.3955260454945697,9.835910695956317,9.694540055364763
1272,7453.125,2.2097299905919985,5.239526395518524,5.273653495084054
1273,7458.984375,1.73559805741456,5.897799162840789,5.360917517601392
1274,7464.84375,2.612104909601627,7.042729805245143,6.024538943008015
1275,7470.703125,1.9121512556621238,6.3317520387022945,5.065465555238909
1276,7476.5625,1.428341588819786,4.197560393247303,3.275929495557193
1277,7482.421875,1.4770305932709857,4.5090403223205895,2.9970135673973726
1278,7488.28125,1.4367812759462144,3.2680099518654533,2.208507822347875
1279,7494.140625,0.1148292758051128,0.75,3.918663391817819
1280,7500.0,0.7645220057979905,1.299752257836469,1.5069709808141616
1281,7505.859375,0.3867966512517262,0.912545671627961,1.2717744224270884
1282,7511.71875,0.6876518277809642,1.3975898029991298,2.0982711580488647
1283,7517.578125,0.9432688864676217,2.14346150977212,2.9638196905059213
1284,7523.4375,0.9679279260115732,2.028080796312338,2.4994123106697295
1285,7529.296875,1.206788671606261,3.238860678910751,3.158246844177418
1286,7535.15625,1.8992041868232616,4.175775257959578,4.069454201987321
1287,7541.015625,1.1335216446323417,1.472074997240759,1.5062131772138072
1288,7546.875,1.5086336196111638,3.8319974713186937,3.8813373333559413
1289,7552.734375,1.0875451708142092,2.1910056243798834,2.435223742281409
1290,7558.59375,0.8286884636531243,1.535209880464925,1.6236991993215713
1291,7564.453125,2.1367269417348917,3.92406946977437,4.05457890637199
1292,7570.3125,1.7486178321006085,4.286805281379628,4.700748548289944
1293,7576.171875,1.451638954829537,2.7479357600639274,2.555985228160183
1294,7582.03125,1.702763137869081,4.81890680171334,4.551587077577666
1295,7587.890625,1.1428994949404965,3.1056878415873115,3.007261884637268
1296,7593.75,0.9786595264505887,2.4567069373470876,2.852138470818184
1297,7599.609375,1.1347066273154345,4.090555130090448,3.9055869231069136
1298,7605.46875,2.046629905255417,4.802953614496569,4.389537686803629
1299,7611.328125,2.0327446302138195,4.52959752198621,4.278610065395449
1300,7617.1875,1.543504500833399,2.864398064826694,2.734750227112314
1301,7623.046875,1.032101552099898,2.0577988124133118,2.1349653694875803
1302,7628.90625,0.6863532644341592,0.9954230985597735,1.6628578477145535
1303,7634.765625,0.8599331560035658,1.7216495161104812,1.4832645409054623
1304,7640.625,0.7930218243492383,3.5103456282584684,3.835907228247803
1305,7646.484375,1.1547047935022186,2.261116333706377,2.2478213372238995
1306,7652.34375,1.5807688485448546,3.8773441721787085,3.552907255286594
1307,7658.203125,1.111463617401837,3.758519971122221,3.3655728366966695
1308,7664.0625,1.1868028920686025,2.5834207701036895,2.4566201386837516
1309,7669.921875,1.3393709491965977,2.869917788722042,2.63700133262977
1310,7675.78125,1.1307799085198464,2.228422517128987,1.781467194526682
1311,7681.640625,1.4362928269446502,3.233453013800121,2.815855292774415
1312,7687.5,1.0884843839965819,3.6106055134626063,3.6651774755975906
1313,7693.359375,1.7378932111708512,5.662838081906014,5.752717378165994
1314,7699.21875,1.1937423099898816,3.6672347769891642,3.638751326481978
1315,7705.078125,0.6019053326551954,2.320502366258241,2.72002513528398
1316,7710.9375,1.2417865394330185,4.942139109148281,5.317688365059692
1317,7716.796875,1.5668306737545659,5.646143225718497,5.381446524817013
1318,7722.65625,2.2966041503996357,5.446179546595466,5.314149570653324
1319,7728.515625,1.6066273236836748,4.554518325260438,4.3625837762137305
1320,7734.375,0.8792352208643237,1.7813320123597336,1.7109760397820537
1321,7740.234375,1.551863317292685,2.5462135057829762,2.277679716457694
1322,7746.09375,1.2210804341607862,3.5699723964235783,2.822343739423777
1323,7751.953125,1.0023460932178643,2.7009373389113756,1.8695161862330223
1324,7757.8125,1.013422271435862,2.2065219058431063,1.5649698455901873
1325,7763.671875,0.4698754323831579,1.23722890615741,1.3297046296720518
1326,7769.53125,0.44308977146289624,1.8544939374296856,2.7942376241695084
1327,7775.390625,0.7491665022181979,3.318423336040147,3.4144168846213416
1328,7781.25,0.8957715339635789,2.3233814650613134,2.4047721112434504
1329,7787.109375,1.673055089672623,3.0697007358622193,3.256747991690927
1330,7792.96875,1.2213881415044507,3.798434626952632,3.432938903970095
1331,7798.828125,0.9831687813454935,2.309620835599472,2.416842918891943
1332,7804.6875,0.9300405283541064,1.4579399773323076,1.5216042147766857
1333,7810.546875,0.8596568704382987,1.3660200897433996,1.5459601964581986
1334,7816.40625,0.9756391053964456,2.855728650098002,3.6212844497177956
1335,7822.265625,1.4741009561486802,5.855023903519644,5.587217417132128
1336,7828.125,0.9630415311862769,3.831758974779932,3.5452077619041225
1337,7833.984375,0.6349498138118652,1.7409954087957162,1.2092590578861881
1338,7839.84375,1.8168255302827416,3.3791332943068757,3.075150023557323
1339,7845.703125,1.348637682481612,2.463620560812566,2.4099359272309755
1340,7851.5625,1.854436215466847,3.1331772747010707,2.265969625758761
1341,7857.421875,1.4972308480709844,2.6498878207871415,2.2360955905304833
1342,7863.28125,1.0271052895983581,1.699386115479452,1.2795584998528438
1343,7869.140625,0.9537547092914541,1.582780104906854,1.3518907179054915
1344,7875.0,0.42072559817073474,0.75,0.7836418641741699
1345,7880.859375,0.4451228761434114,0.75,1.3267763329692812
1346,7886.71875,1.8242305106301144,3.4944119246582073,3.6109376359327583
1347,7892.578125,2.5807413509848547,4.625210130723528,4.197351487035747
1348,7898.4375,2.033285523184387,3.697065559841919,3.4903515053580887
1349,7904.296875,2.005150798698769,3.268823481678653,3.1109628423861584
1350,7910.15625,1.0647808966847516,3.1443770280126566,3.7449035175353553
1351,7916.015625,2.0050536017694074,2.5782501660685218,2.4303462907817583
1352,7921.875,3.1217674931130555,4.345404271750908,4.276606067611635
1353,7927.734375,2.6173567308585786,4.51815680867022,4.369707907123056
1354,7933.59375,1.8558115354432425,2.3167028337170703,2.344316993522297
1355,7939.453125,2.146671766707925,4.016875168374973,3.978340599132403
1356,7945.3125,1.2423913435133296,2.686459722296513,2.433238824665032
1357,7951.171875,1.5337203830526291,4.033254457197614,4.057555485712806
1358,7957.03125,2.1466383557213677,4.6433117994033815,4.173611460967587
1359,7962.890625,1.2000104551575512,2.243185614632078,2.146073039163476
1360,7968.75,0.9887084472215745,2.2706450459417242,1.5082535570834636
1361,7974.609375,1.178009531595237,4.327134375143725,3.0803371407653852
1362,7980.46875,0.9673029032441203,1.4787133079753683,1.7278868159518612
1363,7986.328125,0.9594318871130462,1.3611516202746092,1.6389509863589569
1364,7992.1875,1.1213712622710854,1.9826599869643817,2.4162088887929767
1365,7998.046875,1.290796950477185,1.9348706288918345,2.324236530431149
1366,8003.90625,0.5216892468262704,0.9407511781770096,1.2441976768112792
1367,8009.765625,1.5533882777405543,3.8291807483578246,3.973869626293748
1368,8015.625,2.2044074980050046,6.17310624102868,6.475052500245479
1369,8021.484375,2.6507336391452876,5.643190960097115,5.796326953096022
1370,8027.34375,1.7007038618097716,4.057190870398184,4.63444586063258
1371,8033.203125,0.7937726145093903,2.018801086116244,2.3893420330575696
1372,8039.0625,0.7159670069236043,1.2893426370610153,1.6328458546258797
1373,8044.921875,1.4083059765335273,2.87001113040483,2.6975428226296723
1374,8050.78125,1.2852300266965881,2.8142879745587837,2.3796473195507986
1375,8056.640625,0.8660129376355854,2.196217092847723,1.5640706046093718
1376,8062.5,0.706986660563306,1.4391845803381478,1.7495300541918903
1377,8068.359375,1.124900903518655,1.9032991277575109,2.0663368671209903
1378,8074.21875,0.6183969206444929,1.2739268865409596,1.3320910892089683
1379,8080.078125,0.5414038337775304,1.2551368463982508,1.3911938500326513
1380,8085.9375,0.7575859805037136,1.8986757328415167,2.000983608206107
1381,8091.796875,0.6167173250443111,1.3603095037587076,1.4491851049484215
1382,8097.65625,0.28497860841223316,0.7638357451632423,0.8262298712062572
1383,8103.515625,0.44594713745604875,1.7050625421969698,1.7801906304012876
1384,8109.375,0.7132111563831888,1.3613013526389708,1.4089679960854589
1385,8115.234375,0.6676927567553856,1.171269655551061,1.4621303394027731
1386,8121.09375,0.4353480131676883,0.9142441405178234,1.0890693501664883
1387,8126.953125,0.536400820581088,1.5061105124642755,1.4291258194133611
1388,8132.8125,0.6876100332634887,2.131901323055414,2.008937686212665
1389,8138.671875,0.8753477319630606,1.84066589943057,1.6023164805711037
1390,8144.53125,1.120070236482922,2.6808610615839354,2.291553403674631
1391,8150.390625,0.8778134389094183,1.9965390610681162,1.7354483747796199
1392,8156.25,0.5678937344160054,1.380827143731181,1.0448891608992874
1393,8162.109375,0.8166132737575664,2.1774329916978745,2.200502687770113
1394,8167.96875,1.0899835116214118,4.545957090348921,4.104587914777531
1395,8173.828125,1.1842880422014843,4.537325365758602,3.5421638621731355
1396,8179.6875,0.6345889181882408,1.7829429375116244,1.4554826549173254
1397,8185.546875,0.9312331674887608,2.0809497081128616,1.9033311210617578
1398,8191.40625,1.3461932205385507,2.0700335405461807,1.7761788425280296
1399,8197.265625,1.070218461645793,2.234960809222224,2.0057285201427555
1400,8203.125,0.7287721166850197,1.4643585627322664,1.4479533658124455
1401,8208.984375,0.8838021750832022,2.5276907925962093,2.153481641900193
1402,8214.84375,0.7261672193357005,1.8543413726650055,1.619789772360437
1403,8220.703125,0.5770751015378197,1.6064307602905596,1.4774098582573316
1404,8226.5625,0.877467844463382,3.119917951129203,2.295039651147335
1405,8232.421875,0.7183648907985896,2.0551104109884597,1.8102320799029137
1406,8238.28125,0.8036131088425729,1.6809898648895045,1.758012123267483
1407,8244.140625,0.6597410785059692,2.0932071078208674,2.131925797909179
1408,8250.0,1.279796711961356,4.431432919170144,4.3900691228341575
1409,8255.859375,1.876451906366464,4.111297932358273,4.118415213110995
1410,8261.71875,1.8452354381184917,5.587306780088355,5.729275331959283
1411,8267.578125,1.5967353479181032,5.934218759415517,5.9252413864530915
1412,8273.4375,1.5814996541701465,4.2820915960205665,4.259442314274868
1413,8279.296875,1.8343259007391954,5.022720968120527,5.144388499999821
1414,8285.15625,2.0768982221635968,6.141220154100394,6.232368052593361
1415,8291.015625,2.232807625011695,12.0,11.735363352484528
1416,8296.875,2.431664603206055,11.444402888362553,10.779380824630604
1417,8302.734375,2.2242561889843646,7.224861230691301,7.311166589251582
1418,8308.59375,2.3270503915460177,6.080181928323238,5.945641682829472
1419,8314.453125,1.569876286105758,4.725922554922813,4.132693635563106
1420,8320.3125,0.8285096328768038,1.9397477787683304,2.068215136318918
1421,8326.171875,1.7991990397761997,3.6910213657039,3.4931877238198936
1422,8332.03125,1.674489590760186,3.2939071603905394,3.0864836780322698
1423,8337.890625,1.5083630879260468,3.511922872946319,3.3877075734508475
1424,8343.75,1.6581489295689795,2.6378683298923473,2.450556708157501
1425,8349.609375,1.2116412784684474,4.010123308463961,3.6677894652041365
1426,8355.46875,1.7357951915894985,3.844586122962755,3.765774459617697
1427,8361.328125,1.5230821290945018,2.7741909085636864,2.6154540547757366
1428,8367.1875,1.6888265464765846,2.6233584933890457,2.3894249196904176
1429,8373.046875,1.7301274764059191,2.860161007893601,2.850659460200572
1430,8378.90625,1.4808578787462823,3.073455531569199,3.3083554851893284
1431,8384.765625,1.2853495266343873,3.8729203382820083,4.182614359090346
1432,8390.625,1.532397813859064,4.756965217875841,4.955859679173125
1433,8396.484375,1.4985622472401838,4.562042809966191,4.560576045088232
1434,8402.34375,1.2213163590789435,3.4375563159586675,3.833953274493765
1435,8408.203125,0.9488498315444814,2.0793595350315206,2.5831745375845703
1436,8414.0625,1.4190241045467185,2.902519271896498,3.002704805151819
1437,8419.921875,1.158461994893004,2.9067682090953477,3.3199972732102694
1438,8425.78125,1.4240837453151765,3.5334521281238436,3.4260222343794693
1439,8431.640625,1.4491455181362627,3.5772766663667634,3.574364321518473
1440,8437.5,1.1758203580333448,3.0489467451889567,2.720536117625051
1441,8443.359375,1.3818433619347963,4.497390198769585,4.191399673414203
1442,8449.21875,1.7808771518847226,7.1933303908831565,6.570463403504755
1443,8455.078125,1.5638205116785155,6.89349037148159,5.537616330539273
1444,8460.9375,1.1938624538550366,4.579315031658982,4.000066185256342
1445,8466.796875,1.253213324213548,6.814659733321766,6.16538651656847
1446,8472.65625,1.2733495588619013,3.984629166458796,3.460184279257437
1447,8478.515625,0.9819125048927682,3.3714303645078405,2.8571988122474803
1448,8484.375,0.5434298287229645,3.1749103015299918,2.697717591849458
1449,8490.234375,0.42307532438089973,1.5585251692160542,2.6440113825677916
1450,8496.09375,0.9067781109302819,3.6087081550845337,4.43305341695938
1451,8501.953125,1.1198483844233913,2.9706309369029746,2.8592993664573796
1452,8507.8125,0.6604389922792007,1.7353644564455362,1.9099814234776222
1453,8513.671875,0.7793780011362922,1.8554617668007611,2.1807396934389396
1454,8519.53125,0.8626291528127007,1.7543519797415574,2.095087045755331
1455,8525.390625,0.3407644358492135,0.75,0.9901307093343631
1456,8531.25,0.6383056496605343,1.2664314022489926,1.1309107003319574
1457,8537.109375,0.9666761763271877,1.7790873066974735,1.4016285896898366
1458,8542.96875,1.1298912363401703,2.300020015792732,1.6187237579919729
1459,8548.828125,0.8812371294330505,2.2172464694612044,1.6337098538513644
1460,8554.6875,1.5463211119907225,4.952969068585267,4.075382164480089
1461,8560.546875,1.1786503121578158,3.8219133111663517,3.0169673059738478
1462,8566.40625,1.0467409115259165,3.383027593526552,2.280537264784084
1463,8572.265625,1.3509760872144527,3.76038106349906,2.8175101123819664
1464,8578.125,1.0612275409133756,5.658187655075663,5.087461112097416
1465,8583.984375,1.3843368446804225,6.6265325122125125,6.294618949674161
1466,8589.84375,0.9555709014458071,4.188539345215214,3.189885159439052
1467,8595.703125,0.7528282150625137,4.483735488884213,4.301753555960934
1468,8601.5625,0.5995508865075275,3.701651051069862,4.835366827381138
1469,8607.421875,0.6523623902526379,3.512435587232151,3.614154025145055
1470,8613.28125,0.4626156544181325,2.513185842636052,2.158871480706116
1471,8619.140625,0.9867434114001064,3.7345765912523228,3.250554817880449
1472,8625.0,0.838794530136999,2.6389048449987915,2.4898369883572933
1473,8630.859375,0.5736755566174969,2.787217314842869,2.8397604023930683
1474,8636.71875,0.8831662580504833,2.729980889207272,2.623389815773147
1475,8642.578125,0.9108497419505946,2.8673112451805904,2.8217095856945056
1476,8648.4375,0.9634228887356263,3.89716747929649,4.713228062573123
1477,8654.296875,1.5726972172796032,4.893034439538288,4.993493585793749
1478,8660.15625,0.9505968628310458,3.9533626750873667,4.057106807511753
1479,8666.015625,1.442262324573806,5.539846310050386,5.031333855642874
1480,8671.875,1.6705511717562642,5.8696296731329785,5.6310640505480665
1481,8677.734375,1.5293511164159188,6.53397015970107,6.350896990001666
1482,8683.59375,1.515780056259633,5.2628060789312325,5.194460490201578
1483,8689.453125,1.1776489868562472,7.021659350438144,6.689411796460997
1484,8695.3125,1.1888369422874472,5.339831585732968,5.122501919786325
1485,8701.171875,1.2708044995069077,6.365272158874008,6.259120270325199
1486,8707.03125,0.9004011211701373,5.172606696368013,5.836490269922658
1487,8712.890625,1.073451764416449,4.474200606823738,4.4644299054265195
1488,8718.75,0.9719467924199364,3.9082539748548006,3.7992486244209864
1489,8724.609375,0.9267109718167499,4.060648037323762,3.5703982498695153
1490,8730.46875,0.3849718074190617,1.2884564839220325,1.3128989045895512
1491,8736.328125,0.7620076502776415,2.91608356606423,2.4637053178953003
1492,8742.1875,0.8749742076473102,3.222659316544913,2.396070510228205
1493,8748.046875,0.4084723647381807,1.2477874832695877,0.9129256112303475
1494,8753.90625,0.3667208108439193,1.4949381497999583,1.444035228022316
1495,8759.765625,0.3524923420370103,0.9650118706378774,0.9558193294840781
1496,8765.625,0.4964045075692503,1.7650499327611606,1.500625454973994
1497,8771.484375,0.6089400644099024,1.9913683589311089,1.5801688429315968
1498,8777.34375,0.5379957513187955,2.1585877350045433,2.198522119103316
1499,8783.203125,1.090256783127972,2.443468764672378,2.413033811380135
1500,8789.0625,1.2800066909100398,3.651330758678601,3.4419651543903758
1501,8794.921875,0.6159607511450118,1.4560061369108146,1.6805290376539757
1502,8800.78125,1.3045236478558748,3.488168510305951,3.30773936523683
1503,8806.640625,0.8177834320907265,3.7058495795860256,2.8018377866351827
1504,8812.5,0.9560269418343988,3.1113983609911684,2.645004438966834
1505,8818.359375,0.9602887104688838,2.3808247957052004,2.05311452277421
1506,8824.21875,0.6507329427796525,1.801193409583949,1.4262600193027675
1507,8830.078125,0.5840813438845539,1.3465190086683871,0.632359291316563
1508,8835.9375,0.552908886135646,2.0974124352357575,1.5468038341606212
1509,8841.796875,0.7840633087488853,2.1367987352602364,1.4512070029845852
1510,8847.65625,0.8630434065338767,1.7157851565821074,1.5365468044480053
1511,8853.515625,0.4835646243161103,0.8731234322237529,0.8289451295068591
1512,8859.375,1.0735915888420289,3.0668694316531235,2.8202177482231634
1513,8865.234375,0.9858057942257317,3.258718614772219,3.1626781197538736
1514,8871.09375,0.5400791040022096,1.6201589998562884,1.224506819015201
1515,8876.953125,0.4462964676835427,0.8514525459685136,0.722950317670122
1516,8882.8125,0.23390180280665365,0.75,1.3624477735264142
1517,8888.671875,0.33687802028024155,0.80260189709296,1.6869473097125585
1518,8894.53125,0.3563813449569756,1.120375389303169,2.480562485171846
1519,8900.390625,0.38707925627847756,0.9362259349584128,1.6858360857257975
1520,8906.25,0.6181837473099596,1.6497622549081874,2.059381846397067
1521,8912.109375,0.977801075200217,2.5188806372286243,3.1851913836169548
1522,8917.96875,0.6361545500611332,1.4303092943945452,1.6362899991191902
1523,8923.828125,0.894447888294374,1.90461011647712,2.105869986540459
1524,8929.6875,0.8858682687661776,2.543607994048254,2.898937180664806
1525,8935.546875,0.5752864906530937,1.5473207562355942,1.7456611950064513
1526,8941.40625,0.603448120034408,1.888851007386135,2.126742075166964
1527,8947.265625,0.7001750361005387,1.514264636638453,1.5678312609272147
1528,8953.125,0.4483248734180073,1.2963427724279473,1.214971583663145
1529,8958.984375,0.2414487270473256,0.8487693969913909,1.0815990101374946
1530,8964.84375,0.23338597028135472,0.8759665766186022,1.4482949744173705
1531,8970.703125,0.2958574426353354,1.5493994011017482,1.8474954550552767
1532,8976.5625,0.304930708980614,0.8777286148906058,1.1523100708436709
1533,8982.421875,0.09584258335793745,0.75,3.2151867175605675
1534,8988.28125,0.5046013078888931,1.6995037175537695,2.437039315514267
1535,8994.140625,0.3212547713327897,0.9642987808002075,1.6774675673679638
1536,9000.0,0.17488248810629728,0.75,2.0273592044672912
1537,9005.859375,0.2870795682399494,1.259325892031463,2.13312952346368
1538,9011.71875,0.2784151917632451,1.2070324478381365,2.376234526249542
1539,9017.578125,0.30533662100986986,1.1776312186330626,2.5729788714509403
1540,9023.4375,0.4093705990160803,1.1501676931390459,1.5760426569740558
1541,9029.296875,0.507557434261595,1.134365381154046,0.9280546492885791
1542,9035.15625,0.4926608354468971,1.2023707216700594,0.5185930139139617
1543,9041.015625,0.1661909117788608,0.7790505261083469,1.4181868736652443
1544,9046.875,0.578683838111292,1.6290503454423855,1.0882660872941528
1545,9052.734375,0.5227781376407654,1.2746147161519725,1.0105967847476252
1546,9058.59375,0.17012055954984603,0.75,1.020059795610816
1547,9064.453125,0.5789741063230386,1.639647555851289,1.39498146392641
1548,9070.3125,0.37699229489270336,1.066146458204393,0.8756088852157049
1549,9076.171875,0.26980347230675966,0.8125760477239765,0.9294982585602044
1550,9082.03125,0.48775881005974325,1.0101422760827776,1.1716300666365598
1551,9087.890625,0.8438228225530461,1.5813284288173872,1.3351069091543242
1552,9093.75,0.9026886738328016,2.518523588022882,2.072504868359072
1553,9099.609375,0.9779741665785971,3.21937957297569,2.948829298036368
1554,9105.46875,0.9495743976714368,3.5078908103310944,2.742091494532759
1555,9111.328125,1.130054607729489,3.3375364339625384,2.158071293209407
1556,9117.1875,0.7029993296577729,2.7672217000517314,1.7166539116574053
1557,9123.046875,0.7508643460850876,2.2094502430834213,1.456794061730765
1558,9128.90625,0.9175096259366612,3.2702691056017006,2.978107042599792
1559,9134.765625,1.3546686719599876,3.141717746269072,2.7662853794441906
1560,9140.625,1.1951372016954884,3.699918228290675,2.857079295627428
1561,9146.484375,0.830424196033937,2.4459511856288665,2.1994329113688442
1562,9152.34375,1.2161763410965911,3.1162967784824316,2.8299570202153532
1563,9158.203125,0.977163524034053,2.1801972779785332,1.9280581363586609
1564,9164.0625,1.027917494828997,2.2611535722080474,1.9893298326313917
1565,9169.921875,0.9592561927053139,2.1156019686125966,1.9113834816112587
1566,9175.78125,0.9579728313397793,2.0291316844961313,2.2171943665040983
1567,9181.640625,1.321967459492532,2.3735735032945877,2.428721423736002
1568,9187.5,1.2952774781456107,3.0498557407623124,2.792507446059493
1569,9193.359375,0.9180700142150117,2.049781435450528,2.131761509509547
1570,9199.21875,0.9512366253890355,2.8158372833682184,3.0574806812060284
1571,9205.078125,1.31604221475105,1.8694785804576273,1.8309990317216565
1572,9210.9375,1.0397197602512152,1.7760060631965695,1.601841459857223
1573,9216.796875,1.1734981524160946,2.714002600215651,2.6260713280347954
1574,9222.65625,1.366513039238744,3.899618258747587,3.4736782285771106
1575,9228.515625,1.161630196545001,3.0509166253184574,2.7104799604869405
1576,9234.375,0.3875234577110922,1.8021252788705768,1.534677021557458
1577,9240.234375,0.7178715317150873,3.533573712430125,3.4285838389639514
1578,9246.09375,0.8358436047149813,5.0500119590376595,5.503180930721084
1579,9251.953125,1.006059252901042,3.9656676795822747,3.9710111708505984
1580,9257.8125,1.0427915178160996,3.16765431280311,2.9200131616293685
1581,9263.671875,0.22613672331449852,0.8144192212631417,1.1926270578963651
1582,9269.53125,0.4934101285775695,2.032827425227166,2.623349863804363
1583,9275.390625,0.569825652989922,1.6072459686960023,2.012887501833628
1584,9281.25,0.4906548304564933,2.1245436835231435,2.246019239317936
1585,9287.109375,0.6867215720777247,2.856906755624052,3.5480993797664047
1586,9292.96875,0.7033693732748458,2.3758952258200603,2.2608207504788154
1587,9298.828125,0.375679032797697,1.4376253935715972,1.9822928173630543
1588,9304.6875,0.2565693182975106,0.9229041179958368,1.8885135509061446
1589,9310.546875,0.18030554921041525,0.980381383358415,1.4465608308545326
1590,9316.40625,0.381125861946037,1.5687744471941312,1.8022640851411256
1591,9322.265625,0.21855065203461127,0.7956760076339897,1.2434996063528345
1592,9328.125,0.26838247499905127,1.2937908879036135,1.2741756882703075
1593,9333.984375,0.31961559917884663,1.4989749972225792,1.5479063265824882
1594,9339.84375,0.5922552816347809,2.463384027816871,2.606546425128868
1595,9345.703125,0.25922436656605935,0.9918428912578034,1.6926083847861495
1596,9351.5625,0.4328531968040617,2.697465006837206,3.691795249985613
1597,9357.421875,0.2379697635618055,0.8369537529437241,1.3768701894617097
1598,9363.28125,0.5795121696427988,2.0292129768242932,1.9472292917733083
1599,9369.140625,0.6102182311445306,2.743271780835583,2.5653338276139572
1600,9375.0,0.42884280815789866,1.7315143139833424,2.1123006355914833
1601,9380.859375,0.9322037555267585,4.948340580884207,3.622541270368137
1602,9386.71875,1.1355834638649103,5.854629739799012,4.798773802583107
1603,9392.578125,0.8762115937339366,3.5226617151466035,2.8823955961476644
1604,9398.4375,0.5633248326686331,2.5383361897159826,1.759972074470964
1605,9404.296875,0.9403741759027386,5.4561701988149025,4.236993163620621
1606,9410.15625,0.8469946474612616,5.727912049050158,4.880048797015056
1607,9416.015625,0.7992145943499184,3.951936120198157,3.0415453190400408
1608,9421.875,0.44770617316288325,1.8449239140615914,1.5605419021043083
1609,9427.734375,0.8006726283730644,3.3201909407628882,2.729218642869396
1610,9433.59375,1.3405654575362052,6.452975629547179,5.767844414689332
1611,9439.453125,0.9097750878155579,4.6299563869207265,4.346803597427179
1612,9445.3125,0.736707938266055,3.587460373967306,2.7567322348506655
1613,9451.171875,0.9540894905386533,4.1129215706343665,3.4074592855664685
1614,9457.03125,0.8516212085931059,3.684367390373784,3.324771436250749
1615,9462.890625,0.8541227086480466,6.806263397387532,6.226184032804312
1616,9468.75,0.9018387968704435,3.8156787615168595,3.3549435871533633
1617,9474.609375,0.7435793408452924,3.226355874642886,2.754536627674397
1618,9480.46875,0.8062220455956502,2.9438116414798925,2.629309268770719
1619,9486.328125,0.8425875470483825,3.860341328199755,3.7500749069286683
1620,9492.1875,0.7427808406928355,2.7299050380860908,2.2749278806844746
1621,9498.046875,1.5017533349205838,8.681390953539934,7.42311996146847
1622,9503.90625,1.3546168583379021,5.6129684276256935,4.474020738041757
1623,9509.765625,1.1707544650061357,7.649579967680186,6.36520681230558
1624,9515.625,1.3513820391217517,7.733206791711105,6.687374391027853
1625,9521.484375,1.5580624225346482,8.23558964856352,6.8824615198259105
1626,9527.34375,1.2041131549433173,6.265425677138974,5.025806470849168
1627,9533.203125,0.8996628181269586,4.315781820592035,3.827134127079479
1628,9539.0625,0.9832127609620359,5.650458741044417,5.019449413008243
1629,9544.921875,1.0943522972306967,4.691595921804407,3.8881855212137637
1630,9550.78125,0.8409030283251323,4.186734429096383,3.380805211488984
1631,9556.640625,0.757020238164149,3.519544104409645,2.2202057742213235
1632,9562.5,1.2870199572842465,3.8775768382296922,3.4848785171715977
1633,9568.359375,1.1034388017977579,7.292880253954195,5.850793063482378
1634,9574.21875,0.7267309787730689,4.225960070944043,3.6230912059572162
1635,9580.078125,0.7671458854851098,3.5769184211390757,3.385923820260761
1636,9585.9375,0.9949789023196857,3.9899687465628633,4.169473019680858
1637,9591.796875,1.1170495276831796,12.0,12.361814305478873
1638,9597.65625,1.000887545541458,4.515781423439822,4.356977618285856
1639,9603.515625,0.7199955854900764,3.848600172542467,3.7508420788984407
1640,9609.375,0.8642236990188847,4.673860080684449,4.234825899909143
1641,9615.234375,1.0935894617022388,5.249681169887413,4.7794952628444145
1642,9621.09375,0.3758665985379972,1.8086274305225323,1.34465403161614
1643,9626.953125,0.4372711528787516,2.5750836268471846,2.5904662216650403
1644,9632.8125,0.8429941398224727,5.691889214793648,4.916046430985125
1645,9638.671875,0.6593833313445224,3.7121331651781118,3.945725369516277
1646,9644.53125,0.339059654936112,1.6660578698453181,1.8256212885366931
1647,9650.390625,0.5080086015451976,1.8708549974658548,1.5920109076932198
1648,9656.25,0.4631219461820952,1.359405012011431,1.5401472140827182
1649,9662.109375,0.6230924564095777,2.0663182060249436,1.5589869013032243
1650,9667.96875,0.44904267139861825,2.929168152394853,2.4366196317746707
1651,9673.828125,0.13730240212430206,0.75,2.1637985261701935
1652,9679.6875,0.5023342317186936,1.4992682530392842,1.8292926889032457
1653,9685.546875,0.4715225775853499,2.4484073533194572,2.6502786525852224
1654,9691.40625,0.47167072753645267,1.7491732093824914,1.8263415618609835
1655,9697.265625,0.6649083718612464,1.9952286582389958,1.6328726894444427
1656,9703.125,0.3774015176653416,1.6042851243549645,1.6313384567581173
1657,9708.984375,0.5301844027493513,1.4313744736690088,1.5523896530801355
1658,9714.84375,0.4161377010862385,1.6554476787833023,1.7353219507242752
1659,9720.703125,0.2940443714154809,1.502821461710337,1.6306336121153082
1660,9726.5625,0.43186140867795403,1.766430893949893,2.053783214470767
1661,9732.421875,0.5837681491932879,1.9509564394229577,2.36082181237313
1662,9738.28125,0.39438963691120255,1.9326196515465779,1.7651106969495771
1663,9744.140625,0.3054546017335224,1.1763679636856141,1.3955282585791406
1664,9750.0,0.4342337068686701,2.19967630970482,2.47484679872856
1665,9755.859375,0.7268665958587237,1.9209003189249918,1.7355648352464772
1666,9761.71875,0.807084562034766,2.2439312701908496,2.243404648745423
1667,9767.578125,0.49559179980801654,1.5932255843016163,1.7940505103770221
1668,9773.4375,0.4971806789603708,2.4847622634067283,2.9018466904338185
1669,9779.296875,1.078586689732639,3.521104908496899,3.2579827442270766
1670,9785.15625,0.45906077644811455,1.6916702807116386,1.7829443949610444
1671,9791.015625,0.7467850958564551,2.386438376768387,2.704487040407498
1672,9796.875,0.7673811457954042,2.7437392715161684,2.9840913223913863
1673,9802.734375,0.916214447752356,3.440069263860163,3.253027443806172
1674,9808.59375,0.7014885818196762,2.4748016643364847,2.738979249939391
1675,9814.453125,0.49963591062129414,1.6365440393088377,2.3486074884215644
1676,9820.3125,0.3840051054045017,1.714125614238785,1.8987111066313398
1677,9826.171875,0.5342768529248999,2.674055518816407,3.1225423118226616
1678,9832.03125,0.39070263677577177,2.1638930804654235,3.0419590817140905
1679,9837.890625,0.16889441614296594,0.75,1.4603662216805766
1680,9843.75,0.5679769668799337,2.1954441909260365,2.1253241087532793
1681,9849.609375,0.31995820165419103,1.8400552506542103,2.493931090398642
1682,9855.46875,0.5641057928005327,2.0087077608903527,2.04376015541126
1683,9861.328125,0.4159612497008297,2.200388953905447,2.5254528487878836
1684,9867.1875,0.5204638366291252,3.3233028428167266,3.18370921523424
1685,9873.046875,0.7521546172497566,2.838351055282306,2.845607843677121
1686,9878.90625,0.7520048841195554,2.7231667027116493,3.025641158998964
1687,9884.765625,0.3499557393195049,1.470403766548404,1.58375721633104
1688,9890.625,0.7421729663469865,2.8558680678728905,2.399441821220751
1689,9896.484375,0.8819109771896718,3.1832279302421114,2.9410588584483173
1690,9902.34375,0.6682862174401296,3.028291012137121,3.4493074244071105
1691,9908.203125,0.5313686294118667,1.9933550689003416,1.7430594368625865
1692,9914.0625,0.44698545658134187,1.3921117351635206,1.5139538864674824
1693,9919.921875,0.5980144775261921,1.6037240772167967,1.8138982126454695
1694,9925.78125,0.5003584166922346,1.4794034566637373,1.542341217775786
1695,9931.640625,0.3753504090069497,1.411322127931435,1.8679887320201727
1696,9937.5,0.5497119962781725,1.5700985179356222,1.6040408656148706
1697,9943.359375,0.40361327131905944,1.434308783844164,1.2712390989012143
1698,9949.21875,0.7907103495710814,2.6127007070456045,2.771862815324606
1699,9955.078125,0.6826399520662799,2.127010399362163,2.1248656118896787
1700,9960.9375,0.38220939883211347,1.7657739925796831,1.6931829832982983
1701,9966.796875,0.5045300403156049,1.3911598854421043,1.145465977301563
1702,9972.65625,0.3866378726791903,1.2100766799885605,1.489760670688172
1703,9978.515625,0.2420463143087093,1.0407143197222535,1.116000345003456
1704,9984.375,0.48360984158955195,4.201858323396596,4.180578256533077
1705,9990.234375,0.606740329704443,2.566778457031168,2.3340800333229557
1706,9996.09375,0.7336674650449738,3.697263917205598,3.1954768291756155
1707,10001.953125,0.343930030743012,2.0411653131551084,1.6747004806919834
1708,10007.8125,0.4992181075080796,2.236043631339794,1.89449500161862
1709,10013.671875,0.6946110175075886,3.481495201395875,3.6599040194901566
1710,10019.53125,0.9597520226875054,4.182612853671008,3.967922839538184
1711,10025.390625,0.8790043771291436,3.838585535633944,3.854560490979889
1712,10031.25,0.5852540853196306,3.678352652407612,3.583280328628191
1713,10037.109375,0.7731928338252217,5.778311308915478,4.581409175104302
1714,10042.96875,0.8668456879919132,5.272467095946128,4.625621296808898
1715,10048.828125,0.7059414454126687,4.812453659570849,4.081856670327237
1716,10054.6875,0.3794051725105194,1.8388588679081992,1.420159895777105
1717,10060.546875,0.27345558344771714,1.4466062561614186,1.14573043118237
1718,10066.40625,0.46477757216325954,1.7697608330348382,1.5079684472443817
1719,10072.265625,0.45129153085177526,1.5536326117935224,0.9096972819378644
1720,10078.125,0.16128695359308517,0.75,0.7372009747681576
1721,10083.984375,0.25038413858109454,1.1027717602484939,1.4260133308594065
1722,10089.84375,0.546943625862892,2.524318630866032,2.5764779982022743
1723,10095.703125,0.4806161898108443,2.4919555913083076,2.228879406919828
1724,10101.5625,0.2878851166772315,1.8683736253068357,2.0665905980304164
1725,10107.421875,0.5802278530461022,2.5786488203705638,1.9596947008352825
1726,10113.28125,0.5017029998656707,1.857084896442701,1.5792630949635247
1727,10119.140625,0.34324090877379965,1.9750180661957928,1.7631358326344309
1728,10125.0,0.5203327269583167,3.2836022453351665,2.914532298607554
1729,10130.859375,0.49124182287740303,2.407441860880746,1.9280980406799577
1730,10136.71875,0.12666205115304416,0.75,1.4052840490615794
1731,10142.578125,0.3850501320530883,1.9059198362734935,2.0386172836464067
1732,10148.4375,0.2601335872427693,1.2636865317477974,1.6318470911347167
1733,10154.296875,0.47777268739120643,3.0299786501150447,3.4414794526623336
1734,10160.15625,0.4861721480995948,2.437731487576236,2.6610118415532575
1735,10166.015625,0.39678143111010505,1.2995479594334305,1.2414880581861751
1736,10171.875,0.7236873913561445,3.001740009440746,2.6555204255249008
1737,10177.734375,0.631011054942838,2.827476800746595,2.2527569288752836
1738,10183.59375,0.432661952940266,1.3674889610673322,1.1054315558188177
1739,10189.453125,0.49456842588498684,1.9811804889855702,1.719249042558542
1740,10195.3125,0.5733460254529873,1.4769955855853598,1.3132460836699593
1741,10201.171875,0.30430778880847076,1.1419791052912776,1.1402761510901107
1742,10207.03125,0.3755724843709183,1.2226137811663382,1.2275361805951261
1743,10212.890625,0.16712988448988528,0.75,1.2265105476845055
1744,10218.75,0.36849154494994013,1.580025942054094,1.8081464425541274
1745,10224.609375,0.4338590110157261,1.3922189720600164,1.6093102767732934
1746,10230.46875,0.18939356815659864,1.136193669409125,1.3059094956203512
1747,10236.328125,0.10836218378116194,0.75,0.9535442054507732
1748,10242.1875,0.2120530123545071,1.3863169587047086,1.2235845085642054
1749,10248.046875,0.33835061410769,3.1983008777411213,3.220738486573166
1750,10253.90625,0.14448114395353906,1.3331137980319663,1.7741434321651761
1751,10259.765625,0.24764956696831572,1.369187142436134,1.5102557021125567
1752,10265.625,0.4920835115719364,2.995685545326852,3.2975901315136573
1753,10271.484375,0.4934318849441616,2.8982258998172465,3.4150091742824675
1754,10277.34375,0.204563659951914,1.0781802319935425,1.5854663585827475
1755,10283.203125,0.516371977949759,2.859933877026857,3.183036272527542
1756,10289.0625,0.6826181157032619,2.6225605455529246,2.4687228069858125
1757,10294.921875,0.3712654676166661,1.7634095142379107,1.7895662051857302
1758,10300.78125,0.2620933361063427,1.2084622978604762,1.7054869370860548
1759,10306.640625,0.08475615839752801,0.75,1.1681562774022665
1760,10312.5,0.3305557048633296,2.608580948655535,2.7877426637810645
1761,10318.359375,0.2727637066299233,1.4078015039734861,1.8837928964082735
1762,10324.21875,0.35700086986431007,1.568830259066718,1.8233856445091716
1763,10330.078125,0.15198383818166128,0.8504209374858791,1.2186013346265303
1764,10335.9375,0.2921541015373683,2.1622612323589907,1.9319081165628866
1765,10341.796875,0.18264828320869203,0.75,0.8556544369119774
1766,10347.65625,0.37130394244274106,1.2048945668294098,0.7976976084652133
1767,10353.515625,0.36190599430738507,2.69385236022643,1.876612173918763
1768,10359.375,0.23205891983163285,1.1180618396538737,1.3733543404312412
1769,10365.234375,0.6122861322609483,3.068461727015661,3.1933219523258907
1770,10371.09375,0.5827148955295546,3.0960901931571563,2.691286076007594
1771,10376.953125,0.6248324669624873,4.4173372236791435,4.161208015607099
1772,10382.8125,0.7396028804211167,5.586246823886644,5.9755189976352465
1773,10388.671875,0.7539643132123067,3.787351123505121,3.542676988048992
1774,10394.53125,0.4307453283531278,2.243876680812319,1.7484272022269503
1775,10400.390625,0.6909009020115556,3.9992792785443605,3.3079885727882026
1776,10406.25,0.7477687843595802,4.642121553302318,4.295651598891989
1777,10412.109375,0.5613299634500335,2.0856976251414205,1.7861163605520434
1778,10417.96875,0.5341018271817732,1.621873864043245,1.5546990802807652
1779,10423.828125,0.47792768120508555,2.0281876137215558,1.7835427078496864
1780,10429.6875,0.3587691829368878,1.7455034415162276,2.104563268600016
1781,10435.546875,0.5555868314806609,2.1645169157202586,1.8869926502976924
1782,10441.40625,0.4443522750221709,3.3236209650751882,2.1476633489500236
1783,10447.265625,0.5583196616484861,3.6357548368916155,2.5315967838679607
1784,10453.125,0.4913027864345509,2.028744635200588,1.7858269223031555
1785,10458.984375,0.14853812648821244,1.0053947989004932,1.0401120841021958
1786,10464.84375,0.11366131625151382,0.9221800825540583,1.5015654730073997
1787,10470.703125,0.31213951051569,2.0164297947069207,2.010506748314388
1788,10476.5625,0.4443393799849297,2.6703062808433145,2.3147320982451185
1789,10482.421875,0.570229841297356,4.710966898188465,4.584822553200298
1790,10488.28125,0.59196483092001,3.427533188227099,3.5301578130582927
1791,10494.140625,0.7240366741051104,7.454308200839048,7.251347100022436
1792,10500.0,0.7541175219877847,4.614025752354967,4.529498610764515
1793,10505.859375,0.9461646610999931,4.824274557993651,4.657357404255612
1794,10511.71875,0.8887021682069531,5.206429417825758,5.079699099799008
1795,10517.578125,0.7272914110158442,3.5560352821018073,3.179671045726555
1796,10523.4375,0.6071248034671868,2.4252737584348996,2.3137142830454307
1797,10529.296875,0.8295352563353158,4.941892915233298,5.003704259291068
1798,10535.15625,0.906541433090064,4.97202175340983,5.018397836089196
1799,10541.015625,0.544240883380983,2.6330336347217367,2.4374849101366425
1800,10546.875,0.3166108508867896,2.4307893510427356,2.1179008575993237
1801,10552.734375,0.21964148624232224,0.9658590569115648,1.0476699604332882
1802,10558.59375,0.4668358112422193,3.0947381828545084,2.6929200421188484
1803,10564.453125,0.4490793276258736,2.6032185029192263,2.314668464130234
1804,10570.3125,0.029087195172936318,0.75,2.7289398806035536
1805,10576.171875,0.317076027334443,2.2361514253615784,2.289478479070215
1806,10582.03125,0.278140640828444,2.190613334490939,2.062241726791359
1807,10587.890625,0.1198669081079962,0.9832697551335543,1.79803296130835
1808,10593.75,0.5059628442523161,3.137520765204493,3.5665172032971637
1809,10599.609375,0.5448123788719986,3.2681143818393705,3.476314731109648
1810,10605.46875,0.41339841610612393,2.6143903791866365,3.1833679894807636
1811,10611.328125,0.3951912125017005,2.8493896127896594,3.4705974555176313
1812,10617.1875,0.2603101860888022,1.7216245835574884,2.2607742166206695
1813,10623.046875,0.5234912875691241,2.5007263549078873,2.552841605972382
1814,10628.90625,0.8490042085470176,3.979485210598356,3.6909552538450856
1815,10634.765625,0.7209101989483341,3.439058291832275,3.283052999783839
1816,10640.625,0.5589539463272412,3.3512262424160024,3.604139743850233
1817,10646.484375,0.3215619681652645,2.182321256963971,2.70834089245034
1818,10652.34375,0.2532580774385531,1.2530040700752565,1.1261867944847757
1819,10658.203125,0.23981776668255828,0.8871348708711325,0.6629537017251969
1820,10664.0625,0.39285495552193156,1.9852511353816555,1.6285822461507389
1821,10669.921875,0.21947328774541336,1.6927169285452643,1.1071911311019875
1822,10675.78125,0.269444685301879,1.4962063886811499,1.230354800770066
1823,10681.640625,0.17838440040322096,0.9345589639067032,1.0373411988533299
1824,10687.5,0.2463531524776403,2.2374382773785366,1.688707794506917
1825,10693.359375,0.16335587059706835,0.75,0.8189991599273685
1826,10699.21875,0.5045705781691141,2.6102513718844063,2.0707135111715353
1827,10705.078125,0.2032671283496039,1.242212672446776,1.136348853453236
1828,10710.9375,0.3846435092162178,1.8711197787468568,1.627027955383343
1829,10716.796875,0.6276550099465996,2.961023649009267,2.833545595290909
1830,10722.65625,0.948634842206252,5.811603234201103,5.433120032707259
1831,10728.515625,1.0250204049617841,6.80089764383372,5.8105984033223255
1832,10734.375,0.7384383161151792,4.461783482146419,3.879143220608995
1833,10740.234375,0.4192480728740752,2.2097689024346563,1.4419264357327128
1834,10746.09375,0.727871986355241,2.758835073042751,2.311576645795155
1835,10751.953125,0.9220282804578487,7.3213483961896015,6.289045395306687
1836,10757.8125,0.8923429048532956,5.174110891595586,4.438804826229786
1837,10763.671875,0.7313662631668595,4.034758356335864,2.99885633881405
1838,10769.53125,0.417084702147595,1.5819305220666384,1.039761321727585
1839,10775.390625,0.35293936417608396,1.079385592573441,0.9685875825021161
1840,10781.25,0.34643232678737645,1.2464818382267373,0.9276154899787078
1841,10787.109375,0.19457133866796208,1.0160373336836295,1.6638726321045763
1842,10792.96875,0.7947882741784744,3.4553805731180116,3.4044403735759627
1843,10798.828125,0.7050034216366787,3.0646579431956296,2.819333264486567
1844,10804.6875,0.2703517686265951,1.816265744706218,1.6438986646641003
1845,10810.546875,0.5296814708647806,3.241680958275528,2.804091516815648
1846,10816.40625,0.645370896747495,3.456244681289153,2.8290299714915705
1847,10822.265625,0.5953622674641756,2.5457901164411423,2.6771463091530543
1848,10828.125,0.9810992821634947,2.766985319319315,2.7818692374236687
1849,10833.984375,0.7007401735163,2.875971408158628,2.682410643466179
1850,10839.84375,0.7087891437883769,3.0423483109933405,2.931920860729392
1851,10845.703125,1.1718323666317756,3.0518098874633015,2.993335426194866
1852,10851.5625,1.3192365633386123,4.14837199951022,3.9250341524187338
1853,10857.421875,1.3829437938568483,4.362620988399372,4.042180131369451
1854,10863.28125,0.9658741590331043,3.908565224676991,3.7635737722136295
1855,10869.140625,0.8483522679639526,5.330463323631772,5.254156936505787
1856,10875.0,1.0347246923878766,4.965419231514644,4.720556159295915
1857,10880.859375,1.1837727222282666,4.880384807875563,4.1403156757239525
1858,10886.71875,0.7871487463237141,4.729078356804482,4.081976902546505
1859,10892.578125,0.678861938464938,3.2449420657011068,2.854254949064067
1860,10898.4375,1.0307623399565744,3.1930659729152744,2.980178905190275
1861,10904.296875,0.6779883359438902,2.7752487882782155,2.430643670108287
1862,10910.15625,0.19447444828753518,0.8782954928925006,1.0817151939806842
1863,10916.015625,0.3234591880989021,1.2510255086336164,1.276959086633438
1864,10921.875,0.42220317826861015,2.322670649145944,2.045450376480005
1865,10927.734375,0.3946800066720648,1.9515639296512486,1.8883730301676778
1866,10933.59375,0.018227582939526324,0.75,5.87788918038059
1867,10939.453125,0.5631342759425483,4.735949823427054,4.83082196851329
1868,10945.3125,0.7926804233065533,2.2623630238086756,2.179856586706607
1869,10951.171875,0.6968777657004931,2.8852476590225926,3.109729468739106
1870,10957.03125,0.9950660388854419,2.769471677000302,2.7575380523607085
1871,10962.890625,0.9348762190778812,2.018652411908522,2.0027446937294804
1872,10968.75,0.8116620907617469,2.1728315077996694,1.9664935801223538
1873,10974.609375,0.5849024305948991,1.587413976671919,1.5818557159980995
1874,10980.46875,0.48550282885791884,1.3692862305067717,1.5934569488186114
1875,10986.328125,0.31275009194444947,1.0129224793584217,1.4742052029648218
1876,10992.1875,0.4040393975115778,2.1639567016029964,2.390794487384468
1877,10998.046875,0.5552411255215567,3.0809725627649898,3.120248935557643
1878,11003.90625,0.3618568740850206,1.8763504385339398,1.8263286074963918
1879,11009.765625,0.4052729352755771,2.3628610293856678,2.456045672251544
1880,11015.625,0.3989027161424106,1.8189040019742366,1.4220296634260137
1881,11021.484375,0.42388907503221634,2.5087572894330097,2.2956124738415093
1882,11027.34375,0.47930850098291267,3.5366333082193577,3.02547352654079
1883,11033.203125,0.2361757538168239,1.7524817704765043,2.012844267036674
1884,11039.0625,0.22891158130505512,1.4045469814211855,1.7276740118585208
1885,11044.921875,0.3668466049620753,3.5876360459563443,2.4288836260328295
1886,11050.78125,0.4410755464417585,3.4626299744219438,2.7240684379032576
1887,11056.640625,0.5440671856340811,3.8997728725323597,3.2314581400396376
1888,11062.5,0.19594191864031432,0.8116371909033389,0.91159795872189
1889,11068.359375,0.38932612306685505,1.5853558735372673,1.7888588018860803
1890,11074.21875,0.43673169796081596,4.64664185576701,6.243138046213482
1891,11080.078125,0.32831107180159097,1.603604086102307,2.41353696235129
1892,11085.9375,0.3869922857146901,2.146819080701378,2.5602582536614857
1893,11091.796875,0.2432061111004304,0.8464216064896362,0.9519697052839481
1894,11097.65625,0.5000425476051626,1.5389678148949373,1.5223906357722161
1895,11103.515625,0.4349107833872221,2.429756199700482,2.2834122015928506
1896,11109.375,0.21597738990103288,1.3616353511210932,1.6896463382934375
1897,11115.234375,0.16282496484199566,0.8248256786180896,1.0199774699599784
1898,11121.09375,0.37335545486564237,1.7070808915806928,1.2024699083673187
1899,11126.953125,0.33218540415732134,1.707591088054481,1.5805698959723293
1900,11132.8125,0.4645277674905822,3.1033905467459517,2.9614341023930577
1901,11138.671875,0.4969860837358587,3.148873967385658,2.521670081688707
1902,11144.53125,0.7428385412389793,2.5859738794864615,1.7402400308108976
1903,11150.390625,0.8596369543833877,4.94758489193754,3.5148583853855233
1904,11156.25,0.5228644520953584,1.921645183028137,0.9601404951296268
1905,11162.109375,0.6429765569045797,1.8464448378328964,1.533636264980421
1906,11167.96875,0.7670054887168541,2.7236713934786203,2.262032728702144
1907,11173.828125,0.8915551874222668,3.8153951963884922,2.935175179829548
1908,11179.6875,0.6061280570122264,2.5598106088724517,1.8130397107288085
1909,11185.546875,0.23603673316881818,1.4604473473464767,1.1015337807507226
1910,11191.40625,0.17968754437623927,1.333339320054342,1.273016762488272
1911,11197.265625,0.4434755592233043,1.6433110635952695,1.3347689340800517
1912,11203.125,0.4082502938205645,2.1759905224577634,1.441238099045731
1913,11208.984375,0.11340376820981636,0.75,1.0571653299008508
1914,11214.84375,0.43983737426293007,1.686629438237228,1.6712555494080803
1915,11220.703125,0.364273373212706,2.7038369810508,2.445691428097672
1916,11226.5625,0.05455713291624191,0.75,2.4594926816701363
1917,11232.421875,0.18623110150261257,0.75,1.086137541494806
1918,11238.28125,0.27351137476952936,1.239764979791847,1.3994408277932318
1919,11244.140625,0.033555193902619795,0.75,3.696557543964811
1920,11250.0,0.42137198302865425,1.92052594566269,1.4823935547857077
1921,11255.859375,0.27889736370987056,1.6714631448978023,1.449822255239339
1922,11261.71875,0.2799643666394494,1.2979374950106903,1.1775082257724965
1923,11267.578125,0.414835351933632,2.2851370817358854,1.7755001912684747
1924,11273.4375,0.2888469834894259,1.5933114823849328,1.2378363415094011
1925,11279.296875,0.3417914673978981,2.400494872099111,2.5004851122189553
1926,11285.15625,0.3439285214529573,2.2871314269259884,2.309671948368751
1927,11291.015625,0.2796258047522877,2.6186896998888143,2.707877883818888
1928,11296.875,0.3388402856452529,2.2711926930953794,2.490537782312949
1929,11302.734375,0.3812341300823621,2.2358088001144667,2.3097537607341314
1930,11308.59375,0.24466807475782443,1.818271509575093,2.065154414336433
1931,11314.453125,0.6185799596673046,4.4008976226581575,4.0743000878293945
1932,11320.3125,0.5724959777899586,5.221882105690068,3.841883891315673
1933,11326.171875,0.3458478801659392,3.234616610325392,2.0598834167036033
1934,11332.03125,0.18185086589024177,1.179025195137719,0.9311901813792121
1935,11337.890625,0.36974024241285053,1.8252191110630975,1.279484532845085
1936,11343.75,0.7003928769760345,6.765240208374964,5.188473108229284
1937,11349.609375,0.7210673637061495,5.686870829051909,4.932067553495233
1938,11355.46875,0.5955714328510732,3.674474072943889,3.01650794441243
1939,11361.328125,0.5339186959957128,4.6397100971468905,3.674747826415876
1940,11367.1875,0.48024814348015304,4.540810697590131,3.4313406206984696
1941,11373.046875,0.26834172320988975,1.2048469622574973,1.2051710601408336
1942,11378.90625,0.5449542812299686,3.548056983093603,3.24837334482837
1943,11384.765625,0.33570194639698697,2.169072018459181,2.1351898828330635
1944,11390.625,0.23200393509501435,1.4963030568375109,1.457731573769896
1945,11396.484375,0.26185237482730356,2.0011864703403965,1.78547490849286
1946,11402.34375,0.3764514602599612,2.17112530035612,1.5337655528598446
1947,11408.203125,0.13624108173586594,0.75,0.733849297372514
1948,11414.0625,0.1554715877130474,1.3544858132569733,1.225343938684958
1949,11419.921875,0.14947496144101055,1.3590388783209988,1.208647244345889
1950,11425.78125,0.3298464481461575,1.6205922238664103,1.1109669172192307
1951,11431.640625,0.2666264662434183,1.7634069598055704,1.3447920155635549
1952,11437.5,0.16412184741673397,0.8269216563024666,0.8474602477059132
1953,11443.359375,0.31625542508907956,1.549969529477894,1.7453058362814622
1954,11449.21875,0.2890979083672859,1.967627503184469,1.561348654960891
1955,11455.078125,0.7486932595127763,4.625034716174341,3.6104499377915333
1956,11460.9375,0.7254400404396182,4.642267653190146,3.903205382757499
1957,11466.796875,0.4616899166350023,2.284948585886355,1.8771055614195227
1958,11472.65625,0.6869101642320532,2.7388133554406355,2.119045618578056
1959,11478.515625,0.8174253968110818,3.6044333227495384,3.342489919644958
1960,11484.375,0.47782284777469064,2.5803486514398295,2.6873792137633283
1961,11490.234375,0.5281951820738815,2.6558378910091394,2.334862089582675
1962,11496.09375,0.46233462433774425,2.8157405074571473,2.230122144034277
1963,11501.953125,0.26627865963443215,1.4564355799705888,1.7999490426997304
1964,11507.8125,0.2516014932791091,1.1381349100615892,0.7519587614537034
1965,11513.671875,0.16424776648461864,1.1387079349131701,1.0218098727020914
1966,11519.53125,0.11315082595039742,0.75,1.039295137156909
1967,11525.390625,0.5026376624208823,2.671310523826243,2.1947421840515977
1968,11531.25,0.4752757400174235,1.8640746141080142,1.6422860914379644
1969,11537.109375,0.2366130344633864,0.9407042757566932,1.249545082751452
1970,11542.96875,0.1900479019198093,0.7912461409115308,0.8638793843835165
1971,11548.828125,0.17634292369081903,1.0538197230173558,0.8939823318483806
1972,11554.6875,0.31898484411036354,1.3916446128517936,1.3401382180408072
1973,11560.546875,0.08102614727479829,0.75,1.3877343319691515
1974,11566.40625,0.29016322010518486,1.9926832897392814,1.855614246869698
1975,11572.265625,0.7290018850117767,4.413709462777342,4.321375561566514
1976,11578.125,0.8310116938255044,5.951888946956229,4.9360266561465815
1977,11583.984375,0.36715617924648414,2.026251760715332,1.3737672068862377
1978,11589.84375,0.6315231505826941,2.995803415438998,2.8506335017573976
1979,11595.703125,0.8548750675323991,4.317785163104853,4.583422257628455
1980,11601.5625,0.689517291752793,3.663429025205412,3.4892349938975684
1981,11607.421875,0.7372635451218648,2.4532424219575675,2.3329423078599336
1982,11613.28125,0.6766277962771503,2.1911318917164593,2.0796857339115613
1983,11619.140625,0.3084548470860745,1.2530632472835632,1.342849403446666
1984,11625.0,0.6815908355928936,2.2196297548874693,1.9918854975921734
1985,11630.859375,0.8598967867758863,3.506377862992781,2.81928084179137
1986,11636.71875,0.6616727406965681,3.776805219209935,3.3366993974702575
1987,11642.578125,0.5971467425425744,2.859263456043431,2.2088560385034275
1988,11648.4375,0.6347645622882995,2.807607843525577,2.0514389727314897
1989,11654.296875,0.17329474104678624,1.2890982097435209,1.524131480750972
1990,11660.15625,0.25469439202118993,1.249060646110856,1.4781066391352145
1991,11666.015625,0.14815396615935497,0.9178498250075829,1.3537160981719376
1992,11671.875,0.1313559045959999,0.786370316311283,1.8047974951740942
1993,11677.734375,0.2515172847249761,1.9858039485050671,2.331301910299527
1994,11683.59375,0.30013580205911833,1.3984589905674487,1.402763849857632
1995,11689.453125,0.32970033393123493,1.110688012612123,1.4436446303393429
1996,11695.3125,0.5721223559555719,2.362535677244766,2.7827609935541235
1997,11701.171875,0.7990525435092286,5.639170625275487,5.505405011840614
1998,11707.03125,0.8053798465014151,3.054446993220233,3.0469664962335417
1999,11712.890625,0.6856993108309852,2.5523720174390006,2.608317199307558
2000,11718.75,0.704323415327649,2.723063920521556,2.904606323761607
2001,11724.609375,0.8375267670727505,2.9295170870954776,3.151413228214169
2002,11730.46875,0.9509914359214298,5.580429757438322,5.150500951948916
2003,11736.328125,0.7477044555347864,3.336393311913357,3.1526178340465294
2004,11742.1875,0.7204835314295618,2.7698385925752573,2.556835562960024
2005,11748.046875,0.679569049684371,3.7683246025754555,3.6896405447081655
2006,11753.90625,0.44046990694325533,2.599329034635515,2.269071951274214
2007,11759.765625,0.3425267994627333,1.2746433808881172,1.2520151626687996
2008,11765.625,0.3373700261009346,1.5908691532333261,1.4156130373844626
2009,11771.484375,0.3693388869065235,1.9567097371827558,1.825469424508175
2010,11777.34375,0.37406362952113287,2.032413676347177,2.414230478814889
2011,11783.203125,0.13486504757450984,0.75,1.5789472878256714
2012,11789.0625,0.38515056028302636,2.510773740950574,1.9504557058102148
2013,11794.921875,0.7457054418971822,6.432472232146461,6.091704276361745
2014,11800.78125,0.9652783668416928,4.291026159296807,3.9340214948652834
2015,11806.640625,0.7913539589720057,2.842940642224556,2.392176671791252
2016,11812.5,0.9152368677729669,5.569062190573608,4.548567664084806
2017,11818.359375,0.9806924305279655,3.547370422081151,3.0329410754702386
2018,11824.21875,0.9246184557209993,3.091121264592359,2.450259853922896
2019,11830.078125,0.7019458511209482,3.9187271295396675,3.0023389348244263
2020,11835.9375,1.1722166579702058,3.6895393369213734,3.1776350221519496
2021,11841.796875,1.1274141669489577,4.668517881667437,4.095596931860783
2022,11847.65625,0.7505917446033273,3.234705940994261,2.7047178798246336
2023,11853.515625,0.6705942189547061,4.086551137985579,3.4645275180371375
2024,11859.375,0.7453778013222165,3.4062020972641287,2.8203002309389267
2025,11865.234375,0.7399847860771973,4.89357569956343,3.683309640431835
2026,11871.09375,0.4682689499836011,2.457927743976326,1.9255058436864874
2027,11876.953125,0.28386422167556963,1.822844122738223,1.5249556069420445
2028,11882.8125,0.1511393071710501,0.7980370885112178,0.9920050073797032
2029,11888.671875,0.3964463791600122,1.9590162212893998,1.6085982468166042
2030,11894.53125,0.3730389670878532,1.6743631646735244,1.6633581503580888
2031,11900.390625,0.25812091739814036,1.4200007162314652,1.4449218418245902
2032,11906.25,0.7325889928254848,3.5456803753806962,3.2799068558549553
2033,11912.109375,1.0747804877335523,5.084072439483685,4.4918187644373395
2034,11917.96875,0.6922977651591989,3.2510565748253035,2.875670789424839
2035,11923.828125,0.7823383492260075,4.027642043926243,3.1434289253438594
2036,11929.6875,1.2037206264728972,8.121264749037408,6.33991190355621
2037,11935.546875,1.1761973546282525,4.946544125666801,3.867023370517228
2038,11941.40625,0.9540516816104856,4.886523062409045,3.3898315577321587
2039,11947.265625,0.9841308147657256,6.731723908621123,5.210086141155715
2040,11953.125,0.8020305450266921,3.0897309675370837,2.630273182215303
2041,11958.984375,0.8041739395757382,3.473864567930345,2.9049884714793484
2042,11964.84375,0.7920891529391023,3.768326926693277,2.7794727166073088
2043,11970.703125,0.24392818928311408,0.7955896222910506,0.6519644311090264
2044,11976.5625,0.728697762964322,2.924269869030251,2.2350294843633582
2045,11982.421875,0.7097734891645348,3.55976925371872,3.032499505671658
2046,11988.28125,0.402941408464989,3.1567710852233812,2.6168609287166675
2047,11994.140625,0.2797266944910492,1.2601351557095724,1.3923789396964585
2048,12000.0,0.3084951850751961,1.7150578013060385,2.117760990025291
2049,12005.859375,0.3564616852782037,3.6005147497178203,3.063205574743503
2050,12011.71875,0.3627403927177041,2.604613839302425,3.484390103895939
2051,12017.578125,0.618090948778069,3.1970314920405585,3.177118024739343
2052,12023.4375,0.8599594851300661,5.533251148948323,5.660125292940533
2053,12029.296875,0.5786429401027492,2.7275901846294026,2.9342693718925643
2054,12035.15625,0.6967003328764286,2.0817414649885664,2.0080597263105004
2055,12041.015625,1.0330259588103352,3.3171367543516093,3.118663766517764
2056,12046.875,0.8882839931724341,3.426414843603662,3.490105300906823
2057,12052.734375,1.3109781739097632,5.145048122026343,4.6606264606708345
2058,12058.59375,1.4260471333863602,4.8532751572493735,4.609261127609196
2059,12064.453125,0.7310227730566832,2.149855101490807,2.112668723303609
2060,12070.3125,1.10284007977837,4.6774826357473,4.393696881811453
2061,12076.171875,1.3668698140135114,6.154104914044767,5.910952033767585
2062,12082.03125,1.1783318444928204,6.219651875237018,5.903664779868987
2063,12087.890625,0.9250437748240706,7.766462968115315,7.080125843918605
2064,12093.75,0.3744076655757558,2.3520664489729683,2.308275503698537
2065,12099.609375,0.5262108693048152,2.7843439113350357,2.295469633323305
2066,12105.46875,0.7526037163948093,3.4817693412397417,3.154761532768906
2067,12111.328125,0.21810930813182391,0.8884887150993318,0.9991382452097805
2068,12117.1875,0.3594610973930824,1.3351166630402036,1.0758913753387822
2069,12123.046875,0.5028061135278331,1.3626618587941313,1.2430722370561644
2070,12128.90625,0.5095391653966581,1.6672755272244328,1.5450018953984657
2071,12134.765625,0.2951766487725404,1.0628623155223216,1.4976038367839393
2072,12140.625,0.6044081986802352,2.2190388369263516,2.6426562875085087
2073,12146.484375,0.586179828477224,1.6016688164378698,1.9491957603813874
2074,12152.34375,0.762746431965214,3.467874493182315,3.1077020627052385
2075,12158.203125,0.4649201140261045,1.577421810256987,1.4125367567659703
2076,12164.0625,0.5131480524339596,2.0432388846378586,1.9742342577313585
2077,12169.921875,0.9699772513613988,4.541325973156388,3.9555185992084945
2078,12175.78125,0.9878694076920035,3.878639529409873,3.269048440387504
2079,12181.640625,1.0199063609719141,3.6395384028316613,3.0090452990257845
2080,12187.5,1.1101997305829694,3.5383551524262637,3.0194639557061334
2081,12193.359375,0.8680797767123425,3.715938859809287,3.4072826037633677
2082,12199.21875,0.8175866326460034,2.7199067202782876,2.7852303792268724
2083,12205.078125,0.6410813944744355,3.4946795194105693,3.579097318723001
2084,12210.9375,0.6656613734811796,3.333380155811705,3.1196551245463575
2085,12216.796875,0.8940918937280897,3.1770500100403156,2.569588517482387
2086,12222.65625,0.4120847960461161,1.2422759141424695,0.9995712737066305
2087,12228.515625,0.6481601774282933,1.786331019751593,1.4464995887228158
2088,12234.375,0.6636451495288144,1.671248692062826,1.5175978087304056
2089,12240.234375,0.3952035409953508,1.0839285053333727,1.1159629153731272
2090,12246.09375,0.3139039526514748,0.8793293431960485,1.04477318612162
2091,12251.953125,0.3705949960168896,1.0171599113510812,1.0370410754536665
2092,12257.8125,0.3515526898550152,1.077638546474441,1.288317132894226
2093,12263.671875,0.45793941579971253,1.4368581882013933,1.3906278094743374
2094,12269.53125,0.052703127913972386,0.75,2.5319601225235964
2095,12275.390625,0.28298934896026123,0.898882608134544,0.9357682637821668
2096,12281.25,0.3428685374284516,1.2696429902805084,0.9279931728134151
2097,12287.109375,0.25478359511946863,1.4413404483576209,1.2338944379519592
2098,12292.96875,0.6884996967220066,3.4737777174013242,3.333575921009035
2099,12298.828125,0.7102485606176565,2.540312315760799,2.457498644390352
2100,12304.6875,0.5059416099352222,1.8054723751546238,2.094089005998487
2101,12310.546875,0.5964583217649643,2.4970025695650353,2.5562964983034964
2102,12316.40625,0.6825346807469809,2.8738381209750092,2.8989251378678955
2103,12322.265625,0.7914109468267692,3.4610672060439085,3.3699938785340326
2104,12328.125,0.9003815633342228,3.3792539017365257,3.317083094843455
2105,12333.984375,0.7152395286829352,1.9274266370244302,2.111678545778838
2106,12339.84375,0.46915422403017604,1.8190574936707735,2.000595716346501
2107,12345.703125,0.5295574491823997,1.3497802359607187,1.3595212032838098
2108,12351.5625,0.3483840338943446,1.0257667839566227,1.1949441996095373
2109,12357.421875,0.17124927872894927,0.75,1.0031532063860285
2110,12363.28125,0.11828261891079293,0.75,2.1440294994252604
2111,12369.140625,0.15934743978130858,0.75,1.6448696363718969
2112,12375.0,0.3552363127753238,1.2235801287216943,0.8252670783033536
2113,12380.859375,0.18839218536793087,0.75,1.2441107311827617
2114,12386.71875,0.560042876145901,1.2462958426098734,1.3779624525139285
2115,12392.578125,0.7165628900611394,2.707679951711154,2.4068372638691957
2116,12398.4375,0.45288682619106013,2.1457776512957993,2.0937662265680426
2117,12404.296875,0.6448380623136131,2.1823128956766067,2.31157070275093
2118,12410.15625,0.709953369333117,3.1380838789810355,3.48584339776823
2119,12416.015625,0.7137941349985604,3.638816486492618,3.6401715274766464
2120,12421.875,1.0214713276904135,4.550313655272814,4.312015749370133
2121,12427.734375,0.9641250497742644,4.662974347777599,4.426295300798619
2122,12433.59375,0.36828281166296145,1.8384829402205685,1.5854762936870146
2123,12439.453125,0.6316779112488315,2.9880822052814535,2.0469089631727844
2124,12445.3125,0.5107274937297464,2.220463615154478,1.963763887645184
2125,12451.171875,0.2521797752313983,1.2038126028185123,0.8319999854478516
2126,12457.03125,0.517598385582646,2.284925683595526,1.4434032357479052
2127,12462.890625,0.08458951143007741,0.75,2.0998411055046122
2128,12468.75,0.4434907634792069,1.6023456154520206,1.029325130442845
2129,12474.609375,0.41049383070050083,1.796380198366966,1.1594385990125022
2130,12480.46875,0.06435059962066525,0.75,3.861926187102351
2131,12486.328125,0.5154436271304704,1.620634555676369,1.8002268588702182
2132,12492.1875,0.5445572600144403,1.9998089807631776,1.8836373213307624
2133,12498.046875,0.4318849387948714,1.3633603928339701,0.969037833911346
2134,12503.90625,0.11164565604311096,0.75,1.5751986746994537
2135,12509.765625,0.36712351200486604,1.7588149516943044,1.9114691092798577
2136,12515.625,0.5412733763254259,3.180683884386636,2.8176548529593863
2137,12521.484375,0.5811090356007679,2.683589895399003,2.309181421728374
2138,12527.34375,0.07248053082604529,0.75,1.2293069920396142
2139,12533.203125,0.3237819434251547,1.9177913056016207,2.1064280948487544
2140,12539.0625,0.5831274064133614,2.5047655737642147,2.304408383895022
2141,12544.921875,0.5129501719728302,3.486639309556379,3.0957939069593556
2142,12550.78125,0.10983298629075594,0.75,1.673240428501604
2143,12556.640625,0.35659325032307027,1.7288480759777491,1.743922258307616
2144,12562.5,0.42546366240111616,1.778893421942023,1.4737823377790316
2145,12568.359375,0.3602567432245921,1.7246467413230109,1.7233791491338413
2146,12574.21875,0.3212056337028474,1.735322770203219,1.7627427679831214
2147,12580.078125,0.440414954385099,1.378335910224831,1.5352825551464688
2148,12585.9375,0.5377794764476486,1.8999583482303253,1.6877483342480828
2149,12591.796875,0.3201737693726191,1.6580744145770248,1.0011400360067753
2150,12597.65625,0.12493378691856737,0.8040459985863733,1.538920264217204
2151,12603.515625,0.21185223968243,0.75,1.0593719112401165
2152,12609.375,0.08378579040388744,0.75,1.4611949202150163
2153,12615.234375,0.05328408387065436,0.75,1.7221174875778327
2154,12621.09375,0.4305894965209868,2.998263012933318,2.53512256222435
2155,12626.953125,0.48096458749187077,2.305673472205817,2.2892117663179476
2156,12632.8125,0.8134003277258464,2.9252017941526005,2.9009308642600216
2157,12638.671875,0.6978205468571635,2.623491555717003,2.5177213531212335
2158,12644.53125,0.465847968920557,1.9916718526660822,1.9839424638287548
2159,12650.390625,0.4836126598858825,2.076120014331802,2.159565080469566
2160,12656.25,0.6170714641503106,3.115670246055854,3.343450929819548
2161,12662.109375,0.7846837425384571,3.9485621187101025,4.166524305603873
2162,12667.96875,0.7023192696245708,2.770447761439452,2.815506449559577
2163,12673.828125,0.607822794208977,2.7700677903062516,2.780075939683836
2164,12679.6875,0.6986901366693306,2.819058390559591,3.147643679242412
2165,12685.546875,0.7239042482686756,3.4597430936445006,3.7170582477747427
2166,12691.40625,0.6363586144433574,2.5059409468479483,2.2263801294394825
2167,12697.265625,0.20062772512714516,1.4292349052746536,1.437613485039634
2168,12703.125,0.375071280274101,2.4332752894786625,2.710403253946764
2169,12708.984375,0.5661856186112324,3.726471128652686,3.1821509104679757
2170,12714.84375,0.4682179923449598,3.6395547463736966,2.9828078050002444
2171,12720.703125,0.31806065440322656,2.215284862927717,1.4585044707715427
2172,12726.5625,0.3844706609970964,3.8151508891744412,3.0389670579032138
2173,12732.421875,0.39520110470222014,2.596051520450142,2.3179527108596623
2174,12738.28125,0.32112475595533957,1.702773000560585,1.5932529573305811
2175,12744.140625,0.44789470806868475,3.5643502754082936,3.304131652527802
2176,12750.0,0.5294552602644532,3.4710381850677337,3.161203137023804
2177,12755.859375,0.49722054137024696,2.3384545321672485,2.0723245989436787
2178,12761.71875,0.23761603872841922,1.0178216764021586,1.0603565310393646
2179,12767.578125,0.38303747488525075,2.1974961041884207,1.7524341380566644
2180,12773.4375,0.4507880236089412,2.9447044277921455,2.890718176921722
2181,12779.296875,0.2552090432325384,1.8653828850935736,1.9346959895483005
2182,12785.15625,0.07771561420132726,0.75,1.6032199839715875
2183,12791.015625,0.1934319895423739,0.8110023339024945,0.509625966482335
2184,12796.875,0.4711315169729877,2.7559837640170803,2.240701884963906
2185,12802.734375,0.42630161932317295,2.5691308928119243,2.4049126827909784
2186,12808.59375,0.2426336226858636,1.665733721685034,1.3974577835989035
2187,12814.453125,0.020273097609731814,0.75,3.1908581631243442
2188,12820.3125,0.24068257689962033,2.145814707755147,1.5038671475457415
2189,12826.171875,0.223263961533146,1.5669709073519773,1.450157870299179
2190,12832.03125,0.24531060513918723,1.2355644031273956,1.3844773621248327
2191,12837.890625,0.20592596067126478,1.3554977572408313,1.624366781981306
2192,12843.75,0.27379278833811777,2.5806047325911075,2.4850046817559424
2193,12849.609375,0.2141085888378896,1.6737057539760363,1.483792309418789
2194,12855.46875,0.37932607886944547,3.553822213580678,3.3387584585431775
2195,12861.328125,0.2709509707104574,2.2683427708916213,2.337180122791527
2196,12867.1875,0.07814267684046419,0.75,1.0162400381759449
2197,12873.046875,0.3815991858978877,2.3858685613889588,2.058610395430436
2198,12878.90625,0.49141618691274114,3.3959939312032845,2.9816200223459197
2199,12884.765625,0.25340299012562567,2.264314368863511,2.0463437867353145
2200,12890.625,0.1762074441184285,1.7353756760975854,1.2908210143463956
2201,12896.484375,0.2740204206949663,1.980319914982229,1.2836953204623556
2202,12902.34375,0.27371937748274655,1.7802502319063778,1.1966829166393689
2203,12908.203125,0.3155902591677043,2.1968433965332945,1.4085117204683035
2204,12914.0625,0.1042268012799793,1.1127797554881846,1.3207268508208436
2205,12919.921875,0.37687074340402754,3.1622432956193736,2.7707847171798257
2206,12925.78125,0.52667317075187,4.092101204796937,3.443532289669285
2207,12931.640625,0.35797942174099806,3.1477610424044675,2.792079414971358
2208,12937.5,0.27004929676377626,2.88863137144452,2.062382870780723
2209,12943.359375,0.2852286325046097,1.961428946339785,1.2136509815863696
2210,12949.21875,0.049165527511083454,0.75,2.0057729904507595
2211,12955.078125,0.23016315311948712,1.8578810858434642,1.5440054379363817
2212,12960.9375,0.1135509425365477,0.75,0.736521218335332
2213,12966.796875,0.2119986862341703,1.650706468933409,1.4857291693123096
2214,12972.65625,0.25412830206796444,2.3226007564033075,2.823329456937758
2215,12978.515625,0.3817120130488259,2.652702864654199,2.765344746940643
2216,12984.375,0.35928405699643157,4.0340016701155745,3.7232554455329834
2217,12990.234375,0.29938119618933917,2.5776351116239145,1.9071470729050717
2218,12996.09375,0.17648173063675143,2.3145444261315555,2.073854653195182
2219,13001.953125,0.31644959059093536,2.3205525009253996,1.8659627343348242
2220,13007.8125,0.20783477641914147,1.314853912634715,1.075774774578335
2221,13013.671875,0.2776690230801071,1.6413485495581273,1.4487850895265724
2222,13019.53125,0.3508198436186065,3.537374842688643,3.0940839003575844
2223,13025.390625,0.4204146826867632,2.7120112936518446,2.83272646105841
2224,13031.25,0.21606330006521224,1.466065479783027,1.5029827353663734
2225,13037.109375,0.06189369063698271,0.75,0.9756134404205499
2226,13042.96875,0.3189153356633886,2.3219477338951067,2.402119786678738
2227,13048.828125,0.5116619719651334,3.0109394704697365,2.856090366072652
2228,13054.6875,0.513918986236552,3.959058146111178,3.3186311861309994
2229,13060.546875,0.29499977426303653,1.9407916178783646,1.4665899350009768
2230,13066.40625,0.2552682690316463,1.262157072850179,1.5065030128852608
2231,13072.265625,0.5056083985524148,2.675532355275038,2.754390727466043
2232,13078.125,0.4505882949542673,2.9114904012480123,2.6579044740352478
2233,13083.984375,0.25125810731419845,2.492904076224264,1.9682576133138752
2234,13089.84375,0.30314498888844627,1.884770840369585,1.5582601572712276
2235,13095.703125,0.24953648498560538,1.8807926379837658,1.9536494482352367
2236,13101.5625,0.06791193311026199,0.75,1.215892147246021
2237,13107.421875,0.24269289123245605,2.134605749911553,1.9269207840914888
2238,13113.28125,0.299273419972775,1.9765659400280327,1.6972075681206675
2239,13119.140625,0.23364631748246303,1.8758436103567204,1.5439290410700606
2240,13125.0,0.0974482576895412,0.9191525746402167,1.3115438462398101
2241,13130.859375,0.2550872007352496,1.6212148557570978,1.4603103065434107
2242,13136.71875,0.3698548144584535,2.5894434965671826,2.3151532134284176
2243,13142.578125,0.5358231996510768,3.217966191237233,2.6538619973214668
2244,13148.4375,0.20771669531816675,1.2355048683591872,1.1440095740620462
2245,13154.296875,0.34566008181739755,3.1704143403264102,2.7212309152451426
2246,13160.15625,0.3605212979753571,3.42643430230404,3.0046167366459913
2247,13166.015625,0.3259723636588548,2.602486157449916,2.2420470342597025
2248,13171.875,0.2760292234617562,1.8041527698222524,1.7618868818563889
2249,13177.734375,0.28567622906107454,1.4338430773264927,1.4445307502483982
2250,13183.59375,0.14326725635315302,1.1831932796370763,1.282167588115992
2251,13189.453125,0.050458013113557645,0.75,1.7194031656757716
2252,13195.3125,0.08760375234491921,0.75,0.9762378224719117
2253,13201.171875,0.0481771997171532,0.75,1.6676664776509198
2254,13207.03125,0.2114012949449415,2.052500980037843,2.0154524587204588
2255,13212.890625,0.31729442820003945,2.719511223713415,2.2731324185914357
2256,13218.75,0.1960795498795758,1.7580553752113792,1.8042008903538151
2257,13224.609375,0.039679127423460504,0.75,1.472855002324637
2258,13230.46875,0.0138704373111252,0.75,5.683226270809791
2259,13236.328125,0.1750378078666243,1.6749820943308054,1.538497536110781
2260,13242.1875,0.34983383880594915,2.395622080722881,2.0785206578397744
2261,13248.046875,0.32242060937958633,1.8568761211203364,1.438288533903865
2262,13253.90625,0.3431678591697823,2.3946924272604795,1.6512428722641945
2263,13259.765625,0.15434590929384936,1.4270573080270768,1.1027349933232584
2264,13265.625,0.15973979605052477,1.4842310039133821,1.5498514392377842
2265,13271.484375,0.262782546855679,2.219288321332402,2.1751951946970824
2266,13277.34375,0.22319194043059074,2.1126559806001977,2.1506918070462184
2267,13283.203125,0.1195104565958267,1.0188404323650013,0.9209040111489822
2268,13289.0625,0.07010751680031943,0.75,1.2667264910104183
2269,13294.921875,0.08841686434001847,0.75,0.9559313696489029
2270,13300.78125,0.11185284318971166,1.0208830894665035,1.047439607451674
2271,13306.640625,0.14201205466217104,1.047980128196468,1.0584629501157246
2272,13312.5,0.12952539404842126,0.8735556773712281,1.2772819111402125
2273,13318.359375,0.13970686868398968,1.2649268564336933,1.562372224260447
2274,13324.21875,0.12179765834390374,1.1521632883758766,1.5109793123079687
2275,13330.078125,0.24736700029646339,2.7526830210055704,2.3377644465376806
2276,13335.9375,0.34028328071571445,3.246458896027027,2.9073646472466517
2277,13341.796875,0.39650268931906224,2.219210781462605,2.0120802302708167
2278,13347.65625,0.21004031946383292,1.4058198495759764,1.479227759290929
2279,13353.515625,0.12709482224450203,1.2903151861544369,1.3916269271741826
2280,13359.375,0.25176697072711707,1.5046240948794454,1.366151988538874
2281,13365.234375,0.15597988066518684,1.0553365497133236,0.9785509877787092
2282,13371.09375,0.205439324185732,2.324177644648817,1.4821521937361777
2283,13376.953125,0.12301696423232121,1.4947884459371599,1.898829524679099
2284,13382.8125,0.123151043428332,1.1065291888662547,1.0949904106435775
2285,13388.671875,0.05801548684102995,0.75,1.1428665733655605
2286,13394.53125,0.14126004799427033,1.6225683312360752,1.6722179115088769
2287,13400.390625,0.3776930329529903,2.00993975011898,1.5411130715834827
2288,13406.25,0.17474062046319586,1.2405773585456612,1.1004637130228128
2289,13412.109375,0.1704518328689297,1.5170814203801637,1.3893738608781947
2290,13417.96875,0.1636412148266101,1.7643938567294768,1.5625475814068202
2291,13423.828125,0.040342062682374516,0.75,1.3612375578145448
2292,13429.6875,0.16588357079522895,1.446967676760769,1.6498598643307456
2293,13435.546875,0.17955450572887255,1.7972905517619377,2.14831464321764
2294,13441.40625,0.16049572425141556,1.2527864689919914,1.4190147543506924
2295,13447.265625,0.2259168421979756,1.7781373602615145,1.7643078365563716
2296,13453.125,0.46545096210454523,3.0930987526824163,2.6673937546607034
2297,13458.984375,0.43700772851549063,4.038668427322534,2.9891352764000576
2298,13464.84375,0.09047082973036888,0.7732713937732252,1.0412718269752574
2299,13470.703125,0.29633874463339227,2.1936548484990093,2.0979269070549664
2300,13476.5625,0.23056164487576497,2.022768227198343,1.7253816755522526
2301,13482.421875,0.30477956320945976,2.560080359031102,2.5203722167302023
2302,13488.28125,0.5035602669384547,4.584545400135685,3.7340114535977027
2303,13494.140625,0.4701618049191421,5.268923667638164,4.441551516909893
2304,13500.0,0.25307262562862404,2.8645972882339934,2.050255395310178
2305,13505.859375,0.053005610556698356,0.75,1.2058521343885436
2306,13511.71875,0.13039934319384858,1.1340333433772534,1.1530974034145023
2307,13517.578125,0.1207014032014956,1.1453110984057107,0.9604416534245054
2308,13523.4375,0.18909858102413588,1.9202638411611472,1.5699166325494711
2309,13529.296875,0.2432167232745402,1.9725403429620525,1.5166052393826177
2310,13535.15625,0.2542475172452981,2.8652742799987414,2.107986975542755
2311,13541.015625,0.2430430625386856,3.2814698089439758,1.9355586744571043
2312,13546.875,0.26598894698439873,2.9597297814049988,2.488721240734773
2313,13552.734375,0.47303639767524985,2.798297225234624,2.7153176528338916
2314,13558.59375,0.6085758110306527,2.446950161791355,2.255328991842468
2315,13564.453125,0.38748125291090607,2.540523908307555,2.1124386480968576
2316,13570.3125,0.04742238676440939,0.75,1.2166670694473989
2317,13576.171875,0.27726408805458075,2.408235352044291,2.631366079660347
2318,13582.03125,0.40146412348323196,2.506713855096188,2.661748698382415
2319,13587.890625,0.3544844264852077,2.99053230211104,2.6464900233207103
2320,13593.75,0.08860072497851479,1.0774470444896675,1.174623719319258
2321,13599.609375,0.156106782122529,1.9525847872698727,1.6366902977363544
2322,13605.46875,0.2424464091698188,2.13639562958042,1.6312227466475093
2323,13611.328125,0.21550142547050347,1.5475918906714607,1.3788020071285076
2324,13617.1875,0.12406248528220605,1.7006117096175695,1.7018310328495572
2325,13623.046875,0.3143244455137879,3.069729816041662,2.5561332479648176
2326,13628.90625,0.34910421066392233,2.239352317006123,1.998949857068539
2327,13634.765625,0.2904984635167569,3.2365550145104347,2.8370782307336
2328,13640.625,0.14248635779026908,1.523794088067648,1.4831373189437311
2329,13646.484375,0.11934342522992444,1.3143859945705159,1.330657788646265
2330,13652.34375,0.33799600184131495,3.7955038441212796,3.169015602074731
2331,13658.203125,0.29700004141168945,2.5517548467005895,2.2962941377659165
2332,13664.0625,0.12798703698958097,1.6676641988667593,1.575103631164541
2333,13669.921875,0.3247526671511427,3.880463370165802,3.3945881071999824
2334,13675.78125,0.24500451551251348,3.153378457143228,3.259903570787818
2335,13681.640625,0.15299553761027004,1.359992958161684,1.7167504366217115
2336,13687.5,0.4620923395270388,3.3370684162220963,3.3515012742942294
2337,13693.359375,0.355536283202487,2.9061821582870824,2.9934940093210423
2338,13699.21875,0.4938528972816717,4.22001416523373,3.5610232502174086
2339,13705.078125,0.611320900928479,4.3316335760956886,3.742018114365029
2340,13710.9375,0.4923426974402457,4.273472661129897,3.7517528299258682
2341,13716.796875,0.43078289800502323,3.6897290493617647,3.1582775169754482
2342,13722.65625,0.26780743074969937,2.832674935179347,2.5036947048988973
2343,13728.515625,0.16395002474974776,1.9311229481691563,1.8391307822184262
2344,13734.375,0.18193966779276594,2.0819478775813263,1.659789729680993
2345,13740.234375,0.06967808088346451,0.9657407863095848,1.4135920756562357
2346,13746.09375,0.25032569756822015,2.308124610679068,1.9879453506327074
2347,13751.953125,0.30935087373869097,2.288502168588211,2.1648653512441
2348,13757.8125,0.21040189036762397,1.6977123058332266,1.8130320907014952
2349,13763.671875,0.07668514557796846,0.75,0.8895159954472693
2350,13769.53125,0.08109432502724588,0.8724602641799771,1.1137740606851614
2351,13775.390625,0.25413142814638107,2.43590045202115,2.5125786414541214
2352,13781.25,0.1505531325080112,1.2665183832744362,1.042972910126917
2353,13787.109375,0.22728884368218677,2.1433036607101674,2.3019280518345293
2354,13792.96875,0.375031849886701,5.822476817615306,5.157334329649914
2355,13798.828125,0.34000294210999465,5.399107171546366,4.714851975974287
2356,13804.6875,0.1887456404876154,2.975296435467049,2.550269962592285
2357,13810.546875,0.32899891343182874,3.1010288884051502,2.6137037401290413
2358,13816.40625,0.5490364533464489,4.298554697968461,3.976639332930145
2359,13822.265625,0.6027277911631939,3.9470847384800596,3.372965775702353
2360,13828.125,0.5080695249478149,5.448101916155099,4.351167124340457
2361,13833.984375,0.22726865217238434,2.8002652345030223,2.123975657380021
2362,13839.84375,0.2215330612226305,2.532995914984594,2.4329734397451936
2363,13845.703125,0.39974003662769736,3.7018092988765727,3.015618718986672
2364,13851.5625,0.3934993641427843,3.029930366295089,2.808158977778778
2365,13857.421875,0.3092045455500253,2.7651109882031077,2.532856541810474
2366,13863.28125,0.2464537838932272,2.225191056561947,2.131273182837177
2367,13869.140625,0.2538282678096315,2.1548614406282818,1.8645954051750786
2368,13875.0,0.21902694594354327,1.5125147901506697,1.0365430425897526
2369,13880.859375,0.42230822367149407,2.849221124103148,2.1406128098752495
2370,13886.71875,0.3936763497647954,3.8582806145400648,3.0906048067335368
2371,13892.578125,0.24935963056765528,1.9885860476683117,1.6570113952676548
2372,13898.4375,0.32684955368625496,3.0308642587754324,2.4309392272312587
2373,13904.296875,0.16157069460965584,1.9061882406815625,1.4098890416023677
2374,13910.15625,0.07858634799496904,1.0949358570781316,1.7663601525166788
2375,13916.015625,0.1535091224197499,1.7086870327363237,1.6710788702299217
2376,13921.875,0.14494225914684686,1.5679129909854712,1.1994088349638006
2377,13927.734375,0.3763127228106294,3.3889632695812213,2.6342813387126687
2378,13933.59375,0.3816973622700395,3.176558712706077,2.5661593176014534
2379,13939.453125,0.23363862084467985,2.856946319677183,2.0515795453809487
2380,13945.3125,0.0731821289254853,0.7709584813449007,0.9854837164924104
2381,13951.171875,0.1385073153730953,2.1152314357612783,1.5539798434372687
2382,13957.03125,0.04190906826034565,0.75,1.5934798292521846
2383,13962.890625,0.07073603938176017,0.75,1.3894462701725216
2384,13968.75,0.11375195935932902,1.1107505119572547,1.5409161634634174
2385,13974.609375,0.2379417321218961,2.005690007102926,2.081148740274949
2386,13980.46875,0.23272052150834988,2.7431154087226,2.610967291886772
2387,13986.328125,0.2758295251393276,4.267790537894427,3.151033469384849
2388,13992.1875,0.22931420251113607,3.2867326965656254,3.042713600702378
2389,13998.046875,0.22015254558649255,2.316961314878145,2.181698391232094
2390,14003.90625,0.29036363167958834,3.81540454824492,3.544648025427319
2391,14009.765625,0.33868338749843907,5.316274044998182,4.706323388718933
