bin,freq_hz,abs_h,training_noise,mean_abs_llr
400,2343.75,15.878425380574603,12.0,12.000089578110282
401,2349.609375,15.87843169214207,12.0,12.000041934512495
402,2355.46875,15.878587901725492,12.0,11.999979140565463
403,2361.328125,15.878547591132298,12.0,12.00001059205526
404,2367.1875,15.878529595374594,12.0,11.99998008319512
405,2373.046875,15.878460384855018,12.0,12.000039619993006
406,2378.90625,15.878422866669531,12.0,12.000068403425624
407,2384.765625,15.878800892958093,12.0,11.99979344417817
408,2390.625,15.87835079197834,12.0,12.000089096081775
409,2396.484375,15.878637017959282,12.0,11.99987353092378
410,2402.34375,15.878379721668605,12.0,12.00004379701091
411,2408.203125,15.878377993339287,12.0,12.000040046306344
412,2414.0625,15.87854269737437,12.0,12.000033157885289
413,2419.921875,15.878587272938994,12.0,11.999984363903677
414,2425.78125,15.87857408503347,12.0,11.99996810426755
415,2431.640625,15.878701945235042,12.0,11.999863649914339
416,2437.5,15.878403272776243,12.0,12.000077477783497
417,2443.359375,15.878386108483703,12.0,12.000162431804245
418,2449.21875,15.87831632112989,12.0,12.000103617321228
419,2455.078125,15.878581234513405,12.0,11.999950344833723
420,2460.9375,15.878712512960792,12.0,11.999806320332
421,2466.796875,15.878716942981944,12.0,11.999853018603966
422,2472.65625,15.878313955062772,12.0,12.000191246979062
423,2478.515625,15.878319682170941,12.0,12.000190053569023
424,2484.375,15.87862891945421,12.0,11.99992296422489
425,2490.234375,15.878362115678573,12.0,12.000123271264457
426,2496.09375,15.878640193431712,12.0,11.999929701982134
427,2501.953125,15.87841272545564,12.0,12.00009104375923
428,2507.8125,15.87876327061876,12.0,11.999817178227968
429,2513.671875,15.878609434712143,12.0,11.99993217423504
430,2519.53125,15.878427520110506,12.0,12.000091539049913
431,2525.390625,15.878613823835126,12.0,11.999938689989031
432,2531.25,15.87845602027629,12.0,12.000034345809569
433,2537.109375,15.878530535581044,12.0,12.00001606577576
434,2542.96875,15.878387379331175,12.0,12.000047082646
435,2548.828125,15.878343824861199,12.0,12.00019697271697
436,2554.6875,15.878466258172297,12.0,12.000014823107074
437,2560.546875,15.878440772923613,12.0,12.000078997527169
438,2566.40625,15.878503380622337,12.0,12.000014326426992
439,2572.265625,15.878436818533858,12.0,12.000073961650344
440,2578.125,15.878533818819484,12.0,11.999933689318
441,2583.984375,15.878402331047258,12.0,12.00015150147334
442,2589.84375,15.87848544323447,12.0,12.000045473065047
443,2595.703125,15.878528685892652,12.0,12.000008358253016
444,2601.5625,15.87852959446107,12.0,11.99999157263842
445,2607.421875,15.878199302714098,12.0,12.000230225675374
446,2613.28125,15.878493580198262,12.0,11.999987977975861
447,2619.140625,15.878374493373247,12.0,12.000143822068964
448,2625.0,15.878670985332631,12.0,11.999859825912978
449,2630.859375,15.878396640701387,12.0,12.000119656898132
450,2636.71875,15.878451842059667,12.0,12.000091876746799
451,2642.578125,15.878488578867286,12.0,12.000050503715821
452,2648.4375,15.878723443301153,12.0,11.999856976041821
453,2654.296875,15.878419808238895,12.0,12.00012719461665
454,2660.15625,15.878533019816603,12.0,12.000082127418933
455,2666.015625,15.878549427557463,12.0,11.999940792221281
456,2671.875,15.87889537039447,12.0,11.999741616039524
457,2677.734375,15.878686305246578,12.0,11.999863971148159
458,2683.59375,15.878396983889305,12.0,12.000155539687013
459,2689.453125,15.878453979998906,12.0,12.00001908694473
460,2695.3125,15.87857724944379,12.0,12.00002338916104
461,2701.171875,15.878404037345824,12.0,12.000079864913115
462,2707.03125,15.878723765682883,12.0,11.999880607400838
463,2712.890625,15.878533526078908,12.0,12.000031512677586
464,2718.75,15.87852984347342,12.0,11.999931620230587
465,2724.609375,15.878804671573416,12.0,11.999802988967094
466,2730.46875,15.878608675420455,12.0,11.999892517597718
467,2736.328125,15.878501135074984,12.0,12.000016180092477
468,2742.1875,15.87823734310697,12.0,12.000259846750815
469,2748.046875,15.878665153202506,12.0,11.999872171121568
470,2753.90625,15.878651366775507,12.0,11.999891148986205
471,2759.765625,15.878482121021694,12.0,12.000028152003162
472,2765.625,15.878447854826051,12.0,12.00004122694049
473,2771.484375,15.878580811095818,12.0,11.999992754930751
474,2777.34375,15.87823679710855,12.0,12.000199319447212
475,2783.203125,15.878564989599775,12.0,11.999991103991706
476,2789.0625,15.878550738349572,12.0,12.000004138614456
477,2794.921875,15.878593350726815,12.0,11.999946641590054
478,2800.78125,15.878665294155436,12.0,11.999875719925472
479,2806.640625,15.878548720603543,12.0,11.99998103509905
480,2812.5,15.878684113701583,12.0,11.99984354243847
481,2818.359375,15.87861399526356,12.0,11.999962560818267
482,2824.21875,15.878353086781702,12.0,12.00016703278043
483,2830.078125,15.878554195893397,12.0,11.99985460925469
484,2835.9375,15.878485724537018,12.0,11.999998856473912
485,2841.796875,15.878591971119752,12.0,11.999953063031805
486,2847.65625,15.878517550410516,12.0,12.000027790979175
487,2853.515625,15.878560790985633,12.0,11.999963398013538
488,2859.375,15.878838001471316,12.0,11.999753411549191
489,2865.234375,15.878265866840517,12.0,12.000158972048126
490,2871.09375,15.878491867654933,12.0,12.000023106029625
491,2876.953125,15.87867143551678,12.0,11.999862384573355
492,2882.8125,15.878367393534996,12.0,12.000039934667983
493,2888.671875,15.878348539998532,12.0,12.00013287176039
494,2894.53125,15.878599370635662,12.0,11.999922365535967
495,2900.390625,15.878470962171665,12.0,12.000040764941797
496,2906.25,15.87866668409681,12.0,11.999849461683228
497,2912.109375,15.878401985064594,12.0,12.000079478066509
498,2917.96875,15.878572439974375,12.0,11.999960245659777
499,2923.828125,15.87839975027696,12.0,12.00009346897384
500,2929.6875,15.878457665761447,12.0,12.000061160820444
501,2935.546875,15.878413326388293,12.0,12.00012688449771
502,2941.40625,15.87857812835626,12.0,11.999975762150807
503,2947.265625,15.87854261982306,12.0,11.99997926672813
504,2953.125,15.878826081367716,12.0,11.999766012579848
505,2958.984375,15.878601266590318,12.0,11.999915094275998
506,2964.84375,15.878341531230177,12.0,12.000115669996122
507,2970.703125,15.878628699386265,12.0,11.999911900244674
508,2976.5625,15.878557487383164,12.0,11.99998715744755
509,2982.421875,15.878621543124847,12.0,11.999924932385989
510,2988.28125,15.878244249869027,12.0,12.000219894492368
511,2994.140625,15.878344267973214,12.0,12.000113901038597
512,3000.0,15.878364555753182,12.0,12.000083394396782
513,3005.859375,15.878640808638066,12.0,11.999919736108987
514,3011.71875,15.8786637512583,12.0,11.999875466725642
515,3017.578125,15.878386639445937,12.0,12.000086937805396
516,3023.4375,15.878560919298383,12.0,11.999947700662535
517,3029.296875,15.878377383680577,12.0,12.000115847393158
518,3035.15625,15.878572623796032,12.0,11.99998617598597
519,3041.015625,15.878511254047083,12.0,11.999937432376893
520,3046.875,15.87839906047593,12.0,12.000142221795434
521,3052.734375,15.878382179017722,12.0,12.000113880369094
522,3058.59375,15.87844765311037,12.0,12.000053107877015
523,3064.453125,15.878402474774278,12.0,12.000080159003014
524,3070.3125,15.878627262684061,12.0,11.999916662377213
525,3076.171875,15.878460777545715,12.0,12.000068868423094
526,3082.03125,15.878519962475567,12.0,11.999957345422485
527,3087.890625,15.878660984479568,12.0,11.999888201584826
528,3093.75,15.87863674793846,12.0,11.999957797672815
529,3099.609375,15.878565814302618,12.0,11.999951403048119
530,3105.46875,15.878420195454403,12.0,12.000040978317271
531,3111.328125,15.878322657796355,12.0,12.00013475886495
532,3117.1875,15.878529423089935,12.0,12.000028125302986
533,3123.046875,15.878303880941742,12.0,12.000162030956792
534,3128.90625,15.878330680388308,12.0,12.00011284387
535,3134.765625,15.878529570452779,12.0,12.000016633333301
536,3140.625,15.87848857612484,12.0,12.000037140217339
537,3146.484375,15.878631626684438,12.0,11.999966345920003
538,3152.34375,15.87831229548225,12.0,12.000155953021366
539,3158.203125,15.878598610467996,12.0,11.999975993787393
540,3164.0625,15.878589363624704,12.0,11.999987365519234
541,3169.921875,15.8784494437014,12.0,12.000021620233198
542,3175.78125,15.878418630885657,12.0,12.000090077181433
543,3181.640625,15.878397400832323,12.0,12.000080300119194
544,3187.5,15.878644463511867,12.0,11.99991328983679
545,3193.359375,15.878347685123527,12.0,12.000139262600849
546,3199.21875,15.878589312509604,12.0,11.999903895526566
547,3205.078125,15.878366177331213,12.0,12.00010051565808
548,3210.9375,15.878405449303067,12.0,12.000132275815089
549,3216.796875,15.878280901957032,12.0,12.000147607208449
550,3222.65625,15.87862763871422,12.0,11.999924589107863
551,3228.515625,15.878507736904533,12.0,12.000038026962097
552,3234.375,15.878743373580598,12.0,11.999844135510232
553,3240.234375,15.87884317669138,12.0,11.99977354615461
554,3246.09375,15.878534987039986,12.0,11.999977464517153
555,3251.953125,15.878497974623121,12.0,11.999990749463574
556,3257.8125,15.87846378130292,12.0,12.000014797862105
557,3263.671875,15.878608183618658,12.0,11.999895105234568
558,3269.53125,15.878681661838757,12.0,11.999832981504047
559,3275.390625,15.878648472496812,12.0,11.999868505949964
560,3281.25,15.878481726176846,12.0,12.000060409736317
561,3287.109375,15.878590794707119,12.0,11.999914988942372
562,3292.96875,15.878380940534546,12.0,12.000105468563167
563,3298.828125,15.878745668059416,12.0,11.999839133887013
564,3304.6875,15.878622894854598,12.0,11.999919386863507
565,3310.546875,15.878497724981116,12.0,12.000087104635123
566,3316.40625,15.878379850680123,12.0,12.000123321880714
567,3322.265625,15.878583889423046,12.0,12.000023031204206
568,3328.125,15.87850664362651,12.0,12.000041189457649
569,3333.984375,15.878581096515038,12.0,11.999967146559438
570,3339.84375,15.878670592791071,12.0,11.999867195049873
571,3345.703125,15.878525808402784,12.0,11.999989015473167
572,3351.5625,15.87855197419449,12.0,11.999979571385746
573,3357.421875,15.878567631896134,12.0,11.999922247475462
574,3363.28125,15.878574725963821,12.0,11.999932351515776
575,3369.140625,15.878502718076831,12.0,11.999978629625783
576,3375.0,15.878465332600035,12.0,12.000038232930212
577,3380.859375,15.878499201396332,12.0,12.000001031714168
578,3386.71875,15.878494615439871,12.0,12.000028957282078
579,3392.578125,15.878391570430967,12.0,12.000048312087621
580,3398.4375,15.878450433634217,12.0,12.000049989764038
581,3404.296875,15.878538327886094,12.0,11.99998706726809
582,3410.15625,15.878464007730154,12.0,12.00005424172078
583,3416.015625,15.87870707235219,12.0,11.999920541906826
584,3421.875,15.878486739681986,12.0,11.999978968902035
585,3427.734375,15.878160560271088,12.0,12.000266612573268
586,3433.59375,15.87845187548756,12.0,12.00007292858567
587,3439.453125,15.878405662410223,12.0,12.000090002380302
588,3445.3125,15.878615548456724,12.0,11.999886096809503
589,3451.171875,15.878512384234062,12.0,12.000008856897479
590,3457.03125,15.878660656995939,12.0,11.99992098639401
591,3462.890625,15.878792980442377,12.0,11.999788281448271
592,3468.75,15.878162333041121,12.0,12.0002593994219
593,3474.609375,15.878626436695384,12.0,11.999924217333385
594,3480.46875,15.87830110380425,12.0,12.000179169366815
595,3486.328125,15.87877690708968,12.0,11.999815086809596
596,3492.1875,15.87838520554268,12.0,12.000099511588273
597,3498.046875,15.878515637068418,12.0,12.000048827185257
598,3503.90625,15.878629045531838,12.0,11.999911823899518
599,3509.765625,15.878604457381917,12.0,11.99993912784869
600,3515.625,15.87845009116043,12.0,12.000120226185135
601,3521.484375,15.878598084405313,12.0,11.999940399685876
602,3527.34375,15.878679065397765,12.0,11.999813811366112
603,3533.203125,15.878528997911562,12.0,11.999981146387807
604,3539.0625,15.878514549497696,12.0,12.000031035266892
605,3544.921875,15.878572569288767,12.0,12.000031589345621
606,3550.78125,15.878683751655704,12.0,11.999902972841856
607,3556.640625,15.878422824645837,12.0,12.000079161696453
608,3562.5,15.878467635192276,12.0,11.999999367864595
609,3568.359375,15.878433675627196,12.0,12.000065183393458
610,3574.21875,15.878800275421765,12.0,11.999751870851096
611,3580.078125,15.878508120437996,12.0,11.999988768845032
612,3585.9375,15.878452502284837,12.0,12.000069376990066
613,3591.796875,15.878574823984025,12.0,11.999982493635068
614,3597.65625,15.878455619856256,12.0,12.000043117018471
615,3603.515625,15.878776989881448,12.0,11.9997967621077
616,3609.375,15.878556761890826,12.0,11.999929537503254
617,3615.234375,15.87855633928404,12.0,12.000036084607183
618,3621.09375,15.878392663696378,12.0,12.000126784811867
619,3626.953125,15.878335002785013,12.0,12.000168674522593
620,3632.8125,15.878479600328562,12.0,11.99998648844256
621,3638.671875,15.878407030711246,12.0,12.000060492527549
622,3644.53125,15.878798614007787,12.0,11.999741636401593
623,3650.390625,15.878494916263927,12.0,12.000026885173193
624,3656.25,15.878423549219344,12.0,12.000069624105526
625,3662.109375,15.878384435056203,12.0,12.000170600392778
626,3667.96875,15.878662808829217,12.0,11.999908077001926
627,3673.828125,15.878519331428313,12.0,12.000004078727773
628,3679.6875,15.878444601531767,12.0,12.000031528218228
629,3685.546875,15.878692369123323,12.0,11.99981364838112
630,3691.40625,15.878307390137298,12.0,12.000125339069433
631,3697.265625,15.878710897545178,12.0,11.999822041395714
632,3703.125,15.878698251396496,12.0,11.999858003992353
633,3708.984375,15.878618135451019,12.0,11.9999002023894
634,3714.84375,15.878415081181023,12.0,12.000125568048233
635,3720.703125,15.878464952974845,12.0,12.000018222652697
636,3726.5625,15.878470554667418,12.0,12.000005467148688
637,3732.421875,15.87850719205398,12.0,11.999992033943954
638,3738.28125,15.878650816078206,12.0,11.999952469489191
639,3744.140625,15.878442448671688,12.0,12.000068156924709
640,3750.0,15.8786135089908,12.0,11.999910753777502
641,3755.859375,15.87859754785606,12.0,11.999988483614278
642,3761.71875,15.8784253149832,12.0,12.000044654198028
643,3767.578125,15.87846391062437,12.0,12.000073201601108
644,3773.4375,15.878377786607158,12.0,12.000114585039215
645,3779.296875,15.878551014212889,12.0,11.999994244566834
646,3785.15625,15.878760330331394,12.0,11.999754858809256
647,3791.015625,15.878571905628664,12.0,12.000043812508578
648,3796.875,15.878577707370962,12.0,11.999909275225601
649,3802.734375,15.878579289631059,12.0,12.000008427292647
650,3808.59375,15.878513329205793,12.0,12.00000174128375
651,3814.453125,15.87866817073562,12.0,11.999908924062789
652,3820.3125,15.878627649162715,12.0,11.999891215296865
653,3826.171875,15.878327925346076,12.0,12.00015988747094
654,3832.03125,15.878464207821931,12.0,12.000091803876968
655,3837.890625,15.878437967985079,12.0,12.000029132593374
656,3843.75,15.878204632823282,12.0,12.00026568086646
657,3849.609375,15.878328904233015,12.0,12.00011068170401
658,3855.46875,15.878553780365486,12.0,11.999979794938906
659,3861.328125,15.878524746429761,12.0,11.999961349489146
660,3867.1875,15.878564085215416,12.0,11.999926585577251
661,3873.046875,15.878458748713848,12.0,12.00005516071982
662,3878.90625,15.878575664093235,12.0,11.999962407678845
663,3884.765625,15.878517188182943,12.0,11.999917381640401
664,3890.625,15.87866150723839,12.0,11.999886968693545
665,3896.484375,15.878511745251016,12.0,11.999971301222041
666,3902.34375,15.878535538417948,12.0,12.000050630031938
667,3908.203125,15.878482685986285,12.0,11.999961334229026
668,3914.0625,15.87831781231601,12.0,12.000082669216312
669,3919.921875,15.878530953363438,12.0,11.999949698500778
670,3925.78125,15.8784870323558,12.0,12.000029063617074
671,3931.640625,15.878467502469631,12.0,12.000074965427288
672,3937.5,15.87846345206462,12.0,12.000084524605588
673,3943.359375,15.878381497761861,12.0,12.000076049684544
674,3949.21875,15.878612671240282,12.0,11.99997593214968
675,3955.078125,15.878514254041933,12.0,12.000009102061277
676,3960.9375,15.87847729270788,12.0,12.000027004044815
677,3966.796875,15.878384078180371,12.0,12.000104527632054
678,3972.65625,15.878391605643344,12.0,12.000079939392545
679,3978.515625,15.878640573774096,12.0,11.999894503882008
680,3984.375,15.87838119008945,12.0,12.000091465126191
681,3990.234375,15.878610979767794,12.0,11.999957601173419
682,3996.09375,15.878395420690934,12.0,12.00002680325755
683,4001.953125,15.87847710284095,12.0,12.000055954405905
684,4007.8125,15.878394620886281,12.0,12.00010483682967
685,4013.671875,15.878544164924454,12.0,11.999965462906923
686,4019.53125,15.87841734279192,12.0,12.000068194177071
687,4025.390625,15.878524790673605,12.0,11.999950425963357
688,4031.25,15.87841933427565,12.0,12.000095079359875
689,4037.109375,15.878423523812504,12.0,12.000074199399817
690,4042.96875,15.878712996620498,12.0,11.999886097645453
691,4048.828125,15.878446431166843,12.0,11.999997833676943
692,4054.6875,15.878580773352704,12.0,11.999979633790582
693,4060.546875,15.878523884590226,12.0,11.999948155503347
694,4066.40625,15.878608828500715,12.0,11.99995006924101
695,4072.265625,15.878329419921586,12.0,12.000171891299805
696,4078.125,15.878545367808046,12.0,11.999938921085304
697,4083.984375,15.878451575427238,12.0,12.000111157157
698,4089.84375,15.878520347547095,12.0,11.99997114017709
699,4095.703125,15.87854831300066,12.0,12.000006809577108
700,4101.5625,15.878636183747092,12.0,11.99989611201218
701,4107.421875,15.878514262975818,12.0,11.999967353439295
702,4113.28125,15.878673058077391,12.0,11.999845836152858
703,4119.140625,15.878572277925905,12.0,11.999919141499289
704,4125.0,15.878367721247233,12.0,12.00009800326519
705,4130.859375,15.878596741018239,12.0,11.999869893636872
706,4136.71875,15.87862049413087,12.0,11.99986789437853
707,4142.578125,15.878463537695572,12.0,12.00006825660918
708,4148.4375,15.878324949479621,12.0,12.000134531082619
709,4154.296875,15.878389466980463,12.0,12.000022638234535
710,4160.15625,15.878611118102464,12.0,11.999955770100497
711,4166.015625,15.878597274135895,12.0,11.999928159173665
712,4171.875,15.878686895739232,12.0,11.999871830865871
713,4177.734375,15.87863739665513,12.0,11.999915706764519
714,4183.59375,15.878649002029142,12.0,11.999857072630054
715,4189.453125,15.878312817502588,12.0,12.000135752083434
716,4195.3125,15.878756111321238,12.0,11.999847107838272
717,4201.171875,15.878639513235731,12.0,11.999942962830845
718,4207.03125,15.878645881156508,12.0,11.999879391242025
719,4212.890625,15.878592459727816,12.0,11.999918416539133
720,4218.75,15.878544363213383,12.0,11.999993123429219
721,4224.609375,15.878476821345636,12.0,12.000040129947198
722,4230.46875,15.878687545467313,12.0,11.999868429814372
723,4236.328125,15.878476394659826,12.0,12.000045104702927
724,4242.1875,15.878375727191777,12.0,12.000143265267123
725,4248.046875,15.87864007619984,12.0,11.999892076980332
726,4253.90625,15.878242291972022,12.0,12.00026500424557
727,4259.765625,15.8785834559745,12.0,11.999881666528164
728,4265.625,15.878378457139227,12.0,12.000065794798454
729,4271.484375,15.87853323478647,12.0,11.999957436843287
730,4277.34375,15.878598184941302,12.0,11.999950824027975
731,4283.203125,15.878410111536208,12.0,12.000031385162968
732,4289.0625,15.878720093759153,12.0,11.99984465832276
733,4294.921875,15.87841495649269,12.0,12.000075464537868
734,4300.78125,15.878388878384616,12.0,12.00009801457845
735,4306.640625,15.878238593632695,12.0,12.000188861996858
736,4312.5,15.878487088597883,12.0,12.000002112759226
737,4318.359375,15.878496481229096,12.0,12.000010546696029
738,4324.21875,15.878549857790007,12.0,11.999945750267583
739,4330.078125,15.878637287726686,12.0,11.99991942058142
740,4335.9375,15.878647363136487,12.0,11.99988369261201
741,4341.796875,15.878575417329603,12.0,11.99994476109271
742,4347.65625,15.878556614823905,12.0,11.999975570649385
743,4353.515625,15.878382988922178,12.0,12.000112174087077
744,4359.375,15.8785815117269,12.0,12.000041508900015
745,4365.234375,15.87835800615701,12.0,12.000094305561108
746,4371.09375,15.878408382959156,12.0,12.000095789013608
747,4376.953125,15.878408464174205,12.0,12.000120216755693
748,4382.8125,15.87862732007029,12.0,11.999896316201673
749,4388.671875,15.878427662816954,12.0,12.000089726964076
750,4394.53125,15.878623444438903,12.0,11.999829486736132
751,4400.390625,15.878552704031332,12.0,11.999983557004994
752,4406.25,15.878592767422816,12.0,11.999953236072182
753,4412.109375,15.878658646334474,12.0,11.9999139539353
754,4417.96875,15.878613692014985,12.0,11.999983156566646
755,4423.828125,15.878285787656118,12.0,12.000198660309787
756,4429.6875,15.878506315905557,12.0,12.00000446514023
757,4435.546875,15.878234804156365,12.0,12.000176003900389
758,4441.40625,15.878226410629123,12.0,12.000174282924448
759,4447.265625,15.878263701310336,12.0,12.000134266918884
760,4453.125,15.878482744338989,12.0,12.00005442636714
761,4458.984375,15.878673088924257,12.0,11.999849186316714
762,4464.84375,15.87858898501816,12.0,12.000012040512638
763,4470.703125,15.878686199038441,12.0,11.99987583702201
764,4476.5625,15.878222271034915,12.0,12.000233924170669
765,4482.421875,15.878357227060022,12.0,12.000140186848537
766,4488.28125,15.878226879649755,12.0,12.000225655421795
767,4494.140625,15.87842083713251,12.0,12.000054798078237
768,4500.0,15.878533020724209,12.0,12.000046662262783
769,4505.859375,15.878266042182277,12.0,12.000187568892315
770,4511.71875,15.878549174635562,12.0,11.999972597801884
771,4517.578125,15.878561597145936,12.0,11.999934573467966
772,4523.4375,15.878653802002606,12.0,11.999903276043312
773,4529.296875,15.878336079202258,12.0,12.000137511583286
774,4535.15625,15.87858582503119,12.0,11.999922315018717
775,4541.015625,15.878411324621453,12.0,12.000072177981915
776,4546.875,15.878833995691878,12.0,11.99978576978856
777,4552.734375,15.878626486645192,12.0,11.999983961347585
778,4558.59375,15.878684217120092,12.0,11.999871410010977
779,4564.453125,15.878316299516616,12.0,12.000120433389247
780,4570.3125,15.878440830668987,12.0,12.000052746243425
781,4576.171875,15.878573483170397,12.0,11.99996761167905
782,4582.03125,15.878630593748309,12.0,11.999994936822704
783,4587.890625,15.878660384478838,12.0,11.999893387854831
784,4593.75,15.878527626775773,12.0,11.999933037135014
785,4599.609375,15.878712780003958,12.0,11.999845666447547
786,4605.46875,15.878718780630955,12.0,11.999828336388493
787,4611.328125,15.878500757656212,12.0,12.00002236183548
788,4617.1875,15.878519720432273,12.0,12.000021884785758
789,4623.046875,15.878643426634508,12.0,11.999923317815426
790,4628.90625,15.878439521474428,12.0,12.000069252303625
791,4634.765625,15.878613067619035,12.0,11.99991762968276
792,4640.625,15.878468852715415,12.0,12.000065783101084
793,4646.484375,15.878687070778046,12.0,11.999866157942495
794,4652.34375,15.87867075850259,12.0,11.999876920056428
795,4658.203125,15.878415529451257,12.0,12.00009722977865
796,4664.0625,15.87840114165668,12.0,12.000063329408494
797,4669.921875,15.878460593528779,12.0,11.999994205190653
798,4675.78125,15.878474477684437,12.0,12.000046772882
799,4681.640625,15.878507248622597,12.0,11.99997018304842
800,4687.5,15.878605369634936,12.0,11.999942106630991
801,4693.359375,15.878532083222991,12.0,11.99998386878646
802,4699.21875,15.87861390480892,12.0,11.999944869756039
803,4705.078125,15.878353805115156,12.0,12.000097824142163
804,4710.9375,15.87858012832341,12.0,11.999954770867898
805,4716.796875,15.878550697304235,12.0,11.99997966687287
806,4722.65625,15.878519154021633,12.0,11.999979338950979
807,4728.515625,15.878461610007736,12.0,11.999912426477254
808,4734.375,15.87833009516599,12.0,12.000153320188742
809,4740.234375,15.87835686644772,12.0,12.000104514990895
810,4746.09375,15.87843570078496,12.0,12.000031723894105
811,4751.953125,15.87852605958665,12.0,12.00003641208585
812,4757.8125,15.878343682225612,12.0,12.000129193970539
813,4763.671875,15.878510990694087,12.0,12.000046827213227
814,4769.53125,15.878568994518496,12.0,11.99990039157292
815,4775.390625,15.878369132233848,12.0,12.000123781651439
816,4781.25,15.878704581485472,12.0,11.999893580749186
817,4787.109375,15.878607439343538,12.0,11.999956910415786
818,4792.96875,15.87836630958877,12.0,12.00012539719073
819,4798.828125,15.87841590793837,12.0,12.000097361310504
820,4804.6875,15.878640877976414,12.0,11.999902974133763
821,4810.546875,15.878621198556374,12.0,11.999947662705148
822,4816.40625,15.878199037453456,12.0,12.000190032206461
823,4822.265625,15.878369303541218,12.0,12.000109672507403
824,4828.125,15.878449281014808,12.0,12.00001963511363
825,4833.984375,15.878231505160254,12.0,12.000158847970841
826,4839.84375,15.878586037173712,12.0,11.99993875264218
827,4845.703125,15.878668092394763,12.0,11.999824298924933
828,4851.5625,15.878433327875166,12.0,12.000027455303812
829,4857.421875,15.878483622982653,12.0,12.000014780554698
830,4863.28125,15.878492894756597,12.0,11.999936005436664
831,4869.140625,15.878384966938821,12.0,12.00010180397161
832,4875.0,15.878567312875688,12.0,11.999975085209545
833,4880.859375,15.87849391911534,12.0,11.999984470112114
834,4886.71875,15.87835148889261,12.0,12.00012950435339
835,4892.578125,15.878502517253676,12.0,12.000005505035874
836,4898.4375,15.878629833780003,12.0,11.99986213171542
837,4904.296875,15.878670586590923,12.0,11.999843656845917
838,4910.15625,15.87853113613546,12.0,11.999978601053899
839,4916.015625,15.878511160431438,12.0,12.000046282952
840,4921.875,15.878469120698435,12.0,12.000046510043989
841,4927.734375,15.878600351192349,12.0,11.999964537700771
842,4933.59375,15.8786262354733,12.0,11.999951498512623
843,4939.453125,15.878556791047302,12.0,11.999960565167585
844,4945.3125,15.878375942537474,12.0,12.000100833474013
845,4951.171875,15.878462597513561,12.0,12.000023459296967
846,4957.03125,15.878348875230582,12.0,12.000128710051605
847,4962.890625,15.878402147112135,12.0,12.000055924797238
848,4968.75,15.878510286639342,12.0,11.999945865139615
849,4974.609375,15.878310244735934,12.0,12.00014516862993
850,4980.46875,15.878454898193045,12.0,12.00006423833961
851,4986.328125,15.878760608884845,12.0,11.999809371479724
852,4992.1875,15.878467023012915,12.0,11.999967306023342
853,4998.046875,15.878585675689173,12.0,11.99996062803462
854,5003.90625,15.878684058300466,12.0,11.999863056039992
855,5009.765625,15.87851089470466,12.0,11.999952823085565
856,5015.625,15.878745695341543,12.0,11.999828348878552
857,5021.484375,15.878405811511755,12.0,12.000048012012483
858,5027.34375,15.878578029558552,12.0,11.999939157057517
859,5033.203125,15.878428955100441,12.0,12.000068138266542
860,5039.0625,15.878598310466144,12.0,11.999909057944397
861,5044.921875,15.878326361457464,12.0,12.000112645352209
862,5050.78125,15.878522597885956,12.0,11.999966832149587
863,5056.640625,15.878556886304512,12.0,11.999947224088052
864,5062.5,15.87839295995401,12.0,12.000139436989247
865,5068.359375,15.878472449007774,12.0,12.000035265198699
866,5074.21875,15.878653459399779,12.0,11.999851648598469
867,5080.078125,15.878543799514228,12.0,12.00001480314073
868,5085.9375,15.878357487023615,12.0,12.00005160073017
869,5091.796875,15.878462273460526,12.0,11.99995472238189
870,5097.65625,15.878566086858884,12.0,11.999950357867242
871,5103.515625,15.878649249981661,12.0,11.999886900829086
872,5109.375,15.878152092377412,12.0,12.000269488481672
873,5115.234375,15.878633261367053,12.0,11.999888478951076
874,5121.09375,15.878427905224648,12.0,12.0000510121224
875,5126.953125,15.878398989305515,12.0,12.000047042342269
876,5132.8125,15.878622275953635,12.0,11.999892308144126
877,5138.671875,15.8785516390951,12.0,11.99993258277172
878,5144.53125,15.878362028114221,12.0,12.000096956542968
879,5150.390625,15.87845129354021,12.0,12.000030311356237
880,5156.25,15.878466881526185,12.0,12.000057333187822
881,5162.109375,15.878457338885152,12.0,12.000068417262275
882,5167.96875,15.8784984191713,12.0,11.999997653349558
883,5173.828125,15.87857893290683,12.0,11.99996582139506
884,5179.6875,15.8784696449373,12.0,12.000082695955415
885,5185.546875,15.878593359866805,12.0,11.999936580857367
886,5191.40625,15.878547627698524,12.0,11.999932465133842
887,5197.265625,15.878578668605385,12.0,11.999929873782825
888,5203.125,15.878770599303877,12.0,11.999798085781135
889,5208.984375,15.878666739470841,12.0,11.999885181209676
890,5214.84375,15.878695740405181,12.0,11.999897231402535
891,5220.703125,15.878560274204636,12.0,11.999953186753029
892,5226.5625,15.878575645279499,12.0,11.999972117278302
893,5232.421875,15.87875690317819,12.0,11.999812658401263
894,5238.28125,15.878651778867491,12.0,11.999929969426615
895,5244.140625,15.878480228291014,12.0,12.000037427291854
896,5250.0,15.878539050739171,12.0,11.999940972488627
897,5255.859375,15.878318805138422,12.0,12.000084723064946
898,5261.71875,15.878570513192457,12.0,11.999950625739192
899,5267.578125,15.8784083206446,12.0,12.000081080848267
900,5273.4375,15.878513545916249,12.0,11.999967096498462
901,5279.296875,15.878455195405628,12.0,12.000065230693993
902,5285.15625,15.878711989419681,12.0,11.999862414362688
903,5291.015625,15.878339961885436,12.0,12.000112643427356
904,5296.875,15.878613131123664,12.0,11.999956839558651
905,5302.734375,15.87845391457768,12.0,12.000038042078446
906,5308.59375,15.878567406312328,12.0,11.999978238217146
907,5314.453125,15.87834053849333,12.0,12.000136204394714
908,5320.3125,15.87859767543628,12.0,11.9999819698076
909,5326.171875,15.878474272794827,12.0,12.000035752946054
910,5332.03125,15.878366112258187,12.0,12.00009406259484
911,5337.890625,15.87851254820539,12.0,11.999977283027794
912,5343.75,15.878546285247797,12.0,11.999989651729885
913,5349.609375,15.878621495853192,12.0,11.999882276056564
914,5355.46875,15.878427016898897,12.0,12.000054520793324
915,5361.328125,15.87863179981524,12.0,11.999887892732765
916,5367.1875,15.878386567297511,12.0,12.000015309113955
917,5373.046875,15.878530527731764,12.0,11.999949952593887
918,5378.90625,15.878828452193263,12.0,11.99977617440893
919,5384.765625,15.878386663508953,12.0,12.000071546590027
920,5390.625,15.878913766877139,12.0,11.999670370501823
921,5396.484375,15.878356310339042,12.0,12.000097061102894
922,5402.34375,15.87859165264254,12.0,11.999923821894141
923,5408.203125,15.878282729643134,12.0,12.000141487580434
924,5414.0625,15.878418807740623,12.0,12.000077277714494
925,5419.921875,15.8787063196486,12.0,11.9997995861851
926,5425.78125,15.878660256018149,12.0,11.999841814093676
927,5431.640625,15.878455985627308,12.0,12.000042688517961
928,5437.5,15.878551649014174,12.0,11.999956955332696
929,5443.359375,15.878595294720162,12.0,11.999967897592462
930,5449.21875,15.878645827461698,12.0,11.999889340278314
931,5455.078125,15.878664749503706,12.0,11.999875154130068
932,5460.9375,15.878597021972507,12.0,11.999922506902928
933,5466.796875,15.87842561562037,12.0,12.000048117426005
934,5472.65625,15.878596836054685,12.0,11.999930734751596
935,5478.515625,15.878636861622725,12.0,11.999934210281118
936,5484.375,15.878491418672661,12.0,12.000017527617723
937,5490.234375,15.878469624866868,12.0,11.999987414922053
938,5496.09375,15.878483941665841,12.0,12.000038554060776
939,5501.953125,15.878333378302816,12.0,12.000092319782823
940,5507.8125,15.878508104413385,12.0,12.000034563270447
941,5513.671875,15.878487304824903,12.0,11.999998846795409
942,5519.53125,15.878377533173358,12.0,12.000135461896704
943,5525.390625,15.878734153686425,12.0,11.999748380449441
944,5531.25,15.878415774265092,12.0,12.000065353546121
945,5537.109375,15.878503587332576,12.0,11.999984666487306
946,5542.96875,15.878567770974364,12.0,11.999925819836582
947,5548.828125,15.87858014355619,12.0,11.999949682900516
948,5554.6875,15.878504845587694,12.0,11.999974234030226
949,5560.546875,15.878636618572369,12.0,11.999818335607825
950,5566.40625,15.878740351886307,12.0,11.9998043152909
951,5572.265625,15.878353477050359,12.0,12.000153760579476
952,5578.125,15.87844481191457,12.0,11.999991137334808
953,5583.984375,15.878456774493925,12.0,12.000051654739936
954,5589.84375,15.878265196436283,12.0,12.000126810063653
955,5595.703125,15.87843416977266,12.0,12.000043377145404
956,5601.5625,15.878582288883186,12.0,11.999907316494555
957,5607.421875,15.878639366248668,12.0,11.999922324706509
958,5613.28125,15.87837549108625,12.0,12.000098637787866
959,5619.140625,15.87862717100947,12.0,11.999891451906596
960,5625.0,15.878330788047993,12.0,12.000179653290388
961,5630.859375,15.878449901916824,12.0,11.99999580556274
962,5636.71875,15.878805184274876,12.0,11.999805842889048
963,5642.578125,15.87835710950896,12.0,12.000199528682135
964,5648.4375,15.878433981086012,12.0,12.000085186594488
965,5654.296875,15.878648821273597,12.0,11.999808560057993
966,5660.15625,15.87855123460531,12.0,11.999979795936802
967,5666.015625,15.878534327067499,12.0,11.9999867928076
968,5671.875,15.87873208775118,12.0,11.999813345046904
969,5677.734375,15.878533932970734,12.0,11.999964105268555
970,5683.59375,15.878515236121723,12.0,11.999902457859314
971,5689.453125,15.878533032280943,12.0,11.99989705232614
972,5695.3125,15.878436980758654,12.0,11.999997450211003
973,5701.171875,15.878687152065677,12.0,11.999808616018072
974,5707.03125,15.878401111997533,12.0,12.000077088774175
975,5712.890625,15.878636978746142,12.0,11.999910783920173
976,5718.75,15.878470172777293,12.0,12.000043859024597
977,5724.609375,15.878694269167417,12.0,11.999845215927722
978,5730.46875,15.878832748019239,12.0,11.999818157965038
979,5736.328125,15.878645610837905,12.0,11.999854607136367
980,5742.1875,15.878530928066505,12.0,11.999942667458944
981,5748.046875,15.878514642205552,12.0,11.999943183756429
982,5753.90625,15.87843710606297,12.0,12.000088728738426
983,5759.765625,15.87818104610232,12.0,12.000218338294177
984,5765.625,15.878656974381153,12.0,11.999891987925384
985,5771.484375,15.878511344796214,12.0,12.000017298229178
986,5777.34375,15.878443742110141,12.0,12.000004418488627
987,5783.203125,15.878413436876814,12.0,11.999986003009983
988,5789.0625,15.878637403487271,12.0,11.999933812464041
989,5794.921875,15.87856711801464,12.0,11.999978374433635
990,5800.78125,15.878443544580126,12.0,12.000035564359253
991,5806.640625,15.878329459743854,12.0,12.000173781026655
992,5812.5,15.878468876887327,12.0,11.999999209447719
993,5818.359375,15.878343016893968,12.0,12.000176396591847
994,5824.21875,15.878606657558509,12.0,11.999885061959422
995,5830.078125,15.87841940433266,12.0,12.000095741686982
996,5835.9375,15.878739255768574,12.0,11.999795972896997
997,5841.796875,15.878689709970393,12.0,11.999819448480391
998,5847.65625,15.878733109497656,12.0,11.999858228488963
999,5853.515625,15.878176918134738,12.0,12.000225269828626
1000,5859.375,15.878216195236659,12.0,12.00025552752723
1001,5865.234375,15.878681456262472,12.0,11.99983731295283
1002,5871.09375,15.878400111432539,12.0,12.000057871524946
1003,5876.953125,15.87847076000088,12.0,12.000029745001607
1004,5882.8125,15.878346510499295,12.0,12.00013557904355
1005,5888.671875,15.878462163335284,12.0,12.000033241685317
1006,5894.53125,15.878655769056994,12.0,11.999901640035002
1007,5900.390625,15.878514736041375,12.0,12.00001550091814
1008,5906.25,15.87864954072163,12.0,11.999862781498747
1009,5912.109375,15.87855641926585,12.0,11.999943554223485
1010,5917.96875,15.878617310326684,12.0,11.999927739111696
1011,5923.828125,15.87845240445095,12.0,12.000033131960178
1012,5929.6875,15.87855176868655,12.0,11.999954986434512
1013,5935.546875,15.878338600486787,12.0,12.000131428421907
1014,5941.40625,15.878430614321525,12.0,12.000052427557213
1015,5947.265625,15.87824439244515,12.0,12.000192242462422
1016,5953.125,15.878773487717408,12.0,11.999818859259708
1017,5958.984375,15.878325637463771,12.0,12.00008411417152
1018,5964.84375,15.878391879648065,12.0,12.000074209605927
1019,5970.703125,15.878757476786035,12.0,11.999733623660074
1020,5976.5625,15.878457278187591,12.0,12.000041942916846
1021,5982.421875,15.878477507696484,12.0,12.000004615872088
1022,5988.28125,15.878541118558417,12.0,11.999924040972056
1023,5994.140625,15.878557557849037,12.0,11.9999341924399
1024,6000.0,15.878438094828057,12.0,11.999999857175855
1025,6005.859375,15.878624236921693,12.0,11.999943117674388
1026,6011.71875,15.87869488975634,12.0,11.99978313352726
1027,6017.578125,15.878531849293315,12.0,11.999939313150742
1028,6023.4375,15.878399260831587,12.0,12.000071249714003
1029,6029.296875,15.878485652706203,12.0,11.999996295639738
1030,6035.15625,15.878593867533212,12.0,11.99992862409019
1031,6041.015625,15.878284802190695,12.0,12.000133567445536
1032,6046.875,15.878548382380453,12.0,11.999991040539593
1033,6052.734375,15.87856144241389,12.0,11.999985378353063
1034,6058.59375,15.878375077890167,12.0,12.000102496903136
1035,6064.453125,15.87874790774793,12.0,11.999838786274422
1036,6070.3125,15.87839909939551,12.0,12.000094130708343
1037,6076.171875,15.878478260986574,12.0,12.000016844393947
1038,6082.03125,15.87863561684281,12.0,11.999879053390224
1039,6087.890625,15.878283619977942,12.0,12.00018434532164
1040,6093.75,15.878378103293635,12.0,12.000089521679605
1041,6099.609375,15.878465138861833,12.0,12.000040387012428
1042,6105.46875,15.87847163041431,12.0,12.000004218418542
1043,6111.328125,15.878481963676862,12.0,11.999997899985209
1044,6117.1875,15.878440115223905,12.0,12.000017394679817
1045,6123.046875,15.878437680289066,12.0,12.000030172739013
1046,6128.90625,15.878751767611563,12.0,11.99981978321615
1047,6134.765625,15.878662823837482,12.0,11.99987145992355
1048,6140.625,15.878256528175168,12.0,12.000183880162174
1049,6146.484375,15.878486710544392,12.0,12.000006590709907
1050,6152.34375,15.878589463071174,12.0,11.999949603498003
1051,6158.203125,15.878367264923527,12.0,12.000034681218931
1052,6164.0625,15.878658759177283,12.0,11.999870033702472
1053,6169.921875,15.878861068782118,12.0,11.999764758599962
1054,6175.78125,15.878514103045319,12.0,11.999993659928352
1055,6181.640625,15.87851757898655,12.0,12.000027100992789
1056,6187.5,15.878560883376375,12.0,11.999889912989927
1057,6193.359375,15.878577803111435,12.0,11.999948036053231
1058,6199.21875,15.878529136012654,12.0,11.99994708039385
1059,6205.078125,15.878649769921603,12.0,11.999847478646721
1060,6210.9375,15.87866998135024,12.0,11.99988012503544
1061,6216.796875,15.878551714959636,12.0,12.000025763912113
1062,6222.65625,15.878390931243441,12.0,12.000095858287985
1063,6228.515625,15.878326339856828,12.0,12.000114346556972
1064,6234.375,15.878408560720835,12.0,12.000068059224287
1065,6240.234375,15.878614543179362,12.0,11.999950571350636
1066,6246.09375,15.878473041805895,12.0,12.00005043505807
1067,6251.953125,15.878463422670723,12.0,11.999980920831584
1068,6257.8125,15.878447355185104,12.0,12.000086002023219
1069,6263.671875,15.8784941642681,12.0,11.99993013359407
1070,6269.53125,15.878293092912685,12.0,12.000159381620955
1071,6275.390625,15.878384339909237,12.0,12.000092360440554
1072,6281.25,15.87840567388819,12.0,12.000001477239028
1073,6287.109375,15.878295389178312,12.0,12.000139712615626
1074,6292.96875,15.878139388964737,12.0,12.000156338229878
1075,6298.828125,15.878424169434947,12.0,12.000039712904268
1076,6304.6875,15.878588038599952,12.0,11.999922223720574
1077,6310.546875,15.878581954847979,12.0,11.99993608189847
1078,6316.40625,15.878575962613272,12.0,11.999901295736723
1079,6322.265625,15.878565713352446,12.0,11.999917655992476
1080,6328.125,15.87848350806277,12.0,11.999969100613566
1081,6333.984375,15.878595976238673,12.0,11.99990274190753
1082,6339.84375,15.878416147460365,12.0,11.999997971694992
1083,6345.703125,15.878465486009906,12.0,11.999967421580148
1084,6351.5625,15.878433490273142,12.0,12.000031458087506
1085,6357.421875,15.878317676169633,12.0,12.000136147016045
1086,6363.28125,15.878611944528297,12.0,11.99989557235482
1087,6369.140625,15.878376122198574,12.0,12.000103905109825
1088,6375.0,15.878333214631613,12.0,12.000032467064814
1089,6380.859375,15.878506459456824,12.0,11.999993434034268
1090,6386.71875,15.878301177231442,12.0,12.000154553374431
1091,6392.578125,15.878337191842917,12.0,12.000151013770111
1092,6398.4375,15.878371684185637,12.0,12.000094242704764
1093,6404.296875,15.878344678800648,12.0,12.00008825455946
1094,6410.15625,15.878144864909698,12.0,12.000285713310134
1095,6416.015625,15.878296242565055,12.0,12.000145023150731
1096,6421.875,15.878550691647037,12.0,11.999938958967682
1097,6427.734375,15.878422698759623,12.0,12.000036534404899
1098,6433.59375,15.8782251007059,12.0,12.000188591144946
1099,6439.453125,15.878531888575338,12.0,11.999982474762634
1100,6445.3125,15.878347854725925,12.0,12.00012561035505
1101,6451.171875,15.878590371869079,12.0,11.999917683361069
1102,6457.03125,15.878399096413556,12.0,12.000062161822685
1103,6462.890625,15.878435713100837,12.0,12.00001557142706
1104,6468.75,15.878687482892984,12.0,11.999875910320766
1105,6474.609375,15.878399713000539,12.0,12.00007621222813
1106,6480.46875,15.878524343694583,12.0,11.99994936042417
1107,6486.328125,15.878812262875861,12.0,11.999750964970975
1108,6492.1875,15.878535998605741,12.0,11.999965973051033
1109,6498.046875,15.878385169435418,12.0,12.000065392440767
1110,6503.90625,15.878496698877385,12.0,12.000055419258405
1111,6509.765625,15.878619490857727,12.0,11.999872900804977
1112,6515.625,15.878262307442514,12.0,12.000126458496313
1113,6521.484375,15.878231687341582,12.0,12.00014716426192
1114,6527.34375,15.878771653290427,12.0,11.999750517979859
1115,6533.203125,15.878468547768167,12.0,12.000001046974063
1116,6539.0625,15.87861155174008,12.0,11.999884280065638
1117,6544.921875,15.87832571413588,12.0,12.000107161722315
1118,6550.78125,15.87843083925932,12.0,12.000036029819842
1119,6556.640625,15.878430823256421,12.0,12.000038865375183
1120,6562.5,15.878431702556524,12.0,12.000075405140196
1121,6568.359375,15.878270283004932,12.0,12.000122631003633
1122,6574.21875,15.878402663171817,12.0,12.000072545550264
1123,6580.078125,15.878641062360254,12.0,11.999947444981924
1124,6585.9375,15.8784720012624,12.0,12.000019926078396
1125,6591.796875,15.878455646501342,12.0,12.000029007126017
1126,6597.65625,15.878010224045097,12.0,12.000380505564863
1127,6603.515625,15.878550950376837,12.0,11.999969707765718
1128,6609.375,15.87831336346894,12.0,12.000141505473083
1129,6615.234375,15.878608619001431,12.0,11.999908932844841
1130,6621.09375,15.878319890656135,12.0,12.00013336683904
1131,6626.953125,15.878400579038097,12.0,12.000054575843969
1132,6632.8125,15.878421988139015,12.0,12.000113307986402
1133,6638.671875,15.87827591955349,12.0,12.000198038760768
1134,6644.53125,15.878436193758402,12.0,12.00008760027851
1135,6650.390625,15.87845428990667,12.0,12.000014729143311
1136,6656.25,15.878566469688154,12.0,11.999899547782906
1137,6662.109375,15.878630094310994,12.0,11.999860972280702
1138,6667.96875,15.878425786137381,12.0,12.000028587064193
1139,6673.828125,15.878612571965649,12.0,11.999913862182323
1140,6679.6875,15.878446598636456,12.0,12.000026021155563
1141,6685.546875,15.878554154561012,12.0,11.999932925883073
1142,6691.40625,15.87883141927515,12.0,11.999761097397968
1143,6697.265625,15.878574928181925,12.0,11.999908997294781
1144,6703.125,15.878182810056419,12.0,12.00023051710823
1145,6708.984375,15.878441883458883,12.0,12.000007781528504
1146,6714.84375,15.878397284870202,12.0,12.000081821196853
1147,6720.703125,15.878631313983702,12.0,11.999937748460377
1148,6726.5625,15.878576566145949,12.0,11.999935569923219
1149,6732.421875,15.878441385763864,12.0,12.00000024091013
1150,6738.28125,15.878777423553736,12.0,11.999724364098705
1151,6744.140625,15.87866588046928,12.0,11.999884669996908
1152,6750.0,15.878197846214688,12.0,12.000167250551673
1153,6755.859375,15.878274712725963,12.0,12.000188977196256
1154,6761.71875,15.878362787499562,12.0,12.000100071536629
1155,6767.578125,15.878252250352347,12.0,12.000206049856525
1156,6773.4375,15.878604960930248,12.0,11.999876840539478
1157,6779.296875,15.87853471522588,12.0,11.999948154853094
1158,6785.15625,15.878396134854812,12.0,12.000095014098171
1159,6791.015625,15.878750259586026,12.0,11.999781876542853
1160,6796.875,15.878382509710017,12.0,12.00006742967405
1161,6802.734375,15.878522847952139,12.0,12.000019696582182
1162,6808.59375,15.87819644066871,12.0,12.000244010764165
1163,6814.453125,15.878441140070997,12.0,11.999995513635644
1164,6820.3125,15.8783951462543,12.0,12.000033367178633
1165,6826.171875,15.878424287596193,12.0,12.000015128211789
1166,6832.03125,15.87868635572806,12.0,11.999826381177932
1167,6837.890625,15.878632032926246,12.0,11.999905972881182
1168,6843.75,15.878354799799501,12.0,12.0000668493196
1169,6849.609375,15.878251310089349,12.0,12.000193497492859
1170,6855.46875,15.878457309416453,12.0,12.00002121307533
1171,6861.328125,15.878535030530891,12.0,12.000000382037582
1172,6867.1875,15.878557616681254,12.0,11.999919948187596
1173,6873.046875,15.878404694065287,12.0,12.000004090306142
1174,6878.90625,15.878338070054014,12.0,12.00002721671902
1175,6884.765625,15.878852063895192,12.0,11.999728890271289
1176,6890.625,15.878347573691153,12.0,12.000069004449939
1177,6896.484375,15.878438187816247,12.0,12.000024390344318
1178,6902.34375,15.878534728830102,12.0,11.999964280931366
1179,6908.203125,15.87857483497597,12.0,11.99992642592242
1180,6914.0625,15.878543686387376,12.0,11.999975781436754
1181,6919.921875,15.878529225133956,12.0,11.999959518108446
1182,6925.78125,15.878392887183852,12.0,12.000060950168317
1183,6931.640625,15.878324804460284,12.0,12.000093275711176
1184,6937.5,15.878443736542426,12.0,12.000029709549686
1185,6943.359375,15.878558795563286,12.0,11.999956090616182
1186,6949.21875,15.878381776307613,12.0,12.000061633986297
1187,6955.078125,15.878609198531349,12.0,11.99987592670663
1188,6960.9375,15.878294072960223,12.0,12.000136337612798
1189,6966.796875,15.878331269305592,12.0,12.000120111163438
1190,6972.65625,15.878406080794363,12.0,11.99998018518612
1191,6978.515625,15.878610449768455,12.0,11.999884723711592
1192,6984.375,15.878500813650756,12.0,11.999994846500153
1193,6990.234375,15.878599268483763,12.0,11.999883719961884
1194,6996.09375,15.878491440288316,12.0,11.999944269010706
1195,7001.953125,15.878529200207995,12.0,12.000001435945023
1196,7007.8125,15.878300859708611,12.0,12.000107828311531
1197,7013.671875,15.87850781105089,12.0,12.000034836218932
1198,7019.53125,15.878593379004696,12.0,11.99992309549151
1199,7025.390625,15.878425581296671,12.0,12.000006598306427
1200,7031.25,15.878430261316215,12.0,12.00001876500282
1201,7037.109375,15.878496898690164,12.0,11.99999339635853
1202,7042.96875,15.87850334974284,12.0,12.0000117005673
1203,7048.828125,15.878349037197937,12.0,12.000074043093141
1204,7054.6875,15.87868736135143,12.0,11.999840132191284
1205,7060.546875,15.878879611940205,12.0,11.999644381069977
1206,7066.40625,15.87845152968925,12.0,12.000056692102511
1207,7072.265625,15.878167630160831,12.0,12.000226546203962
1208,7078.125,15.878570785826856,12.0,11.999890742524938
1209,7083.984375,15.878527090845289,12.0,12.000015005085361
1210,7089.84375,15.878566996159758,12.0,11.999878580907852
1211,7095.703125,15.87842846320769,12.0,12.000009723480334
1212,7101.5625,15.878565107425436,12.0,11.999899135229054
1213,7107.421875,15.878213781254903,12.0,12.000173300446194
1214,7113.28125,15.87853534710335,12.0,11.99995245236239
1215,7119.140625,15.878490793283648,12.0,11.999978840951108
1216,7125.0,15.878589364693212,12.0,11.999937928844801
1217,7130.859375,15.878474853670966,12.0,11.999987911292429
1218,7136.71875,15.878297405493448,12.0,12.000141335124093
1219,7142.578125,15.87848367255311,12.0,12.000045396839312
1220,7148.4375,15.87839812000264,12.0,12.000013678035216
1221,7154.296875,15.878379186122034,12.0,12.000030613038279
1222,7160.15625,15.878559496462454,12.0,11.999952458031787
1223,7166.015625,15.87844242519956,12.0,11.999970942416105
1224,7171.875,15.878391768483477,12.0,12.000029873467149
1225,7177.734375,15.878444320638263,12.0,12.000088138272654
1226,7183.59375,15.87849534051123,12.0,11.999970561759453
1227,7189.453125,15.87845769168347,12.0,11.99999331353695
1228,7195.3125,15.878478243229717,12.0,11.99999482243378
1229,7201.171875,15.878252311394006,12.0,12.000177715639076
1230,7207.03125,15.878521469465808,12.0,11.999929414010307
1231,7212.890625,15.878248554395409,12.0,12.000142193761231
1232,7218.75,15.878546089045567,12.0,11.999889915125202
1233,7224.609375,15.878398260203287,12.0,12.000014894563394
1234,7230.46875,15.878230921642912,12.0,12.00018953640201
1235,7236.328125,15.878562439494408,12.0,11.99997047914714
1236,7242.1875,15.878272347113796,12.0,12.000175657037515
1237,7248.046875,15.87834427131665,12.0,12.000114275556388
1238,7253.90625,15.87853353040565,12.0,11.99994243035569
1239,7259.765625,15.878741951879553,12.0,11.999787168440704
1240,7265.625,15.878256786925453,12.0,12.000212798255657
1241,7271.484375,15.878392839602402,12.0,12.000053369273836
1242,7277.34375,15.878578663163196,12.0,11.999915054513897
1243,7283.203125,15.87859051467127,12.0,11.999877955206527
1244,7289.0625,15.878354898607354,12.0,12.000021991048788
1245,7294.921875,15.87864427543144,12.0,11.999856656364512
1246,7300.78125,15.878459578292187,12.0,11.999985382669255
1247,7306.640625,15.878560052413013,12.0,11.999984153978573
1248,7312.5,15.87857416470739,12.0,11.99990759305781
1249,7318.359375,15.878344790051289,12.0,12.000124063879873
1250,7324.21875,15.878799763947967,12.0,11.999728202681379
1251,7330.078125,15.87851360777738,12.0,12.000034016089556
1252,7335.9375,15.878508268479498,12.0,12.000000184526202
1253,7341.796875,15.87853815891032,12.0,11.999996096449614
1254,7347.65625,15.878766732461768,12.0,11.999753701580008
1255,7353.515625,15.87865076394752,12.0,11.999820289153025
1256,7359.375,15.878392453500092,12.0,12.000023123163514
1257,7365.234375,15.878563844956313,12.0,11.999935186159453
1258,7371.09375,15.87853820421526,12.0,11.999949790109193
1259,7376.953125,15.878451807424883,12.0,11.999978427711287
1260,7382.8125,15.878414503117664,12.0,11.999997175823617
1261,7388.671875,15.878191507926891,12.0,12.00022581716543
1262,7394.53125,15.878677561126203,12.0,11.999854842634491
1263,7400.390625,15.878189053086142,12.0,12.000259772266165
1264,7406.25,15.878572577957206,12.0,11.999960230089126
1265,7412.109375,15.87849615806707,12.0,11.99999232791716
1266,7417.96875,15.878198414217481,12.0,12.000256913760749
1267,7423.828125,15.878315937234323,12.0,12.000121676402621
1268,7429.6875,15.878441758655924,12.0,12.00001621977334
1269,7435.546875,15.878395540100849,12.0,12.000080122861743
1270,7441.40625,15.878433798258525,12.0,11.999998311308772
1271,7447.265625,15.878839182513248,12.0,11.999735936814014
1272,7453.125,15.878716043297265,12.0,11.999832937969696
1273,7458.984375,15.878436896592703,12.0,12.000023058056287
1274,7464.84375,15.878370370869735,12.0,12.00003971275753
1275,7470.703125,15.878426036797185,12.0,11.999964086328886
1276,7476.5625,15.878344583998375,12.0,12.0001077953656
1277,7482.421875,15.878602319747504,12.0,11.99991735304988
1278,7488.28125,15.878389008436848,12.0,12.000055489786824
1279,7494.140625,15.878598573517726,12.0,11.999863600424625
1280,7500.0,15.878405694972301,12.0,12.000057055822879
1281,7505.859375,15.878355571927184,12.0,12.000081242444876
1282,7511.71875,15.878624604921548,12.0,11.999865659551434
1283,7517.578125,15.878569276405086,12.0,11.99996415956079
1284,7523.4375,15.87850599998326,12.0,11.999930720626683
1285,7529.296875,15.87841674384714,12.0,12.000074081369968
1286,7535.15625,15.878382134137318,12.0,12.000013232651064
1287,7541.015625,15.878399336043776,12.0,12.000098345328475
1288,7546.875,15.878401229235314,12.0,12.000048182888632
1289,7552.734375,15.878339960839286,12.0,12.000140978572377
1290,7558.59375,15.878128101508802,12.0,12.000242586402694
1291,7564.453125,15.878401139574878,12.0,12.000094837858072
1292,7570.3125,15.87818105786222,12.0,12.000221768358598
1293,7576.171875,15.878322968687257,12.0,12.000088697844964
1294,7582.03125,15.878567342644125,12.0,11.99989124172214
1295,7587.890625,15.878322023602497,12.0,12.00013344862902
1296,7593.75,15.878802975709652,12.0,11.999723484847499
1297,7599.609375,15.878375558666642,12.0,12.000077581082401
1298,7605.46875,15.878487641217658,12.0,12.000038143842644
1299,7611.328125,15.878543197788876,12.0,11.999907455617969
1300,7617.1875,15.878474628056622,12.0,12.000006135604949
1301,7623.046875,15.878523908234222,12.0,11.999975422085464
1302,7628.90625,15.878546902627546,12.0,11.999954251531987
1303,7634.765625,15.878406248263161,12.0,12.000059069962013
1304,7640.625,15.878398954484606,12.0,12.000064226512634
1305,7646.484375,15.878578371410278,12.0,11.999909805581742
1306,7652.34375,15.87831516697649,12.0,12.000143339898784
1307,7658.203125,15.878545880120353,12.0,11.999906121862143
1308,7664.0625,15.878452273668096,12.0,12.000014457379278
1309,7669.921875,15.878616275839006,12.0,11.99985963518646
1310,7675.78125,15.8783981521142,12.0,12.000011952921815
1311,7681.640625,15.878451194752797,12.0,12.000023213115828
1312,7687.5,15.87832525827181,12.0,12.000110567312818
1313,7693.359375,15.878539359877582,12.0,11.999925023135047
1314,7699.21875,15.878289827983798,12.0,12.000129158515621
1315,7705.078125,15.878616480660332,12.0,11.999879693759357
1316,7710.9375,15.878434029973127,12.0,12.000035861689208
1317,7716.796875,15.87826099806684,12.0,12.00011951032636
1318,7722.65625,15.878582041747181,12.0,11.999884544292776
1319,7728.515625,15.878536215143974,12.0,11.999936968671369
1320,7734.375,15.878704798062948,12.0,11.999811709404167
1321,7740.234375,15.878548230712635,12.0,11.999931977571698
1322,7746.09375,15.878648599243462,12.0,11.9998436370537
1323,7751.953125,15.878447128203181,12.0,11.999992746161992
1324,7757.8125,15.878391063650477,12.0,12.00005944956697
1325,7763.671875,15.878396643586585,12.0,12.000068024448588
1326,7769.53125,15.878649827246395,12.0,11.999878595455401
1327,7775.390625,15.878316374550295,12.0,12.000163709903523
1328,7781.25,15.878590988449202,12.0,11.999954324717693
1329,7787.109375,15.878665588760983,12.0,11.999851083657584
1330,7792.96875,15.87848594446299,12.0,11.999954330822712
1331,7798.828125,15.87819736810956,12.0,12.000224383777443
1332,7804.6875,15.878618332916536,12.0,11.99992200088938
1333,7810.546875,15.878577488350778,12.0,11.999895427868445
1334,7816.40625,15.878687795352175,12.0,11.999824412010785
1335,7822.265625,15.878607745060506,12.0,11.999903375377274
1336,7828.125,15.878534259368811,12.0,11.999968637508745
1337,7833.984375,15.878655464946254,12.0,11.99989272199858
1338,7839.84375,15.878430786962472,12.0,12.000090877820355
1339,7845.703125,15.878304963786976,12.0,12.000144913509402
1340,7851.5625,15.878319250742189,12.0,12.000060916662617
1341,7857.421875,15.878540610805697,12.0,11.999927488000864
1342,7863.28125,15.8785720825631,12.0,11.999891314106673
1343,7869.140625,15.878404252937388,12.0,12.000035753174311
1344,7875.0,15.8786752879615,12.0,11.999839445572846
1345,7880.859375,15.878310939433552,12.0,12.000031852299609
1346,7886.71875,15.878378827226395,12.0,12.000052847712286
1347,7892.578125,15.878489345173424,12.0,11.999995031956132
1348,7898.4375,15.878372802124693,12.0,12.000074690019401
1349,7904.296875,15.878520388046168,12.0,12.000005913281356
1350,7910.15625,15.878744303400623,12.0,11.999850790897236
1351,7916.015625,15.878210345676946,12.0,12.000155902708181
1352,7921.875,15.878371197407532,12.0,12.000062066819318
1353,7927.734375,15.87841196438235,12.0,12.00004470712292
1354,7933.59375,15.878483243247553,12.0,11.999937022877395
1355,7939.453125,15.878406479067243,12.0,12.000036391495707
1356,7945.3125,15.878159263099416,12.0,12.000203400758112
1357,7951.171875,15.878424520583032,12.0,12.000014933502083
1358,7957.03125,15.878565647343848,12.0,11.999930679966585
1359,7962.890625,15.878155353945242,12.0,12.000292023600183
1360,7968.75,15.87846756043039,12.0,11.999954554268001
1361,7974.609375,15.878188395382901,12.0,12.00019871075124
1362,7980.46875,15.87863943070355,12.0,11.9998065965808
1363,7986.328125,15.878323979167654,12.0,12.000078726431367
1364,7992.1875,15.878495176988183,12.0,11.999988067787006
1365,7998.046875,15.878534659440177,12.0,11.999950871469826
1366,8003.90625,15.878567521977718,12.0,11.999922744689346
1367,8009.765625,15.87846389709022,12.0,12.000006847881957
1368,8015.625,15.87832045274744,12.0,12.000106226351331
1369,8021.484375,15.878479529646695,12.0,12.00002369822411
1370,8027.34375,15.878356931841145,12.0,12.000086957885914
1371,8033.203125,15.878546766835695,12.0,11.999887190517176
1372,8039.0625,15.878501987136548,12.0,11.99997179511778
1373,8044.921875,15.878506196686862,12.0,12.000019381449562
1374,8050.78125,15.878322221007814,12.0,12.000057256625306
1375,8056.640625,15.878269499182423,12.0,12.000136636321
1376,8062.5,15.878532614424286,12.0,11.999996170021417
1377,8068.359375,15.878393067687792,12.0,12.000093637011414
1378,8074.21875,15.878383751248197,12.0,12.00013914996171
1379,8080.078125,15.878654607281089,12.0,11.999868545441911
1380,8085.9375,15.878488041614522,12.0,11.999961195143928
1381,8091.796875,15.87848151521217,12.0,11.999976990256522
1382,8097.65625,15.87817987092088,12.0,12.000242150742706
1383,8103.515625,15.87838843990829,12.0,12.000039794580914
1384,8109.375,15.87859695867508,12.0,11.99988345016924
1385,8115.234375,15.878370647521065,12.0,12.000046655042725
1386,8121.09375,15.87846594094476,12.0,11.999962950363187
1387,8126.953125,15.878433345519857,12.0,11.99999718295691
1388,8132.8125,15.878158225596202,12.0,12.00026145282596
1389,8138.671875,15.878538422269685,12.0,11.999949984991929
1390,8144.53125,15.878149431484857,12.0,12.000246426723164
1391,8150.390625,15.878205465145465,12.0,12.00012829175832
1392,8156.25,15.878431901423726,12.0,12.000061551129278
1393,8162.109375,15.878464704834128,12.0,11.999981549570084
1394,8167.96875,15.87811482984699,12.0,12.000219927832264
1395,8173.828125,15.87824623856427,12.0,12.000167825774794
1396,8179.6875,15.878564723742555,12.0,11.999930598022045
1397,8185.546875,15.878378210251517,12.0,12.000106472556478
1398,8191.40625,15.8786959188591,12.0,11.999838418149016
1399,8197.265625,15.878492797472724,12.0,11.999925250982272
1400,8203.125,15.878536217800447,12.0,11.999960548355405
1401,8208.984375,15.878647970109734,12.0,11.999847829609712
1402,8214.84375,15.878434425680366,12.0,12.000056346341434
1403,8220.703125,15.878464175482444,12.0,11.999954845536584
1404,8226.5625,15.878132310268834,12.0,12.000236592900537
1405,8232.421875,15.878096531149092,12.0,12.000229073091514
1406,8238.28125,15.878465071701555,12.0,12.000036971461695
1407,8244.140625,15.878626283399912,12.0,11.999864188129868
1408,8250.0,15.878545509524438,12.0,11.999924628128516
1409,8255.859375,15.878550984963772,12.0,11.999963728688325
1410,8261.71875,15.87855883560168,12.0,11.999877534117148
1411,8267.578125,15.87856082035752,12.0,11.999902733452712
1412,8273.4375,15.878544319985563,12.0,11.999952463964648
1413,8279.296875,15.878610912243833,12.0,11.999875608036495
1414,8285.15625,15.878525303336593,12.0,11.99994717291579
1415,8291.015625,15.877865368937059,12.0,12.000438081217588
1416,8296.875,15.87849190313224,12.0,11.999968982909817
1417,8302.734375,15.878413356310922,12.0,12.000023309819833
1418,8308.59375,15.878362652263785,12.0,12.000066636247778
1419,8314.453125,15.878389573432903,12.0,12.000007313883936
1420,8320.3125,15.878114221894059,12.0,12.000274271451135
1421,8326.171875,15.878441718790837,12.0,11.999982744667125
1422,8332.03125,15.878471595785722,12.0,12.000022630863091
1423,8337.890625,15.878186892898226,12.0,12.000238755052257
1424,8343.75,15.878623021052107,12.0,11.999814146929271
1425,8349.609375,15.878231692194884,12.0,12.000138931835158
1426,8355.46875,15.87860004927728,12.0,11.99986698375313
1427,8361.328125,15.878305049901758,12.0,12.000105206832542
1428,8367.1875,15.878241747679748,12.0,12.000134832738516
1429,8373.046875,15.878385663384076,12.0,12.000110167370131
1430,8378.90625,15.878343201568192,12.0,12.000105059697924
1431,8384.765625,15.878462078851113,12.0,11.999968413058296
1432,8390.625,15.878467854338265,12.0,11.999993693467768
1433,8396.484375,15.878585163580151,12.0,11.999931630103605
1434,8402.34375,15.878269152390033,12.0,12.000151953417552
1435,8408.203125,15.878384805119499,12.0,12.00011213535045
1436,8414.0625,15.878535185826701,12.0,12.000019890581255
1437,8419.921875,15.878616084127428,12.0,11.999924336036411
1438,8425.78125,15.878237810352358,12.0,12.000167922520681
1439,8431.640625,15.878456825691483,12.0,11.999941983729022
1440,8437.5,15.878480941231455,12.0,12.000047420705517
1441,8443.359375,15.87830315584645,12.0,12.000123553880337
1442,8449.21875,15.878330311964763,12.0,12.000042802298617
1443,8455.078125,15.878456877697289,12.0,11.999966730459507
1444,8460.9375,15.878425861126235,12.0,12.000001417957927
1445,8466.796875,15.878696875932674,12.0,11.999821249054255
1446,8472.65625,15.878622729417645,12.0,11.999920705569638
1447,8478.515625,15.878471058231971,12.0,12.000020979155126
1448,8484.375,15.878543897913547,12.0,11.999972755362013
1449,8490.234375,15.878529048378795,12.0,11.999921950388028
1450,8496.09375,15.878612084532236,12.0,11.999864139224206
1451,8501.953125,15.878161651738436,12.0,12.000234701514566
1452,8507.8125,15.878555591488256,12.0,11.999894136164242
1453,8513.671875,15.878439277794257,12.0,12.000012248349321
1454,8519.53125,15.878518105409343,12.0,11.999973318221697
1455,8525.390625,15.878006944578232,12.0,12.00032761018803
1456,8531.25,15.87847881548208,12.0,11.99995603057141
1457,8537.109375,15.878262817548658,12.0,12.000161547695713
1458,8542.96875,15.878330695229144,12.0,12.00010439763455
1459,8548.828125,15.878481577997416,12.0,11.999970760321771
1460,8554.6875,15.878275440299523,12.0,12.000143653056142
1461,8560.546875,15.878607978233664,12.0,11.999946036475208
1462,8566.40625,15.878512443782034,12.0,11.999968123570458
1463,8572.265625,15.878380020310836,12.0,12.000074480072591
1464,8578.125,15.87843506673397,12.0,12.000000077782765
1465,8583.984375,15.878233399471933,12.0,12.000155444315828
1466,8589.84375,15.878333462188886,12.0,12.000128374334249
1467,8595.703125,15.87828470635207,12.0,12.000211032208536
1468,8601.5625,15.878446045424923,12.0,12.000012249182626
1469,8607.421875,15.87827700775172,12.0,12.000101712513665
1470,8613.28125,15.878411512052715,12.0,12.000007590849545
1471,8619.140625,15.878326169782497,12.0,12.000108776160701
1472,8625.0,15.878444447081476,12.0,11.999977096689756
1473,8630.859375,15.878524364177668,12.0,11.999916776685385
1474,8636.71875,15.878566203036657,12.0,11.999885592353232
1475,8642.578125,15.878485440808001,12.0,12.000019580473685
1476,8648.4375,15.878390023680076,12.0,12.000027296153188
1477,8654.296875,15.878504288773344,12.0,11.99999181340738
1478,8660.15625,15.878516229167811,12.0,11.999976987120897
1479,8666.015625,15.878518282220918,12.0,11.999945975013313
1480,8671.875,15.878468820660087,12.0,12.000030903067495
1481,8677.734375,15.87841146123672,12.0,12.000016335835381
1482,8683.59375,15.878618301611526,12.0,11.99988168465708
1483,8689.453125,15.87851456533857,12.0,11.999967397713148
1484,8695.3125,15.878504058098907,12.0,11.999975899919036
1485,8701.171875,15.878534866934329,12.0,11.999962532572503
1486,8707.03125,15.878371086433472,12.0,12.00003413980803
1487,8712.890625,15.878426860839456,12.0,12.000025591840227
1488,8718.75,15.878520520155883,12.0,11.999952850978493
1489,8724.609375,15.878272366099223,12.0,12.00015271681617
1490,8730.46875,15.878499041222863,12.0,11.999968696178511
1491,8736.328125,15.87869458534943,12.0,11.999821866131235
1492,8742.1875,15.878677443368497,12.0,11.999792219103268
1493,8748.046875,15.878395999256607,12.0,12.00002999448806
1494,8753.90625,15.878291003890336,12.0,12.00011017518215
1495,8759.765625,15.878537457278462,12.0,11.999930800815306
1496,8765.625,15.8781675206133,12.0,12.00023562081784
1497,8771.484375,15.878642219364865,12.0,11.999864823077948
1498,8777.34375,15.878177810716185,12.0,12.000238379950666
1499,8783.203125,15.878512826715376,12.0,11.999937830356647
1500,8789.0625,15.87834929791329,12.0,12.000077098778014
1501,8794.921875,15.878532358918235,12.0,11.999906380110371
1502,8800.78125,15.878226824522796,12.0,12.000199850654155
1503,8806.640625,15.878673937119807,12.0,11.999800857190856
1504,8812.5,15.87833319265504,12.0,12.000071930437253
1505,8818.359375,15.87831058327122,12.0,12.000093352784328
1506,8824.21875,15.87830153214145,12.0,12.000142456111876
1507,8830.078125,15.87836142429585,12.0,12.000076123694965
1508,8835.9375,15.878537778473044,12.0,11.999939684536148
1509,8841.796875,15.87813031403318,12.0,12.00024309435812
1510,8847.65625,15.878262907892722,12.0,12.000171560706706
1511,8853.515625,15.87828934225284,12.0,12.00014549903588
1512,8859.375,15.87830823762683,12.0,12.000051748365221
1513,8865.234375,15.878422570343977,12.0,12.000094226437648
1514,8871.09375,15.878629031472034,12.0,11.999857731650442
1515,8876.953125,15.878142368696178,12.0,12.00018549830412
1516,8882.8125,15.878406041746034,12.0,12.000072493329217
1517,8888.671875,15.878596410474023,12.0,11.999915657640774
1518,8894.53125,15.878397573258608,12.0,12.000052099856738
1519,8900.390625,15.878374169789728,12.0,12.000059899213227
1520,8906.25,15.8785677009661,12.0,11.999955075956587
1521,8912.109375,15.878571616547852,12.0,11.999910603604802
1522,8917.96875,15.87844138957899,12.0,12.000083357328977
1523,8923.828125,15.878429103341233,12.0,11.999983659811807
1524,8929.6875,15.878695780364362,12.0,11.99982586132599
1525,8935.546875,15.878510152757306,12.0,11.99998632357682
1526,8941.40625,15.878668724115004,12.0,11.999856365135356
1527,8947.265625,15.87835251749145,12.0,12.000087316031545
1528,8953.125,15.878533666201315,12.0,11.999927516538957
1529,8958.984375,15.878719989603274,12.0,11.999791389879759
1530,8964.84375,15.878169016853091,12.0,12.00020606156743
1531,8970.703125,15.878452261710951,12.0,11.999971594667386
1532,8976.5625,15.878626554364859,12.0,11.999859337962151
1533,8982.421875,15.878190612546652,12.0,12.000201582160333
1534,8988.28125,15.878459361422676,12.0,12.000001374575534
1535,8994.140625,15.878418012179019,12.0,11.99997830003129
1536,9000.0,15.87837012373354,12.0,12.000046759779782
1537,9005.859375,15.878305236204772,12.0,12.000093342333594
1538,9011.71875,15.878543445293996,12.0,11.999947382493037
1539,9017.578125,15.878484231049685,12.0,12.000038778820734
1540,9023.4375,15.878558621485602,12.0,11.999943099894576
1541,9029.296875,15.87847398721495,12.0,12.000006997317646
1542,9035.15625,15.87839637882512,12.0,12.000047056808114
1543,9041.015625,15.878357416036279,12.0,12.000047929322916
1544,9046.875,15.87855342077053,12.0,11.99991640425264
1545,9052.734375,15.878230282147365,12.0,12.000208694069032
1546,9058.59375,15.878517471717858,12.0,11.999943190709121
1547,9064.453125,15.878369661257292,12.0,12.000029353668301
1548,9070.3125,15.878628401715536,12.0,11.999816319393114
1549,9076.171875,15.878386176309553,12.0,12.000060330012138
1550,9082.03125,15.878382438159086,12.0,12.0000594359175
1551,9087.890625,15.878323560708964,12.0,12.000044139639131
1552,9093.75,15.878379880180692,12.0,12.000037432618306
1553,9099.609375,15.878286234650393,12.0,12.000119832145486
1554,9105.46875,15.8785050784462,12.0,11.99990381878819
1555,9111.328125,15.87817823621093,12.0,12.0002178457337
1556,9117.1875,15.878370464021154,12.0,12.000028322976295
1557,9123.046875,15.878489752391062,12.0,12.000009157192626
1558,9128.90625,15.87875413263653,12.0,11.999798484944835
1559,9134.765625,15.87845754889301,12.0,11.99989233867118
1560,9140.625,15.878506171988457,12.0,11.999981698130108
1561,9146.484375,15.878439306842859,12.0,12.000021563411815
1562,9152.34375,15.878454240846466,12.0,11.99995965200565
1563,9158.203125,15.878497348679026,12.0,11.999968799591516
1564,9164.0625,15.878693009583865,12.0,11.999878311177604
1565,9169.921875,15.878324618394517,12.0,12.000067481175861
1566,9175.78125,15.878565312924573,12.0,11.999888707541299
1567,9181.640625,15.8787399376478,12.0,11.99980906968348
1568,9187.5,15.878350470464262,12.0,12.00009709828646
1569,9193.359375,15.878733372882248,12.0,11.999792614728417
1570,9199.21875,15.878446015998248,12.0,12.000000024282409
1571,9205.078125,15.878339978020206,12.0,12.00007342206671
1572,9210.9375,15.878319244862887,12.0,12.000083876197882
1573,9216.796875,15.87847734274955,12.0,11.999933916781142
1574,9222.65625,15.87841697359067,12.0,12.00001978585901
1575,9228.515625,15.878428266309115,12.0,11.999981624944303
1576,9234.375,15.878633482719271,12.0,11.999895367225013
1577,9240.234375,15.878594189611219,12.0,11.999902364358764
1578,9246.09375,15.878302972321347,12.0,12.000062698773828
1579,9251.953125,15.878471028037655,12.0,11.999961655888946
1580,9257.8125,15.878451117985346,12.0,11.999983925061473
1581,9263.671875,15.878530839960266,12.0,11.99990256375749
1582,9269.53125,15.878359907344022,12.0,12.000013664256945
1583,9275.390625,15.878540194982135,12.0,11.999890480382732
1584,9281.25,15.878605841064315,12.0,11.99995272393602
1585,9287.109375,15.87829976124294,12.0,12.000096338676792
1586,9292.96875,15.878373600770331,12.0,12.000084951663199
1587,9298.828125,15.878334020949953,12.0,12.00004787175579
1588,9304.6875,15.878071350724735,12.0,12.000202745866723
1589,9310.546875,15.878564547180996,12.0,11.99993122913896
1590,9316.40625,15.878014364386644,12.0,12.000296932957337
1591,9322.265625,15.878677731481098,12.0,11.999893967016883
1592,9328.125,15.87830638063827,12.0,12.000091766980514
1593,9333.984375,15.878530933758189,12.0,11.99991911557385
1594,9339.84375,15.878568546209108,12.0,11.999949507886688
1595,9345.703125,15.878412874880468,12.0,12.000056159425613
1596,9351.5625,15.878443981726443,12.0,11.999981659304693
1597,9357.421875,15.87841055712141,12.0,12.000053846510754
1598,9363.28125,15.878592473321296,12.0,11.999864682858817
1599,9369.140625,15.878229658352478,12.0,12.000151078210124
1600,9375.0,15.878546841501464,12.0,11.999940177645385
1601,9380.859375,15.878537355679581,12.0,11.999924497242711
1602,9386.71875,15.87830599348317,12.0,12.000101395395347
1603,9392.578125,15.878497396059704,12.0,11.999992045056143
1604,9398.4375,15.878431715501769,12.0,12.00001074078491
1605,9404.296875,15.87820383507447,12.0,12.000181704104614
1606,9410.15625,15.878624366249728,12.0,11.99981275331451
1607,9416.015625,15.878472904549874,12.0,11.999985957596927
1608,9421.875,15.878220506837858,12.0,12.000173004559016
1609,9427.734375,15.878437874351627,12.0,11.999983881195238
1610,9433.59375,15.878386976143478,12.0,12.00000678249469
1611,9439.453125,15.878353138146556,12.0,12.000062357581212
1612,9445.3125,15.878237168927608,12.0,12.000110541137536
1613,9451.171875,15.87814663292923,12.0,12.000202886646074
1614,9457.03125,15.878559989932443,12.0,11.999910761173549
1615,9462.890625,15.878599742390733,12.0,11.999887886104343
1616,9468.75,15.878494097448367,12.0,12.00000974179567
1617,9474.609375,15.878713146402703,12.0,11.999779795086127
1618,9480.46875,15.878366385039735,12.0,12.000043823248411
1619,9486.328125,15.878599168812114,12.0,11.999874468434923
1620,9492.1875,15.878508523201983,12.0,11.999967690248509
1621,9498.046875,15.87854395598037,12.0,11.999934937950892
1622,9503.90625,15.878536102072774,12.0,11.999919382260673
1623,9509.765625,15.87850480500155,12.0,11.999917584718064
1624,9515.625,15.878292827315267,12.0,12.00012055423909
1625,9521.484375,15.878588209642425,12.0,11.999860289421271
1626,9527.34375,15.878371507838567,12.0,11.99999765716564
1627,9533.203125,15.878443605229,12.0,12.000010684491413
1628,9539.0625,15.87843252186469,12.0,12.000033563421752
1629,9544.921875,15.878397038221793,12.0,12.000042915283112
1630,9550.78125,15.878673753372478,12.0,11.999885852209783
1631,9556.640625,15.878520435644777,12.0,11.999942947153968
1632,9562.5,15.878299633370053,12.0,12.00009868596208
1633,9568.359375,15.878499820795055,12.0,11.999937476415463
1634,9574.21875,15.87844834416141,12.0,11.999987418997469
1635,9580.078125,15.878556471965641,12.0,11.999888612849578
1636,9585.9375,15.87858858791955,12.0,11.99990547475577
1637,9591.796875,15.878693942518646,12.0,11.999830474812745
1638,9597.65625,15.878440976226472,12.0,12.000001800296182
1639,9603.515625,15.878570806166588,12.0,11.999955796444656
1640,9609.375,15.878774809879932,12.0,11.999765141454965
1641,9615.234375,15.87850773977595,12.0,11.99992623455503
1642,9621.09375,15.878344839883468,12.0,12.000107877185139
1643,9626.953125,15.87851256310302,12.0,11.999953509874127
1644,9632.8125,15.878401023614142,12.0,12.000000377960077
1645,9638.671875,15.878708414251028,12.0,11.999849235362833
1646,9644.53125,15.87858603151796,12.0,11.99990865661142
1647,9650.390625,15.878237853113868,12.0,12.000136435888008
1648,9656.25,15.878435469833992,12.0,11.999983975486964
1649,9662.109375,15.878513816179783,12.0,11.999936940725819
1650,9667.96875,15.878500385154451,12.0,11.999931876569143
1651,9673.828125,15.878528303290228,12.0,11.999878274417842
1652,9679.6875,15.878300161870406,12.0,12.000094497272322
1653,9685.546875,15.878276878536836,12.0,12.000139138863787
1654,9691.40625,15.878462206108457,12.0,11.999957374407954
1655,9697.265625,15.878343117712195,12.0,12.000042209906367
1656,9703.125,15.87861979454754,12.0,11.999901017139479
1657,9708.984375,15.878172479769539,12.0,12.000184804935943
1658,9714.84375,15.878314403267055,12.0,12.000072275524811
1659,9720.703125,15.87824939893922,12.0,12.00011472321825
1660,9726.5625,15.878489047428372,12.0,11.999988144840163
1661,9732.421875,15.878189498823776,12.0,12.000196371950029
1662,9738.28125,15.878314054071609,12.0,12.000048618708423
1663,9744.140625,15.878557245980652,12.0,11.999872449676813
1664,9750.0,15.878506471051178,12.0,11.999940991640635
1665,9755.859375,15.878182731307021,12.0,12.000244977120541
1666,9761.71875,15.878368875379538,12.0,12.000067110222162
1667,9767.578125,15.87851303122258,12.0,11.999928309530155
1668,9773.4375,15.878525076350272,12.0,11.999899748161072
1669,9779.296875,15.878262315026975,12.0,12.000166753516638
1670,9785.15625,15.87833256050794,12.0,12.000019841447484
1671,9791.015625,15.878228151515918,12.0,12.00012813374196
1672,9796.875,15.878140976016974,12.0,12.000236200837424
1673,9802.734375,15.878351813712648,12.0,12.00007898006111
1674,9808.59375,15.878479324857674,12.0,11.999929354024816
1675,9814.453125,15.878392213866652,12.0,12.000015301738188
1676,9820.3125,15.878503740848844,12.0,11.999933808145935
1677,9826.171875,15.87863591345751,12.0,11.999863762645996
1678,9832.03125,15.87832549281513,12.0,12.000105302445196
1679,9837.890625,15.878122667701025,12.0,12.000224027168025
1680,9843.75,15.878473228984559,12.0,11.999947500517322
1681,9849.609375,15.878206737374546,12.0,12.000153194762998
1682,9855.46875,15.878515161851308,12.0,11.99992464439566
1683,9861.328125,15.878321475971129,12.0,12.00012505810227
1684,9867.1875,15.878148123915896,12.0,12.00017515591164
1685,9873.046875,15.878312227251651,12.0,12.000104458264344
1686,9878.90625,15.878260162084155,12.0,12.000162766219416
1687,9884.765625,15.8785858339012,12.0,11.999924533964508
1688,9890.625,15.878316896534432,12.0,12.000036517367587
1689,9896.484375,15.878583908130647,12.0,11.999875796336397
1690,9902.34375,15.878394957025058,12.0,12.000010679059214
1691,9908.203125,15.878365082626711,12.0,12.00005781081011
1692,9914.0625,15.87837805969106,12.0,12.000011507270953
1693,9919.921875,15.878503802084452,12.0,11.999984778633861
1694,9925.78125,15.878611901432143,12.0,11.999883967698906
1695,9931.640625,15.878711014064283,12.0,11.999766810487298
1696,9937.5,15.878356343149356,12.0,12.000044236273347
1697,9943.359375,15.878522124647686,12.0,11.99997708853724
1698,9949.21875,15.878576694052214,12.0,11.999890727421144
1699,9955.078125,15.878442556560204,12.0,11.9999975689585
1700,9960.9375,15.878247335498605,12.0,12.000136220480847
1701,9966.796875,15.878362182212582,12.0,12.000085784182474
1702,9972.65625,15.878594977173533,12.0,11.999847717976266
1703,9978.515625,15.878570647356119,12.0,11.99988502018855
1704,9984.375,15.878484931838015,12.0,11.999949341102573
1705,9990.234375,15.878526402862638,12.0,11.9998647213255
1706,9996.09375,15.878390923729341,12.0,12.000039930871688
1707,10001.953125,15.878445821741705,12.0,11.999991942622975
1708,10007.8125,15.878467786917522,12.0,11.999925036646285
1709,10013.671875,15.878583010396698,12.0,11.99990280119517
1710,10019.53125,15.878481706870543,12.0,11.999959729557107
1711,10025.390625,15.878202550522584,12.0,12.000183680652373
1712,10031.25,15.878371300265863,12.0,12.000058173753189
1713,10037.109375,15.878248196454326,12.0,12.000112995531286
1714,10042.96875,15.878357310006681,12.0,12.000016542780903
1715,10048.828125,15.878289927275741,12.0,12.00011076232822
1716,10054.6875,15.878547043888158,12.0,11.999902111245898
1717,10060.546875,15.87846350860162,12.0,11.99999583927635
1718,10066.40625,15.878332052139339,12.0,12.000045409562517
1719,10072.265625,15.878311726245924,12.0,12.000105833671208
1720,10078.125,15.878615397494256,12.0,11.999828375298423
1721,10083.984375,15.87860784423501,12.0,11.999854535932432
1722,10089.84375,15.878364512574583,12.0,12.000034421231044
1723,10095.703125,15.878325796280818,12.0,12.000031281841771
1724,10101.5625,15.878265515143935,12.0,12.000145452273562
1725,10107.421875,15.878459651885214,12.0,12.000029862196937
1726,10113.28125,15.878240541553625,12.0,12.000130409252861
1727,10119.140625,15.878355226005166,12.0,12.000044998090784
1728,10125.0,15.87849893671701,12.0,11.999910969114447
1729,10130.859375,15.878358271944458,12.0,12.000083935103932
1730,10136.71875,15.878458384142398,12.0,11.999944210223893
1731,10142.578125,15.878409613332213,12.0,11.999986901295557
1732,10148.4375,15.878406190364267,12.0,12.000091963909764
1733,10154.296875,15.878093860201,12.0,12.000261869949313
1734,10160.15625,15.878578726411732,12.0,11.99987372880498
1735,10166.015625,15.878455817234835,12.0,11.999982368092867
1736,10171.875,15.878353841916047,12.0,12.00000642826969
1737,10177.734375,15.878408625710934,12.0,12.000021422066116
1738,10183.59375,15.878445177349994,12.0,11.999939258899863
1739,10189.453125,15.878280782051133,12.0,12.000114152753733
1740,10195.3125,15.878229428634484,12.0,12.000144865459642
1741,10201.171875,15.878445534639477,12.0,11.99996864938634
1742,10207.03125,15.878173392064403,12.0,12.00016460217625
1743,10212.890625,15.878462992195184,12.0,12.000011003941216
1744,10218.75,15.878223506906245,12.0,12.000154634393285
1745,10224.609375,15.87835155124549,12.0,12.000057421337953
1746,10230.46875,15.878396873774397,12.0,12.000030369297736
1747,10236.328125,15.878699445338615,12.0,11.999777593525645
1748,10242.1875,15.878417605248561,12.0,11.999998460339752
1749,10248.046875,15.878192496545791,12.0,12.000180997593494
1750,10253.90625,15.878532365306196,12.0,11.999962823039194
1751,10259.765625,15.87844315347645,12.0,12.000039045736106
1752,10265.625,15.878210576613533,12.0,12.000114289279232
1753,10271.484375,15.87846758434565,12.0,11.999978838400308
1754,10277.34375,15.878493026728766,12.0,11.9999627031804
1755,10283.203125,15.87813059937297,12.0,12.000260570600751
1756,10289.0625,15.878222075216987,12.0,12.000147286813752
1757,10294.921875,15.87822939415289,12.0,12.000157455626004
1758,10300.78125,15.878292301945562,12.0,12.000076171799519
1759,10306.640625,15.878100313425357,12.0,12.000232554615765
1760,10312.5,15.87865946243562,12.0,11.999814185599098
1761,10318.359375,15.878398624880763,12.0,11.99999971274365
1762,10324.21875,15.878718264948958,12.0,11.999771437809743
1763,10330.078125,15.878554985629956,12.0,11.999880199801625
1764,10335.9375,15.878447353220658,12.0,12.000013983137265
1765,10341.796875,15.87855170527807,12.0,11.999919458801225
1766,10347.65625,15.878486236001724,12.0,11.999946035137329
1767,10353.515625,15.87832708656195,12.0,12.000045183984318
1768,10359.375,15.878287396182337,12.0,12.000088531639966
1769,10365.234375,15.878583175688428,12.0,11.999808553326105
1770,10371.09375,15.878295291445571,12.0,12.000076905514796
1771,10376.953125,15.878192294494959,12.0,12.000164768718754
1772,10382.8125,15.878281915791225,12.0,12.000120859967652
1773,10388.671875,15.878359256767844,12.0,12.000067605973102
1774,10394.53125,15.878436522889706,12.0,12.000030776648055
1775,10400.390625,15.878439890561037,12.0,11.999971229205292
1776,10406.25,15.878107560012984,12.0,12.000280446846737
1777,10412.109375,15.878478413657225,12.0,11.999994727080425
1778,10417.96875,15.878150623208816,12.0,12.000201553511836
1779,10423.828125,15.878649112777254,12.0,11.999776233587164
1780,10429.6875,15.878528334063969,12.0,11.99991986555135
1781,10435.546875,15.878546466977227,12.0,11.999952603004186
1782,10441.40625,15.878529064068067,12.0,11.999935984030639
1783,10447.265625,15.878644957037983,12.0,11.99980432229755
1784,10453.125,15.878518112741277,12.0,11.999917921766817
1785,10458.984375,15.878641069559125,12.0,11.999836899653724
1786,10464.84375,15.878380588601376,12.0,12.0000628053697
1787,10470.703125,15.878570282804983,12.0,11.999843770627974
1788,10476.5625,15.878602746785484,12.0,11.999905604688772
1789,10482.421875,15.878512575094232,12.0,11.999905248493103
1790,10488.28125,15.87839046578034,12.0,12.000019891726156
1791,10494.140625,15.878157915607533,12.0,12.000218153298285
1792,10500.0,15.8783515784479,12.0,12.00000728898409
1793,10505.859375,15.878285531501096,12.0,12.000085729532252
1794,10511.71875,15.878280756587644,12.0,12.000072599462191
1795,10517.578125,15.878465924906697,12.0,11.999973297958274
1796,10523.4375,15.878608927985054,12.0,11.999902527446883
1797,10529.296875,15.878351056963691,12.0,12.000114368782748
1798,10535.15625,15.878507656922428,12.0,11.99995107727507
1799,10541.015625,15.87823297313976,12.0,12.00015212128506
1800,10546.875,15.87833011614024,12.0,12.000021440764993
1801,10552.734375,15.878739444565028,12.0,11.999782769386188
1802,10558.59375,15.87827036882041,12.0,12.000097346905765
1803,10564.453125,15.878369564108647,12.0,12.000014148808937
1804,10570.3125,15.878507911021982,12.0,11.999929596500891
1805,10576.171875,15.878517062859773,12.0,11.99987329770074
1806,10582.03125,15.878714968144632,12.0,11.999773228831883
1807,10587.890625,15.87842584025303,12.0,12.000037992089592
1808,10593.75,15.87838946095128,12.0,12.000039078074941
1809,10599.609375,15.878445723110575,12.0,12.000004917341162
1810,10605.46875,15.878148159901578,12.0,12.00020968737013
1811,10611.328125,15.878506648538718,12.0,11.999947154803877
1812,10617.1875,15.87833770222975,12.0,12.000098319235528
1813,10623.046875,15.878375513552545,12.0,12.000040316443279
1814,10628.90625,15.878439861156448,12.0,11.99999026005587
1815,10634.765625,15.8786512577916,12.0,11.999773548258705
1816,10640.625,15.878564107123502,12.0,11.999880781442538
1817,10646.484375,15.87837431945411,12.0,12.000077865591537
1818,10652.34375,15.878619147426686,12.0,11.999839314911496
1819,10658.203125,15.878373805959646,12.0,12.000067548333767
1820,10664.0625,15.878322607821934,12.0,12.000026578889194
1821,10669.921875,15.878335054782967,12.0,12.000008635589205
1822,10675.78125,15.878467885297217,12.0,11.999924935143811
1823,10681.640625,15.87815356783091,12.0,12.00019752599323
1824,10687.5,15.878231688229206,12.0,12.000158429297361
1825,10693.359375,15.878549202431621,12.0,11.999928242855423
1826,10699.21875,15.878412202582522,12.0,11.999969705789919
1827,10705.078125,15.87831106001365,12.0,12.000006921494183
1828,10710.9375,15.878180518646774,12.0,12.000211349487612
1829,10716.796875,15.878696990971358,12.0,11.999796616943426
1830,10722.65625,15.878689404892869,12.0,11.999731922291858
1831,10728.515625,15.878299265643433,12.0,12.00009675881852
1832,10734.375,15.87854829470186,12.0,11.999944614520663
1833,10740.234375,15.878642084175631,12.0,11.999847087944685
1834,10746.09375,15.878444003915337,12.0,11.999946465190503
1835,10751.953125,15.878322683018204,12.0,12.000075042249401
1836,10757.8125,15.878596970323086,12.0,11.999897690201536
1837,10763.671875,15.87840013486949,12.0,12.000038290153972
1838,10769.53125,15.878179858267847,12.0,12.000076962581014
1839,10775.390625,15.87835287450188,12.0,12.00001264579173
1840,10781.25,15.87847061076077,12.0,11.999972361294382
1841,10787.109375,15.878232902840137,12.0,12.000203635224514
1842,10792.96875,15.878432974160715,12.0,12.000002519606646
1843,10798.828125,15.87857620707837,12.0,11.999853824682592
1844,10804.6875,15.878338705436104,12.0,12.000028298363278
1845,10810.546875,15.878383511552125,12.0,12.000006958562118
1846,10816.40625,15.87851924504954,12.0,11.999968828630061
1847,10822.265625,15.878249859012314,12.0,12.00009644019538
1848,10828.125,15.87841909391194,12.0,12.000038943195632
1849,10833.984375,15.878340641750858,12.0,12.00005651251908
1850,10839.84375,15.878612637688095,12.0,11.999856178024121
1851,10845.703125,15.87836322372313,12.0,12.000091905778708
1852,10851.5625,15.878445298400559,12.0,11.999932756507167
1853,10857.421875,15.878399620762986,12.0,12.000003281543613
1854,10863.28125,15.878483354041231,12.0,11.999933258983129
1855,10869.140625,15.878354078615242,12.0,12.000031859196287
1856,10875.0,15.878138279571278,12.0,12.000208470012959
1857,10880.859375,15.878548314056715,12.0,11.999867793901396
1858,10886.71875,15.87844423594237,12.0,11.999974506992425
1859,10892.578125,15.878153895289374,12.0,12.000193322037756
1860,10898.4375,15.878554968741037,12.0,11.999913436875099
1861,10904.296875,15.878386826918106,12.0,11.999984270459127
1862,10910.15625,15.878262796185746,12.0,12.00016458273017
1863,10916.015625,15.878721921403601,12.0,11.999727225906554
1864,10921.875,15.8783855455526,12.0,12.00006825737543
1865,10927.734375,15.878305813637139,12.0,12.00014099362464
1866,10933.59375,15.878630839856475,12.0,11.99981304971402
1867,10939.453125,15.878541197494627,12.0,11.999875242864569
1868,10945.3125,15.878302032609346,12.0,12.000041517973232
1869,10951.171875,15.878263070908801,12.0,12.000107325084945
1870,10957.03125,15.878252681586199,12.0,12.000063319906431
1871,10962.890625,15.878458035753697,12.0,12.000014919178774
1872,10968.75,15.878404497699995,12.0,12.000010626164007
1873,10974.609375,15.878267483677849,12.0,12.000125163177339
1874,10980.46875,15.87872469726525,12.0,11.999832621830334
1875,10986.328125,15.878381070481131,12.0,12.000012282831253
1876,10992.1875,15.878521581423536,12.0,11.999846616420115
1877,10998.046875,15.878396571895642,12.0,12.000035617661476
1878,11003.90625,15.878294596139707,12.0,12.000080886004026
1879,11009.765625,15.878392070672444,12.0,12.000021451518483
1880,11015.625,15.878510492508253,12.0,11.999910970969543
1881,11021.484375,15.878341153348488,12.0,12.000075973447597
1882,11027.34375,15.878681921877137,12.0,11.99981141614331
1883,11033.203125,15.878546960340035,12.0,11.999861424403047
1884,11039.0625,15.878652731475487,12.0,11.999793998527139
1885,11044.921875,15.87857239655251,12.0,11.999869526383984
1886,11050.78125,15.878469860050016,12.0,11.999926084161856
1887,11056.640625,15.878702668706866,12.0,11.999778395439934
1888,11062.5,15.878383946378069,12.0,11.999988923814872
1889,11068.359375,15.878175600939668,12.0,12.00013606146334
1890,11074.21875,15.878550961302333,12.0,11.999905009672496
1891,11080.078125,15.878431471127207,12.0,12.000024504463646
1892,11085.9375,15.878467201554606,12.0,11.99996004148697
1893,11091.796875,15.878347994838244,12.0,12.000042809632717
1894,11097.65625,15.878274180240382,12.0,12.000095559798522
1895,11103.515625,15.878284008805199,12.0,12.000086930051124
1896,11109.375,15.878606871784374,12.0,11.999823802286183
1897,11115.234375,15.878219053257414,12.0,12.000120973021327
1898,11121.09375,15.87827863095941,12.0,12.000083395585884
1899,11126.953125,15.878393336530376,12.0,12.000043238637737
1900,11132.8125,15.878388140221915,12.0,11.999970628505752
1901,11138.671875,15.8785668626499,12.0,11.999833199968156
1902,11144.53125,15.878614784832148,12.0,11.999817267392608
1903,11150.390625,15.878186415919247,12.0,12.000163846591226
1904,11156.25,15.878385669100608,12.0,12.00000987083452
1905,11162.109375,15.878492857806254,12.0,11.999917691946743
1906,11167.96875,15.878288904235708,12.0,12.000104539084967
1907,11173.828125,15.878465694245156,12.0,11.99996139025397
1908,11179.6875,15.878579612807554,12.0,11.999890844973748
1909,11185.546875,15.878450717101012,12.0,11.999989075062901
1910,11191.40625,15.878397784342003,12.0,12.000043289173886
1911,11197.265625,15.878451343761805,12.0,11.999991392278567
1912,11203.125,15.87841507234298,12.0,11.999995256975721
1913,11208.984375,15.878340213580914,12.0,12.000128152912694
1914,11214.84375,15.878425979659031,12.0,11.99996748516843
1915,11220.703125,15.878332182065447,12.0,12.000056832948701
1916,11226.5625,15.878339812561094,12.0,12.00005655904355
1917,11232.421875,15.878287736927655,12.0,12.000077784004809
1918,11238.28125,15.878671984527674,12.0,11.999817290822321
1919,11244.140625,15.8786251077829,12.0,11.999847431863122
1920,11250.0,15.878325267060365,12.0,12.000045934554329
1921,11255.859375,15.878365301694792,12.0,12.000095433018771
1922,11261.71875,15.87860077001448,12.0,11.999811815052688
1923,11267.578125,15.878368703182424,12.0,12.000064359416255
1924,11273.4375,15.878433058847126,12.0,11.99995990013304
1925,11279.296875,15.878466335937533,12.0,11.99993086680579
1926,11285.15625,15.87846426140057,12.0,11.999926912220412
1927,11291.015625,15.878207780771955,12.0,12.000174547530628
1928,11296.875,15.878337745217532,12.0,12.000078336185945
1929,11302.734375,15.878419367808723,12.0,11.999929348964852
1930,11308.59375,15.878402381994112,12.0,12.000057437777414
1931,11314.453125,15.878265239067265,12.0,12.000066182268318
1932,11320.3125,15.878679863298652,12.0,11.99973588507369
1933,11326.171875,15.878650684518654,12.0,11.999782486772316
1934,11332.03125,15.878420641638023,12.0,11.999961115554045
1935,11337.890625,15.87840555059409,12.0,11.999960842644416
1936,11343.75,15.878433587934898,12.0,11.999973122838243
1937,11349.609375,15.878353508663357,12.0,12.000000428591044
1938,11355.46875,15.87859839147295,12.0,11.999810339067485
1939,11361.328125,15.878560398983181,12.0,11.999863690299808
1940,11367.1875,15.878507473453986,12.0,11.999928472790563
1941,11373.046875,15.878418360621117,12.0,12.000036731452768
1942,11378.90625,15.878396147543148,12.0,12.00000641359343
1943,11384.765625,15.878380727057664,12.0,12.000031816990589
1944,11390.625,15.87853650297281,12.0,11.999893731712154
1945,11396.484375,15.878626299364614,12.0,11.999915310451957
1946,11402.34375,15.878380556021309,12.0,12.000078790422977
1947,11408.203125,15.878485617785444,12.0,11.999967832790862
1948,11414.0625,15.878538828409178,12.0,11.999899576406301
1949,11419.921875,15.87846804825065,12.0,11.99992401301001
1950,11425.78125,15.87821714968432,12.0,12.000118935681925
1951,11431.640625,15.87873662787061,12.0,11.99968100572971
1952,11437.5,15.878421316687646,12.0,11.999904302447824
1953,11443.359375,15.878421028530546,12.0,12.000018546524618
1954,11449.21875,15.878406009429492,12.0,12.000064686559154
1955,11455.078125,15.878436504873497,12.0,11.999954755181786
1956,11460.9375,15.878222826850445,12.0,12.000152342653768
1957,11466.796875,15.878238990464828,12.0,12.000125216345028
1958,11472.65625,15.878424252104796,12.0,12.000014562455592
1959,11478.515625,15.878508596855578,12.0,11.999933202048396
1960,11484.375,15.878418967828955,12.0,11.999993046218648
1961,11490.234375,15.878707205967672,12.0,11.999674053420744
1962,11496.09375,15.878511956587692,12.0,11.999919618682345
1963,11501.953125,15.878282760276141,12.0,12.000114200572476
1964,11507.8125,15.878468087455822,12.0,11.999975275567289
1965,11513.671875,15.878458694083221,12.0,11.999937380637462
1966,11519.53125,15.878434450422583,12.0,12.000012820023043
1967,11525.390625,15.87822462270511,12.0,12.000134536350036
1968,11531.25,15.8785342741592,12.0,11.999884401121735
1969,11537.109375,15.87847162932854,12.0,11.999883867576532
1970,11542.96875,15.878469421081306,12.0,11.999924937091986
1971,11548.828125,15.878373610302656,12.0,12.000050887522558
1972,11554.6875,15.878746755341984,12.0,11.999730689999105
1973,11560.546875,15.878531398193122,12.0,11.999908375187495
1974,11566.40625,15.878510965167482,12.0,11.999884306395574
1975,11572.265625,15.878271554818332,12.0,12.00007169975185
1976,11578.125,15.878431578107634,12.0,11.999970962022163
1977,11583.984375,15.87835584837285,12.0,12.000015367106393
1978,11589.84375,15.87821766363651,12.0,12.000150254165387
1979,11595.703125,15.878386363831355,12.0,11.999999872718687
1980,11601.5625,15.878773302448739,12.0,11.999683943855219
1981,11607.421875,15.878626570957465,12.0,11.999877977827495
1982,11613.28125,15.878497416295936,12.0,11.99995096987661
1983,11619.140625,15.87853024726582,12.0,11.999877515427057
1984,11625.0,15.878225149907568,12.0,12.000155416887901
1985,11630.859375,15.878417348935788,12.0,11.999970155739065
1986,11636.71875,15.878601444553997,12.0,11.999868647933301
1987,11642.578125,15.87818358563405,12.0,12.000162361265579
1988,11648.4375,15.878288025389573,12.0,12.000088909011211
1989,11654.296875,15.878353434960237,12.0,12.00002578034609
1990,11660.15625,15.87828761927369,12.0,12.000109807889903
1991,11666.015625,15.878327289183119,12.0,12.000068814009417
1992,11671.875,15.878139492082862,12.0,12.000213295092678
1993,11677.734375,15.87828328907903,12.0,12.000106726984319
1994,11683.59375,15.878317664822447,12.0,12.000031818884631
1995,11689.453125,15.878584783687074,12.0,11.999863498550365
1996,11695.3125,15.878312045203936,12.0,12.000021007778034
1997,11701.171875,15.878321694923981,12.0,12.000038526602387
1998,11707.03125,15.878456003945528,12.0,11.999973214694544
1999,11712.890625,15.878538851702647,12.0,11.999941721580717
2000,11718.75,15.878505507053344,12.0,11.999977274391282
2001,11724.609375,15.878381472505744,12.0,12.000001072640119
2002,11730.46875,15.878144795469542,12.0,12.000218359160979
2003,11736.328125,15.878630441042807,12.0,11.999846164149698
2004,11742.1875,15.878329969536448,12.0,12.000024907167365
2005,11748.046875,15.878328986891267,12.0,12.000041811984257
2006,11753.90625,15.878309835077525,12.0,12.00005571139064
2007,11759.765625,15.878554391741831,12.0,11.999861623524135
2008,11765.625,15.878615789457163,12.0,11.999862683379115
2009,11771.484375,15.878345318045334,12.0,12.000019311738127
2010,11777.34375,15.878223914796498,12.0,12.000077848591523
2011,11783.203125,15.87842355986456,12.0,11.999997956833807
2012,11789.0625,15.878169164534697,12.0,12.000162306189688
2013,11794.921875,15.878220067150382,12.0,12.000097924900773
2014,11800.78125,15.878507587461488,12.0,11.999925486320281
2015,11806.640625,15.878363599860082,12.0,12.000035741707105
2016,11812.5,15.878262620374704,12.0,12.000104033307727
2017,11818.359375,15.878223463068577,12.0,12.00017213510581
2018,11824.21875,15.878249078250093,12.0,12.000128648929621
2019,11830.078125,15.878447586300522,12.0,11.999961064978919
2020,11835.9375,15.878649553464285,12.0,11.99979546959487
2021,11841.796875,15.878316606200423,12.0,12.00009583128403
2022,11847.65625,15.878090002628625,12.0,12.00019729835237
2023,11853.515625,15.878553831282916,12.0,11.999863420127852
2024,11859.375,15.878554062243378,12.0,11.999905481914764
2025,11865.234375,15.8785234737763,12.0,11.999886394974226
2026,11871.09375,15.878584370173161,12.0,11.999862044681887
2027,11876.953125,15.878130761764792,12.0,12.000222487049239
2028,11882.8125,15.878823516555189,12.0,11.999665127768404
2029,11888.671875,15.878325830798035,12.0,12.000041747288568
2030,11894.53125,15.878260530061313,12.0,12.000155059943124
2031,11900.390625,15.878325168177176,12.0,12.000081515543302
2032,11906.25,15.878340754728208,12.0,12.00005341293727
2033,11912.109375,15.878563895599115,12.0,11.999911572388406
2034,11917.96875,15.878496817975439,12.0,11.999956176610587
2035,11923.828125,15.878423352721065,12.0,11.999929285193682
2036,11929.6875,15.878590194227169,12.0,11.999792899636693
2037,11935.546875,15.878240531826432,12.0,12.000188975432415
2038,11941.40625,15.87821854377874,12.0,12.000097535754247
2039,11947.265625,15.878384803660827,12.0,11.999997150600423
2040,11953.125,15.87832525565247,12.0,12.000105354736027
2041,11958.984375,15.878412835022061,12.0,11.999988498387015
2042,11964.84375,15.878272865465615,12.0,12.000090305005616
2043,11970.703125,15.878280005743642,12.0,12.000124559027993
2044,11976.5625,15.878440827926957,12.0,11.999985311785755
2045,11982.421875,15.87805341461063,12.0,12.000216229893025
2046,11988.28125,15.87866889825095,12.0,11.999814836476173
2047,11994.140625,15.87837074781091,12.0,12.00002886099715
2048,12000.0,15.87843489622413,12.0,11.999927526670188
2049,12005.859375,15.878343075499528,12.0,11.999991664241291
2050,12011.71875,15.8782723594489,12.0,12.000051219032505
2051,12017.578125,15.87868450304631,12.0,11.999803588367856
2052,12023.4375,15.878333749231013,12.0,11.999979037526465
2053,12029.296875,15.878370864282358,12.0,12.00000128943494
2054,12035.15625,15.87873748853273,12.0,11.999704922941316
2055,12041.015625,15.87837252368393,12.0,12.000012090131886
2056,12046.875,15.878519379721071,12.0,11.99988870666873
2057,12052.734375,15.878462634067922,12.0,11.999951508898652
2058,12058.59375,15.87835585168369,12.0,12.000009057335388
2059,12064.453125,15.87827485595001,12.0,12.00009629836023
2060,12070.3125,15.878650401749255,12.0,11.99985389606738
2061,12076.171875,15.878462987424722,12.0,11.999932278102088
2062,12082.03125,15.878288920193881,12.0,12.000109799871579
2063,12087.890625,15.87847320687684,12.0,11.99992211281762
2064,12093.75,15.878411451447732,12.0,11.99998044456682
2065,12099.609375,15.878505604475087,12.0,11.999965934884768
2066,12105.46875,15.878030489595876,12.0,12.000283006663796
2067,12111.328125,15.878365827812145,12.0,12.000014369672956
2068,12117.1875,15.878485118462589,12.0,11.999861058424536
2069,12123.046875,15.878229957646717,12.0,12.000099825160685
2070,12128.90625,15.87841949092856,12.0,11.999991798184718
2071,12134.765625,15.878206595791145,12.0,12.000144556333666
2072,12140.625,15.878519341591456,12.0,11.999867174365487
2073,12146.484375,15.878361229075898,12.0,12.00004042045787
2074,12152.34375,15.878300692098389,12.0,12.000023422238355
2075,12158.203125,15.878620269979614,12.0,11.999773486890595
2076,12164.0625,15.878315311904394,12.0,12.000038340529505
2077,12169.921875,15.878347344559167,12.0,12.000063869473191
2078,12175.78125,15.878682709850525,12.0,11.999730279664004
2079,12181.640625,15.878529512242974,12.0,11.999900312794622
2080,12187.5,15.878321218941759,12.0,12.00002644237361
2081,12193.359375,15.878498222892764,12.0,11.99987421779289
2082,12199.21875,15.878313941263743,12.0,12.000073219017553
2083,12205.078125,15.878583431535914,12.0,11.999832632143194
2084,12210.9375,15.87853665906885,12.0,11.999842020167385
2085,12216.796875,15.878842111896425,12.0,11.999698782559902
2086,12222.65625,15.878338432593345,12.0,12.000046313542718
2087,12228.515625,15.87852175449031,12.0,11.999887571713478
2088,12234.375,15.87862459459837,12.0,11.99990246821346
2089,12240.234375,15.878266645955554,12.0,12.000120818325085
2090,12246.09375,15.878355245398792,12.0,12.00000515123834
2091,12251.953125,15.878241252347172,12.0,12.000134095428518
2092,12257.8125,15.878226024998979,12.0,12.0000642388239
2093,12263.671875,15.878679053823257,12.0,11.999777431247052
2094,12269.53125,15.878374041164315,12.0,12.000062615080063
2095,12275.390625,15.878131159547085,12.0,12.00025039163603
2096,12281.25,15.878458802371178,12.0,11.99989111698437
2097,12287.109375,15.878302633621086,12.0,12.000120371339644
2098,12292.96875,15.878353217280765,12.0,11.999966877009706
2099,12298.828125,15.878482288390314,12.0,11.99990806930746
2100,12304.6875,15.878448203053837,12.0,11.999950824759937
2101,12310.546875,15.878500620464521,12.0,11.999917696114222
2102,12316.40625,15.87817499988226,12.0,12.000201030777001
2103,12322.265625,15.878571394997198,12.0,11.999905904705267
2104,12328.125,15.878330970351211,12.0,12.000076606618531
2105,12333.984375,15.878728341197805,12.0,11.999773147277915
2106,12339.84375,15.878395097235305,12.0,11.999958666550036
2107,12345.703125,15.878394542357176,12.0,11.99998339788647
2108,12351.5625,15.878704288890955,12.0,11.999757249622272
2109,12357.421875,15.87852880660184,12.0,11.999860326593282
2110,12363.28125,15.878390182155515,12.0,12.000026211715221
2111,12369.140625,15.878445698873177,12.0,11.999983911698212
2112,12375.0,15.878222447953604,12.0,12.000121501691295
2113,12380.859375,15.87842603783907,12.0,11.999995612412798
2114,12386.71875,15.878614311893246,12.0,11.999858973398027
2115,12392.578125,15.878196723040578,12.0,12.000093400160777
2116,12398.4375,15.878584812603087,12.0,11.99983451216052
2117,12404.296875,15.878345066251585,12.0,12.000050773286628
2118,12410.15625,15.878048903343867,12.0,12.000276127330281
2119,12416.015625,15.878493527068079,12.0,11.999923981897549
2120,12421.875,15.878243470461067,12.0,12.000078467230185
2121,12427.734375,15.878389896434387,12.0,12.000026725450905
2122,12433.59375,15.878454743707678,12.0,11.999938599584391
2123,12439.453125,15.878455262235946,12.0,11.999955988726493
2124,12445.3125,15.878448600140384,12.0,11.99994545197574
2125,12451.171875,15.878470237849431,12.0,11.999889648245983
2126,12457.03125,15.878286144677327,12.0,12.000045837342292
2127,12462.890625,15.878643057587434,12.0,11.99981805300962
2128,12468.75,15.87842581488285,12.0,11.999951381948199
2129,12474.609375,15.878582114991234,12.0,11.999891740252428
2130,12480.46875,15.878268838702684,12.0,12.0001752702595
2131,12486.328125,15.878377265361515,12.0,11.999990861372252
2132,12492.1875,15.878324521496225,12.0,12.000041569310373
2133,12498.046875,15.878465873471255,12.0,11.999934737243862
2134,12503.90625,15.878390228052625,12.0,12.000053918957024
2135,12509.765625,15.878091544231847,12.0,12.000208259117963
2136,12515.625,15.87862798018153,12.0,11.999816187494972
2137,12521.484375,15.878194039461581,12.0,12.000141493667053
2138,12527.34375,15.878073709040114,12.0,12.00022992665111
2139,12533.203125,15.878295566830738,12.0,12.000069061471004
2140,12539.0625,15.8784286082604,12.0,11.999923269107232
2141,12544.921875,15.878692274247445,12.0,11.999744834451144
2142,12550.78125,15.878409820737104,12.0,11.99998857218471
2143,12556.640625,15.878293902745279,12.0,12.000103706588089
2144,12562.5,15.878351055565558,12.0,12.000068158420843
2145,12568.359375,15.878444062872465,12.0,11.999884222107207
2146,12574.21875,15.87830560034911,12.0,12.000003608854204
2147,12580.078125,15.878305254410469,12.0,12.000048892803688
2148,12585.9375,15.878424101499677,12.0,11.99995901624424
2149,12591.796875,15.87828922359933,12.0,12.000099822596637
2150,12597.65625,15.878218493485873,12.0,12.000074910919981
2151,12603.515625,15.878172275678626,12.0,12.000180312906975
2152,12609.375,15.87863730079399,12.0,11.999797074656517
2153,12615.234375,15.87853446626463,12.0,11.999904101877524
2154,12621.09375,15.87834472483649,12.0,12.00003000183622
2155,12626.953125,15.878521055683224,12.0,11.999892636620245
2156,12632.8125,15.87837109166205,12.0,11.999978931964735
2157,12638.671875,15.878274945432079,12.0,12.000059402521622
2158,12644.53125,15.87861617204761,12.0,11.999852285779728
2159,12650.390625,15.878210607819058,12.0,12.000133170003537
2160,12656.25,15.878514001576336,12.0,11.999909071086982
2161,12662.109375,15.87845582772514,12.0,11.999929805942964
2162,12667.96875,15.878520437843482,12.0,11.999878590236253
2163,12673.828125,15.878582433498476,12.0,11.999849925648117
2164,12679.6875,15.878019597676703,12.0,12.00026790561399
2165,12685.546875,15.878408559370637,12.0,11.999946670723327
2166,12691.40625,15.878353671498184,12.0,12.000083161285502
2167,12697.265625,15.878328418412003,12.0,11.999986418083877
2168,12703.125,15.87853982134051,12.0,11.999845286797534
2169,12708.984375,15.87864947564744,12.0,11.999847160857678
2170,12714.84375,15.878225504704865,12.0,12.00008558865709
2171,12720.703125,15.878375172535282,12.0,12.00000081604698
2172,12726.5625,15.878324297882061,12.0,12.000076611055402
2173,12732.421875,15.878503434300763,12.0,11.99989509674421
2174,12738.28125,15.878617383622814,12.0,11.999836350210026
2175,12744.140625,15.878303047216082,12.0,12.000074294578313
2176,12750.0,15.878456444636424,12.0,11.999969073642317
2177,12755.859375,15.878347198015561,12.0,11.999986683735441
2178,12761.71875,15.878317507559965,12.0,12.000060518015651
2179,12767.578125,15.878520664756469,12.0,11.99991358293099
2180,12773.4375,15.878413590142337,12.0,12.000029650020057
2181,12779.296875,15.878504482141388,12.0,11.999927381503479
2182,12785.15625,15.878195184083413,12.0,12.0001948853051
2183,12791.015625,15.878410277208747,12.0,11.999979252738795
2184,12796.875,15.878193164156428,12.0,12.000161378645629
2185,12802.734375,15.878248385520331,12.0,12.000022294032586
2186,12808.59375,15.8781986576713,12.0,12.000134175190475
2187,12814.453125,15.878222299671892,12.0,12.000161554350678
2188,12820.3125,15.878363315236449,12.0,11.999957405292248
2189,12826.171875,15.878372055653015,12.0,12.000020880029359
2190,12832.03125,15.878372346658544,12.0,12.000042233014073
2191,12837.890625,15.878480542346274,12.0,11.999912892863435
2192,12843.75,15.878113558224662,12.0,12.000230348320681
2193,12849.609375,15.87848992587352,12.0,11.999890653314468
2194,12855.46875,15.878406782495208,12.0,11.999981376335397
2195,12861.328125,15.878494697645245,12.0,11.999866517846687
2196,12867.1875,15.878168655474319,12.0,12.000125887586357
2197,12873.046875,15.878476347885343,12.0,11.999952102475133
2198,12878.90625,15.878315229132031,12.0,12.00004371888182
2199,12884.765625,15.87833404322619,12.0,12.000025366192705
2200,12890.625,15.878387092963504,12.0,12.00000208246225
2201,12896.484375,15.878031060417856,12.0,12.00024456020061
2202,12902.34375,15.87871909963317,12.0,11.999701025833682
2203,12908.203125,15.878391937860366,12.0,12.000006484435499
2204,12914.0625,15.878371551419317,12.0,11.99998655151796
2205,12919.921875,15.878508665399636,12.0,11.999869465266183
2206,12925.78125,15.87847089627034,12.0,11.999957855663007
2207,12931.640625,15.878406822113474,12.0,11.999998947686796
2208,12937.5,15.878324117083132,12.0,12.000027182296007
2209,12943.359375,15.878433459671976,12.0,11.999948732057295
2210,12949.21875,15.878558676347494,12.0,11.999782125156326
2211,12955.078125,15.878316547936064,12.0,12.000033296229478
2212,12960.9375,15.878489261632737,12.0,11.999920326129821
2213,12966.796875,15.878611945837921,12.0,11.999895869761465
2214,12972.65625,15.878302238450793,12.0,12.000051780465084
2215,12978.515625,15.878558226052151,12.0,11.999856690838591
2216,12984.375,15.878285847664397,12.0,12.000040398693962
2217,12990.234375,15.878263421305014,12.0,12.000005574303739
2218,12996.09375,15.87843856765673,12.0,11.999943440398786
2219,13001.953125,15.878660436266422,12.0,11.999784672656348
2220,13007.8125,15.878269748836441,12.0,12.00010100191533
2221,13013.671875,15.878306468930075,12.0,12.000049698038296
2222,13019.53125,15.878502841295504,12.0,11.999925292334552
2223,13025.390625,15.878234109227304,12.0,12.000100852497319
2224,13031.25,15.878129924075084,12.0,12.000168460026032
2225,13037.109375,15.878482481834828,12.0,11.999892496739927
2226,13042.96875,15.878158325511784,12.0,12.000192407081746
2227,13048.828125,15.878356464679666,12.0,11.9999836985222
2228,13054.6875,15.878440789829819,12.0,11.999925183046528
2229,13060.546875,15.878318724086727,12.0,12.000053709547167
2230,13066.40625,15.878497012584056,12.0,11.999925936914291
2231,13072.265625,15.87813487900735,12.0,12.000226130071676
2232,13078.125,15.878547394533932,12.0,11.999905551804753
2233,13083.984375,15.878369499682902,12.0,11.999977141732883
2234,13089.84375,15.878324056333195,12.0,12.000025496611496
2235,13095.703125,15.87837285053886,12.0,12.000013954146212
2236,13101.5625,15.878288888631248,12.0,12.000118306640099
2237,13107.421875,15.878162994028186,12.0,12.000248354473833
2238,13113.28125,15.87831448140729,12.0,12.00002720554286
2239,13119.140625,15.878578058572156,12.0,11.999888573288272
2240,13125.0,15.878274552538947,12.0,12.000048840847782
2241,13130.859375,15.878370856565457,12.0,11.999943444249338
2242,13136.71875,15.87837387530282,12.0,12.000007515118396
2243,13142.578125,15.878613770718387,12.0,11.999872745395203
2244,13148.4375,15.878369143896325,12.0,12.000036839682801
2245,13154.296875,15.878302821520924,12.0,12.000015884136591
2246,13160.15625,15.878230412987332,12.0,12.000117813759504
2247,13166.015625,15.878254940319602,12.0,12.000081474357915
2248,13171.875,15.878241674244096,12.0,12.000073007405636
2249,13177.734375,15.878452134672795,12.0,11.999952320827095
2250,13183.59375,15.878498852168258,12.0,11.99992494467995
2251,13189.453125,15.878424307076557,12.0,11.999956629126011
2252,13195.3125,15.878501558303805,12.0,11.999960769169792
2253,13201.171875,15.878307385015704,12.0,12.000050158226848
2254,13207.03125,15.878367681380343,12.0,11.999968636120943
2255,13212.890625,15.878585385589949,12.0,11.999796574608187
2256,13218.75,15.878280229348167,12.0,12.00009752798654
2257,13224.609375,15.878462135328823,12.0,11.99991085092478
2258,13230.46875,15.878274804615865,12.0,12.000053179719789
2259,13236.328125,15.878297938334327,12.0,12.00008228536356
2260,13242.1875,15.878130950704856,12.0,12.000173652738907
2261,13248.046875,15.878471360959935,12.0,11.9999738399201
2262,13253.90625,15.878121866221873,12.0,12.000207640590563
2263,13259.765625,15.878340409086718,12.0,12.000064305668007
2264,13265.625,15.878211377943417,12.0,12.000117042516852
2265,13271.484375,15.878510034574216,12.0,11.999921112882292
2266,13277.34375,15.878233277015248,12.0,12.000136117667685
2267,13283.203125,15.878459295934398,12.0,11.999955118082223
2268,13289.0625,15.87823250515935,12.0,12.00014276879134
2269,13294.921875,15.878204687795739,12.0,12.000113019805635
2270,13300.78125,15.878400417899254,12.0,11.999939868661516
2271,13306.640625,15.878404653268213,12.0,11.999983431280112
2272,13312.5,15.878533106848755,12.0,11.999849317538924
2273,13318.359375,15.878448021653488,12.0,11.999981260782102
2274,13324.21875,15.87837058432415,12.0,12.000020683354938
2275,13330.078125,15.878189339828786,12.0,12.000159367068566
2276,13335.9375,15.878320696998609,12.0,12.00003489787386
2277,13341.796875,15.87835280083799,12.0,12.000015967969265
2278,13347.65625,15.878354286963123,12.0,12.000036035984037
2279,13353.515625,15.878358149674282,12.0,12.000030760523405
2280,13359.375,15.878132502325261,12.0,12.000176483256672
2281,13365.234375,15.878355659683368,12.0,12.000006667586689
2282,13371.09375,15.878128309455349,12.0,12.000162630292749
2283,13376.953125,15.878181593526056,12.0,12.00012440981065
2284,13382.8125,15.878247635760712,12.0,12.0001168843431
2285,13388.671875,15.878278669945338,12.0,12.00009667276236
2286,13394.53125,15.878381608079891,12.0,12.000051880047048
2287,13400.390625,15.87852402431416,12.0,11.999839544413241
2288,13406.25,15.878540417860513,12.0,11.999908001021327
2289,13412.109375,15.878343991365515,12.0,12.000004541429995
2290,13417.96875,15.878273161075606,12.0,12.000086875228995
2291,13423.828125,15.878271281556389,12.0,12.00005421955714
2292,13429.6875,15.878212321920541,12.0,12.00012700594503
2293,13435.546875,15.878446039321672,12.0,11.999902816606115
2294,13441.40625,15.878619611748688,12.0,11.999814455830197
2295,13447.265625,15.87830446249387,12.0,12.000071369911481
2296,13453.125,15.878179664302934,12.0,12.000180488460495
2297,13458.984375,15.87841805361901,12.0,11.999901719625154
2298,13464.84375,15.878273328481031,12.0,12.000010351059395
2299,13470.703125,15.878637400648541,12.0,11.999799053671573
2300,13476.5625,15.878539363890239,12.0,11.999898558474053
2301,13482.421875,15.878306094388122,12.0,12.000066699925299
2302,13488.28125,15.878258381708964,12.0,12.000047505853487
2303,13494.140625,15.878242900845459,12.0,12.000069071109687
2304,13500.0,15.878175165006999,12.0,12.00014569174383
2305,13505.859375,15.878455146765921,12.0,11.999968933402382
2306,13511.71875,15.878194481373633,12.0,12.000128730820107
2307,13517.578125,15.878440558041202,12.0,11.999938924586429
2308,13523.4375,15.878391336393634,12.0,11.999947574361485
2309,13529.296875,15.878370589824197,12.0,12.000019375741868
2310,13535.15625,15.87817386093285,12.0,12.000124973118607
2311,13541.015625,15.87827413245082,12.0,12.000039832517587
2312,13546.875,15.878370155543053,12.0,12.000001819605309
2313,13552.734375,15.878327824802948,12.0,12.000058676569578
2314,13558.59375,15.878324765566726,12.0,12.000082868415163
2315,13564.453125,15.878385554526876,12.0,11.999994697225027
2316,13570.3125,15.878053716807088,12.0,12.000200963557555
2317,13576.171875,15.878202109530863,12.0,12.000141984449046
2318,13582.03125,15.878413872680262,12.0,11.999907953259399
2319,13587.890625,15.878456608438366,12.0,11.99994836138929
2320,13593.75,15.878402248066866,12.0,11.999986601766883
2321,13599.609375,15.878573053345933,12.0,11.999837950153985
2322,13605.46875,15.87839453384649,12.0,12.000028571645377
2323,13611.328125,15.878623779815982,12.0,11.999808581925853
2324,13617.1875,15.878288081367227,12.0,12.000039668534905
2325,13623.046875,15.878472597367903,12.0,11.999933846286902
2326,13628.90625,15.878363910909291,12.0,12.000007053785826
2327,13634.765625,15.878461130683243,12.0,11.99990660086587
2328,13640.625,15.878269125783888,12.0,12.000057671214835
2329,13646.484375,15.87828477941396,12.0,12.000010103740564
2330,13652.34375,15.878467257135267,12.0,11.999907030937718
2331,13658.203125,15.878476237719457,12.0,11.999986937492752
2332,13664.0625,15.878606606605205,12.0,11.999722009553258
2333,13669.921875,15.878372629402648,12.0,12.000034196583671
2334,13675.78125,15.878137060204066,12.0,12.000178417002164
2335,13681.640625,15.878482870695624,12.0,11.99990828231832
2336,13687.5,15.878361912400315,12.0,11.99994490407289
2337,13693.359375,15.878412000445216,12.0,11.999957149553808
2338,13699.21875,15.878478508960841,12.0,11.999831876915373
2339,13705.078125,15.87848707129296,12.0,11.99988249462184
2340,13710.9375,15.87844732145736,12.0,11.999913117759647
2341,13716.796875,15.87827843242589,12.0,12.000077172210165
2342,13722.65625,15.878468215397348,12.0,11.999931957596303
2343,13728.515625,15.878226889088477,12.0,12.0000787517917
2344,13734.375,15.87811492930828,12.0,12.000203738023416
2345,13740.234375,15.878223504868455,12.0,12.000166457855284
2346,13746.09375,15.878456008633126,12.0,11.99998530208065
2347,13751.953125,15.878342401206629,12.0,12.000018341987575
2348,13757.8125,15.878326633830984,12.0,12.000043673835487
2349,13763.671875,15.878409812169956,12.0,11.999930952823568
2350,13769.53125,15.878676029549789,12.0,11.999742189535446
2351,13775.390625,15.878473390875666,12.0,11.999884827828938
2352,13781.25,15.878403489385837,12.0,11.999929183545968
2353,13787.109375,15.878468733531891,12.0,11.999890699480972
2354,13792.96875,15.878719675042484,12.0,11.999721205796604
2355,13798.828125,15.878419252646767,12.0,11.99994348512652
2356,13804.6875,15.87850535309609,12.0,11.99989697778905
2357,13810.546875,15.87852648864662,12.0,11.999926196434131
2358,13816.40625,15.87832769617995,12.0,11.99995712503192
2359,13822.265625,15.878543640808273,12.0,11.999887239156285
2360,13828.125,15.878416475722481,12.0,11.999984579385739
2361,13833.984375,15.878429257762672,12.0,11.999956265877032
2362,13839.84375,15.878390889237,12.0,11.99995268232763
2363,13845.703125,15.87847424709733,12.0,11.999892219959294
2364,13851.5625,15.87845551649788,12.0,11.99992778564585
2365,13857.421875,15.878044347704211,12.0,12.000214836507041
2366,13863.28125,15.878270317042885,12.0,12.000040805778985
2367,13869.140625,15.878442031396895,12.0,11.999908180218252
2368,13875.0,15.878195083630848,12.0,12.000129133569335
2369,13880.859375,15.878089089409132,12.0,12.00021146797375
2370,13886.71875,15.878483026125984,12.0,11.999936802699814
2371,13892.578125,15.878552433353748,12.0,11.999872188093457
2372,13898.4375,15.87855854523103,12.0,11.9998560482645
2373,13904.296875,15.878388055820752,12.0,11.999984826709547
2374,13910.15625,15.878503905513188,12.0,11.999864337902649
2375,13916.015625,15.878385278945856,12.0,11.999926746809038
2376,13921.875,15.87818981228047,12.0,12.000118136331857
2377,13927.734375,15.878124312744331,12.0,12.000167842503968
2378,13933.59375,15.878344672635624,12.0,11.99994396563911
2379,13939.453125,15.878198976330786,12.0,12.00007761633317
2380,13945.3125,15.878338793351872,12.0,12.000087031001447
2381,13951.171875,15.878270013799746,12.0,12.000070302210725
2382,13957.03125,15.878036177710614,12.0,12.000268016519236
2383,13962.890625,15.878241313894357,12.0,12.000067893156793
2384,13968.75,15.878527269651679,12.0,11.999845834045303
2385,13974.609375,15.878553946497126,12.0,11.999806743994613
2386,13980.46875,15.878325199194329,12.0,12.000026813495339
2387,13986.328125,15.878418400245357,12.0,11.99997746184225
2388,13992.1875,15.878629968918666,12.0,11.999832619289563
2389,13998.046875,15.878511319992782,12.0,11.999873153446964
2390,14003.90625,15.878341231714089,12.0,12.000051858075416
2391,14009.765625,15.878246313434017,12.0,12.000119193262515
