bin,freq_hz,abs_h,training_noise,mean_abs_llr
400,2343.75,9.71852991751741,4.406978869360957,3.0294181870349792
401,2349.609375,9.603468160612977,4.5264529753217975,4.071848428660514
402,2355.46875,12.32928996000802,5.864536861203776,6.210500726869538
403,2361.328125,11.161788995408015,7.134838804611018,6.032613700398618
404,2367.1875,10.48910241890485,6.307113215719428,4.7838427147594516
405,2373.046875,9.37613415712889,5.264877232866719,4.144978969594863
406,2378.90625,13.469922730254973,6.162828505411721,5.024678167569877
407,2384.765625,12.780087447431201,5.554526759814159,5.2157152834201925
408,2390.625,5.155914477002795,2.32494738139491,2.1267048584895276
409,2396.484375,9.527140027892486,4.652888053757796,4.662758475515505
410,2402.34375,6.057253715362653,3.538969896443172,2.706780677257329
411,2408.203125,6.888156018884678,4.150114779946809,3.0860684516355645
412,2414.0625,10.079675970389255,6.0971628790382155,4.3630412385945725
413,2419.921875,14.54520194247711,12.0,8.5436693793322
414,2425.78125,16.719151786144415,8.776356003083286,8.882718261023303
415,2431.640625,10.895995560375232,6.017905941416355,7.681663217065028
416,2437.5,2.5415528006817,1.6398644544229244,2.277279556862055
417,2443.359375,4.806335095225095,2.8911557467303064,3.277107645600159
418,2449.21875,9.98756043889145,6.098500978482498,5.9147010424205435
419,2455.078125,6.794090186913409,5.777285378825505,3.581074289258423
420,2460.9375,6.584347521412913,4.028825600975131,3.177186191880394
421,2466.796875,7.4438871813519825,4.674467435286228,3.5751767056676687
422,2472.65625,9.395392780577373,7.114246341511292,5.100410874868361
423,2478.515625,13.98828528498778,10.555796661665468,8.887511525552702
424,2484.375,10.737929631597554,12.0,8.026561626098834
425,2490.234375,4.30683878710387,4.569878942460199,3.7290361109829333
426,2496.09375,3.5813295594206624,2.6477952642962266,1.8895091797464638
427,2501.953125,3.898602580077977,3.2143303641331262,2.482635765779619
428,2507.8125,7.838825017002646,11.099431887623345,7.208493633443668
429,2513.671875,6.52183179927065,4.698311546291705,3.806346381883384
430,2519.53125,7.5300826339365035,5.163128141199042,4.011268567337537
431,2525.390625,1.7868190698896504,1.1250280899856766,1.4845756311105496
432,2531.25,6.525236463424349,5.820118162902935,4.260061522638934
433,2537.109375,5.262676718836392,5.447122651383818,3.955943186044052
434,2542.96875,0.8290077432474404,0.75,1.6768330481037133
435,2548.828125,3.920808153363326,3.876081065506262,2.5733626055797156
436,2554.6875,2.4571972440853793,1.8093954214373749,1.1595052609619994
437,2560.546875,3.89099901449026,2.274729768753148,1.7807339764745664
438,2566.40625,4.9920388907488435,4.176699461414425,2.7905502105659417
439,2572.265625,3.999360873611159,4.654083224274602,3.5626615630703387
440,2578.125,5.672474638972329,5.945458510592369,5.8064841315431055
441,2583.984375,4.95190772830621,3.2109218278787335,3.2438859727727394
442,2589.84375,4.77242821527549,3.8062764479836746,3.2532773252656346
443,2595.703125,4.094795061651794,4.128376612815877,2.61003776069953
444,2601.5625,2.385065314530498,1.9654279690421435,2.0720233969460193
445,2607.421875,2.4809065044345946,1.3571429384540663,2.0633680370454672
446,2613.28125,6.429555354707836,3.746539061021897,3.3635523217909173
447,2619.140625,3.677577930097922,2.6277490544852546,2.322581725274516
448,2625.0,3.642253358466674,2.8442783638037117,3.051793802254484
449,2630.859375,6.086866811830958,4.988699905297363,5.242093790703584
450,2636.71875,6.576992365075732,6.036973142613284,5.672343343657857
451,2642.578125,6.199613708598447,6.484936825254377,5.564535055774983
452,2648.4375,8.674053849210157,8.052189010786606,6.424723489484417
453,2654.296875,8.35316481239609,11.211480664958703,8.165898096375944
454,2660.15625,7.4812491102926195,6.493569886958435,4.8510567864720935
455,2666.015625,3.2787332741810786,3.493564399225658,1.9168681263526621
456,2671.875,4.634637136823512,3.8123365807782164,2.884169964123715
457,2677.734375,6.128114229885609,5.858460347517311,4.539929371738178
458,2683.59375,4.2920255712007656,6.452666393252276,4.971419864820925
459,2689.453125,1.5316042579157614,1.361936882405637,1.9196861973538197
460,2695.3125,2.5203566564928774,2.0667939558727686,2.6526424339691936
461,2701.171875,1.7315399391313424,2.0685843138444326,3.316270412558756
462,2707.03125,1.8402975838465356,2.7240249006668114,1.922029756474934
463,2712.890625,1.6575724584356393,1.8995065586912259,2.2304771119985785
464,2718.75,6.095819888054729,8.054160777379913,5.846705991487108
465,2724.609375,8.780356377279839,11.58260534783539,9.42945860895626
466,2730.46875,8.19245739625527,11.45264163442503,8.508688060993313
467,2736.328125,6.640182454438835,7.496856628323199,4.979986574840331
468,2742.1875,5.33944386292225,4.1900643299968685,3.464590371211405
469,2748.046875,8.760923136720125,7.032396031991819,5.898927995460762
470,2753.90625,8.43199396012345,9.620258821600016,9.028004636699833
471,2759.765625,6.784849371556221,7.079875665276747,8.064804180495694
472,2765.625,8.14265754873886,8.000408324902642,11.16991834602065
473,2771.484375,11.474390862490631,10.597064761390081,10.747803254888995
474,2777.34375,9.037079862615716,7.97957718109835,5.544202906030547
475,2783.203125,10.718006639868932,12.0,10.949276058222134
476,2789.0625,10.028836674798264,11.982356517112756,10.265319903655437
477,2794.921875,7.819445754778968,6.423233332812556,4.5551572871894574
478,2800.78125,3.934785021729726,4.090610708943162,4.351651558471289
479,2806.640625,3.91231442874272,5.21209866994886,4.566211468742261
480,2812.5,3.584456689820582,3.3894137408822953,2.248158522238666
481,2818.359375,2.7036287240607844,2.285175480438624,2.2989888658166318
482,2824.21875,0.6377013142714698,0.75,2.9252685551225617
483,2830.078125,3.5506610662853544,2.7131233494523417,2.1643493841109174
484,2835.9375,4.827968804352664,3.761953675647007,3.2621164491378867
485,2841.796875,3.6961781569807877,2.842179690623191,2.8561373214833026
486,2847.65625,1.1516902087200382,0.75,2.0048506049899815
487,2853.515625,0.9610290778460487,0.75,1.8114538758525343
488,2859.375,6.492765512453243,5.25165150683613,4.599922696270506
489,2865.234375,4.622865322130744,3.1039659989219226,3.6071626414365032
490,2871.09375,5.654728561923526,3.098034735006175,3.3545314276139813
491,2876.953125,3.238934945048373,2.0901678736545453,1.9149827517658424
492,2882.8125,0.7788338761177063,0.75,1.9215001503815043
493,2888.671875,2.4192848825817905,1.9829641815100048,1.2020938047754772
494,2894.53125,2.8090725654397577,2.4414164665617935,1.875112235665779
495,2900.390625,4.645007546690724,3.5804407871681887,1.8781512967077374
496,2906.25,5.042105992140095,2.7459341591522017,1.5436545996897677
497,2912.109375,5.031249736514833,3.432548005261158,2.8692133886804525
498,2917.96875,4.585113205463503,3.8851108153912666,3.0371872578853343
499,2923.828125,5.274135764797663,3.9777872081460064,4.660069690328372
500,2929.6875,3.820788716592277,2.8119491418940235,2.2923543868794387
501,2935.546875,1.495364357608177,1.597168555109977,1.2592287681059329
502,2941.40625,2.2030484814438616,1.8245970648959844,1.2358458925612492
503,2947.265625,2.938333565981095,1.8587189676979303,1.8164266919565946
504,2953.125,0.596677425314458,0.75,2.486420640401284
505,2958.984375,0.037749292859290996,0.75,6.792623498657332
506,2964.84375,1.9868156427646655,1.3980017682410502,1.344570687027148
507,2970.703125,3.2231408576640477,3.0767152349049542,1.27455312271248
508,2976.5625,4.571635579839563,5.323998399364229,3.671940656431578
509,2982.421875,3.418430316373866,4.294416736507399,2.5355868359309977
510,2988.28125,1.4050823964130705,2.0053845339755414,1.902138840946146
511,2994.140625,1.842835578875463,1.7464770662701163,2.1869408659298863
512,3000.0,1.8620454106254773,2.3646118346195424,2.938263456573519
513,3005.859375,1.4465207082031675,1.1585906926192973,2.707884509501004
514,3011.71875,2.2886294673799967,2.3065640682472024,1.2289212722599143
515,3017.578125,1.501462469799819,1.8412735357251946,2.6905142427148587
516,3023.4375,6.363977297302802,6.148611101485837,5.054193479293988
517,3029.296875,4.032256542534868,2.3536045381536717,2.201582217225218
518,3035.15625,4.354258371968783,3.175688914011717,4.058010464507358
519,3041.015625,3.694219363633756,2.1581696897029605,3.061919845661685
520,3046.875,0.5452135600962926,0.75,5.057974042911438
521,3052.734375,1.1105791932548443,0.75,3.8361165269094073
522,3058.59375,2.772839839774573,1.5331484891260374,2.99990160339707
523,3064.453125,3.966263100247873,2.5672614446249273,2.5287913888171736
524,3070.3125,5.306448479359562,3.1045244338429105,3.2109770840223635
525,3076.171875,9.519554354187685,5.511453347751463,6.093025702037213
526,3082.03125,8.485962144188953,9.42832240190236,7.983760053669155
527,3087.890625,6.110955893516603,4.476626891064817,3.8671251148072012
528,3093.75,4.716003989799592,4.078882261218334,3.731723181077021
529,3099.609375,4.975790707756963,4.604310348672486,4.104700442451757
530,3105.46875,7.164435915787881,7.857944040996289,6.9842170996723665
531,3111.328125,4.983214596167439,3.8950529811905605,3.3524303402225186
532,3117.1875,5.10127347258312,4.41363341304658,2.9570980294057074
533,3123.046875,3.8316757633736165,4.140762764571223,2.6224527368030337
534,3128.90625,4.046194113919379,5.650275337892052,3.742633937013545
535,3134.765625,4.624088110344557,7.691304248767552,5.50311811539691
536,3140.625,3.3007811790017443,4.187964932328066,3.7803042586237
537,3146.484375,2.4850830085763778,3.437305939874139,2.219365841403105
538,3152.34375,2.242447211021285,3.0271157515841827,1.9329810753651362
539,3158.203125,0.8503087394824318,1.2056556352811634,1.4673307322830258
540,3164.0625,1.2120012815909855,0.9804283443899434,1.1096506053946817
541,3169.921875,3.01050378191813,2.322522182445816,2.2088461958527095
542,3175.78125,3.7050712985043766,2.3101535073188746,2.128113696461766
543,3181.640625,6.53128623672924,6.045267969052547,4.54714104349998
544,3187.5,2.9258448071999075,3.610865286049021,2.9984795408268163
545,3193.359375,0.5228854114580476,0.75,2.3694038836978466
546,3199.21875,1.8524180891940691,1.6309951344607394,1.7588612717419096
547,3205.078125,5.5119540444814925,5.868626946892027,6.157409315882617
548,3210.9375,6.425657776841623,5.391096341020484,5.067392584073765
549,3216.796875,5.944872797557958,4.118149662226736,3.3887847717519035
550,3222.65625,1.6027787870793369,1.8561151670949287,1.570056344233546
551,3228.515625,2.5057748368880643,3.0556828033748724,2.295293974185959
552,3234.375,4.611575806410395,5.4208841591113455,4.948319065344918
553,3240.234375,6.0452920411428455,6.483608936872363,5.021087776707208
554,3246.09375,3.4036236267036766,3.7878994868725417,2.7921543468754204
555,3251.953125,2.8268427797336773,3.10494237458518,2.2321483808022853
556,3257.8125,5.311117626957111,6.4168278132820795,3.891240393477361
557,3263.671875,4.9054539423891965,5.123845221845858,2.9396862313128644
558,3269.53125,4.896762620618208,3.992474339115203,2.3960671024622267
559,3275.390625,5.3441559945390775,5.298568869618865,3.332660098503134
560,3281.25,3.544228517302724,2.154971751037367,1.5402203526449636
561,3287.109375,2.825464228733444,2.913414824852369,2.684118412796518
562,3292.96875,4.187381457784616,5.686245004095589,4.262057683224398
563,3298.828125,4.101340203776754,6.543132789129961,4.765485526583121
564,3304.6875,3.769576701884509,3.53281161563194,2.4936454674494857
565,3310.546875,4.190475455100682,3.9848021908834745,2.6994008679096115
566,3316.40625,3.952348504492976,3.819906957276622,4.622246349975651
567,3322.265625,3.1639060638208765,2.090560429145657,2.7202775947702635
568,3328.125,3.8173111855267905,3.705809413828675,2.87217423567446
569,3333.984375,0.8769269195957645,1.312521782021388,1.9379448204944902
570,3339.84375,2.451809918505901,3.3718003075341567,2.0503693837954122
571,3345.703125,1.3774717913413639,0.9561948304164454,1.8449296981058159
572,3351.5625,4.388715307958207,2.810889769530746,2.2445492880651154
573,3357.421875,3.0606165177666416,1.389084565560602,1.2930540533451091
574,3363.28125,4.027947381242793,2.795232102931584,1.9684253373319893
575,3369.140625,3.027399717147017,2.2311427936541834,2.33876030179955
576,3375.0,3.826034059544881,2.6017109068583,2.9015167491349314
577,3380.859375,6.419231709862834,4.206518740448644,4.636416075259502
578,3386.71875,4.6938091544802685,3.073194392469415,2.843118595493782
579,3392.578125,2.957305621528179,2.2718757509935132,1.8414186072848207
580,3398.4375,0.4048591184527827,0.75,3.557791080592226
581,3404.296875,3.482582761865706,1.9101541377537734,1.4969461387261207
582,3410.15625,5.016389517191405,4.159480722671848,4.401062248926257
583,3416.015625,2.4649090204959956,1.5993010701301968,2.6271275252576145
584,3421.875,3.313580156452114,4.0634196765264345,2.1763001342006034
585,3427.734375,5.482581961837302,4.9729086841187495,5.124552045838217
586,3433.59375,8.389057520995705,6.420373909032925,8.82096781963667
587,3439.453125,8.66518739858759,5.43201244916998,6.586373509885341
588,3445.3125,7.062044110930041,6.1392483972523255,5.534191492599717
589,3451.171875,2.8619853371024937,2.7008232005978705,1.419894182026845
590,3457.03125,3.714660295054485,3.1831031298570442,3.0091441484024797
591,3462.890625,1.9845406844693672,1.2546703797214416,1.379257011489281
592,3468.75,2.9634834840123694,1.9050326803712814,1.6472469663010842
593,3474.609375,5.127214556357514,3.9640659721006486,2.8563550646172633
594,3480.46875,6.0038395616413265,4.27041753738029,3.3064784214626175
595,3486.328125,4.154717060814421,2.934632013032007,1.6441283436237586
596,3492.1875,1.5769567828384923,1.0964144870536747,1.5815176023172872
597,3498.046875,4.447311706840738,5.191269514950223,4.219331915279083
598,3503.90625,3.351434847593632,2.11101566667577,2.3319815039233247
599,3509.765625,3.4677481065964852,2.974438033145483,2.548105256610556
600,3515.625,1.616381216400236,1.5834473897158845,2.0957188769512713
601,3521.484375,1.5335961933882325,1.5860176971679967,2.436263097297055
602,3527.34375,4.533395349577968,5.882860378042383,3.8300829639174476
603,3533.203125,5.704319426920892,7.172950810466551,4.358193650181158
604,3539.0625,4.770694629143062,5.914647924812278,5.522186498229676
605,3544.921875,4.360262646739823,5.07330294076785,4.946252908603247
606,3550.78125,2.651313187796931,1.664524312217318,1.8707443274190838
607,3556.640625,2.5918911483822824,1.3731678834794927,1.6285135997475482
608,3562.5,7.412549148629375,2.9943888034286497,2.7586850790136226
609,3568.359375,5.4158501922607,4.656688449066604,3.567909010156843
610,3574.21875,4.788586501514991,4.526024911493986,4.150723621970674
611,3580.078125,2.864517346899126,3.517241238657787,3.9501238595169785
612,3585.9375,3.0058380175099617,4.022833946104322,2.4306763295024343
613,3591.796875,4.057781578486621,4.537796964221493,2.3910949797260677
614,3597.65625,3.0560984824486566,4.044439227726777,2.1912613785334814
615,3603.515625,1.411797572956762,1.4422039702716547,2.130996300079975
616,3609.375,1.378274432869816,1.068946306807425,1.627877681403201
617,3615.234375,4.257635385121927,6.591309662682713,4.128939453475229
618,3621.09375,3.488263781293454,3.092611989589858,1.7416815629014757
619,3626.953125,2.4919418137032827,1.8495064738086908,1.947168561073573
620,3632.8125,1.6582166157501528,1.3362409330032108,1.4971222817616345
621,3638.671875,2.9538256142830868,1.764484993899035,0.9154526441430716
622,3644.53125,1.8290396094032613,1.0520826402369547,3.105412550880472
623,3650.390625,0.9528040986268519,0.75,3.3812765058630347
624,3656.25,1.4605642985980238,0.8368436685158565,3.9800849393163236
625,3662.109375,6.01875759670173,3.704772605720759,2.4959870366100585
626,3667.96875,3.148302845295907,2.6633319364731722,1.5341270204325679
627,3673.828125,2.9552724356487023,1.9280981547113623,1.835914680855955
628,3679.6875,0.9171376986004778,0.75,5.564086408498594
629,3685.546875,1.4096107837309209,0.75,1.5956869524933377
630,3691.40625,2.8446692197082064,1.2970324805360336,2.212078459305581
631,3697.265625,2.167628485202866,2.0136448363370576,2.0279662821306275
632,3703.125,3.365612913976108,2.490701329836497,3.5438713178056007
633,3708.984375,2.819685551323978,2.215059562302896,3.1431178885153592
634,3714.84375,2.022799583896437,1.9097839012903388,1.2077626877242986
635,3720.703125,2.7211686978844125,2.495179233732605,1.4722733615857833
636,3726.5625,3.1778620867202516,2.5322059272375235,1.9654968873624517
637,3732.421875,4.9068848008869015,3.8411944789233443,3.78196208071022
638,3738.28125,3.821861682373767,3.178050508039326,3.6245610390924594
639,3744.140625,2.0215123030864377,1.1362438366297607,2.3014615892427575
640,3750.0,6.226118819737704,4.85228969881158,5.038695454477288
641,3755.859375,4.906090283117598,2.997330340751707,4.5022868557203815
642,3761.71875,8.201165961750945,6.376676054712882,7.339454796085167
643,3767.578125,4.767530725167365,4.795076667988785,3.782913954451812
644,3773.4375,3.241717518916928,2.934548843991606,2.4270405566534854
645,3779.296875,4.407936337124042,3.364461070204035,2.9087178572490937
646,3785.15625,5.760624517208566,3.950093231843039,3.44810705962857
647,3791.015625,10.276910866112734,8.258330105325614,5.461726714388422
648,3796.875,9.216892607494529,8.33069511271517,4.926278433445049
649,3802.734375,3.384641762971561,3.5305377150571244,1.683805504307958
650,3808.59375,4.334589105439362,3.2644665559729216,2.778986701383575
651,3814.453125,1.838233336508271,2.3666123290866508,2.438632901200051
652,3820.3125,3.6152576379943944,5.668151586043509,5.227215913306041
653,3826.171875,4.300323123860969,4.599440127828792,4.139493982319546
654,3832.03125,2.6429839904623824,2.7857015172789943,2.5181168126420594
655,3837.890625,0.5490241531667351,0.75,1.8690397148173872
656,3843.75,3.1022607284173787,4.473247041266438,3.3403948606714344
657,3849.609375,5.319876192790147,4.289999549064921,3.9499073037961407
658,3855.46875,6.376436600093167,5.161600469246,5.103129380476095
659,3861.328125,5.306810051026301,5.814061145620726,4.855114828376343
660,3867.1875,2.6977201279055327,2.7032417574052006,2.598472278323702
661,3873.046875,4.085036474823186,5.551153863914048,4.696324154813008
662,3878.90625,4.531952804970115,5.457392855710212,4.314547393054599
663,3884.765625,6.510674030201343,8.178447271637053,6.442424182900212
664,3890.625,5.500972616783855,6.0805910887075,5.4652771672062705
665,3896.484375,5.820616721805156,5.602664652569075,4.686706164086142
666,3902.34375,3.636571855738146,3.2523221897299237,3.316517669101379
667,3908.203125,0.8955913337479727,1.0063439303139055,2.0312349644359804
668,3914.0625,1.4756634720116473,1.5407062934442335,2.7657326697675733
669,3919.921875,1.9269095215831797,2.551286305213906,1.966632456375618
670,3925.78125,3.5423419243854415,5.287878926495493,2.7961429504584716
671,3931.640625,2.7364225656029277,3.9575238917641524,3.1762326349337484
672,3937.5,0.45663766006313977,0.75,1.6804443105025588
673,3943.359375,0.4821906102655035,0.75,2.267266607241889
674,3949.21875,1.8298151920069654,1.5503959860664083,1.0284968002137043
675,3955.078125,0.7359282702113247,0.8784664511022383,1.4157884039967368
676,3960.9375,2.220020775110472,2.7781051570141786,2.139447250894948
677,3966.796875,2.346660332523415,2.527174868200736,3.474509911183703
678,3972.65625,0.7913238558647735,0.75,2.5253684482006427
679,3978.515625,2.363186458376894,3.227874137912563,1.988084631406389
680,3984.375,3.5687674209403317,4.253595782107606,2.8560921752892074
681,3990.234375,2.269723857986159,1.9686472698153137,1.295311148172286
682,3996.09375,2.7029196092635432,3.216494803456929,1.4855957259956825
683,4001.953125,0.2985094245596485,0.75,4.249617253475423
684,4007.8125,4.038004956325124,3.418838306172395,3.553161222122919
685,4013.671875,1.8162743656139606,1.4888816127241777,2.502208045383767
686,4019.53125,2.526870459938434,3.19812072958643,2.1941242317528533
687,4025.390625,1.1942816835956043,2.058033747860785,1.6071610899145001
688,4031.25,1.144062040657356,1.4029718918299654,2.483258149352007
689,4037.109375,2.624376700259381,2.7702990679770574,4.411194171733151
690,4042.96875,6.148181016283719,5.501606084816843,5.054840132384107
691,4048.828125,4.452544447570454,5.060645135508671,3.9606620970753155
692,4054.6875,1.5342831361448825,2.0780851306041326,1.336547971401918
693,4060.546875,3.175699900156313,4.306471149228122,3.6482497713588136
694,4066.40625,6.775806210229388,11.871000150987648,9.036066528310494
695,4072.265625,5.504218558621065,7.88757445339162,7.086514895315226
696,4078.125,3.8371329842329853,4.935134785170975,4.6485514324000805
697,4083.984375,1.481375290161722,2.4095292949562763,1.78303545655476
698,4089.84375,3.0697467952628545,3.7049456471547257,2.6754796705263404
699,4095.703125,2.0756508734455945,1.656761650648816,3.4049599355276667
700,4101.5625,3.2252259445841407,3.76061920527794,5.189481418878733
701,4107.421875,3.49237891409995,3.5421526400788252,3.542300629127533
702,4113.28125,0.20228910629355934,0.75,3.230884659649731
703,4119.140625,2.490869455586564,2.7177755798448877,2.8182705562604675
704,4125.0,7.278627625456792,4.924354507428813,4.132403974629382
705,4130.859375,7.461657310957589,5.345954700853905,6.205633733162952
706,4136.71875,7.555148958966847,7.450525481387906,6.601878812883939
707,4142.578125,6.751184216766244,4.716919478694326,7.861258561660543
708,4148.4375,6.36511207168951,4.811372590815046,4.8819997502774335
709,4154.296875,7.17807686664081,6.980373045843347,6.806306136704406
710,4160.15625,6.304127314164708,4.440614391953759,4.32251215612722
711,4166.015625,5.362902417649908,4.2796342155348315,3.8021867596529266
712,4171.875,4.149023661679804,3.0986835714838956,2.651278287042417
713,4177.734375,5.840878425948132,5.466003345612585,4.302323587109235
714,4183.59375,4.265893724218171,5.153535307998925,3.573698663899143
715,4189.453125,1.3457707952281763,1.2813131864292149,1.2255976520367866
716,4195.3125,3.952728844048641,4.458525289729375,2.834836558560983
717,4201.171875,1.1717965725646624,1.046121698410039,2.031189160238649
718,4207.03125,4.315594166182998,5.2477219196303855,6.3250337425968395
719,4212.890625,5.025544455358419,6.028122790325607,4.289020601878239
720,4218.75,4.65566927335877,5.036171391956002,3.596273734947363
721,4224.609375,1.2860963968174934,1.358766699064272,1.2540453575249733
722,4230.46875,0.8208954854769442,0.8714037260796119,2.4994905675601036
723,4236.328125,3.540896837937083,3.2148002817683237,2.8586877565819635
724,4242.1875,2.2023431738061263,2.736950556653174,1.688398618672255
725,4248.046875,2.914578666091866,3.061859250525581,2.426330201496448
726,4253.90625,2.8215849525279415,2.76557273198613,2.36742067106637
727,4259.765625,3.2826295503086786,3.6356909915674462,2.6801991768115805
728,4265.625,2.461490635421201,3.101858492648839,2.2574485898564407
729,4271.484375,5.342333565278163,5.8714379356208815,3.5349554800268415
730,4277.34375,4.646056876725129,5.9251214861382655,4.605902043622814
731,4283.203125,4.487006649128186,5.617096405477299,4.536797762107319
732,4289.0625,3.4391528791807677,4.2513336013917815,3.8276062976143295
733,4294.921875,3.979595400513748,3.0949823178403517,4.538864685147365
734,4300.78125,3.2573349888093417,2.2464909246512597,2.9829907494114325
735,4306.640625,5.549306089241787,4.459826708168578,4.667301374545379
736,4312.5,5.062140346564859,5.310166656229171,5.750530201036149
737,4318.359375,2.3594216454713486,2.8416507399753232,2.842636343213871
738,4324.21875,0.7752453046201604,1.1050014665487,2.5133229521030507
739,4330.078125,1.7763731238946288,1.4164191897117018,1.6894829043244608
740,4335.9375,3.0645564627971997,3.208002423343691,2.091044814181391
741,4341.796875,2.5876578200161564,3.041456369539146,1.5963618005296445
742,4347.65625,2.4316982908462674,3.113036531935517,1.9261209805083481
743,4353.515625,1.911228797715747,1.9895059127572625,1.4838076002348008
744,4359.375,2.518819918815912,1.6630882466802395,2.1143395668091602
745,4365.234375,2.2104388813981557,1.4427358234295928,1.475456019298887
746,4371.09375,4.152468860914434,2.3851887313276228,2.1533910095842073
747,4376.953125,1.3670292799198152,0.9039927490507236,3.8600214220496456
748,4382.8125,3.1806588584169773,2.550765799967817,1.548426088264784
749,4388.671875,0.87355102924163,0.75,2.420476652155751
750,4394.53125,0.3046529485526559,0.75,3.816642525954324
751,4400.390625,5.348822588539307,3.724173731607206,3.0238249408796096
752,4406.25,3.284625973830154,2.6910770117146043,3.2332020758358864
753,4412.109375,2.500938292154252,1.4022155839381623,2.090792896063477
754,4417.96875,2.7730949606060697,1.3924150635376908,1.465702642806316
755,4423.828125,4.134730757185677,2.436221265307848,2.776419126160081
756,4429.6875,3.7832034749909798,3.1016859598030857,3.337979601520965
757,4435.546875,1.8868498689393869,2.5792607026290755,4.008345362383058
758,4441.40625,0.5796436343153776,0.75,2.547763171104686
759,4447.265625,3.243465155326288,2.063100336632373,1.5994909812853069
760,4453.125,0.7230260803202102,0.75,3.6179866240530902
761,4458.984375,2.961632097010237,2.128500988312168,1.4276803298398302
762,4464.84375,2.0755888801381595,1.7426845888335842,1.6604700684658322
763,4470.703125,3.6205247070222746,2.3175652323450304,1.9030723614195661
764,4476.5625,4.5050263839679205,4.293524017143548,4.448934443589606
765,4482.421875,3.480495954523797,3.1347322456875437,2.4113301485526124
766,4488.28125,4.405138443091705,4.25391139312293,3.6262724136618094
767,4494.140625,4.975183242154483,5.947086293300292,3.4179550312072067
768,4500.0,4.116131901256299,4.588589434521368,3.1686733564913467
769,4505.859375,4.608919624054258,3.6103879814300868,3.1282642297759082
770,4511.71875,4.53781507210893,5.2819076751686636,3.9489767465125287
771,4517.578125,3.315359833796117,4.4022117111198185,3.4614836471433836
772,4523.4375,1.7983313449749185,1.7275857342609569,2.5700110142148334
773,4529.296875,3.2686633873451947,2.2273080887745977,1.78500644527824
774,4535.15625,1.935231476927319,2.7711419655821468,2.680710511684953
775,4541.015625,3.2589651544635254,4.136842123337255,2.588164526818226
776,4546.875,2.7649665744445526,4.010097167075793,1.7124091834580624
777,4552.734375,2.066519686753863,2.2810514725064177,2.128281871814238
778,4558.59375,1.5240407389152237,1.317756839320169,1.2743727371245448
779,4564.453125,1.7488541399786446,1.1513423418788287,0.9681139476585021
780,4570.3125,2.9695429285028982,2.70126882240778,2.4880345959876693
781,4576.171875,2.689163143656311,2.0583261471738306,3.6298101990529346
782,4582.03125,3.727754172152266,3.152276166626404,4.306194920544642
783,4587.890625,4.525067872676681,4.07273232244572,3.522878491450471
784,4593.75,4.3922967770372345,3.51194063033162,2.8045916538273072
785,4599.609375,5.104163610569708,3.9737691485771682,4.201882606216838
786,4605.46875,2.3325386829293238,3.2078823767737745,3.7673310829819213
787,4611.328125,3.142627753036941,2.9498208897575937,2.9987559435693405
788,4617.1875,4.311821507258206,3.501679964775202,3.5222706401219286
789,4623.046875,5.628172425707717,4.276335300882088,4.995593044731991
790,4628.90625,4.765694757121488,4.085854027428112,4.3557109806701995
791,4634.765625,2.7279682324930534,2.740281697445049,3.051711249351788
792,4640.625,3.448578317942911,2.7782006212659556,3.4098025426523813
793,4646.484375,3.9072485748231127,2.7310310422249526,3.796981238117177
794,4652.34375,3.735118817979206,2.089748136697773,2.0708952517352945
795,4658.203125,6.113842516424108,3.7702346769964508,3.537480767594411
796,4664.0625,4.721383606271326,2.895479912052955,2.4378610085238916
797,4669.921875,6.966177844850168,4.296752963233968,4.519712664948535
798,4675.78125,5.6166956709629785,2.946039068375203,2.5251383898918816
799,4681.640625,4.386778315920242,3.7501206042276194,2.685096955234068
800,4687.5,2.7740355597431723,2.5129060178209923,3.3132957729019386
801,4693.359375,2.5031004438100783,1.570251327161949,2.3033282435005886
802,4699.21875,5.559119412614366,3.943563056425719,3.7523680593632402
803,4705.078125,5.166992992240593,4.882863861143276,3.743365402071098
804,4710.9375,3.678949030383031,5.342554124652843,4.287085868647533
805,4716.796875,5.700111191300094,4.999740173540393,7.654753906827784
806,4722.65625,7.448261190655132,4.2562687226350775,4.94774310667097
807,4728.515625,3.5963006986385504,2.747066884209455,2.0582824288727006
808,4734.375,4.633236384008578,4.299186781357298,4.113200546993676
809,4740.234375,2.599963424592135,2.40160577712818,1.9830203993953448
810,4746.09375,5.448921097886242,4.491846189529174,2.852164944094166
811,4751.953125,5.294224583080222,4.4861123755837715,2.407562970217389
812,4757.8125,3.7558307920777865,3.0023374815213963,1.7145181345356557
813,4763.671875,1.590440511211057,1.7064580187643728,1.7821210354217318
814,4769.53125,6.129962734156513,4.000236949337037,3.4401049271073156
815,4775.390625,2.7995762769294226,2.092294471284044,1.7843950486015794
816,4781.25,1.5544969197817076,1.817118223514632,2.0202829300243947
817,4787.109375,2.0082550329977384,2.064048296133472,2.1314290700281453
818,4792.96875,7.613444893361786,6.790929722116908,5.503611085755791
819,4798.828125,5.795572596254368,4.770137263085281,3.8125049539752376
820,4804.6875,6.737590612739583,6.386807213429539,4.606473935620272
821,4810.546875,3.8138720664074275,5.1596221483461635,4.0648686065240796
822,4816.40625,6.9746304992150705,5.644020773055776,3.4063936032365505
823,4822.265625,5.147885104900477,6.481360302230907,4.4204895820385675
824,4828.125,4.7065890737145155,4.631871113959784,3.228551209312739
825,4833.984375,5.154269582773117,3.796613443296555,3.5896983693219227
826,4839.84375,4.305351010146963,3.1115762842078936,2.1071893194711793
827,4845.703125,8.931533960028098,5.631627221152248,5.277854958726564
828,4851.5625,11.95199007545255,7.532559258552017,8.713523945491676
829,4857.421875,12.24500318513009,6.602380637200374,5.711452379893227
830,4863.28125,10.685863693638995,7.1887590684555835,7.215287746346481
831,4869.140625,7.485396255361358,6.380699924965549,5.410037784291387
832,4875.0,4.567704061058973,2.8692468027678633,2.2028141689428464
833,4880.859375,5.683086632275091,4.0261018437560745,2.7108017608485397
834,4886.71875,6.921855196026043,4.1401561939720715,3.8571856395683755
835,4892.578125,3.2877353018731252,3.0000117134548026,3.0465782060168083
836,4898.4375,1.3801287874519548,1.253343614041912,2.6942251696977295
837,4904.296875,3.8870655131533467,2.692412250457562,1.8084508213773585
838,4910.15625,5.155768996678472,4.711310862987041,2.430084112509667
839,4916.015625,6.384948896908923,6.353527287790323,4.099965273459764
840,4921.875,4.403329137732192,3.4176964662616713,2.5792681208008097
841,4927.734375,2.5827337984079253,2.553849563112209,2.467533668728688
842,4933.59375,4.382917006833447,4.0896926555762265,2.7711130623385705
843,4939.453125,4.722926221583974,5.744764780176052,2.8942611164137713
844,4945.3125,3.947598611463105,4.521366018730695,3.118328357990276
845,4951.171875,6.986758208921625,5.764068530708875,4.832706287704791
846,4957.03125,7.451027309320362,5.844288742193314,4.640415348937745
847,4962.890625,7.109860428483086,7.250741500235057,4.580362198950545
848,4968.75,3.747019312032807,4.240759477886202,2.401436634367432
849,4974.609375,4.674661287263578,3.9335627742833594,3.8332072160896673
850,4980.46875,5.489932040245774,5.689403964027418,3.7305286794427124
851,4986.328125,3.854778076324857,3.354164245733462,4.686696919763253
852,4992.1875,6.856074026191394,5.445125791907973,6.476361240741065
853,4998.046875,5.93475787261007,5.463274669023025,4.480389073549318
854,5003.90625,3.1783582085385964,3.1076742779887505,3.368544614014929
855,5009.765625,2.747000696711474,2.5454328102516697,2.572730505683786
856,5015.625,6.466185573130765,3.7714226981235197,3.9116415834148435
857,5021.484375,3.229239351585522,3.9651115689266443,2.5439077444388896
858,5027.34375,3.513442013223704,2.9738898374667375,1.941166357987284
859,5033.203125,4.367799486440156,4.530601270800639,3.7540312828993994
860,5039.0625,4.09147397640026,2.629345302786646,2.7636406373869855
861,5044.921875,3.2761765138866514,2.757155484443225,2.522374464328605
862,5050.78125,1.1627075941176734,1.0754719167436302,3.1496230993683176
863,5056.640625,1.1568955843209479,1.0491966877460397,2.194831538553764
864,5062.5,2.9754416895989024,2.911960400608052,2.5558140900462125
865,5068.359375,5.763287424315195,4.631884611691123,3.291043098433815
866,5074.21875,5.258544305886981,4.654828099388614,3.9133151073348937
867,5080.078125,2.3007881440696663,2.420386908561387,1.9346606189015136
868,5085.9375,1.2577534237300403,1.2692106768979472,2.2380454033720856
869,5091.796875,5.8089111454137,6.041126343798576,4.678573057211214
870,5097.65625,5.184962213966954,5.714984702348132,4.915355261163557
871,5103.515625,4.747375110905521,3.761057148961069,2.9092657674988684
872,5109.375,3.228492200830446,3.457256921998278,2.0018324570648316
873,5115.234375,6.786812550450843,7.706570045177346,5.05187205073775
874,5121.09375,5.418036851873284,4.146859636180114,3.005595879756431
875,5126.953125,3.219712150939472,3.0862458356294744,2.0251087860014207
876,5132.8125,4.98980073522452,4.87658457055686,2.485696330839391
877,5138.671875,5.050621407901184,5.952178140282287,3.811233529852761
878,5144.53125,6.363577342983689,6.461646669306852,4.45809036119788
879,5150.390625,5.039873950209054,5.025090456517204,3.612852306517921
880,5156.25,3.570731486443425,4.08977630099513,2.9429546931609427
881,5162.109375,4.170152074156772,3.529780748669232,3.6759699999392232
882,5167.96875,6.752960027781117,5.185655970166963,4.603842513882848
883,5173.828125,5.46657191200523,3.4602492992252243,3.7688351942619716
884,5179.6875,5.376899935639084,5.316202739540968,5.720984178696782
885,5185.546875,2.371096370841113,1.6153232707530503,2.7931095652470797
886,5191.40625,5.19860018693782,3.3245960969253887,4.5064666639352815
887,5197.265625,4.519423858210861,3.636882916169158,2.4883458788923325
888,5203.125,1.5275412601672198,0.9649768007715673,1.5582936737540938
889,5208.984375,3.027996033354377,1.789897962121294,3.682660332222093
890,5214.84375,4.9072652076778125,3.3387955196786008,4.128459362415818
891,5220.703125,4.695239781218237,4.319680994158907,3.898236943534045
892,5226.5625,4.339040498051996,2.8861052834705534,3.330761394565006
893,5232.421875,4.2329368362749396,3.2142560967439557,2.4256288566895625
894,5238.28125,3.5315726928593114,2.816965507213732,1.5545178761355387
895,5244.140625,2.6216321138291994,3.1868420847113166,2.8894684812871523
896,5250.0,3.8354306912722556,4.327857027735337,3.9826258286396876
897,5255.859375,1.8405383628154794,1.57756593500167,2.880575912422147
898,5261.71875,0.40180171877889675,0.75,3.12209059506385
899,5267.578125,3.869857448512413,2.4900951207668216,2.4208812528726544
900,5273.4375,4.7699915626857345,3.9285117451053466,4.0945870823491735
901,5279.296875,2.0681846701281072,2.1624251083663055,2.601255415163159
902,5285.15625,1.8886100692006293,2.2507514423742183,1.8765238903491652
903,5291.015625,3.3036063189079083,3.572730737176589,1.668842477314143
904,5296.875,2.4737931773152644,2.971217429715551,2.466747247402504
905,5302.734375,1.5624587181986271,1.2257647342128224,1.5410635177038698
906,5308.59375,3.3415884490031273,3.4814097262420773,1.8469656743781693
907,5314.453125,4.3510496505156135,3.373011414245151,1.608109766772243
908,5320.3125,3.253112860387763,3.4892924134286822,2.3889367781900157
909,5326.171875,3.9888276937391325,4.018696358015386,2.7212510193488177
910,5332.03125,5.036860814798204,5.560240149017842,4.473612695025724
911,5337.890625,4.065378220881786,3.4603550027289054,2.650970437032052
912,5343.75,2.320662452979437,2.1430305814802715,1.6942142420710375
913,5349.609375,2.2997832520296435,1.3826536245808112,1.3266726124592017
914,5355.46875,4.661965458267163,4.134944131675566,4.60610811061025
915,5361.328125,7.535120635571665,6.549740458726767,4.946521634551618
916,5367.1875,3.069747154829184,2.47482595287865,1.7369056879033837
917,5373.046875,5.156965209880995,4.245309318804456,3.788161283552361
918,5378.90625,4.200275058934658,3.358405624756806,4.185449089785287
919,5384.765625,5.506457893781192,3.7237366966784955,4.500057716597061
920,5390.625,6.814404894803055,3.4588207170068337,4.680189880800692
921,5396.484375,5.501053239793928,6.611633225334224,4.958737863262349
922,5402.34375,1.962722194811209,1.466955589607797,1.482439335579749
923,5408.203125,3.2432122382332733,3.338162250698353,2.217741902471231
924,5414.0625,5.863841852597268,3.989378841611548,2.678486854419584
925,5419.921875,6.460447617464179,5.468411551708394,4.161603851229301
926,5425.78125,5.151465008535724,5.089185887652377,3.4511754315051792
927,5431.640625,6.705255490553432,6.197796722950641,4.057271766530361
928,5437.5,3.0425797471955174,2.2600388159781173,2.2181967349602596
929,5443.359375,6.5520148767037565,4.6231322429620345,3.244956415837745
930,5449.21875,5.737698972238453,3.280242473335038,2.463421497400903
931,5455.078125,4.9401792508100915,3.3229172578898467,2.8860767513028165
932,5460.9375,6.537738221021989,3.306796442143347,2.855989636120439
933,5466.796875,3.3951693862839787,1.9796646202578432,1.8561520741991568
934,5472.65625,2.3105759042231777,2.0519292804644755,2.0486516228216773
935,5478.515625,4.790036906680147,7.094025783721154,4.2187633370069335
936,5484.375,6.748232637564017,6.2871107219647975,4.8189915323857555
937,5490.234375,7.65171335868905,5.907213235939899,3.3369171269914566
938,5496.09375,10.494866129438323,4.858993706312699,2.94036954574696
939,5501.953125,5.220769192636846,4.038355771332105,3.5749811767715953
940,5507.8125,5.2399052433374935,2.925123515299479,2.1414343946783103
941,5513.671875,4.37533736854807,2.422716380943982,2.4714433992202203
942,5519.53125,5.351637293553743,2.487086745177657,2.3948798320416196
943,5525.390625,5.211713402753029,3.7378595122944036,2.800023972211571
944,5531.25,3.4353674293516665,3.2872616295017303,3.28480486219385
945,5537.109375,4.2545499085408425,3.1750283182820693,5.326965619879665
946,5542.96875,3.9983903294156007,2.8678445848641116,2.1980565061931694
947,5548.828125,4.329869456200973,1.5236453591797203,1.466117943123904
948,5554.6875,5.551209630663032,3.1776540957627444,2.0104481160326624
949,5560.546875,0.8768288727379056,0.75,2.207810094834682
950,5566.40625,1.0323925757529124,0.75,1.7137628272078178
951,5572.265625,8.848505007068331,3.503626390031396,2.783777818638223
952,5578.125,8.027501737766514,3.446902471039918,2.2811311957484492
953,5583.984375,12.629883253753592,4.613021037044913,4.296432401944968
954,5589.84375,9.531418601245543,4.498935666977157,4.35449286917189
955,5595.703125,6.1748054771930425,2.6017463886131678,2.5391236913046553
956,5601.5625,3.421847040304081,1.8451228911441908,2.5374909047434913
957,5607.421875,0.7203781244382059,0.75,3.338895815553855
958,5613.28125,4.240117137455419,2.833732510188022,3.0797182416372637
959,5619.140625,4.242444350927607,3.2466633378578384,4.126229591207245
960,5625.0,1.2501698680233302,0.75,4.229383419616381
961,5630.859375,3.3742401524072556,2.0858200803146736,1.4668072965427261
962,5636.71875,4.251710373695857,3.220086970137224,2.4556352908726606
963,5642.578125,5.59941280700337,4.211510671746811,3.3049135432653074
964,5648.4375,5.625839704936685,5.8548506222515595,5.101059304758427
965,5654.296875,5.265224385618967,2.930457329040724,3.449041795895454
966,5660.15625,7.737486876622768,3.871400676333109,3.9561877918885746
967,5666.015625,0.5733901747459998,0.75,4.79526338221089
968,5671.875,8.056868940117523,4.826226401593852,3.046394967418883
969,5677.734375,7.188204627899554,5.189988430779203,3.408439981660557
970,5683.59375,11.202946848183437,4.2563765161708025,4.098201262191932
971,5689.453125,7.4015128035131355,4.988639990683851,5.177394234406879
972,5695.3125,6.772612201120143,3.564007140391811,4.112566848891608
973,5701.171875,1.3211237112091538,1.1342540247187718,2.0909594787051073
974,5707.03125,3.153008814957937,2.74934113682111,2.1784959282020386
975,5712.890625,3.940685521830684,2.972458184215408,2.1247563586973914
976,5718.75,2.1688291149032066,0.9177185132256489,2.5543481972677937
977,5724.609375,5.505578516870449,4.320233280973496,3.798991390636536
978,5730.46875,4.118571632182702,2.019591932948435,1.1523448156137959
979,5736.328125,3.770509879865506,3.0080669582071105,1.4923124638805658
980,5742.1875,0.8617492933294711,0.8673567686907996,1.576006108468798
981,5748.046875,2.460988838957739,2.1829868962823205,2.9147308919061263
982,5753.90625,2.8766309780807724,2.0263231847232324,2.5645480016480104
983,5759.765625,3.1624368962223626,1.5171143188060867,1.1851985293429146
984,5765.625,3.8866518537057324,2.1193791925087178,2.154585237764833
985,5771.484375,2.885312101984781,1.538271521024833,1.9289121769931483
986,5777.34375,4.556586614455958,2.077981818680022,3.2519429861281286
987,5783.203125,4.653653465590898,3.736454795076347,4.517687480942266
988,5789.0625,5.217322175793163,3.2963275193201054,2.9022246376616456
989,5794.921875,8.370513138749208,3.474268684460739,2.102960308521791
990,5800.78125,13.083561569871678,5.271117146297316,3.96729752048559
991,5806.640625,6.570665232409779,2.648635214625518,1.9124987193108716
992,5812.5,2.61263362991814,1.2476414514890308,1.065834867496919
993,5818.359375,1.301671931406102,0.766626840881961,1.5588793418509732
994,5824.21875,2.4576846388880904,1.8221102161785023,1.3186499533601885
995,5830.078125,4.718630872083951,3.306280769930969,1.291367703911048
996,5835.9375,6.698895115911,3.5543563738074386,2.7745664009045696
997,5841.796875,6.5575632276931755,3.5279749402963905,3.7788921128825983
998,5847.65625,6.128400307298439,3.925178198179726,3.1096607132119805
999,5853.515625,5.9736201728880785,2.4237526302111982,2.351704539288773
1000,5859.375,1.5017277090171817,1.0288809469637568,2.1274382854975666
1001,5865.234375,2.951210720558647,1.8080405787715854,1.6785955664689882
1002,5871.09375,1.002873297191167,0.75,2.5700926703594327
1003,5876.953125,1.1862865366231399,1.100772953821963,2.0566050079933973
1004,5882.8125,1.915540417351077,1.3191212571934066,1.5837881018923554
1005,5888.671875,4.2896542917869,4.147125501605871,2.6902938727037866
1006,5894.53125,7.392586527841438,6.880621689676125,3.760207721057546
1007,5900.390625,7.196210319401991,4.547841852670291,2.9362543301122592
1008,5906.25,1.871191172424673,1.3001843065179388,1.4956352262622523
1009,5912.109375,3.180480701980745,2.1378362293214694,1.951443719052194
1010,5917.96875,6.526973109932073,2.445791866125669,1.9914733633941855
1011,5923.828125,8.782682491180976,5.638347811387036,5.013112489378335
1012,5929.6875,6.734692989923477,6.361976786431525,4.4079512335678155
1013,5935.546875,1.9824935665922996,1.6957306868095552,1.8648281577357373
1014,5941.40625,3.8902526097690444,2.6906312501287357,2.7251465532135604
1015,5947.265625,2.442926941539857,2.2406079804634893,2.502571034061804
1016,5953.125,1.7372395113241224,1.1697932370905468,2.261372846644797
1017,5958.984375,4.471638569729224,2.9103984643854157,2.9227745550419773
1018,5964.84375,3.899133463895707,1.9048928410535346,1.9687244624708624
1019,5970.703125,5.835692547619264,2.603206573056416,2.824989776078494
1020,5976.5625,7.749212983234796,7.398762548053438,5.665155997258958
1021,5982.421875,7.831940457601183,6.601594230282636,4.439534354383995
1022,5988.28125,3.8169157318534794,2.118875181615892,2.656370993144876
1023,5994.140625,11.255393464089009,4.935852825093921,6.671945606268704
1024,6000.0,12.633810944456135,5.5461441362063395,6.610883160904245
1025,6005.859375,13.355622671530453,6.196592751060848,6.279927628196623
1026,6011.71875,11.068725204634054,6.154796375642832,4.145354633683035
1027,6017.578125,4.416106349784498,1.8064557430051322,1.6014164581149621
1028,6023.4375,5.091548363637089,1.878117649131155,2.854615598763929
1029,6029.296875,5.1527287568053985,2.630318360491131,2.983819023116164
1030,6035.15625,7.610719769040893,2.561075356498801,4.558826580259645
1031,6041.015625,3.6432367856068386,1.9015524056801278,1.8779413529920757
1032,6046.875,2.5489982770209916,1.4866920579461134,2.1341386633312016
1033,6052.734375,2.99795079018203,1.4033599507908279,1.7539512616419148
1034,6058.59375,6.768833584817224,4.269186107285447,3.137967131642243
1035,6064.453125,5.118315089459207,2.155864709549325,2.517557722227873
1036,6070.3125,5.549304240853745,2.8057185653011807,2.935757756679134
1037,6076.171875,10.226907497794045,4.92086167812083,4.832309363763594
1038,6082.03125,10.750013357872346,5.505661731771848,5.0349171212017145
1039,6087.890625,7.074138546360848,3.3657154207140865,2.756845389185646
1040,6093.75,9.227326550545252,3.8646034510744194,4.248859629231534
1041,6099.609375,7.527217274826208,3.72380665088187,3.4318948586971056
1042,6105.46875,14.251547792054664,6.421133750924874,6.5405108016047
1043,6111.328125,8.229177132335836,3.1341096517722713,4.290839528630253
1044,6117.1875,6.829212749483708,2.5396543671912433,2.1378789004304903
1045,6123.046875,5.619810280305225,1.9461125228959255,2.1090875830928892
1046,6128.90625,6.778727964397874,2.7695323137018,2.9485351409634797
1047,6134.765625,7.486096605682765,4.413252344517017,2.1793599610806047
1048,6140.625,7.351867958309846,2.0827209052851305,1.8042804568921849
1049,6146.484375,13.07529254341986,5.242203559597898,5.028480282469242
1050,6152.34375,14.01886475344055,4.768458014406631,4.788351094126883
1051,6158.203125,9.909296392271527,3.2670505549196305,3.158729948722564
1052,6164.0625,8.127924413274679,2.7786961562050125,3.320914753370286
1053,6169.921875,5.640286713403233,1.827043881649019,1.5139956663503222
1054,6175.78125,2.6942753318217987,0.9011879788086425,2.726464925745826
1055,6181.640625,3.4514923957071195,1.2923293254225579,2.194762561758379
1056,6187.5,4.418619972552964,2.0794289944516,2.5159316288532616
1057,6193.359375,3.698005477323729,1.471267651511678,2.1092971777121146
1058,6199.21875,3.0444647222377705,1.2950826674774705,1.3240895539787199
1059,6205.078125,5.500701819749292,1.8592407798198036,1.749266016014163
1060,6210.9375,3.4883599692587817,1.2486964859252012,1.4383665758895234
1061,6216.796875,0.7226574494192488,0.75,3.6501897562201444
1062,6222.65625,6.64920709586029,2.6298564994078584,2.3644621089441835
1063,6228.515625,3.9332709966360273,1.6049419923333283,2.39873791498238
1064,6234.375,5.069122662849449,2.799761532734573,1.6539213194727587
1065,6240.234375,10.370780990219632,4.896889203982202,4.256793822969527
1066,6246.09375,6.970645368675141,3.2252232004022066,2.1956631218893126
1067,6251.953125,6.4949688986931156,3.7757403860603134,2.526975035313004
1068,6257.8125,7.915715251008218,4.700654239750763,4.051197282094172
1069,6263.671875,5.87193413130142,2.6098139185382645,3.0383683596649393
1070,6269.53125,6.973226177481644,3.6408193674923117,4.019485411930907
1071,6275.390625,1.4687043794363048,0.75,3.510029642078619
1072,6281.25,8.549047810040003,2.5691247846808074,4.379917656999592
1073,6287.109375,9.261928053984311,3.28234895318207,4.627917038608368
1074,6292.96875,4.65500888452517,2.480233704436957,2.956694658158572
1075,6298.828125,8.612187538493174,3.5745626770347068,2.727189134351793
1076,6304.6875,11.004177174934563,3.119056872642404,3.2827294316336237
1077,6310.546875,15.345260615805365,4.643547336290593,4.937210350330699
1078,6316.40625,14.845438806501722,3.824194022346057,3.5936383102761846
1079,6322.265625,8.89807822290739,5.130268595195731,4.172320535413459
1080,6328.125,6.495107711050002,2.79799885310205,1.56549258411325
1081,6333.984375,14.044979344680204,6.68548489262378,5.066525921804432
1082,6339.84375,13.79326479155151,5.425250964709107,4.698790395257402
1083,6345.703125,11.203705128777973,5.469658189736636,4.2598084829513745
1084,6351.5625,2.866446581751047,1.2260545794107915,2.1337156080839943
1085,6357.421875,4.336134818482238,2.8739218209390867,2.841570268696786
1086,6363.28125,9.425830690609779,6.41264030229291,3.5104439081056342
1087,6369.140625,5.9883018006876005,2.5819884526848447,1.8585132735187297
1088,6375.0,9.62143539287934,4.635626115393569,3.765271188317292
1089,6380.859375,5.994284658349146,3.441894304620235,3.359128795770873
1090,6386.71875,4.807381405349475,2.640105095274872,2.4174993305750347
1091,6392.578125,3.6878516858740666,1.9128801599696232,3.450316789190357
1092,6398.4375,2.015449503694982,0.8804933392465344,1.9211295230877836
1093,6404.296875,2.3824610602573864,0.848172543480319,1.618930514416922
1094,6410.15625,11.21681469642029,4.01930211637767,4.891688927631956
1095,6416.015625,9.105675878501051,4.746888990750509,6.162953505767477
1096,6421.875,4.847236936751885,2.8664196509656037,2.240038934389977
1097,6427.734375,4.4245404164398865,1.8786689191555368,1.5774874437299888
1098,6433.59375,1.7181033046696836,0.75,1.5863328812727409
1099,6439.453125,6.965173520526392,2.8387268517160464,2.6183455226909786
1100,6445.3125,8.31149627977431,3.877897384286194,3.8164708846448723
1101,6451.171875,5.580418420213628,2.837588167224581,1.5852835369618592
1102,6457.03125,10.040138060645525,5.472333040072091,4.44336624963145
1103,6462.890625,9.190054035862332,4.643230952618192,3.75277356846625
1104,6468.75,8.439756340222946,4.268041113532581,4.2332452397919935
1105,6474.609375,7.968456472686715,3.664070388836989,4.351253668805497
1106,6480.46875,9.18634917586611,4.405978456685669,4.616179936037934
1107,6486.328125,5.673236841167459,3.635185725361529,4.096156289964032
1108,6492.1875,7.821507634022304,3.9162788622909326,2.8346758670409926
1109,6498.046875,9.495146355841973,3.5636882207741962,2.6826715780176276
1110,6503.90625,3.676191982046905,1.7084904965560532,1.585460444607734
1111,6509.765625,6.637857676044936,3.0333155105575806,2.1792407832839777
1112,6515.625,5.44310589090874,3.5234222948126104,2.0940657109485348
1113,6521.484375,4.499134238617118,3.5956953894833745,2.346219101052279
1114,6527.34375,8.562188455445453,5.630611527775146,3.648339509085119
1115,6533.203125,4.719870866848028,2.74362437766552,1.74315491779691
1116,6539.0625,3.879833809399693,2.247770786508694,3.1394670930701745
1117,6544.921875,2.3281805099001067,1.7808380275305742,2.3560559691477616
1118,6550.78125,2.024397927096082,2.072959105392801,1.5635700006494933
1119,6556.640625,6.125111278918254,6.392734363507771,3.1697024041332216
1120,6562.5,5.535336797011803,2.608755235838008,3.031848172533358
1121,6568.359375,5.90536647882902,2.2491578215881205,3.1424740109787503
1122,6574.21875,1.5418001859357953,0.7682213845065764,4.745935190573778
1123,6580.078125,4.959240647067982,1.904842314638242,1.4997831082285225
1124,6585.9375,8.128276088285183,4.591291501234307,4.761238383992887
1125,6591.796875,10.675565030817667,4.29863451080941,5.593606349064593
1126,6597.65625,10.456278236700598,4.056174149398166,4.224583071171301
1127,6603.515625,7.26506503126533,3.291972380817712,3.7779156842229122
1128,6609.375,2.0277858069203503,0.9988595664401623,1.8855405095738698
1129,6615.234375,8.750575205886845,3.7179053055922253,2.7615949908358832
1130,6621.09375,3.7211006977204617,1.5974691505350442,2.1849856908136354
1131,6626.953125,9.063862431090692,3.689711915782337,4.064433646229989
1132,6632.8125,5.105924002716185,2.3639391145877084,2.8758306045959867
1133,6638.671875,6.7514556729232,2.4665631747730394,2.3818029589238274
1134,6644.53125,1.8280808786945928,0.75,1.7092995059474314
1135,6650.390625,7.282926937039981,4.147632332044115,1.9127387519877639
1136,6656.25,6.593684656630455,2.904999859073258,1.7664965559161694
1137,6662.109375,6.726051523999162,2.8107659929466178,2.6930528693297995
1138,6667.96875,9.444508850999814,4.321054839962871,4.717916577990901
1139,6673.828125,9.424196050646033,8.685979438003445,7.974185982481932
1140,6679.6875,9.340001768559494,5.195155232343701,4.641976349631772
1141,6685.546875,11.177152491333612,5.195805916786693,4.754490066535343
1142,6691.40625,10.532300264955754,4.548233834802046,5.758274031125485
1143,6697.265625,4.6634129924355925,2.631961819283098,2.252797580045604
1144,6703.125,5.322251800182741,3.1595182070830834,2.0661258953382964
1145,6708.984375,1.9988010643334702,1.0083392751386686,2.055565653802865
1146,6714.84375,6.46635432767702,3.9072827007537665,3.1795512790385128
1147,6720.703125,10.207227203335874,4.1145877114579195,5.468037495198144
1148,6726.5625,15.292822465848023,5.791264192657826,11.408557875056752
1149,6732.421875,17.735538178493528,5.91872503763984,9.062701366702335
1150,6738.28125,12.837968642898232,5.751892996527797,7.059319991909515
1151,6744.140625,5.649847112575237,2.8144802568448126,2.6819552074708364
1152,6750.0,0.9349292291036247,0.75,2.6607399366585756
1153,6755.859375,5.789442883062109,2.623550544158909,3.508489258726066
1154,6761.71875,10.737026759446644,5.269255300432675,8.357045014751481
1155,6767.578125,10.92038712913711,4.417382945617701,7.181593851330399
1156,6773.4375,10.566346135637774,4.713869770532069,4.066030194128862
1157,6779.296875,10.754673085040956,6.814965350429887,5.375661018638825
1158,6785.15625,2.8293484422281328,1.2200729159938546,1.045518765899013
1159,6791.015625,6.260863422003759,2.670499285146635,2.5642714900382733
1160,6796.875,3.598853959059245,2.4264323743732943,2.6810424347831567
1161,6802.734375,1.517088749106261,1.0754524260784555,1.5535317689537724
1162,6808.59375,5.189899064595799,2.8210374952358768,2.3752248672673977
1163,6814.453125,12.679586411214041,4.547472753487932,5.4140187657164365
1164,6820.3125,12.591476985773557,4.447175005312157,5.650083784501445
1165,6826.171875,10.928794314881214,5.90226666665548,6.686009955763938
1166,6832.03125,6.10604762525177,3.278609595665583,4.5104174211576185
1167,6837.890625,2.72171671425736,1.675713152285165,1.3092153727614073
1168,6843.75,1.7812784125005539,1.8063440723648991,1.412850928355779
1169,6849.609375,2.916521768048541,1.4164114203139344,1.9759822568037266
1170,6855.46875,10.66532909882011,3.3210652776680223,3.1013281009166738
1171,6861.328125,5.084488252938218,3.1720902420298263,3.084232517611453
1172,6867.1875,8.261982931544198,7.239481301089349,6.045640498764046
1173,6873.046875,6.899421008701945,4.872035304864321,4.300468054616419
1174,6878.90625,1.748576658173194,1.0856026892054302,2.0073143285926283
1175,6884.765625,7.062262820341728,3.18760872706153,3.453833629737868
1176,6890.625,7.111236924964242,4.306493114928405,4.795040674173927
1177,6896.484375,2.529066385137663,1.3593484878029327,1.2873227736292463
1178,6902.34375,8.833996673837282,3.9440509443245437,2.973674420384632
1179,6908.203125,9.217336695546065,3.7238936996615073,5.490153756862352
1180,6914.0625,5.733036666272532,2.5559233628530267,2.5445600426837616
1181,6919.921875,3.838462104991887,1.5112750697647335,1.4566067575561295
1182,6925.78125,2.7053837185981946,1.480762852808545,1.767536960161651
1183,6931.640625,11.239413297660544,5.912418018901392,4.627674459577111
1184,6937.5,6.607491718237075,4.2791270140312845,2.988997750524173
1185,6943.359375,7.590707969332417,2.5511172431894247,1.0614353480896985
1186,6949.21875,4.1811322549088885,1.9898241482339873,1.870190374885054
1187,6955.078125,10.306904414288788,5.518505845137061,5.122848486496295
1188,6960.9375,6.789465111404389,3.2330925073981027,4.205501080906258
1189,6966.796875,2.9557471783267775,1.3677035252071106,1.1359663004295153
1190,6972.65625,4.837031242581872,2.7918080864103505,2.3237370411316243
1191,6978.515625,10.395284851880954,5.805999150879001,5.513262381613205
1192,6984.375,9.867645976802388,4.667758560478232,3.945364239043395
1193,6990.234375,7.474718261853181,5.73060039312831,4.59027736733928
1194,6996.09375,4.288460317984151,2.7135071666083492,2.2485968652063844
1195,7001.953125,6.836750937223977,6.817701462361742,4.141911172667924
1196,7007.8125,3.1756424495690343,2.2058093688394305,1.4930129051371013
1197,7013.671875,2.4293778578222165,1.6108911793973988,1.4589723593579933
1198,7019.53125,5.087004753981414,4.056738401198836,2.409509144512343
1199,7025.390625,8.797202824354208,4.593994925118009,3.174973788075375
1200,7031.25,10.042737984005432,5.373587967928094,3.9259345659459695
1201,7037.109375,13.840945936174226,6.256809469083055,7.779659097281825
1202,7042.96875,11.69112556379396,6.8955348053006515,8.407897990767399
1203,7048.828125,5.743360214082365,4.605315413974952,3.417068375593724
1204,7054.6875,3.656470076261685,2.7564660731071853,4.12485307593716
1205,7060.546875,0.9404201773055377,0.75,2.838980118295886
1206,7066.40625,4.121994729719543,2.2340336040888222,2.4251485790165708
1207,7072.265625,9.698577068642507,4.4872449586201295,5.347526659368319
1208,7078.125,9.558120451791734,4.883053593585242,5.509908147595439
1209,7083.984375,8.08111138930663,3.618960389960731,2.6511336095437565
1210,7089.84375,7.63811626268391,3.54560702155158,3.7636004595899317
1211,7095.703125,5.984304261517716,5.541643867173378,4.651107689948335
1212,7101.5625,6.745724293179902,4.120788933701938,4.705858202576428
1213,7107.421875,4.081907486800965,1.8775624126693593,2.4726971786134277
1214,7113.28125,5.313020953587967,2.9254605732033503,1.9507329959197066
1215,7119.140625,5.255394993911653,2.933164576121036,1.7058620626803986
1216,7125.0,5.498254483710735,2.792235051011347,2.123202329065646
1217,7130.859375,7.3373299644618735,3.721080432350555,2.2797008122501894
1218,7136.71875,2.8990934846712664,1.8698035326506246,2.5703817109150213
1219,7142.578125,3.4897715823191793,1.7180362751791907,2.5304958410843947
1220,7148.4375,1.579040332801782,1.4412288657543606,2.737821984574202
1221,7154.296875,1.3794498494027616,1.2092394322095876,3.3134389993843287
1222,7160.15625,5.0091612479627265,2.004558409575376,2.333112444702299
1223,7166.015625,5.672415913819154,3.1081301742324543,3.51113484437439
1224,7171.875,5.43210335554394,2.760237732812322,4.841668788157794
1225,7177.734375,7.995417943189282,6.906532263580292,6.990038783056552
1226,7183.59375,8.274715481225323,5.566482009960808,6.923055827568719
1227,7189.453125,3.5338089863891247,2.26503543170319,2.665018575965031
1228,7195.3125,3.515167149769847,2.520114469263131,2.318378982224644
1229,7201.171875,4.59854808424754,2.4984330327250177,1.5147423615608522
1230,7207.03125,5.86561781007463,5.118221164480608,4.313278946013367
1231,7212.890625,8.111368187878469,6.334582142197448,4.132226363148368
1232,7218.75,4.266618762488767,2.340544189638933,2.4116122007735723
1233,7224.609375,8.869241208464523,4.139451265245473,3.39709330880559
1234,7230.46875,10.383013452935668,7.763174491739971,5.3950216648073885
1235,7236.328125,8.30862110607616,6.111389514778262,5.014592589399126
1236,7242.1875,4.083120119046093,3.7718470512628324,3.8460184829414774
1237,7248.046875,0.4466902117403147,0.75,3.3732018622844535
1238,7253.90625,5.583968534523095,2.421313592437124,2.5482784338523254
1239,7259.765625,6.725973032480967,2.8194759575937285,3.375678976182521
1240,7265.625,0.9600524704379778,0.75,3.358904847999089
1241,7271.484375,6.023105643638252,4.524510123400789,5.975691615491817
1242,7277.34375,6.017189528649243,7.408258918914354,5.633792556085532
1243,7283.203125,4.844534649999978,3.6141986807258797,1.972700541182662
1244,7289.0625,4.568590400504875,2.834005987920184,2.652685827681011
1245,7294.921875,3.473503250514007,2.4702637384057216,2.121671130765358
1246,7300.78125,5.989703926692467,4.071848497401964,3.163210212908933
1247,7306.640625,3.276973826876071,1.6226973615911362,1.50534204647138
1248,7312.5,4.790752995024833,3.5724673842919143,2.544202131882781
1249,7318.359375,5.000441710590638,2.233475810459171,3.019593353345383
1250,7324.21875,7.640210586628658,4.142878899643595,8.060775208227803
1251,7330.078125,6.580524460631419,4.495039515794299,6.738224053455325
1252,7335.9375,5.465549533290083,3.925651332790877,3.294869947875451
1253,7341.796875,6.994592319050426,4.3750266049019935,5.002734369364091
1254,7347.65625,10.498189444324591,3.8703086802669673,5.5452698465883055
1255,7353.515625,7.762124042451384,2.4256005858321035,2.629918440166266
1256,7359.375,7.274446585655934,3.403200546674574,4.753143225339486
1257,7365.234375,7.2728779945336,4.623309000693952,5.298140030225928
1258,7371.09375,4.787460644667307,3.5277210674937685,3.137787657335728
1259,7376.953125,2.8639142616551143,1.1443657311851518,1.3162835325344822
1260,7382.8125,7.0046799012670995,2.946077061708067,2.55284735747981
1261,7388.671875,9.03391699340982,4.218803412405223,6.10219194624976
1262,7394.53125,5.543298251037442,3.4686388918914126,3.5560564639424843
1263,7400.390625,1.0173634662234188,0.8425138812015358,2.1549264165208624
1264,7406.25,1.4258486068358622,1.4222266590840429,1.5160994596808957
1265,7412.109375,6.433340612648105,4.021004444047431,2.302875491824181
1266,7417.96875,7.4890337050282705,3.97166322544056,3.0019579059525974
1267,7423.828125,3.3259060073798747,1.9937879343244331,1.7763555406436022
1268,7429.6875,1.7922740244929491,1.109141320871918,3.282267949632051
1269,7435.546875,3.780271839047611,2.9414767893418245,2.7826082493316293
1270,7441.40625,5.632466725241455,4.374644823438926,2.2270667634990007
1271,7447.265625,2.676131051780409,1.9361952101129218,1.1003993204429772
1272,7453.125,3.104339042321082,1.463488233844739,3.616742615237015
1273,7458.984375,1.7128756403432361,0.8352033813589761,3.5128751384579786
1274,7464.84375,5.246975908241166,3.5004995282212636,3.8168178492481446
1275,7470.703125,5.588662881548842,3.665996644693145,2.741862722985766
1276,7476.5625,7.742986142315792,2.957134134337627,3.267674025909243
1277,7482.421875,2.146032186906116,0.8383936872744346,2.310755932348825
1278,7488.28125,4.83940457683125,1.7939197986516024,2.140779417803347
1279,7494.140625,4.112106018499156,1.5509767707336326,1.949799015867453
1280,7500.0,6.934038853280778,3.8524864058459682,3.3672534236921443
1281,7505.859375,6.194101136522759,7.632133130665861,5.560608629962175
1282,7511.71875,2.590671077170096,2.551945662532245,2.272038226360215
1283,7517.578125,4.068956237665295,2.006034864434394,2.9017685324315523
1284,7523.4375,3.9000956512238156,1.4214272245901967,3.0192562231105797
1285,7529.296875,4.291304403490518,1.8331674935944113,2.1610209015348785
1286,7535.15625,3.7815392464293356,1.6872104059040582,1.8662159640616822
1287,7541.015625,3.442922097438599,1.207590730593034,2.35780632537466
1288,7546.875,7.566288457195287,2.9714753202402537,4.591467426751801
1289,7552.734375,7.138322530216416,4.339616626596152,4.778024383919272
1290,7558.59375,5.576051693834841,3.6799619559937886,4.269124276446158
1291,7564.453125,0.7708578362803192,0.75,3.5411245579123745
1292,7570.3125,2.2805729931310617,1.3389922937616148,1.8342409448478223
1293,7576.171875,6.467159590895881,3.9890262944503148,3.8589799350797827
1294,7582.03125,8.296370447898806,5.336202774840745,3.947342304351632
1295,7587.890625,6.376402795834607,3.0153191295086152,2.3065633740115326
1296,7593.75,4.938456171695854,2.5846988717643398,2.441812700843537
1297,7599.609375,5.618318690105873,3.0830599988508043,4.803595678895821
1298,7605.46875,6.155281293601968,3.231697598275897,2.9547583037698133
1299,7611.328125,5.805084246176412,3.5477162582084945,2.4989412970020894
1300,7617.1875,7.221264517718886,4.315663932745554,4.400366881931273
1301,7623.046875,2.4922955418274393,1.4726525638027574,1.7655488111079833
1302,7628.90625,2.4485210902462353,1.6019573566057737,1.9394275329578152
1303,7634.765625,4.87441681352948,3.0602869132521446,2.2824025312966083
1304,7640.625,5.440293689219856,3.6241493388969293,3.4242454946578658
1305,7646.484375,5.520077533395438,2.8867959210019247,3.0981497472979034
1306,7652.34375,1.9584606904690824,1.1142867794538853,2.8568417816924656
1307,7658.203125,7.589193128137112,4.04493528313378,4.371922861410989
1308,7664.0625,4.308472339039414,1.9213626652271194,1.9988441234903989
1309,7669.921875,4.171387866802433,2.0335879350628137,2.1908889448543185
1310,7675.78125,4.770751262937258,1.7804464457351756,2.6908734419825
1311,7681.640625,8.933863220810366,3.5657505555403395,5.75477682112742
1312,7687.5,10.0219327362583,3.9790226782102414,5.64586311249796
1313,7693.359375,9.660776090574963,6.189878052594104,5.520271545164513
1314,7699.21875,3.632118932801432,1.8160166895856804,2.503534091652392
1315,7705.078125,1.6232057216061249,0.75,1.892006533267357
1316,7710.9375,3.3367416616963363,1.2323276935572534,1.8774326312008747
1317,7716.796875,4.757618591959121,2.2466165744538755,1.6879223845209816
1318,7722.65625,8.457678039975745,4.239612304384261,2.951226437359725
1319,7728.515625,11.386636554642509,4.307611485418338,4.3326180259536295
1320,7734.375,8.053940710234498,2.876671780341489,3.821075431138747
1321,7740.234375,10.139739857601729,2.878273721436415,4.4879115013592585
1322,7746.09375,8.995794468117182,2.6286094858867757,3.988141621166288
1323,7751.953125,3.2602804673667363,1.217937491633102,2.425670669901406
1324,7757.8125,1.2110429999290797,0.75,3.9881762522605273
1325,7763.671875,6.182553029853599,2.233108259118712,3.252258612481845
1326,7769.53125,8.573793554726235,3.3355531196033663,4.611340781870608
1327,7775.390625,8.399087079474448,4.058900342602751,6.098341178177662
1328,7781.25,7.541198257127024,5.101477644739285,4.41140465055417
1329,7787.109375,6.93388921691316,4.508538138930204,3.770891803602113
1330,7792.96875,1.4425191853622465,1.735136626114249,3.170392730841351
1331,7798.828125,2.358717031207528,1.2817765818618776,2.5374318142087557
1332,7804.6875,3.817937099810611,1.4176819716695448,2.312192866590976
1333,7810.546875,5.259442885172264,4.111160361658578,3.594359999901599
1334,7816.40625,11.146668375932421,6.55674960355546,4.642255028853722
1335,7822.265625,15.578491463782488,8.053072875513923,6.679089994343184
1336,7828.125,15.524129916379186,6.019189922055132,6.41335791640183
1337,7833.984375,12.410949604768055,4.872379685149342,3.380319942657904
1338,7839.84375,3.3753092643770928,1.6709813028903735,2.516424477396075
1339,7845.703125,4.841349320699536,3.2908122352719356,1.9322525485839015
1340,7851.5625,4.6333693026568845,1.511400732277651,1.1925987562029472
1341,7857.421875,9.45911263131142,4.588939887771653,3.3660487602572386
1342,7863.28125,12.111610660783127,5.524684569893601,6.02764435470889
1343,7869.140625,12.510521388191291,4.052966080677889,3.757727659157082
1344,7875.0,12.25500908021496,5.4971465038671035,4.723972169715156
1345,7880.859375,13.809297693443828,10.677121470247128,7.814472028407927
1346,7886.71875,8.326402089351532,3.9981786324829103,3.5602952394022043
1347,7892.578125,4.767262411669993,3.3517205812398836,2.5435225788997613
1348,7898.4375,3.1252147355099935,2.159251441340772,1.6802431038557344
1349,7904.296875,6.805921856918424,4.749782284951275,3.3585578284151465
1350,7910.15625,5.1199840631196185,1.6617304076561898,2.246756179390996
1351,7916.015625,5.891223433046438,2.546179076950778,3.145850713851023
1352,7921.875,5.756774767307002,3.0290403410314406,2.6220034114283495
1353,7927.734375,4.032081082348087,2.8392400995930753,1.5995617726870917
1354,7933.59375,1.6066646648365386,1.175367754011518,2.248262745550361
1355,7939.453125,1.0712700522837553,0.75,1.7789262892517228
1356,7945.3125,7.632848722266373,5.199502165330502,2.8476069143517515
1357,7951.171875,9.661317670103434,5.366815884590039,5.756562929277614
1358,7957.03125,8.92255664684979,4.240709768417992,3.6110930751198613
1359,7962.890625,4.49189668916747,2.272754908534641,1.564575433784254
1360,7968.75,9.05486198888676,5.125832440175277,3.783570827364091
1361,7974.609375,5.070806783938382,3.0675461403815913,2.6037622543818792
1362,7980.46875,3.05906394289875,1.603305102154341,1.3417296173905733
1363,7986.328125,8.038927618501793,3.3457749696101553,2.8004406725729747
1364,7992.1875,9.048228353860678,3.053306417504244,4.329031378501877
1365,7998.046875,9.865131492888063,4.407281058272682,4.620464647629935
1366,8003.90625,8.319217976242603,3.9457757333318955,4.344316439530824
1367,8009.765625,7.133856501590949,4.159680194572575,3.6398244168532097
1368,8015.625,1.371744165301609,0.75,2.863070827946357
1369,8021.484375,4.5441331430869,1.2589851542400643,2.648497613161891
1370,8027.34375,3.5074515522617022,1.3483713020040313,1.7216149889833383
1371,8033.203125,1.2801642122700276,0.75,3.5710523966249297
1372,8039.0625,6.504372667407294,2.9999882866824006,1.9936565547525027
1373,8044.921875,9.518988365671833,2.715153280448802,3.8995274994794102
1374,8050.78125,6.321257617789575,2.4082631042581664,3.2850975665422713
1375,8056.640625,9.444748372351153,3.823714573234902,3.124904646881635
1376,8062.5,7.138566516652802,2.2668519636270292,2.3934628735363135
1377,8068.359375,7.982000779970891,2.7529158267634366,3.944873338792803
1378,8074.21875,12.867224848471297,4.8239983412433665,7.685096680903057
1379,8080.078125,16.507942271014926,5.850738584189168,7.984339743530849
1380,8085.9375,11.00709344845054,5.155540831269602,4.960806536888293
1381,8091.796875,9.350477233710686,6.558049475844687,5.345855676311461
1382,8097.65625,4.970261959280964,4.458145943716432,3.5298426171121555
1383,8103.515625,10.355672841719985,6.093681876666137,3.8726528287933455
1384,8109.375,8.699971137615481,4.838007944235961,3.542837513072942
1385,8115.234375,11.571987021049306,5.548730734783327,4.283290684669746
1386,8121.09375,6.708040465706285,4.052086252874954,5.50592322728662
1387,8126.953125,11.622047976885376,5.656212298252254,8.89694123884727
1388,8132.8125,16.26035365962744,5.597791924510496,7.502934458847517
1389,8138.671875,13.213628407123547,7.415780762674411,8.188384933984054
1390,8144.53125,8.885966284220276,4.223234084810598,4.205107878366686
1391,8150.390625,12.13035971460851,6.333292459088919,5.09882073205009
1392,8156.25,9.248726222676085,5.494639251494832,4.497396345469683
1393,8162.109375,9.013595527752411,5.349216137813066,3.7209688783092747
1394,8167.96875,8.989051649014659,4.810999337262608,4.03232732906859
1395,8173.828125,12.000720127462447,4.861128144544748,3.471054721775099
1396,8179.6875,15.575997246535849,5.796641845614133,8.093805674481988
1397,8185.546875,11.842943000461707,6.216632190173348,6.397052303870552
1398,8191.40625,7.061750594245796,3.6841888859529055,4.2300002322543575
1399,8197.265625,5.801008741417262,4.314986424454419,3.3936276348250787
1400,8203.125,5.602483665786866,4.542868353162762,4.048254526455493
1401,8208.984375,1.0778587922016436,0.75,1.8891531555284586
1402,8214.84375,4.020895707775785,2.289640941596023,2.7606162900815665
1403,8220.703125,7.962873952522158,5.138702241758964,4.065339668409297
1404,8226.5625,6.366693556106485,3.5888422505220228,3.7182473925212114
1405,8232.421875,4.963841068182038,1.863587267452888,2.038289749510082
1406,8238.28125,4.970852911246757,2.652601989752932,2.3034844587843586
1407,8244.140625,5.111857073476679,2.283934527705447,3.4083381437563327
1408,8250.0,8.005025541802398,4.267132023056832,5.379355121231932
1409,8255.859375,5.076679595964339,4.044211354164286,4.026447032087899
1410,8261.71875,1.664744358995537,0.9814301095794966,2.3058465392441128
1411,8267.578125,5.5706713403146635,1.8524688869892012,2.3374532394632266
1412,8273.4375,5.1250828423256625,2.702813203204652,1.8846633017537933
1413,8279.296875,6.212328968968622,1.6959064631005452,2.190285050377011
1414,8285.15625,3.4651471024467595,1.2498523449584353,2.3202611815289855
1415,8291.015625,3.966530304901423,2.1576152355881058,2.171992879686046
1416,8296.875,5.979547846089306,2.9391604680332826,2.7925062769048883
1417,8302.734375,5.484772035524654,2.57924435193482,2.9151986802592567
1418,8308.59375,5.289585801845958,2.497974207271022,4.604275138287703
1419,8314.453125,2.081911009030878,0.8459733850858151,1.755981714882872
1420,8320.3125,8.966075783816526,4.091038524365148,3.086493651174389
1421,8326.171875,7.073800777692316,4.907665972432054,3.7193975560505
1422,8332.03125,10.47859143839794,6.140753679702299,6.434966825512406
1423,8337.890625,7.342393772987221,3.37693688475225,3.9193704529818727
1424,8343.75,8.308673923171684,2.993223397604615,3.1721513887845054
1425,8349.609375,2.2529793545180583,1.2504306062646364,2.7389889574535657
1426,8355.46875,8.857381409154296,3.9326802826339238,4.490875910190825
1427,8361.328125,8.117114519028389,3.995783931181332,3.9538291557427048
1428,8367.1875,9.024349260390117,3.5294004287921723,6.229437407177036
1429,8373.046875,6.705573048110194,2.4535459436918834,2.9906941935688365
1430,8378.90625,5.573036824228379,2.2640955031515615,2.531154459085275
1431,8384.765625,6.515516053896957,4.295717452277559,3.373614662203141
1432,8390.625,8.071107692405466,6.563092637223839,4.283640327998458
1433,8396.484375,9.770528738209542,3.6614665190105615,4.616230158676931
1434,8402.34375,6.236075677766022,2.7013457238612175,2.4853571791112103
1435,8408.203125,6.235655698316209,2.718886984481395,3.354475300675928
1436,8414.0625,5.666540453187991,3.0249017170784227,2.4386965853431923
1437,8419.921875,5.022742135425394,3.1504888828930437,3.1293360993580124
1438,8425.78125,5.052717086039926,4.901051414729304,2.9884603044994407
1439,8431.640625,3.8246302441548714,3.4565957805973806,2.6169160284103934
1440,8437.5,3.6636859343461285,3.0721514704594286,4.724655138418639
1441,8443.359375,7.06984201343883,8.46737141703867,7.376349277672927
1442,8449.21875,6.6700819611642315,5.593588759280866,7.642362650763275
1443,8455.078125,6.1743215428674665,5.661460002317122,6.134458740806238
1444,8460.9375,6.304131755109597,3.623581949360677,3.1283982105489296
1445,8466.796875,8.085625540403981,7.5320383080542594,6.709398219934042
1446,8472.65625,5.15226896647189,3.780977923170391,5.02199780071664
1447,8478.515625,2.344215177216019,1.7386598592438234,1.688726172872474
1448,8484.375,7.891101450872624,4.616466666433305,2.7970967792686094
1449,8490.234375,7.176687989553052,6.3029700947836105,5.012551883414785
1450,8496.09375,7.481526527919303,6.548717262604654,4.39704390827775
1451,8501.953125,8.684291776689903,5.404533770157937,4.431723939008009
1452,8507.8125,5.222082574631907,4.186832418883837,4.341303895302099
1453,8513.671875,6.86303775605649,6.278805760848638,6.35245670798613
1454,8519.53125,7.5720613658945055,3.124651405948245,2.4860584691566814
1455,8525.390625,6.585787591784517,3.168956326919951,1.7910023993362587
1456,8531.25,8.149144630063173,5.61536100907764,3.457076143807843
1457,8537.109375,6.216172667189052,4.349579313583322,2.4399246432734
1458,8542.96875,3.1292160956010515,2.6399214558314537,2.5416505025941896
1459,8548.828125,1.8105158880474497,1.0557509246621382,1.958322407192415
1460,8554.6875,3.955774627810578,1.4568564833361086,2.2024918078893037
1461,8560.546875,1.8263509434667633,0.8330208516178894,1.7519464346952665
1462,8566.40625,1.6692526334873683,1.091401984414597,2.0182132935026633
1463,8572.265625,6.52758337498027,4.460530172846833,2.8444946306136956
1464,8578.125,5.9090859301837435,4.735387612037684,3.1982114132419004
1465,8583.984375,3.6388849238639853,3.0474529330738926,2.5085275146146024
1466,8589.84375,1.4206156146793618,0.8591930297589453,2.4767587168085154
1467,8595.703125,5.27450570886628,2.395360522170714,2.2268564912783826
1468,8601.5625,5.579478257336289,2.973532944131832,4.212821376433122
1469,8607.421875,8.710425990582591,3.383782150147014,5.640445631584896
1470,8613.28125,7.269928177469684,4.42541187519292,7.029038399508881
1471,8619.140625,7.718562689625158,4.681452706706958,3.467214841601164
1472,8625.0,11.528410592543995,3.2795339626049103,4.075288342175833
1473,8630.859375,10.845346127204875,2.6245135844783114,6.021024409500803
1474,8636.71875,7.432461778353675,2.553733215369038,4.523712390030889
1475,8642.578125,6.923546799549392,4.902501070736201,6.1974206512068255
1476,8648.4375,12.063625156981614,5.877977204126285,7.606889691229845
1477,8654.296875,9.914549208033328,5.5721059339476575,3.6050805915685262
1478,8660.15625,2.9165798693210503,2.5344472807396357,2.007716412155893
1479,8666.015625,8.190359945758756,6.489162829295514,6.006334469442764
1480,8671.875,8.849505859907875,3.929589412844845,3.900709791373171
1481,8677.734375,6.7594102056995995,4.582350115091261,2.862650040080286
1482,8683.59375,3.9657622101259906,3.2733583674677202,2.388383462473185
1483,8689.453125,5.7747244800597315,3.074939923946654,4.986917071282778
1484,8695.3125,9.684859479969283,4.340130236325232,5.31777115999059
1485,8701.171875,8.619586977125941,4.941826728198656,8.150070369182098
1486,8707.03125,8.093720606670447,4.547056838402753,3.832357319161046
1487,8712.890625,3.1247276558489006,3.024057547066316,1.8862244183331325
1488,8718.75,3.810795763578901,3.5508632052474214,2.7429236041902425
1489,8724.609375,9.919924850330972,7.1262112205391475,5.11395314218821
1490,8730.46875,7.124685366822857,3.988308451033256,3.3953517335411507
1491,8736.328125,4.223539557127602,4.0610328545193495,4.411508288852878
1492,8742.1875,2.9441549990263973,2.244458165019854,1.8002581576584544
1493,8748.046875,5.146662713195264,3.757629200424627,2.586464792947502
1494,8753.90625,6.2972695619491805,4.71238328876713,4.06647159248505
1495,8759.765625,5.518441826822642,4.340986042471327,3.131861910192329
1496,8765.625,3.539115367292028,2.8144798651416543,3.073792095675796
1497,8771.484375,10.801248469226502,6.68684243225047,5.2714006431559985
1498,8777.34375,9.938123533070033,7.410101413745748,4.790986734741452
1499,8783.203125,10.564217141497371,5.258009301000203,4.469600620980369
1500,8789.0625,5.400877988991885,2.7358267657657542,2.072924936656782
1501,8794.921875,2.2478292195235383,1.038421004052291,1.8824564580645848
1502,8800.78125,4.820520025047076,2.746145067717299,2.2567959017714205
1503,8806.640625,6.014839761312417,3.6507347377761006,4.653367438412643
1504,8812.5,7.802105692744447,4.2577730922028145,4.579244177496238
1505,8818.359375,6.113542278065211,3.8273598782640867,2.325247934897633
1506,8824.21875,6.7713555312845,5.363751923621526,4.473829336452166
1507,8830.078125,4.111939353740502,3.9260604209560603,3.419826483651912
1508,8835.9375,2.044014482327374,1.8898022990913963,1.4201353878564378
1509,8841.796875,4.067481483927492,2.9351186494535524,3.9918153733503656
1510,8847.65625,6.15271755354355,4.970029766361937,4.1528601362741195
1511,8853.515625,4.200439479043371,2.3955205684957637,3.2691159949841144
1512,8859.375,2.8593269138080513,1.4837447097268068,1.368185246474688
1513,8865.234375,4.492907959477169,2.5585855475107806,3.281274383743348
1514,8871.09375,5.465011795475576,3.640170459211288,3.6700709099619613
1515,8876.953125,9.326890357632987,5.223615928201745,5.039084944159736
1516,8882.8125,7.0756558883186855,4.013207033604084,3.074458281560477
1517,8888.671875,2.0281430336171193,1.050373614021773,1.6337049231647816
1518,8894.53125,5.45716703954855,4.653246442065511,3.591990831017151
1519,8900.390625,7.26088894828372,4.438323809920229,4.21469075313472
1520,8906.25,6.648571059345711,2.892965906128807,4.494897044247071
1521,8912.109375,3.901693223234562,1.8361613280447173,1.7996269837706165
1522,8917.96875,3.9942284574225293,1.9863996862367097,1.8982578353093957
1523,8923.828125,7.051635316132936,2.386377992981168,2.350944313259404
1524,8929.6875,11.917452957163462,3.867031120081,4.812675751738432
1525,8935.546875,11.220842340626996,3.682432085631707,5.037393698316366
1526,8941.40625,2.897953611847474,1.9793765901939648,1.7480874403200275
1527,8947.265625,6.072857834872705,7.131124628595359,4.6594664421025564
1528,8953.125,12.478128954696718,8.5776948667986,7.417852966348823
1529,8958.984375,18.3683845276275,6.326851047562618,7.420836776793396
1530,8964.84375,14.276085682155841,4.82718180468444,8.860907239654543
1531,8970.703125,5.253150552908681,4.500847196947671,3.3611428698732544
1532,8976.5625,7.648924226604228,5.0228406153337675,3.9273049245651706
1533,8982.421875,6.295406317307063,1.9186644718691925,2.8740877665471998
1534,8988.28125,8.636371631217527,3.384377443005482,5.3314459085376456
1535,8994.140625,6.691170227467248,2.9180682565625133,2.1354436025125554
1536,9000.0,6.332411339762034,4.170008123382583,4.278642306057189
1537,9005.859375,11.730117748599802,5.822234095098641,8.866219609115156
1538,9011.71875,13.329389507696535,6.733687860688737,8.182287321573751
1539,9017.578125,11.578828314875647,7.853562994352004,7.887704217286902
1540,9023.4375,6.6726136795110325,3.0104503735453525,4.809437729097909
1541,9029.296875,3.366901040118012,2.164675361921879,2.4860674673542817
1542,9035.15625,2.6519774857762712,1.406626737826373,1.3359947636127563
1543,9041.015625,1.7414964128992367,0.9826641400337488,1.2120043777350678
1544,9046.875,4.399967083882056,2.431184070283981,1.7118346945608323
1545,9052.734375,2.3644615247050833,1.1343886715399156,2.120328093913013
1546,9058.59375,3.613353650707219,1.585485595954781,1.6484421033781391
1547,9064.453125,6.891897367262141,3.882782158918557,3.0276813464511276
1548,9070.3125,6.5214175486478565,3.2769147941097065,3.0373003423425176
1549,9076.171875,4.057165191066551,3.192512193230537,3.231075096850243
1550,9082.03125,3.9497272396201937,3.126474045657151,2.9549756026171563
1551,9087.890625,2.232233794714597,1.2857836622276944,1.398531193333583
1552,9093.75,7.110855226947751,3.7148883588751778,3.0973901066167007
1553,9099.609375,11.141278752206183,5.521816574197658,6.899759424889259
1554,9105.46875,10.027363617709122,6.4514115560623395,4.525954310977464
1555,9111.328125,5.543657244729088,5.6868184062211204,4.487598791437791
1556,9117.1875,3.5205500828418517,1.9780320416049273,3.052387214377994
1557,9123.046875,8.30590515148759,4.159689382819263,3.782239291559282
1558,9128.90625,10.060050242617395,3.4611271287353205,4.2906302570921095
1559,9134.765625,6.706714587123934,3.8823503046500023,4.775913249803779
1560,9140.625,0.7538936179096427,0.8037788077410953,2.2711125905522835
1561,9146.484375,6.201102776085415,3.9873497829310596,4.874481029541089
1562,9152.34375,8.266618934669498,5.404835488409777,3.9246300758248416
1563,9158.203125,5.480198507697294,2.3396154092367696,3.214567377770643
1564,9164.0625,8.75218795221824,3.64327993835885,4.105874256849723
1565,9169.921875,4.4618977645500575,2.9808448421446894,3.8681946553047344
1566,9175.78125,6.604516132395962,4.69890392915872,4.898601973995955
1567,9181.640625,4.489983033421831,2.6674323886260125,1.612461746596301
1568,9187.5,4.442819877770142,1.926524579588671,2.330986547277639
1569,9193.359375,5.538129554665272,2.6679611381287165,3.4043974159304877
1570,9199.21875,2.4372694658392695,1.479108181361319,1.9456542750787555
1571,9205.078125,5.619072714157459,4.1312358059022465,3.2623732875718465
1572,9210.9375,2.346473095592232,1.9173732055685258,1.3963008449383012
1573,9216.796875,8.267382281494905,4.828640191544673,4.5035776922436055
1574,9222.65625,8.72991607920596,5.345939138109857,5.61307005911442
1575,9228.515625,6.590849083587974,3.3087586216509166,4.229964956932736
1576,9234.375,7.440911671713534,2.3780160934976573,4.700164584313106
1577,9240.234375,8.041764575466122,4.1101237876759384,4.596290247680396
1578,9246.09375,4.170011258634109,2.7770587704117755,2.7189092118696365
1579,9251.953125,3.3613844258553414,2.0385682347758807,1.581982642807485
1580,9257.8125,5.189906270108599,3.244137751485048,4.83431465437672
1581,9263.671875,11.400982349239928,7.707810841433428,5.8885448003371055
1582,9269.53125,13.312744846751801,6.35848194169313,5.728405352535164
1583,9275.390625,9.210110316727548,6.559552725552878,5.4655985946365115
1584,9281.25,9.101330822095523,3.0616793604180743,5.4283173455808
1585,9287.109375,9.447438874069219,6.580711386464181,7.525099212389437
1586,9292.96875,8.672120714226908,6.568503314952434,5.266267878741076
1587,9298.828125,1.8461447286885697,1.6311709873471514,1.778871321945625
1588,9304.6875,1.948809987726997,1.005751930200277,1.6710741364628987
1589,9310.546875,6.537120595776994,2.593137227045674,4.542257498911161
1590,9316.40625,9.953403617475514,4.139771468934818,5.128286773811829
1591,9322.265625,12.727928063715831,5.681309831345455,6.597198774678517
1592,9328.125,10.797435032439823,4.467327553622505,5.211392638762014
1593,9333.984375,7.824834592196122,2.6879512700882717,4.0594738449775605
1594,9339.84375,2.4673168191982278,1.097105492681329,2.097664185535778
1595,9345.703125,3.2999579501355027,2.2960912447844786,2.541166530322039
1596,9351.5625,3.88314634112705,3.3710928770183175,3.1904134854142483
1597,9357.421875,4.5769522957515445,2.8101391168510035,2.2390728634875257
1598,9363.28125,6.954160432985202,5.182594585715187,3.8641536188282823
1599,9369.140625,6.943222873729108,4.803374409847935,3.307202506218064
1600,9375.0,6.066421502347939,5.773012504889101,3.76854294043328
1601,9380.859375,2.854982096733751,2.871801876706729,2.997726434235874
1602,9386.71875,2.2053914675329196,1.8715641199697384,2.895423891860626
1603,9392.578125,6.313350347219766,5.999313461556355,3.773055909052753
1604,9398.4375,7.20322275544888,5.482978076361687,3.990595571024361
1605,9404.296875,5.3252587143445576,2.4586407642888197,1.9818418871611032
1606,9410.15625,3.2079022146916376,1.328213646575521,2.0463765037843173
1607,9416.015625,7.207970910349795,2.7663217946188072,4.215285301013288
1608,9421.875,10.290390925633067,3.9686762456991223,6.256882937280223
1609,9427.734375,9.160454632948724,5.217776385294193,6.665015425268331
1610,9433.59375,3.607362113013451,1.9839467437080762,3.589837639300665
1611,9439.453125,4.942339336743704,2.247776881436039,3.9650168757611457
1612,9445.3125,8.634033389375743,2.8405884248248294,5.424386932077501
1613,9451.171875,10.350161040217564,5.014634041304412,5.069978295436033
1614,9457.03125,7.467572457540848,3.0325232852361452,3.1089959421538667
1615,9462.890625,5.487092483589499,2.505370791634257,1.9961294465075397
1616,9468.75,9.130375422516124,6.180850185918512,4.83898137633246
1617,9474.609375,15.866006826736145,7.367952426449579,6.203613418384383
1618,9480.46875,13.252865522789422,6.7185997012611205,7.670216785305074
1619,9486.328125,10.254570507083436,4.021719732226528,4.815594043068024
1620,9492.1875,6.195721273393369,3.7468447820109834,4.702892248844856
1621,9498.046875,11.025811946412043,7.851528300857908,7.674630241999489
1622,9503.90625,10.27833805182646,6.981017078076652,6.352815198849168
1623,9509.765625,5.681558524032827,4.201858071829104,2.482096880266937
1624,9515.625,7.851990840318156,3.5188554682031707,2.535772315689173
1625,9521.484375,6.987333524591627,3.873468884058761,3.0421621264904393
1626,9527.34375,3.2442432300292356,2.1226968419667798,2.283102320920211
1627,9533.203125,11.130939993496655,4.825552028288808,6.740851240576495
1628,9539.0625,11.831854954439121,4.60930046347614,5.456966258042262
1629,9544.921875,7.4462937399996045,2.806902299263971,4.895781263992365
1630,9550.78125,1.0825866250509433,0.75,3.4960591405934838
1631,9556.640625,4.333877403190273,1.9006618348481683,3.767921882842447
1632,9562.5,1.9149567022062612,1.7126989534447263,2.488733878122864
1633,9568.359375,1.3330259828784983,1.04479240216713,1.9177276032955066
1634,9574.21875,4.467716457251059,2.1800262284467857,1.8712415892197252
1635,9580.078125,4.730782647169401,1.532386933775438,1.92452051001068
1636,9585.9375,3.6993292723853073,1.384279147107651,1.8851250663270287
1637,9591.796875,2.3294808278585806,1.7716965974221268,1.9635752160618818
1638,9597.65625,0.9191416129753472,0.75,2.037922521736148
1639,9603.515625,4.116591187882822,2.4237704772371362,2.0176535889656493
1640,9609.375,7.916239343635618,3.6496176417314947,4.077779630269583
1641,9615.234375,3.5254769081933564,2.4353161502670857,1.7879576212671264
1642,9621.09375,4.742203453658613,1.5834374495421655,3.0323376927633654
1643,9626.953125,9.256384458275669,4.191952640606041,7.314607420105854
1644,9632.8125,9.409462432030757,3.7392831590525883,3.896386093794203
1645,9638.671875,2.3252963708041805,1.2405881112696455,1.309893344644643
1646,9644.53125,5.624141940997804,1.8437732236490065,1.968488479866907
1647,9650.390625,8.738513817064593,2.9148313769122427,4.167675855429961
1648,9656.25,10.122814063324665,2.741443357774049,5.406655529051961
1649,9662.109375,8.70896708653724,2.7728544441121863,5.612258700365301
1650,9667.96875,5.673585420204932,3.6074547742378895,4.464499933662543
1651,9673.828125,3.484426232516415,2.533144530781217,2.148786388013024
1652,9679.6875,1.9051198148523634,1.8048163645884054,1.5303883434480847
1653,9685.546875,4.643181996790216,4.909721230672964,3.1409948987671243
1654,9691.40625,7.150974091418943,3.8646885467861587,4.492687466097218
1655,9697.265625,6.586351488153582,2.773766384216495,3.1355679719750706
1656,9703.125,6.6102519571873595,2.469176228505308,2.3034832567046317
1657,9708.984375,8.200943624047039,5.564474552740879,3.599511286466476
1658,9714.84375,7.405403373845587,6.029462550410859,3.1723680962330296
1659,9720.703125,4.47467152456879,2.537525539763263,1.6237918249120356
1660,9726.5625,4.254806289658161,2.591037768337406,2.371182930443139
1661,9732.421875,4.246642269325711,1.529024250006655,2.3514144127768417
1662,9738.28125,3.544547339164656,1.0258147768591779,2.201477774285925
1663,9744.140625,3.110884545935863,1.2361997309846242,1.8449317317862874
1664,9750.0,6.2594618964352176,2.7562890609550146,3.913990247429841
1665,9755.859375,5.720121710106745,3.1021642416937687,2.7666871463738287
1666,9761.71875,5.911155549123376,2.078158702647549,3.5246668568896613
1667,9767.578125,2.9326944902079237,0.9674458185157311,2.129902024668758
1668,9773.4375,5.9328294197701315,1.897894215231784,3.2111710056346783
1669,9779.296875,4.121759010203083,3.165334375660329,3.832369950785991
1670,9785.15625,5.222813512218741,3.086494232263199,3.77825725659334
1671,9791.015625,5.40932255859836,3.0210008382417377,3.1551560947917285
1672,9796.875,6.097389034614689,3.6000238564560414,4.614824291045137
1673,9802.734375,3.8487281631440164,2.1831705408353934,2.008242254361813
1674,9808.59375,1.7537230794668717,1.0256395831955634,3.859339254043491
1675,9814.453125,3.121490117585512,1.559760676573451,3.8877864316845447
1676,9820.3125,8.671538671102821,3.405144464457131,5.102900380243899
1677,9826.171875,13.16754041468896,8.221945613396791,8.159275589008823
1678,9832.03125,10.382590438541753,5.788646304425633,5.287994855570788
1679,9837.890625,3.84050129899025,1.7549779005357427,1.7094690268563493
1680,9843.75,5.848531374632131,2.5013178112267407,2.9541746841677963
1681,9849.609375,5.68315083825085,2.5384651713322226,2.340078543746584
1682,9855.46875,4.702099362392166,3.678234206232974,2.8187446529262314
1683,9861.328125,8.574625342622738,5.508286507743278,4.470120666139132
1684,9867.1875,7.356431702282333,5.235276401847223,4.004675426574298
1685,9873.046875,2.7405637232808635,1.5202766454954566,1.0595795302893987
1686,9878.90625,2.5886837922860946,0.9297831575995463,2.285805828396877
1687,9884.765625,5.352342433284255,3.1657882456640376,2.996187028197613
1688,9890.625,7.338034239472069,3.436731218073267,3.304663828080612
1689,9896.484375,8.332948461233931,5.466527028337144,3.7781803352673795
1690,9902.34375,5.488815081778136,4.4998302351352955,2.7358197918704046
1691,9908.203125,4.406653381096641,4.092520466178267,3.748444545721549
1692,9914.0625,3.4400969714692606,3.4263303766895064,2.991790008173566
1693,9919.921875,3.0298892870312697,1.9222430313357834,2.422720903058327
1694,9925.78125,4.42180579404097,2.3471246935866614,2.7953995365059194
1695,9931.640625,5.683203993967719,3.3705236391388187,2.7906505019489036
1696,9937.5,7.290585512265907,6.563244062842317,5.228986894182628
1697,9943.359375,6.077387431805856,4.8550931288006405,3.314761373688363
1698,9949.21875,3.699043896501836,2.223611211126959,3.91239964482094
1699,9955.078125,5.8494741463657824,2.705175382949637,5.842475979878218
1700,9960.9375,6.926261586037035,4.8338286615828805,4.776643273730806
1701,9966.796875,8.924719305783563,8.67586857815153,4.448960541472203
1702,9972.65625,6.65409009787643,4.9575942903640415,3.004009013121314
1703,9978.515625,1.2965962654478351,0.7536695388501999,1.6974865318404646
1704,9984.375,4.137061101412901,2.786131649729554,2.592287876469689
1705,9990.234375,10.460119190660654,6.877022330868545,6.052682783545742
1706,9996.09375,12.985294570065406,4.139217015193287,4.879981472589436
1707,10001.953125,14.577365795262912,4.985161535675816,3.9796447119177354
1708,10007.8125,6.124656453379705,3.2466533032374976,2.407987629595455
1709,10013.671875,7.121796981298312,2.766604899111156,4.166604411138351
1710,10019.53125,10.036448344054628,3.9380404553150807,4.600540698841249
1711,10025.390625,9.849718827762484,3.0213023238640395,7.2089220970186165
1712,10031.25,5.818614691725086,3.003904269382973,4.016600688114826
1713,10037.109375,5.254669696418588,2.4052065371201374,4.00348251846283
1714,10042.96875,6.200604232958853,3.679072244907924,3.1603761919220053
1715,10048.828125,11.021876482461662,6.212429277278169,6.269782611082112
1716,10054.6875,10.862089122207745,5.748662358062938,4.979869444472882
1717,10060.546875,6.636651644290889,3.133806878997375,2.5312079004895773
1718,10066.40625,5.932433917215619,3.212551619955052,2.4202156148267804
1719,10072.265625,4.682037413049845,2.2440275388031297,2.0491029525665034
1720,10078.125,2.3912251512304508,1.9393141646533025,1.9328619419693642
1721,10083.984375,1.2299564036273982,0.75,1.98682287216648
1722,10089.84375,3.192057457499765,1.7072105247529001,1.6658818780905478
1723,10095.703125,2.1777790052783708,1.2996347032469662,2.6005944333272155
1724,10101.5625,1.1858930828741665,0.75,2.232327536703248
1725,10107.421875,2.362476590126332,0.7744787887098548,2.378121494249673
1726,10113.28125,5.924333210472009,2.6716655879950277,2.539048325269196
1727,10119.140625,1.5882030605326214,0.7840032787353192,1.3500765555800134
1728,10125.0,6.9151244952630995,2.007526715914486,2.3905188069973553
1729,10130.859375,5.348196444674547,2.990826832301326,2.867988117994288
1730,10136.71875,6.276894808197214,3.1027022400008217,2.4312063015960903
1731,10142.578125,3.0800114138028785,1.4471686441803626,2.18325175664052
1732,10148.4375,6.3554364357194855,2.7971473898683072,2.853862140608053
1733,10154.296875,5.985698418967754,2.9466330163799284,3.7306828307385866
1734,10160.15625,5.949878398626947,3.192832496428139,3.317917087493602
1735,10166.015625,2.4529061155656504,1.5918262216119778,1.7862070348458805
1736,10171.875,0.7481063115818996,0.75,2.945652076342727
1737,10177.734375,3.9818135630671456,2.643158509146355,1.8214027089873623
1738,10183.59375,5.568699787349916,2.2867184632616038,3.383952966428112
1739,10189.453125,5.263524926197488,3.1438160577361782,3.5363177991705967
1740,10195.3125,3.3708893457124125,1.571643664827655,1.705545903486986
1741,10201.171875,2.948022205509003,2.4966019414279117,2.115141397985946
1742,10207.03125,5.16048118077099,3.102597580545047,3.217714682446456
1743,10212.890625,5.408266254573571,3.4088784551830233,3.2123175170750384
1744,10218.75,1.9657719989246418,1.2505428775668674,2.8588176202262376
1745,10224.609375,4.909741178107132,2.032103093054994,4.348837104876731
1746,10230.46875,9.296658184020032,3.574161950288186,5.7919042795426625
1747,10236.328125,9.1060057841224,2.6836702370534513,4.593381328929215
1748,10242.1875,4.7826561481404335,1.6273092128093127,2.1364812766455317
1749,10248.046875,6.01168899047334,5.229770072674957,4.466863261048147
1750,10253.90625,8.18190226047041,4.299714941711587,3.215458171179303
1751,10259.765625,5.581218072203519,2.9745585567354023,2.918310602718825
1752,10265.625,7.747268224867432,4.0872654991572315,3.397127914043048
1753,10271.484375,7.872561936348641,2.966146202177838,3.0700951023233376
1754,10277.34375,5.86433954387308,2.756727548220122,3.492325322533408
1755,10283.203125,5.102767799709434,2.7028667695440016,3.8240626202263717
1756,10289.0625,3.3650865468803683,2.1685987476167887,1.9281759415197477
1757,10294.921875,2.88497191302044,1.5516649813046335,1.7133812428651982
1758,10300.78125,2.8403557307641427,2.3628375302232603,1.9735293387523214
1759,10306.640625,3.153142377594018,2.601060860564032,2.8932598853670664
1760,10312.5,6.632797444336366,3.629345246251267,5.245803817243
1761,10318.359375,8.434172217200071,3.6611770452593695,4.204080760480189
1762,10324.21875,7.841238458979459,3.0581211466979674,5.580981319932092
1763,10330.078125,6.656691879134089,3.4189390916252047,3.41924520372081
1764,10335.9375,5.612565579059685,2.6983089945003735,2.044875686812388
1765,10341.796875,6.924103579749177,2.886083548911006,1.8054518277024245
1766,10347.65625,9.805160761570828,3.1877773580753628,5.139346885567138
1767,10353.515625,11.356276806421578,3.026792502307722,5.98802887000874
1768,10359.375,11.820363271512976,3.862969800900212,7.140138072762871
1769,10365.234375,9.53602459127729,4.894607399145305,7.907948818074845
1770,10371.09375,4.865919893452376,3.3748100757559154,4.837308339908173
1771,10376.953125,2.5561748971184177,1.8532246898036302,2.157688995780386
1772,10382.8125,0.420866714278445,0.75,3.8325855330084075
1773,10388.671875,0.9385121317324342,0.7655420467052694,1.7157227080974327
1774,10394.53125,4.30643174656495,2.6958071317786194,3.3046334440483016
1775,10400.390625,5.477550201914432,2.1820751326221766,3.30188298837542
1776,10406.25,7.621473156206151,2.7846642668882553,3.0421487386592716
1777,10412.109375,9.938050345824754,3.684852087590328,3.801324166240207
1778,10417.96875,7.035248533607648,2.415028000543037,3.2951229234146844
1779,10423.828125,2.969011751858862,1.2838723156060374,2.067564782169184
1780,10429.6875,2.8461312671763292,0.9372007938167104,1.772572531655074
1781,10435.546875,6.7301415049515585,2.257571704165799,2.3767300484754754
1782,10441.40625,8.049128845425491,2.9793837838593817,2.3528490387783365
1783,10447.265625,5.072683157423985,2.715997784820448,2.397595131884603
1784,10453.125,5.467951411021587,2.927476589026525,4.9222157636929635
1785,10458.984375,3.201235631175608,1.3017897022892775,2.432806182829638
1786,10464.84375,1.6077338272643957,0.8394924731468277,3.9145100285129364
1787,10470.703125,1.6103843946119947,1.1153169098709763,2.3559643791643996
1788,10476.5625,3.282029149549556,1.4722989086167941,1.990339786098689
1789,10482.421875,3.9418102039858565,1.773120423633946,1.6364147562392322
1790,10488.28125,5.722189525951019,3.374424219915432,2.660943093294386
1791,10494.140625,9.445157971974096,3.3828731364152036,4.56287560366105
1792,10500.0,11.060302289960292,3.684510190874022,4.400466583282204
1793,10505.859375,7.715705792568796,2.5086280240616228,3.5814894228418943
1794,10511.71875,2.764832012701343,1.8501699824863338,2.400620141917679
1795,10517.578125,6.665734488479944,3.258185614160549,3.954504413875884
1796,10523.4375,11.541907030210048,4.84139099042455,5.356368023837208
1797,10529.296875,13.307462079549804,4.806100047790803,6.1616390838606785
1798,10535.15625,6.928044480002017,5.247407786644995,3.650364999673728
1799,10541.015625,8.490234963292158,6.9207062703799265,5.771478876042681
1800,10546.875,7.993434890081047,4.745999079315375,4.601351407829398
1801,10552.734375,7.824386290263554,4.826230054014617,4.553899851327573
1802,10558.59375,5.483381869124051,3.2010695806899343,2.810224132244141
1803,10564.453125,1.5893447259736375,1.0618069644369732,1.53977622446331
1804,10570.3125,6.944773565552749,4.587758958430194,5.5798487172220215
1805,10576.171875,5.452347024613472,2.3867944670802155,2.6862706741589415
1806,10582.03125,5.883486346671935,1.9558007294079711,2.6970617665220993
1807,10587.890625,8.66975550521276,2.1666934356226353,3.4990083515971366
1808,10593.75,11.278778143549074,3.089301228025764,6.807237393533864
1809,10599.609375,11.5238812992702,3.47455387626085,5.379242306547406
1810,10605.46875,12.139694928756672,3.393445730654468,4.878689422739477
1811,10611.328125,7.251673661931157,3.105654460863682,3.3157913955759937
1812,10617.1875,5.583320260285763,3.020776454274305,2.6009753301141614
1813,10623.046875,5.150816982703312,2.6894714008303424,4.370778049443864
1814,10628.90625,5.7531039570048765,2.714319342633437,3.4813885810087086
1815,10634.765625,11.21109799031168,3.1841488741449258,5.007687541680146
1816,10640.625,11.37527770246135,3.729951857332228,4.790637537453424
1817,10646.484375,8.015639841268802,3.7428871416039184,3.5977692632507887
1818,10652.34375,10.233953041214018,3.426255264281095,4.73676359071971
1819,10658.203125,10.055449531487225,3.8994013151291327,3.9422778901429187
1820,10664.0625,8.444911685696088,3.546499214198488,3.8232917025801023
1821,10669.921875,6.62684118797312,3.794864064194785,2.752824596218227
1822,10675.78125,8.388365806432267,3.4854415846759874,2.3890170036694114
1823,10681.640625,5.215014301756658,3.43378831164537,2.228536847045991
1824,10687.5,2.266756354281991,1.5145068934388028,1.5742004797484797
1825,10693.359375,1.6805158303502186,1.1783181705570862,2.1924389331115335
1826,10699.21875,7.2984783393866985,3.0186740837000707,4.0146969888836255
1827,10705.078125,10.292333678171794,3.3384075410585634,6.31561171357709
1828,10710.9375,13.945029686335458,3.3840461463762606,7.679652239766587
1829,10716.796875,13.497683138726611,4.102864148592367,6.897942481541228
1830,10722.65625,10.323826594760554,3.184601953672904,4.501875479314212
1831,10728.515625,8.967351920862066,3.8280161363059015,4.12727616964688
1832,10734.375,9.017889636881707,4.400679069798807,3.2501594556672586
1833,10740.234375,9.00781161977095,4.056921591108833,2.4272302844302747
1834,10746.09375,1.7061397169086738,1.0394193913914944,1.560943458677236
1835,10751.953125,1.2884737464854117,0.9388043978433553,2.202800935146141
1836,10757.8125,3.3150459521657956,1.424144411198536,1.1048976295468893
1837,10763.671875,2.6800519624998933,1.229316868637325,1.936322239216072
1838,10769.53125,5.665385213548432,2.785370787103782,3.9667165251875414
1839,10775.390625,8.182048263827951,3.508402204497906,6.3918886179291245
1840,10781.25,9.09801552245642,2.743381162085603,6.915948095695037
1841,10787.109375,11.078088681708802,3.382659298981695,7.748129162514029
1842,10792.96875,12.02866879081226,3.4866114310156213,5.317421903311666
1843,10798.828125,8.143577196734096,2.885778009919628,3.5384295505777152
1844,10804.6875,3.865749164304574,2.09353477505228,2.4012909386884593
1845,10810.546875,1.9659446617748928,0.9818457608369582,1.4526353241735608
1846,10816.40625,6.344911125738768,3.825351887317635,2.6807959524321863
1847,10822.265625,6.174623489719799,3.510827504812217,2.791818452932084
1848,10828.125,9.888957242717234,4.674506448837766,2.7548513465948687
1849,10833.984375,5.910850900070166,3.01356042098626,2.402873269583303
1850,10839.84375,11.695152490220549,3.402105726992282,5.350318765830319
1851,10845.703125,10.987086724655,3.875570100655507,4.008878073408878
1852,10851.5625,8.55302144643711,3.165087525563293,4.871327361705987
1853,10857.421875,9.601540285044445,4.73354396676277,5.614653519856752
1854,10863.28125,8.46086817391915,3.1512112699194628,4.245675878691191
1855,10869.140625,9.742910068870033,3.370558058706401,4.091231083847864
1856,10875.0,9.24686422172194,4.577142121002863,3.78648560661687
1857,10880.859375,11.122867248071675,6.15227312240114,5.405644756830782
1858,10886.71875,15.577873611439593,7.0833833733271305,7.043056120769881
1859,10892.578125,18.945118171534258,5.562486910841657,5.709633797759771
1860,10898.4375,16.823270373573074,4.7791638120990365,5.552801476975001
1861,10904.296875,9.915922350267074,5.242492368209739,3.478548853985525
1862,10910.15625,5.197044322070202,2.5224370252646278,1.945744309969378
1863,10916.015625,1.8306907369425236,1.1701159764728666,1.630788458132143
1864,10921.875,3.807482017653235,1.6342758452109112,1.9821436969475745
1865,10927.734375,1.0855714377684196,0.75,2.735634894850961
1866,10933.59375,3.42735358460767,2.405813823553298,1.7036027259879476
1867,10939.453125,2.77404903529216,1.3463596361394359,3.4089742346551053
1868,10945.3125,5.94529761272357,2.2169694581044572,4.029710782471102
1869,10951.171875,11.507972613912406,2.7300110582133037,4.127693823555191
1870,10957.03125,16.588223022125867,3.8088589660132817,4.702633540581105
1871,10962.890625,15.90044619808559,2.974043047668981,4.005332372182866
1872,10968.75,11.634258698633754,2.523636288678053,4.251061215208757
1873,10974.609375,5.345866378914295,1.4000452568577009,2.9486835500789703
1874,10980.46875,2.0951080812870764,0.75,2.488103283848877
1875,10986.328125,1.451363021503544,0.75,1.7611623938049257
1876,10992.1875,2.055943129905998,1.3401634389273738,2.0136445091801525
1877,10998.046875,6.613161793724625,2.949550627402938,2.7347431630429577
1878,11003.90625,9.134397276060138,2.3592094774991885,2.7723633666781247
1879,11009.765625,9.643755084181041,2.3499522552151637,3.5342348914421993
1880,11015.625,13.494175049678306,2.4893402440904193,4.132753148713545
1881,11021.484375,8.51623576208093,2.9720519617878733,3.6344461558181527
1882,11027.34375,5.933386546780745,2.176958088194481,4.315149040983797
1883,11033.203125,9.68320474307149,2.220254280958965,2.8734169082479983
1884,11039.0625,10.97721445284752,2.9106106327636905,3.484769600797261
1885,11044.921875,15.19092908512017,3.3386147743943404,5.284618245085353
1886,11050.78125,7.492326390203149,3.2489445351935498,3.631034197948605
1887,11056.640625,2.3258377677591895,0.75,3.3063079114639553
1888,11062.5,6.7501805777350015,1.413984609243158,1.539628032342461
1889,11068.359375,10.724913108844826,1.9688896164136895,2.6158976972008605
1890,11074.21875,12.065308624354413,3.0834486790838787,2.8998467416454545
1891,11080.078125,12.601750745269058,5.113911410070902,4.546501844291753
1892,11085.9375,10.544265110620177,4.37571844037161,4.592017588104477
1893,11091.796875,7.784928865125997,3.6757117609908327,2.728685694101078
1894,11097.65625,8.243624942462837,3.347081026753048,2.6976134537402645
1895,11103.515625,12.395695058259207,3.8626388361927138,3.6041748652664483
1896,11109.375,14.078857994024672,4.67575881744914,5.658327019773141
1897,11115.234375,12.929985886096532,5.341468207897625,4.158516696225323
1898,11121.09375,10.904777532350083,5.483123026152274,4.13214079190752
1899,11126.953125,12.959124942677487,5.960749440863902,5.8909404783584325
1900,11132.8125,12.72507601131199,3.4686017690222264,4.619896199028105
1901,11138.671875,15.862399578867677,2.737471497421021,2.169148299091443
1902,11144.53125,16.54498880108561,4.2481677558239035,3.9429495895057105
1903,11150.390625,13.145500319151687,3.5152241864061544,4.033152910787054
1904,11156.25,7.5321607988847985,2.636274326882679,1.7005539578606852
1905,11162.109375,2.952970172102729,1.0522327321049454,2.0018632849855607
1906,11167.96875,2.9906129151160754,1.609863587451399,3.561038119155636
1907,11173.828125,2.657673641060212,1.135235744463329,5.092319223290487
1908,11179.6875,5.924499789205932,2.3311910977951977,3.5178725403621516
1909,11185.546875,1.7457227568872644,0.75,4.027107715480478
1910,11191.40625,4.8036189101504885,1.9974350868424304,2.4122635946862903
1911,11197.265625,5.027510461097167,1.6760166583859206,2.8529170866021234
1912,11203.125,15.662629607812615,3.2604584000992007,6.087860551667452
1913,11208.984375,15.73724786708674,3.322113526841462,5.966906890195153
1914,11214.84375,10.947735646861295,2.273677175419527,2.667108285062617
1915,11220.703125,7.621872692002448,2.44646685222456,2.3497092868368563
1916,11226.5625,6.690819357648588,2.8879772107706403,1.813117459526771
1917,11232.421875,1.363575492144873,0.75,2.322319472047228
1918,11238.28125,2.437411675260784,1.2741638006413294,1.2009827600912146
1919,11244.140625,3.4161658558128236,2.0059574564734497,1.7712512600433443
1920,11250.0,6.317599949725126,2.3602486072674744,2.3126133150825186
1921,11255.859375,1.7046789646738862,0.75,2.4147456498673834
1922,11261.71875,9.6901422594204,3.922820274552166,3.2671341430379366
1923,11267.578125,15.527042305538826,4.829910639511731,3.832268631372509
1924,11273.4375,13.789354703120384,4.193447103246369,4.742153680917487
1925,11279.296875,15.826360755666315,3.854915879160446,4.484393349400692
1926,11285.15625,13.355086110673103,4.252984213766638,3.8764700821737312
1927,11291.015625,13.306691431860443,2.5502471873347194,3.0494655611635335
1928,11296.875,6.115894025065708,2.237972530878858,1.476050115882236
1929,11302.734375,9.56003269330346,2.9722034517742473,1.8505378916900244
1930,11308.59375,8.860422762622306,3.169662028587986,3.265691758856934
1931,11314.453125,15.073995395960841,4.324430438026496,3.216975652092398
1932,11320.3125,13.357281113253698,5.093565927306152,3.8577541167478056
1933,11326.171875,13.868351927418297,3.141386946562167,5.550120899922736
1934,11332.03125,15.57739300185427,4.592387443638747,5.5686444446181
1935,11337.890625,15.550217417691593,5.6220125684931626,4.357423911112365
1936,11343.75,13.864052966400202,3.152593933315007,4.310295942609231
1937,11349.609375,10.265876571888095,2.701816256224688,4.1934310104776005
1938,11355.46875,7.590053167539692,2.446267560105504,3.172446585502871
1939,11361.328125,6.10477132018995,1.7745579712304433,2.001211866613898
1940,11367.1875,1.5809925749889435,0.8141904837160185,1.5971031907494557
1941,11373.046875,2.947406009867341,1.179631923415373,1.5393457793910847
1942,11378.90625,6.191799826214711,1.7424409992674348,2.5659995107409586
1943,11384.765625,8.815225830201614,2.9099144376755506,3.7864161603067097
1944,11390.625,7.345311418328062,3.8934700277761456,4.076130850819539
1945,11396.484375,8.476170906579622,2.4754831315867216,3.4289019949885007
1946,11402.34375,11.373978889296577,2.8891372155502983,3.452888300939513
1947,11408.203125,13.397215248112929,3.161749084255497,2.894698458737036
1948,11414.0625,7.349030526758973,2.507702639131722,1.8885410198254924
1949,11419.921875,4.396723768527522,2.0898326063871897,1.762632426448068
1950,11425.78125,2.0447902846334802,1.4095145495747676,2.5913206290223267
1951,11431.640625,3.6015652543046044,3.0389608724049912,2.1894612135653326
1952,11437.5,7.767861027354405,3.6590093688139227,2.113972203242765
1953,11443.359375,6.4670064476832225,2.253924903374282,2.0957483797064955
1954,11449.21875,4.72017471004299,1.8870023243745735,2.0364006898492137
1955,11455.078125,1.6586355589910708,0.75,2.405606328072935
1956,11460.9375,6.736904014830997,3.0906715201891597,2.583414756016789
1957,11466.796875,4.088776747162423,1.9102340536629532,1.9297281067429202
1958,11472.65625,1.9681141755280338,0.75,2.573797623539603
1959,11478.515625,4.65943663298158,1.6260626826800668,2.195506564786144
1960,11484.375,4.413571285070711,1.1635739687607052,1.707658688811883
1961,11490.234375,3.7939561644178683,0.9846193299142277,2.3597875624085467
1962,11496.09375,4.861293356007241,1.2651489108322038,1.7457102326096898
1963,11501.953125,7.454984184494468,3.2395190411350194,3.3843319770722915
1964,11507.8125,10.076349343063287,4.480005262411536,3.9558074396696616
1965,11513.671875,11.56413760396206,3.5549536700382127,5.075311777869445
1966,11519.53125,8.810874752653115,2.4282212321299705,3.293963964332669
1967,11525.390625,3.631130193991617,1.6075060392706617,3.5059820123842957
1968,11531.25,8.73142347395134,2.724924484201988,2.830449814344754
1969,11537.109375,9.14836206471453,3.648724784169739,5.587176783603726
1970,11542.96875,9.395948514429158,2.2725139078998002,4.0084949907876295
1971,11548.828125,3.6813723460529646,1.1587640529041132,2.8445733662422663
1972,11554.6875,1.4658971457007204,0.75,1.659015908711979
1973,11560.546875,2.5539481391934107,0.8075102288174354,2.7497647183805647
1974,11566.40625,2.8741031368684724,1.2601986274461368,4.19954123033789
1975,11572.265625,7.291132965948697,2.9139906040050425,3.72820603803496
1976,11578.125,8.818363472735374,4.504151214475087,5.747480991689798
1977,11583.984375,10.453734998197131,3.932443646747995,2.6688964827630706
1978,11589.84375,5.414682178664965,1.8794752103219292,2.63718810069065
1979,11595.703125,7.868293362574361,2.3935892307788773,2.54646261397372
1980,11601.5625,9.393567233864772,3.130937127825586,3.0857905273727853
1981,11607.421875,4.864731405924043,2.0734187291843784,1.7954200031194354
1982,11613.28125,7.009373944339164,3.0637220351458847,3.5484680914800424
1983,11619.140625,7.0191231097536795,2.567686849298025,3.5092232255274523
1984,11625.0,8.617798594871896,2.4411016036035034,2.8432421307292994
1985,11630.859375,9.284041188477458,3.174143579536168,3.175460534890789
1986,11636.71875,6.900325140866289,1.5291678686427903,3.2084376127874963
1987,11642.578125,10.88928410539755,2.3206893546213356,5.0078252597341955
1988,11648.4375,10.559439895572416,2.8513846260764217,4.95544906687332
1989,11654.296875,13.215690064149285,3.4400586252896344,3.2898492974664024
1990,11660.15625,9.579298057504953,2.6973769691302136,3.541103468010842
1991,11666.015625,7.376507995775669,3.7065039779123397,2.3171299557190292
1992,11671.875,3.711127620313906,2.977487239663483,2.153385305974697
1993,11677.734375,2.109031583831772,1.278913757642838,2.964394096175585
1994,11683.59375,3.2952763381513765,1.3651239656732543,2.6906319997098653
1995,11689.453125,7.512262660135077,2.7091729961571676,2.4494608343859356
1996,11695.3125,8.474402655253781,2.7381960840110926,1.295433844390078
1997,11701.171875,10.374848237392463,2.5481872421853966,2.4775473776316024
1998,11707.03125,14.288501193154504,2.6515682275956847,2.749801955380079
1999,11712.890625,15.148293483104782,2.9171736618018675,3.160960117720031
2000,11718.75,12.010668388836566,2.1713144849874007,3.516985409992007
2001,11724.609375,5.7976995888482685,1.6690496730834634,1.4369890883830354
2002,11730.46875,6.408960799068836,2.374617894371509,2.481485148097673
2003,11736.328125,6.280479755830142,2.7483185845141698,3.0148424726259124
2004,11742.1875,4.442133836298881,1.4445275639950872,1.516371750555977
2005,11748.046875,3.852329514906886,1.7864382142947166,3.2018661388139846
2006,11753.90625,4.380434407423784,2.3476667663986053,2.4061499293929858
2007,11759.765625,12.158105696470558,3.6573516115340667,4.374096640661014
2008,11765.625,17.37724461735776,3.2599717277850893,5.486622235902762
2009,11771.484375,20.238591412499556,2.8741338242723624,4.90132460291416
2010,11777.34375,19.60140277228687,2.556518627841793,6.0850241771848514
2011,11783.203125,17.807627730631495,2.4575475188706943,6.718917774093053
2012,11789.0625,13.500750940247178,2.9303517719707766,5.197163409084557
2013,11794.921875,13.70997500129176,3.8476512994180405,3.691455943892163
2014,11800.78125,4.488355153547721,2.535766601025318,2.5311333960106768
2015,11806.640625,0.5786318245118558,0.75,5.525169407111682
2016,11812.5,3.1182702323946825,1.6414185806509636,1.674615180048861
2017,11818.359375,4.167685517822626,1.8812116913957664,1.5875891466682486
2018,11824.21875,1.850056604750734,0.75,2.054594461278352
2019,11830.078125,3.069255133581941,0.9672323422943219,2.542077806341202
2020,11835.9375,5.449447234218471,1.6828087508689982,1.3596423604068335
2021,11841.796875,0.8515770002095745,0.75,3.2815376454632115
2022,11847.65625,3.7619348660890037,1.061837318135721,2.295612812925595
2023,11853.515625,9.190156009986767,3.97177701705433,3.182729148628314
2024,11859.375,7.65161455715947,2.8901331828371517,2.0446955224481647
2025,11865.234375,11.490083578566418,3.934841908917666,3.4519402889030233
2026,11871.09375,10.429609233856358,3.4219832947416435,3.3925677380849386
2027,11876.953125,2.3870414585103408,0.8889528829214353,2.554548112255294
2028,11882.8125,3.8849015239476667,1.1376298483736036,1.7139016278866497
2029,11888.671875,6.399037072059388,1.2830517890553579,2.975485673081792
2030,11894.53125,11.215348351264597,2.4500006141551696,3.6617050563959492
2031,11900.390625,12.623073813659293,2.5295112670583535,4.16039947147368
2032,11906.25,17.090397750080832,3.502317391394851,4.69671955490116
2033,11912.109375,13.46760126968978,2.892095826970414,4.806099892811733
2034,11917.96875,10.039433646895414,2.0053132601507855,3.5514779527693205
2035,11923.828125,3.6365013707455667,1.1806723524349754,1.78598177552035
2036,11929.6875,5.384853842539934,1.4017852263633293,1.7852753614702768
2037,11935.546875,6.2097463116611955,2.021301984581965,3.3852886866876326
2038,11941.40625,6.461471558989968,2.768293691612853,1.9990177713485666
2039,11947.265625,3.259895181780003,1.2878620405522931,1.7135602846992397
2040,11953.125,5.166679798891394,2.1021532872741835,2.2533995662994273
2041,11958.984375,11.782206947297155,5.208843795972978,3.3705274736590956
2042,11964.84375,14.74825564993581,4.295301546134525,2.563848476081594
2043,11970.703125,8.3538013211683,2.1461217210895134,1.8076477396360762
2044,11976.5625,1.793243163782475,0.75,3.9971089277458716
2045,11982.421875,12.370397488408008,3.2098534069102023,4.064091474158335
2046,11988.28125,19.267119586684828,3.5020790293276733,4.191836155120253
2047,11994.140625,17.27825269382598,3.293621738755773,5.866225245609684
2048,12000.0,10.556254267367208,2.2089363162649427,5.232647497097118
2049,12005.859375,11.435595094023585,2.812278826097751,5.3846043421594505
2050,12011.71875,14.923834285986192,4.270605800218343,4.66143072096929
2051,12017.578125,17.36384539676049,5.486299616150745,4.331570553974286
2052,12023.4375,13.638916150237408,4.5273173307427985,2.3694554563149173
2053,12029.296875,6.752468761837969,2.7475010437353133,2.0746827688204292
2054,12035.15625,7.055076653150391,2.2022921808120044,1.9835414927371084
2055,12041.015625,1.8158134745194572,0.75,2.307432791571209
2056,12046.875,1.3176363586760806,0.75,4.292842702908688
2057,12052.734375,2.8560596261473505,1.1325893245262166,2.637598944095908
2058,12058.59375,4.1669449506868395,1.255798209209709,4.60099218681076
2059,12064.453125,5.395620427200458,2.8206054153282722,2.421616244538914
2060,12070.3125,1.4212241974374367,0.75,3.216083340637999
2061,12076.171875,6.4247151325211185,1.3140555521152038,3.2708121361819056
2062,12082.03125,10.634457091511571,2.4494970378271392,2.3455753456678647
2063,12087.890625,10.510339453684123,2.557225129751263,1.8196869239774476
2064,12093.75,14.421843571494398,3.07655756953276,3.184893622444926
2065,12099.609375,10.444675493461157,2.115650689165323,2.4778537799238514
2066,12105.46875,11.199939254343263,1.9314909275808727,4.348566554140855
2067,12111.328125,11.420061241200143,2.0239302366583263,4.428481803164171
2068,12117.1875,13.9946469750789,2.5154734284172746,4.2954460858427765
2069,12123.046875,15.455485156298524,4.49441955153374,5.127191719251326
2070,12128.90625,14.863355299916343,4.264214173397667,4.111527479151
2071,12134.765625,12.671498252417173,5.005120605431861,4.645194513497387
2072,12140.625,14.00724192795864,5.4350953889921385,4.479297232297313
2073,12146.484375,16.371450406008186,4.38150385945074,5.056543401276381
2074,12152.34375,20.111241718338242,4.289281188424988,5.447963904287069
2075,12158.203125,15.185703525857825,2.9688848048242535,3.582639047580367
2076,12164.0625,9.027716644577927,3.0992847666469108,3.5174871520478326
2077,12169.921875,6.097348987913521,1.4767288183349767,1.7968630999951631
2078,12175.78125,7.787873323899546,2.1911587515985675,2.698259307171701
2079,12181.640625,11.386655216752654,2.355678166209602,2.6917933579590696
2080,12187.5,19.61329292278341,4.824440458245604,4.597410652513612
2081,12193.359375,20.411204342085814,6.90476004724699,6.646511218745121
2082,12199.21875,21.431944894965742,5.563972712700864,8.49219185883875
2083,12205.078125,13.92203756037735,3.4220675815282484,3.872878959396915
2084,12210.9375,10.33851764439673,2.742279088166622,1.5115853354242013
2085,12216.796875,9.0307950191195,2.6054555824945003,2.3807618159061565
2086,12222.65625,9.667367381280672,3.2659602406788326,2.4829654742761758
2087,12228.515625,4.583723981888578,0.75,4.405528892744928
2088,12234.375,14.506099217153551,2.489602356948012,2.2912023839197575
2089,12240.234375,6.385320758878918,1.5534892778665181,1.347187307313517
2090,12246.09375,10.271380650105378,2.736066097085066,3.3933151536176727
2091,12251.953125,21.023320360323027,2.7955237459329654,6.429160042336405
2092,12257.8125,23.568221993439792,2.610997410362925,6.138052754396088
2093,12263.671875,19.725244908376222,2.696702677090926,5.99876625049878
2094,12269.53125,14.381346519558184,1.9987032325138987,3.315681850580042
2095,12275.390625,11.461506394535272,3.156662259189271,4.692245081601388
2096,12281.25,15.469292934067882,2.554038095054188,3.0405506137515967
2097,12287.109375,12.225277407131776,2.1767298902372216,2.3127829524131283
2098,12292.96875,7.339947032830335,1.9124460108769519,1.2551329300251663
2099,12298.828125,10.49126370427652,2.472683230621024,4.427123990447684
2100,12304.6875,11.760393153683422,2.0905478119027037,3.9228092679065525
2101,12310.546875,10.948807406527708,2.424711444338623,3.9199365358169347
2102,12316.40625,15.751102193651606,3.583693002115756,5.963021488878849
2103,12322.265625,15.463377733359616,2.5214149321185264,6.311513048383175
2104,12328.125,10.333483538113768,2.0718414129228204,2.3181815153020224
2105,12333.984375,10.754411132748073,2.4262118100720387,1.9361403008840392
2106,12339.84375,6.449944495424296,2.350946407389424,1.5763171682925265
2107,12345.703125,11.731725838615874,3.6398217310973564,2.874001391016012
2108,12351.5625,16.009384323560425,6.131358066395306,5.302289967658395
2109,12357.421875,15.088943715177269,3.7654162962876754,3.829853591998937
2110,12363.28125,8.778869496083209,2.667467870050907,1.6932649672908928
2111,12369.140625,8.840027334819238,1.6328449805506384,2.8984816802218107
2112,12375.0,21.15551846063655,3.0434384859719485,3.670759579777093
2113,12380.859375,16.423729852387595,3.7965648784391037,5.327024595932771
2114,12386.71875,17.354412256951683,4.6650497411810425,4.89665526272211
2115,12392.578125,6.190853695751474,2.2594111500595218,2.498007557531194
2116,12398.4375,7.772269686250916,2.401865486558396,1.7318144344991777
2117,12404.296875,15.772658753136357,3.6188572841229103,3.4420771744371037
2118,12410.15625,8.007683561103544,2.194052393051483,2.716068004683167
2119,12416.015625,8.873346013004168,3.228300547670396,1.765542910373522
2120,12421.875,15.27099155843615,4.683323301105772,3.7683005942019636
2121,12427.734375,22.389814678676682,5.094295064410137,4.539059563741173
2122,12433.59375,18.120596164600546,4.623265256095989,3.6492878769770845
2123,12439.453125,15.235671055102452,4.350187894365977,3.236160285553437
2124,12445.3125,13.876920474940048,4.43147223770307,3.1808690218397793
2125,12451.171875,12.64726901445282,3.508034390605779,2.2234672520070804
2126,12457.03125,5.325259035266585,1.6205942800471744,1.4114201015995609
2127,12462.890625,4.372058464590587,0.9706097130545457,1.7642772867238827
2128,12468.75,4.788582629103835,0.8675748080475114,2.97173725908115
2129,12474.609375,6.9237172113024705,1.3179519948674068,2.5861226660672423
2130,12480.46875,6.885180404104614,1.3589491345643598,2.478639062033082
2131,12486.328125,7.856291758750069,2.4901018512192628,2.078309240435935
2132,12492.1875,1.6391578175614931,0.75,2.7328450309778938
2133,12498.046875,6.33823052870458,1.4379219561235657,1.5514862108991834
2134,12503.90625,12.84180561247239,1.9467351922521832,2.4514928084525627
2135,12509.765625,17.571580354589074,2.440461820879854,4.132644038121657
2136,12515.625,15.151468274422673,4.131286345921286,7.066650660242937
2137,12521.484375,13.051841650343473,4.547110821783421,4.210711201161084
2138,12527.34375,5.005071051362896,2.2585580275291433,2.173752901404645
2139,12533.203125,10.681785150888699,2.2877424948869587,3.1453520747628767
2140,12539.0625,18.619048520903483,3.6148614084282507,5.606692086778294
2141,12544.921875,15.404840763935272,3.650839354926189,3.9466370825943353
2142,12550.78125,8.253240391223077,1.7772604007987978,2.1444743979130343
2143,12556.640625,9.483100987166726,2.6894802212325786,2.2907976531400247
2144,12562.5,9.16272428913349,2.291299639148838,2.8222227201132184
2145,12568.359375,5.895724944806794,1.639326219843994,1.8619803116902258
2146,12574.21875,9.651930707843473,2.578170096676884,1.3438781209669284
2147,12580.078125,16.014207758422664,3.678549448266053,2.203326557069162
2148,12585.9375,10.263713548776542,2.532215839700388,1.8857747865151897
2149,12591.796875,11.062796727154335,2.3064507200266053,2.3706948027028467
2150,12597.65625,9.91459741701335,4.825521343088235,2.9961960880164273
2151,12603.515625,10.456699656879483,2.7375064005762355,2.9786851248023365
2152,12609.375,5.691183184409156,0.8879239482587112,2.373778128848243
2153,12615.234375,9.207326886151657,1.4028224553944362,3.4691460625354384
2154,12621.09375,16.8543413035935,2.259068753604558,3.7066976387057466
2155,12626.953125,16.23580543571609,2.402763509217963,5.419870898014011
2156,12632.8125,14.718588505718461,2.8565594903176503,3.5939580430700375
2157,12638.671875,14.44132293946194,3.3623155781501834,2.8942326132842804
2158,12644.53125,6.7996448314694655,1.794920582801339,2.201612172453902
2159,12650.390625,6.090036559624107,2.263683970267266,3.273148473189243
2160,12656.25,5.969537949545163,2.4745148355395314,2.9541060911865835
2161,12662.109375,2.6829125133778273,0.8638954808901897,1.7353767899351331
2162,12667.96875,8.222260138194006,2.591746453680293,3.4445257843888197
2163,12673.828125,15.63457138615187,3.0758731462382576,4.519892695007195
2164,12679.6875,17.0816548177577,3.602847417752227,4.0400622324809685
2165,12685.546875,11.203918518975104,2.786882297858308,3.0299635299697862
2166,12691.40625,11.217516943598028,2.2635044888230555,3.7600819077825407
2167,12697.265625,12.189974640015187,2.361242733147232,3.704458059403159
2168,12703.125,10.386360755949113,2.370107315729408,3.6450670677623602
2169,12708.984375,13.7223996636773,3.154173395712719,3.906719997249884
2170,12714.84375,9.636233207826722,2.1855377192511765,2.907273462128267
2171,12720.703125,6.647659846454097,2.5954660402125493,2.8853840386459644
2172,12726.5625,6.623508535877324,2.6901712725265368,3.459545784403572
2173,12732.421875,6.192514774555859,2.145332568889927,3.383270826724836
2174,12738.28125,3.839105092508541,1.3481083958424593,1.148734072825384
2175,12744.140625,4.932307276670625,1.22624954787247,1.1319238205863988
2176,12750.0,1.1549829830096243,0.75,3.4649292751834024
2177,12755.859375,4.691420023801392,1.7695732747765276,2.3393003452713836
2178,12761.71875,6.312965823486383,1.3526054219348582,2.464093207755039
2179,12767.578125,2.2191653728278777,0.75,3.2660108663021967
2180,12773.4375,2.612887902200518,0.8427303585964916,1.6637884620437238
2181,12779.296875,7.299441535776637,1.7723813540001285,2.0020146349977406
2182,12785.15625,14.910567473032192,2.9025289637053184,3.4849548317769843
2183,12791.015625,11.393598334481167,2.152270734429889,4.913565005443255
2184,12796.875,9.323835188512462,1.8175535578283533,4.057408912001165
2185,12802.734375,5.834228863739777,1.603781938775866,2.853002404218024
2186,12808.59375,7.399106814323989,2.550798960094084,3.248642203657675
2187,12814.453125,12.311152448851516,4.032623453055661,4.4250317184895245
2188,12820.3125,11.708113202442247,5.758502996818506,6.160364322867111
2189,12826.171875,7.9936267832628705,3.0345767600943176,2.811601818673245
2190,12832.03125,8.041531859377857,2.183303094581637,2.7743248113126717
2191,12837.890625,10.40218214138914,2.477068631058316,2.4130334328097023
2192,12843.75,12.684932034093563,3.2209721189501654,2.1127648724765056
2193,12849.609375,4.3333136449050995,1.045056629534277,2.7152250548226027
2194,12855.46875,1.6759500740861057,0.75,3.3643667987501407
2195,12861.328125,7.475984851378306,2.1014778811073054,2.0013675002587696
2196,12867.1875,13.90108880228375,3.3336874400001832,5.033253612923514
2197,12873.046875,20.702949715901195,3.1371379917157816,5.5581521539363825
2198,12878.90625,20.944135943730124,3.1894946873827776,5.230442842792954
2199,12884.765625,17.862699212753284,3.279229721181942,4.668866264483277
2200,12890.625,10.514448335328341,2.8714528155173547,4.218735938560623
2201,12896.484375,2.044663319319917,1.0859073180960528,1.887718003228864
2202,12902.34375,6.833308725900438,1.9182312675988114,2.381473666893122
2203,12908.203125,16.160456981100094,3.305589561910556,3.254453582150613
2204,12914.0625,14.123220338919047,2.751352199733699,3.449213577880252
2205,12919.921875,13.86309224211055,3.06271310451856,3.6247433191167224
2206,12925.78125,5.164182363523412,1.777683598384634,2.0112561217825538
2207,12931.640625,5.625467227123832,2.729249088384565,1.7875497926362822
2208,12937.5,4.070354769579598,1.4529190214554801,1.6460240965792048
2209,12943.359375,10.477090553635202,1.8890621601888258,3.753669182652829
2210,12949.21875,9.654033516083999,2.570934303057626,3.8256265580130515
2211,12955.078125,9.399620098507818,2.529297426113796,3.227356029840642
2212,12960.9375,9.415447049446268,2.7928121459802746,2.6598833347777204
2213,12966.796875,4.884087678572229,1.889833057669654,1.6368531803035715
2214,12972.65625,5.582448134249506,1.3152632686453847,3.1915719321744316
2215,12978.515625,9.629820938686125,2.115041603688331,4.129154126801586
2216,12984.375,8.06691461329681,2.0681698450493706,1.9550100690904229
2217,12990.234375,10.752365169513784,2.9353311197977083,2.1526303043978747
2218,12996.09375,11.010503398010204,2.133339106298472,1.8451469794438378
2219,13001.953125,7.008211664809688,1.6974302888635506,1.1641218492189327
2220,13007.8125,7.64956006678008,1.818001024715217,3.5933441767298544
2221,13013.671875,10.032696535316017,2.0321783310519224,3.308108132468943
2222,13019.53125,8.072236813017687,3.4724213711121727,2.02304089481846
2223,13025.390625,5.892342533550247,3.0897137556698917,2.255496075457784
2224,13031.25,5.848489078722769,2.052271464104901,1.9232473724884436
2225,13037.109375,2.4705453082226048,1.1517080501422658,1.5047963305131105
2226,13042.96875,9.177832884056198,1.9740287189554055,1.4647131659442463
2227,13048.828125,6.470096190603746,2.149836751621859,2.1654089861283747
2228,13054.6875,6.771394469009903,3.5011994611948296,3.123447176594358
2229,13060.546875,9.348240518837812,2.5342513898769106,2.581685623186943
2230,13066.40625,5.899438669493434,1.5960709234631678,2.112447485074027
2231,13072.265625,0.1274364688535035,0.75,11.535640596632701
2232,13078.125,2.272020747439326,1.0325714759131506,1.3495019032344524
2233,13083.984375,4.285156974450527,2.1248009519283357,1.9435019904240811
2234,13089.84375,10.497543424239014,3.4467272176462833,2.7231006106087583
2235,13095.703125,12.428804458356279,2.862334741981265,3.003591724786551
2236,13101.5625,8.518395019390727,1.747402284823357,2.6230094124759766
2237,13107.421875,7.477715460282558,1.988311501129366,2.9197931127950953
2238,13113.28125,5.75627851537973,1.8155537662207255,2.502607218861592
2239,13119.140625,3.176813522450525,1.0742487115533097,2.1837156800527877
2240,13125.0,4.2971383189670105,1.5972147590810954,0.88681829249469
2241,13130.859375,4.74441135045866,2.2592810260129523,1.287376618023626
2242,13136.71875,9.649057648482845,3.40568710695723,2.3517938890240697
2243,13142.578125,14.706993761018492,4.440595251100387,3.1432849219028074
2244,13148.4375,12.94268288563766,4.750644951421277,3.3089891279811985
2245,13154.296875,5.00491901931544,2.308565645323921,2.09892861291218
2246,13160.15625,2.8611345564152546,2.03947425010068,3.108625814476087
2247,13166.015625,7.81495207140461,2.6406333373117046,2.375081990836157
2248,13171.875,13.080616759132642,4.288225362781202,5.309198849115811
2249,13177.734375,12.077240078513492,3.668775821399198,2.8489801987095205
2250,13183.59375,7.137877983772951,3.2366917765227967,2.64855220510829
2251,13189.453125,1.415834921112737,0.75,2.4647177693195044
2252,13195.3125,7.602503289346372,2.33377371851152,2.7483520297405013
2253,13201.171875,10.08929320209147,2.2553332396792616,2.891841823375111
2254,13207.03125,7.538333485886779,1.7684457917317364,2.3770465380376145
2255,13212.890625,7.362555358177207,2.75738281894023,4.5685625471235864
2256,13218.75,7.582133943983834,2.8481206298362927,4.169713287575152
2257,13224.609375,6.31015070206095,2.1643894945230837,3.1969179347330687
2258,13230.46875,7.576284261224398,2.3078924816114217,2.262597604876076
2259,13236.328125,5.521950050070429,1.4716735180862854,2.1457222019130344
2260,13242.1875,2.132915766323549,0.75,1.313389426354184
2261,13248.046875,1.616654353002924,0.75,2.031372950272668
2262,13253.90625,3.645021244336437,1.659212194799865,2.1817813925878164
2263,13259.765625,5.364309478992325,3.19374941244687,3.363603511759899
2264,13265.625,3.5387063710591553,2.3069010505924616,1.7281715192284868
2265,13271.484375,3.77444250399783,2.1687643690272664,1.5803087373971463
2266,13277.34375,8.506549732583164,3.843601810887387,2.619831417786897
2267,13283.203125,12.811822487005157,4.647201374272795,4.263131895241283
2268,13289.0625,11.166645304972022,4.86992238126072,3.937251201931987
2269,13294.921875,7.9087057222325585,2.4004322992205545,2.161524058372634
2270,13300.78125,3.5955805773624703,1.1909755832045363,1.1945440736186743
2271,13306.640625,5.624220181761636,2.0348470493914697,1.8216901985264717
2272,13312.5,4.053467076733188,2.1318362188399878,2.2320213220075438
2273,13318.359375,4.823365050928071,2.915292199201378,3.117950756524777
2274,13324.21875,11.543658070112214,2.722948452195614,2.3095799583766548
2275,13330.078125,7.8341388473753755,3.26701512640697,1.7462768173882057
2276,13335.9375,4.480717984043194,1.1756446047734572,1.8086409333184428
2277,13341.796875,4.876220970960046,1.0476479925894782,3.8878608410228743
2278,13347.65625,9.60997860487566,2.0771061649603753,3.7851380353901622
2279,13353.515625,6.707198554203794,1.6650999435839382,2.6182572554003363
2280,13359.375,11.183019389520208,2.706154821567191,3.1286615015186485
2281,13365.234375,12.389103033960021,5.422836222474452,3.6550252467995894
2282,13371.09375,13.034681986450886,4.544657285132402,2.4246480397353727
2283,13376.953125,9.378194991169256,2.580489555965242,1.7132267844855
2284,13382.8125,3.091555385070412,0.95802783080785,1.948697148087857
2285,13388.671875,5.303785728239679,1.4703417966417578,4.175297006007136
2286,13394.53125,10.747282635486604,3.8714408050583433,5.9811766746614925
2287,13400.390625,12.837907209096237,5.3026563281458525,4.146526052381433
2288,13406.25,5.274219409824508,2.2771180180855404,1.9961796804230099
2289,13412.109375,2.8593294479722187,1.709528978191115,2.1900262263542056
2290,13417.96875,6.439042663605777,4.272388760933081,2.7102548196154874
2291,13423.828125,4.065545022568795,2.4616858860542985,2.3569669776129913
2292,13429.6875,4.899675051802587,2.906631093244813,2.0707119173298723
2293,13435.546875,0.7031345602137651,0.75,3.775032939812481
2294,13441.40625,4.126362857282663,1.4654989950003046,2.1390882955889463
2295,13447.265625,9.239083257156926,1.9338902370500533,3.2672563930527825
2296,13453.125,7.543740387328893,1.8980131671616978,4.550152112558461
2297,13458.984375,7.053222970821293,2.3585812411626543,3.7711588008361927
2298,13464.84375,5.7493186118945925,1.5888139443687739,4.986837826140345
2299,13470.703125,5.340439344942982,1.6770499920254724,3.4397383257088467
2300,13476.5625,8.013885958440985,1.761461543762983,1.4113294595051784
2301,13482.421875,8.186762559395838,2.3168326559505354,1.736203784352775
2302,13488.28125,5.2775708919906075,1.6416077701391116,1.1109385979958097
2303,13494.140625,3.19512462482173,0.9715036204082325,1.2499590430808247
2304,13500.0,5.4237788674031355,2.6592869860532193,1.6675182491795508
2305,13505.859375,7.840097764115691,3.807175123525468,2.889934405542362
2306,13511.71875,10.143217362852925,3.7929638278497277,4.089521767864277
2307,13517.578125,12.58326451030954,3.573821278127471,4.776696993744704
2308,13523.4375,11.240380681595783,2.506004469409911,5.34279965405291
2309,13529.296875,6.4634016657425795,1.4192636711133617,3.486068720047562
2310,13535.15625,3.978871226335918,1.031354060981801,4.733796300227705
2311,13541.015625,0.9119074143208798,0.75,4.080064860519134
2312,13546.875,4.814686798391976,1.3030788508516464,1.7165022964794587
2313,13552.734375,2.8357252168608813,1.1133292635182221,2.341631950387934
2314,13558.59375,4.399301360459847,2.4157451469560742,3.109258814557754
2315,13564.453125,6.6475002300569646,3.5649406744969663,4.102656841237605
2316,13570.3125,6.376995621386355,3.938420146807595,4.158698968545323
2317,13576.171875,3.505797798115688,2.066459476413991,2.6918334047331536
2318,13582.03125,5.029078626477914,1.196230593941228,1.8054727566540134
2319,13587.890625,8.16970772195362,2.6416243898375815,2.612074198120846
2320,13593.75,13.08246614842499,3.859315422245654,3.1467954105368277
2321,13599.609375,16.36813688422392,5.143303009240939,4.398189004690348
2322,13605.46875,20.568984991798306,5.213498315389099,4.36297621428572
2323,13611.328125,18.107509082505022,4.3214255051419626,3.8286211610973924
2324,13617.1875,11.263733765198989,3.2845410703868163,3.621287205904853
2325,13623.046875,7.7864567099889905,2.0378878964845057,2.8524111142841364
2326,13628.90625,7.682130194220163,1.7615996621142085,2.391389367597447
2327,13634.765625,2.8093524988664336,1.042895657963143,3.7653244106092876
2328,13640.625,7.883018346933945,4.069335308716007,2.1719392664601447
2329,13646.484375,5.202384939274385,2.952469047900726,2.626386957543723
2330,13652.34375,0.9371526526266115,0.75,3.6975969833442566
2331,13658.203125,3.2153912210553064,1.6443076766678733,2.5927104048103735
2332,13664.0625,2.6965184019782362,1.358107324310967,2.482647034356013
2333,13669.921875,7.793247966248928,2.81076991741928,1.8464576207265242
2334,13675.78125,6.706237600961939,2.5558337644247286,2.366217549786863
2335,13681.640625,5.163922741397172,2.193412094957351,1.638571941977513
2336,13687.5,4.274977243775726,1.4229226802890478,2.9522522830176507
2337,13693.359375,6.806068510111276,1.859294173501967,3.327965392797728
2338,13699.21875,4.9852127977102425,1.4095937828468355,2.836097233496326
2339,13705.078125,3.9160009331717465,1.5110119923221252,1.975132922489596
2340,13710.9375,0.4832720563927169,0.75,4.758321726238097
2341,13716.796875,2.4948344838330656,0.75,4.595136599343454
2342,13722.65625,7.813905448150851,2.8416020655621934,3.913068945602088
2343,13728.515625,12.640539905413684,4.62622048376527,4.2313044942567535
2344,13734.375,17.882904878643444,4.3517861972251595,3.7304416600706793
2345,13740.234375,14.259878607731606,4.590513323392115,3.4086245028479
2346,13746.09375,8.507468804924693,2.4659584999203332,1.1581639188133142
2347,13751.953125,5.681202667688796,1.8970800943060044,2.355145470204754
2348,13757.8125,10.637170731424089,3.221122874733612,5.866540061140652
2349,13763.671875,15.27984969646308,3.5467683014101654,6.135432477363028
2350,13769.53125,13.531256476108174,4.390256467560039,7.521259455138551
2351,13775.390625,12.10961060944259,5.864799824034304,4.624176521349014
2352,13781.25,14.44034288922379,3.1305737978114028,4.539641349559888
2353,13787.109375,18.409099906007576,2.7826763677341093,5.644447370184325
2354,13792.96875,19.72287511222833,3.232194362319601,4.787609961355851
2355,13798.828125,19.055398687510838,4.012794781243157,5.006122316217317
2356,13804.6875,17.727763409506856,3.432377850788377,5.16620678900134
2357,13810.546875,15.049904122337644,3.5626025437160607,4.987689861452834
2358,13816.40625,12.22744740319279,4.9549065563628,4.118447292155647
2359,13822.265625,10.418037461785126,3.3202039018316016,3.528205211112489
2360,13828.125,11.051579096776262,3.816339047993429,4.935258592828229
2361,13833.984375,8.635253617022025,3.0572451572584214,3.4604682077198943
2362,13839.84375,8.369789638315202,3.8331781659639077,3.152540486684615
2363,13845.703125,8.503158183617824,3.704703826160272,3.0961181531226645
2364,13851.5625,13.952288607200469,3.892298246254728,3.8387656499638645
2365,13857.421875,19.63291859590179,3.416343473025888,4.961899472275719
2366,13863.28125,26.095574932028264,3.9238354447883044,4.928699073649366
2367,13869.140625,25.00658457176218,4.108683106329647,4.340450419889582
2368,13875.0,19.30832589003055,3.8537902170603644,3.066115212106406
2369,13880.859375,11.464805239535973,4.606866896737968,2.5003962562546715
2370,13886.71875,11.572239649291124,4.023431935722277,4.348654628665668
2371,13892.578125,16.947788218182005,4.417431673034473,5.88837128269569
2372,13898.4375,19.510127214033275,4.9370436365859955,4.904175834532585
2373,13904.296875,12.580713253085458,2.93587835383169,3.6530145528760127
2374,13910.15625,2.7943406684187395,0.75,3.5751076661096124
2375,13916.015625,7.5015683132125455,2.52433341411387,3.89466822784177
2376,13921.875,12.205293186975737,4.369205888333024,3.082071025822879
2377,13927.734375,13.400732437101471,4.61280041672909,3.387091789295556
2378,13933.59375,12.554114883271183,3.6976191678877166,2.8604523618940383
2379,13939.453125,8.351095879096013,2.0859746017283176,2.2513157891454303
2380,13945.3125,7.452522213544719,2.238967232865607,1.8318415505515404
2381,13951.171875,7.40149485517508,2.1478581274745108,1.470658722535012
2382,13957.03125,13.997715509695922,2.2040687459874295,3.721157371657129
2383,13962.890625,17.937376710926934,2.610544632728211,4.44369886830118
2384,13968.75,11.985541620815003,2.2131661961883737,3.210119502409489
2385,13974.609375,8.136963148369102,1.9114029519693536,3.913397545747944
2386,13980.46875,7.261040556988896,1.59480008820943,1.9048150902650105
2387,13986.328125,1.687996901240542,0.75,3.4187686320666515
2388,13992.1875,7.472573534088935,1.5977317676886424,1.683788076625176
2389,13998.046875,8.235897260504457,1.985054182365399,2.242263597808549
2390,14003.90625,2.0008883510876276,0.75,1.6097699412203663
2391,14009.765625,4.804868290528747,1.4184431017941845,1.6853238524818068
