bin,freq_hz,abs_h,training_noise,mean_abs_llr
400,2343.75,3.3987551269235747,5.750273991477627,6.173138467559333
401,2349.609375,2.225911440617361,6.451455069102051,5.567673163246379
402,2355.46875,1.3993040046332001,5.333170985105234,6.036017801718905
403,2361.328125,0.7771973204096574,2.9819707776367217,2.5290222748819904
404,2367.1875,1.3769188370830512,5.14243465380687,3.482437619334307
405,2373.046875,1.7838458262722074,4.344490612287529,5.261644966135095
406,2378.90625,1.7777854106177966,5.360451387965014,4.625086027486399
407,2384.765625,1.9660890729728606,4.81847149210115,4.754126641498771
408,2390.625,1.751521423695736,4.358755631004108,3.080017548622723
409,2396.484375,1.8744509265181597,10.234702234234652,6.684040346523765
410,2402.34375,1.8851889329646232,8.24679597578049,5.38671072070421
411,2408.203125,2.4125641928845063,12.0,8.319835940912583
412,2414.0625,2.7059682996362238,12.0,10.859900344611702
413,2419.921875,2.2058607137322355,7.708502774299235,6.132738937289035
414,2425.78125,1.7713006691968554,8.471202152596081,7.530925411676991
415,2431.640625,0.6285336485632093,1.8621027521477571,2.4850967483022104
416,2437.5,0.6678634648416589,1.9539654642516933,1.4871166626890266
417,2443.359375,1.0988427432579282,3.793419594014785,2.2576006871600787
418,2449.21875,1.7889719028613025,8.135712585319762,6.567852961132034
419,2455.078125,1.1716323402737225,4.378747803147032,4.025888816725095
420,2460.9375,1.0549376527774048,3.8959560179559416,2.726024405171509
421,2466.796875,1.3279403824876255,4.3934343072974045,3.2571301107274633
422,2472.65625,1.558538604598014,6.715249704109912,5.137488805818322
423,2478.515625,1.0912418487157685,4.7522521181243835,4.225937896489206
424,2484.375,0.8734941939796553,3.548005520995609,3.4304713405513967
425,2490.234375,0.11875320007943585,0.75,1.564161119044828
426,2496.09375,0.530595336585627,3.2725758132797624,2.4148894323896597
427,2501.953125,0.7667337440751234,4.915468051624592,3.008886528195703
428,2507.8125,0.7260432323301039,3.428812532910463,2.815413767524839
429,2513.671875,0.2552035477542972,1.5979069756086126,1.440963695032694
430,2519.53125,0.26185873680319516,1.493307402740368,1.4912890452528096
431,2525.390625,0.5311293904825831,2.132282417515125,1.798522991487088
432,2531.25,0.8690269749352793,3.2914497902110393,3.2002314160768996
433,2537.109375,0.29069438052997276,1.2733634751863876,1.4056266586163526
434,2542.96875,0.18987019438477695,0.8383299161880554,1.5268248615712174
435,2548.828125,0.6203610004401893,2.7684868128711253,1.7587165195796344
436,2554.6875,0.5705313952535049,2.530071844699322,1.8254135695215319
437,2560.546875,0.6104318275983874,3.1750150309001377,2.9735084055141594
438,2566.40625,0.7184251223526734,3.043593101836927,2.46653141830561
439,2572.265625,0.2791219423210103,1.1010193296427098,1.1651595893287037
440,2578.125,0.5494080805718339,2.3777824849667386,2.1787635568584856
441,2583.984375,0.12747322097774577,0.75,1.6590677669140395
442,2589.84375,0.32835545304674707,1.7216902175061755,1.6129741509983873
443,2595.703125,0.7151209458604785,4.865372586433855,3.1905073764884997
444,2601.5625,0.7576266131131524,3.7968955066296886,3.130291138753359
445,2607.421875,0.8513635189839004,6.0796144712432625,4.290901529800254
446,2613.28125,0.7717366956362535,3.4522747436334273,2.8183390810745266
447,2619.140625,1.6699559904127141,7.237091895391575,5.136842208865297
448,2625.0,1.0496924057410386,6.156069646111607,4.8535893657470845
449,2630.859375,0.8354774637361988,4.184655454537937,3.3524406770409767
450,2636.71875,0.7884622281421547,3.4794683752693936,2.6086577774572524
451,2642.578125,0.7745224155723127,4.59433990466011,3.680888304324133
452,2648.4375,0.8114599287296463,4.019829713311562,3.370508891342127
453,2654.296875,0.7635806239245014,3.9386810272044213,3.0256250445310506
454,2660.15625,0.21638295410706396,1.1167884064608433,1.3285187894340333
455,2666.015625,0.5144078236432512,3.061826330163287,2.6069789740439933
456,2671.875,0.7890474463678436,5.426728704306818,4.112023090379288
457,2677.734375,0.8794678302636114,6.425728378875718,4.94910582243596
458,2683.59375,0.6695105176230087,4.575733856828751,3.6424526565870865
459,2689.453125,0.3108062098396634,2.49664230467663,2.163549168989398
460,2695.3125,0.7677296109163303,3.3692284893115696,2.589199178475417
461,2701.171875,0.8319096969723788,4.528756249849563,3.5742647699092203
462,2707.03125,0.9956595209254949,5.066481050597278,6.112027227529358
463,2712.890625,1.0680996635184499,5.505817872224991,4.957552751711766
464,2718.75,0.38177516227201297,1.9135674572912786,1.8254346551126108
465,2724.609375,0.5029340439463835,2.4183975038459127,2.2154009302152717
466,2730.46875,0.898270630628022,5.6698442268169895,5.851584267771581
467,2736.328125,0.7391134970104615,5.734748142310717,4.667335086193688
468,2742.1875,0.6196136554048659,5.416832623223419,5.011620841791175
469,2748.046875,0.2514335213039556,1.2746324802942008,1.1851738460050667
470,2753.90625,0.8552754459477875,2.9596549821268514,3.043773489816641
471,2759.765625,1.0839332120939675,6.169057109159249,4.5980881533761035
472,2765.625,1.0068584133132636,4.858264003657286,5.221780312768472
473,2771.484375,0.7860822815150302,4.219262979556735,3.5752584363042827
474,2777.34375,0.732294161710585,3.47506310629466,3.6687191795751204
475,2783.203125,0.6908090032041148,2.7807042275452587,3.129486605084314
476,2789.0625,0.5960390261910932,2.338074315957611,1.8595514524485335
477,2794.921875,0.4337919423558781,2.092717797332338,1.5874559929416943
478,2800.78125,0.7652236079493037,2.864991347437071,2.4232485810728672
479,2806.640625,0.4888809146030667,2.063715126306848,1.8269831614317937
480,2812.5,0.5922115360232805,2.9044631160524395,3.555733582451485
481,2818.359375,0.5910802280072558,2.649926293441141,2.574228823379048
482,2824.21875,0.5235250075786824,3.152520432138643,2.86165067880632
483,2830.078125,0.5312345127109477,3.8920858819050785,2.396517426069151
484,2835.9375,0.507347942912873,3.3921527190273117,2.227284391428842
485,2841.796875,0.42478830940401024,2.7673938921400665,1.6345525185417449
486,2847.65625,0.3656419545574344,2.628335592494887,2.3201918144410247
487,2853.515625,0.7219734727145939,6.452586031403998,4.713352190666289
488,2859.375,0.7586805765127659,6.354329722599614,4.851776301967327
489,2865.234375,0.39056564663606425,1.9375836515371025,2.307934889451556
490,2871.09375,0.1327227473658475,0.75,2.2443638059251834
491,2876.953125,0.32596516033870226,2.1532827740874603,2.0276157486508084
492,2882.8125,0.7209545216640807,4.8214662178600705,4.4771304459105705
493,2888.671875,0.9108220137687727,4.3778638700925345,4.008047361300071
494,2894.53125,0.8978372871619601,3.361027254661252,4.281877653164541
495,2900.390625,0.3870458162459534,1.3413234195997787,1.5004144093821077
496,2906.25,0.6654432963599205,2.2930829045262744,1.7855180262973642
497,2912.109375,0.7894941860645179,4.3330275527919655,3.191478364690019
498,2917.96875,0.7569439532207419,4.576913289489569,3.2314326976078873
499,2923.828125,0.4671106235998199,3.1244226738366363,2.338581116932012
500,2929.6875,0.1026613066487359,0.75,1.8941164612893346
501,2935.546875,0.4554451861552407,2.8386404160765975,1.9886007719140641
502,2941.40625,0.4035758502025993,3.221699753061867,3.075325421963413
503,2947.265625,0.44343219253402283,3.0814708497497625,2.2635645485197498
504,2953.125,0.3859790831785809,2.0618734255180433,1.5049611479023843
505,2958.984375,0.5947492303249502,3.9718145113929983,3.185816658144512
506,2964.84375,0.5229068785427138,2.3409647222153507,1.89563736883615
507,2970.703125,0.1975832339913131,1.3840223848447804,2.081534258786186
508,2976.5625,0.21496289783223432,1.2641166283899108,2.1605017503356425
509,2982.421875,0.23359420688580257,1.6401668234053228,1.8507294159051109
510,2988.28125,0.2342574865965768,1.8779814584529066,1.3735470876748381
511,2994.140625,0.03095956944620599,0.75,3.066298814641709
512,3000.0,0.15684001797420732,1.1377249924519959,1.4557929906285845
513,3005.859375,0.42089565772731463,3.144430507380961,1.7851059863113048
514,3011.71875,0.33030154542941115,2.1733431037477247,2.168782836463317
515,3017.578125,0.3317920071025336,2.6078667199919363,2.209605086682518
516,3023.4375,0.24456532750222718,1.3563684651231729,1.885686471705096
517,3029.296875,0.41151057127522567,2.608515897693737,2.4413344369863683
518,3035.15625,0.31718156421363375,2.0373726912928722,2.051457874048136
519,3041.015625,0.15858474904803652,0.9986959325560766,1.4151685135948078
520,3046.875,0.13273602439207885,0.8237662377597705,1.8173253624569277
521,3052.734375,0.2362226407225596,1.7038197449071801,2.053276356899649
522,3058.59375,0.7937808006243722,5.1376712783025535,4.199529104159833
523,3064.453125,0.7106508586644135,4.291752558574325,3.298648755315189
524,3070.3125,0.44737581734691606,2.3008805268499923,2.202080855756908
525,3076.171875,0.8305518215504475,4.586687467262087,3.3702916569701182
526,3082.03125,0.26059514959609525,1.2619490962146318,2.030749100697195
527,3087.890625,0.20913841444459585,1.7440252559487261,1.6063074095480183
528,3093.75,0.7470086378344198,4.023545781911822,3.040966119750348
529,3099.609375,0.9893140601949258,6.248402043529451,4.81939146758068
530,3105.46875,1.0449710800288636,4.675489328811443,5.217919615759631
531,3111.328125,1.0287554070583584,5.91330768764427,4.669053856022693
532,3117.1875,0.5656467477990782,3.3187932203626453,3.1366433934010503
533,3123.046875,0.03214090361130923,0.75,4.063827470664859
534,3128.90625,0.21580178855335513,1.356592008993903,1.4404791434687967
535,3134.765625,0.5296835331140965,2.601704483109527,2.203739129231194
536,3140.625,0.6714199492821509,3.9791159330338814,2.9451370785575017
537,3146.484375,0.6754782182696192,4.940739212750749,2.8377314982577104
538,3152.34375,1.0013498839174038,6.030063913893446,5.075003675501185
539,3158.203125,0.7934968106482774,4.959847025663277,4.2927324321315945
540,3164.0625,0.19338767502950072,0.9776577348230457,1.7528770670421316
541,3169.921875,0.2137922573100147,1.135854948407567,1.8842882564270869
542,3175.78125,0.2387268691068965,1.31243448324995,1.5746867406150988
543,3181.640625,0.24775798198174018,1.653500331603982,1.6096176498942232
544,3187.5,0.22582638262206584,1.9216361098703763,1.9030422988989486
545,3193.359375,0.5056069183506887,4.195307674552325,3.7511167712070623
546,3199.21875,0.994720917906806,6.918532900612785,7.220480230907152
547,3205.078125,0.7961185016069178,5.041619401024278,3.8101011448819846
548,3210.9375,0.3170438440790452,2.107953682819134,2.2923268331425963
549,3216.796875,0.19924228851156633,1.3639906751078055,1.566329647697717
550,3222.65625,0.5700388261221212,3.7416003376658473,2.7650668990120155
551,3228.515625,0.3091274359588037,2.990331354868531,2.558742807564283
552,3234.375,0.27965244648438325,2.259524069777899,2.323465566237914
553,3240.234375,0.1650289052583312,1.0657275427386845,2.2608859282550484
554,3246.09375,0.44987195859282086,2.858805276356497,2.1045702398789445
555,3251.953125,0.5383102683645012,3.5395778902950825,2.000854934351195
556,3257.8125,0.6329787067962689,3.7181737418047858,1.9871097687801573
557,3263.671875,0.23550154414530966,1.1034351674697098,1.494555832235487
558,3269.53125,0.04935895052589184,0.75,2.5340446337805904
559,3275.390625,0.1654665331395798,0.7780077300452088,2.160497840677891
560,3281.25,0.5653561182373825,4.966947992715544,3.8194284765754447
561,3287.109375,0.697866888393143,4.788262678280533,4.818961276514379
562,3292.96875,0.4116755946412173,4.002253618862218,5.061186361266302
563,3298.828125,0.28405153396014615,1.8583537823181486,2.3114425955734137
564,3304.6875,0.32033373111938823,2.32333743389112,1.6696331872559855
565,3310.546875,0.7978228260235315,4.790200943382621,4.488590618337701
566,3316.40625,0.6468765183280688,3.260046804331495,2.5309580957426063
567,3322.265625,0.6056867607358382,3.6793952331445015,3.2256302050774366
568,3328.125,0.2016150843257792,1.2157159165179934,2.105775474389149
569,3333.984375,0.5472897351551896,2.955707071311429,3.3126413275382416
570,3339.84375,0.6283796520591047,2.6057363968951854,2.80755875245142
571,3345.703125,0.3804829870741102,2.0309226020314513,1.6869502738796351
572,3351.5625,0.424835951719963,2.9541221149546533,1.744932846401274
573,3357.421875,0.9204097695319289,5.521628314871732,3.723933852466334
574,3363.28125,0.7454329497549506,5.1374093477180764,3.9801298473268902
575,3369.140625,0.29468454535567684,1.448968927573006,1.0241427235389542
576,3375.0,0.262440545243577,1.2661342560724456,1.743050001944579
577,3380.859375,0.19032484109683998,0.8085169453586132,1.3591507192412557
578,3386.71875,0.35279430809943824,1.8556860873352523,1.634292960597769
579,3392.578125,0.6777724287272732,3.9494315689933495,3.063453054204033
580,3398.4375,0.5276344768939889,2.741782865166133,2.5982660966494815
581,3404.296875,0.7944093987741797,2.9227875371905654,3.3462468463297856
582,3410.15625,1.0233008174921887,3.7202408893665497,5.256416111218415
583,3416.015625,0.9976174783938273,3.298142692629436,6.175804862406213
584,3421.875,0.8139362185712038,2.4331179013377917,4.854805281610945
585,3427.734375,1.385849596052601,6.800595680102605,8.424248618006395
586,3433.59375,1.6777626105627996,4.892968047442209,7.188148150874267
587,3439.453125,1.4029692404673733,3.66933615085225,5.475868041574545
588,3445.3125,0.7869273550586086,1.6208520479992465,3.181112662024308
589,3451.171875,0.4237936945562612,1.8142809704937366,2.7954406893578754
590,3457.03125,0.5614034998369947,2.663643272772358,2.684148858187689
591,3462.890625,1.1975306431824182,4.751357342719285,7.334286064506102
592,3468.75,1.2393808407079772,4.161449187621925,6.563416532450406
593,3474.609375,0.7452943828300173,2.1800874595444193,4.162688861254628
594,3480.46875,0.8503504947116483,2.413350886775446,2.5961381676620823
595,3486.328125,1.0720266371088711,3.5691154088771233,3.493081259668849
596,3492.1875,0.8724201903197926,2.426025997196032,4.888531338401666
597,3498.046875,0.7501804197292907,2.290319128546537,3.3698120701987384
598,3503.90625,0.4653872620671733,1.3360383061600136,3.9078236451918875
599,3509.765625,0.5041650229347492,1.775775897820913,3.321680015045681
600,3515.625,0.5507943654169637,2.1277804762138652,4.796946001188594
601,3521.484375,0.4010830867958343,2.193520714945995,2.6036523546074375
602,3527.34375,0.25988270094134636,1.2217391242118103,2.030101229275232
603,3533.203125,0.39095348511910993,1.5552388945738909,2.099563692675231
604,3539.0625,0.671199038474291,2.2358736588036585,3.1486664941038573
605,3544.921875,1.0194822068074714,3.949015082606752,3.859824203468935
606,3550.78125,0.6063044605471957,3.0563207881099395,2.45891706788298
607,3556.640625,0.3241353316057311,1.6574729615005026,1.5059459647009072
608,3562.5,0.476171458478309,2.723130685456747,3.1773905732044265
609,3568.359375,0.772839514215474,2.9814947403896666,2.9223938277546555
610,3574.21875,0.5244454362254097,2.5378795551516133,1.8129276203104328
611,3580.078125,0.5420365512651844,2.4930492640743696,2.304128644050942
612,3585.9375,0.42218865269643074,2.0116499912399277,2.1996878316921555
613,3591.796875,0.21614126229493963,0.7935707284146646,2.0292552865761846
614,3597.65625,0.5001722440123251,1.8105878361296381,2.2627271522284382
615,3603.515625,0.4263782768408076,1.3249835276048603,1.6965765181328119
616,3609.375,0.6674021828574888,3.2759674926134243,2.4905807506966973
617,3615.234375,0.5904829355322186,3.4028264733387927,2.8179660937273265
618,3621.09375,0.1567513312447279,0.75,1.2974617728745934
619,3626.953125,0.5722368886844027,1.8692740490301816,2.3909671180351184
620,3632.8125,0.6333621701788889,2.2648206830865223,1.9211226801664985
621,3638.671875,0.1253954423860613,0.75,2.1262215334097228
622,3644.53125,0.4738802124081331,1.7764238318428869,1.4160630444208147
623,3650.390625,0.2708542953611442,0.8926729654634086,1.6255275808346437
624,3656.25,0.21505348332251908,0.8998911396499658,4.394647665924493
625,3662.109375,0.18921409155566057,0.75,2.1127999022620827
626,3667.96875,0.5983654052676511,3.000501836273442,2.7166352260992643
627,3673.828125,0.5111876230323897,1.6420339916066724,1.4119457933554835
628,3679.6875,0.7173022729325318,3.3386827460403534,3.2332879152671885
629,3685.546875,0.4812716940402639,2.0656069477378716,3.148630394695277
630,3691.40625,0.23852899412594325,0.7953481979272201,3.2764007725406126
631,3697.265625,0.512218362500975,1.9030537791573057,2.439591728213843
632,3703.125,0.6316919351420702,2.371628109771763,2.630773829438065
633,3708.984375,0.5323056200333666,2.0711920719242793,2.637837144569894
634,3714.84375,0.44969063448215657,2.5231668141565384,1.50361114125698
635,3720.703125,0.47778479975486265,2.4668234910912457,2.0981333753753595
636,3726.5625,0.47490765969181326,3.1671076320666582,2.500525630256115
637,3732.421875,0.8035068759478767,4.74728726168487,3.6018628264120376
638,3738.28125,0.6391826073030488,3.344181931012324,2.6089981534641637
639,3744.140625,0.6413383389420005,3.327637840756177,2.4010300134917446
640,3750.0,0.5821744647044368,2.0060047526177365,1.5726589328226184
641,3755.859375,0.03426645161661033,0.75,5.711151767471589
642,3761.71875,0.25676192141695553,1.4200623162670312,1.2542567434860317
643,3767.578125,0.721559627323183,6.559630639937858,3.4574941921324003
644,3773.4375,0.9370207357045679,6.792964807913393,5.451428186583097
645,3779.296875,0.938499252264505,6.17237457910682,5.573202444416672
646,3785.15625,0.6718639164691328,4.002544278592986,4.708277770254478
647,3791.015625,0.5166154029354594,2.521020216730112,4.725699848548333
648,3796.875,0.3635112465491393,1.5420826559088359,2.25280040973251
649,3802.734375,0.21618820714677675,1.1991600104363997,1.920158865773255
650,3808.59375,0.19160324159285305,1.0113325160483724,2.6754119484138728
651,3814.453125,0.6046389721553481,3.5022156358080565,3.414649559105469
652,3820.3125,0.7111053156837255,5.454696249242133,4.124939455855751
653,3826.171875,0.48547794294586355,2.3903924005613897,2.2164468435527414
654,3832.03125,0.6543122482318008,2.9253118770877853,2.1995939691706776
655,3837.890625,0.46921881275321087,2.495450753675569,2.085671509013449
656,3843.75,0.2235690128859529,1.3334707243908166,1.9277707537481812
657,3849.609375,0.7179187837072616,3.793386938993039,3.229421151095446
658,3855.46875,0.810195843545422,5.5248658239250545,2.9579400591518055
659,3861.328125,0.6434497695685714,2.413373391998875,2.023710286767977
660,3867.1875,0.4558258285265791,1.9970942425751783,2.308976752751952
661,3873.046875,0.41872299066359653,2.6498687308222566,2.9188776749369043
662,3878.90625,0.4756453153389683,2.2085182628713955,2.2141385881778857
663,3884.765625,0.8930428848039828,5.105218224300983,3.80930374322145
664,3890.625,0.7191822045709279,3.6720640947740635,2.771524338868643
665,3896.484375,0.7466293482355425,3.8043656109766157,2.765911179715979
666,3902.34375,0.7559766972769287,3.0800370205308534,2.7998433866723693
667,3908.203125,0.49895444534195077,2.806966027071817,2.593515074501983
668,3914.0625,0.2218906148771348,1.5453955279874858,1.1290812135927835
669,3919.921875,0.21269336479852197,1.6185151451148134,1.0611840271288138
670,3925.78125,0.22415987126109946,1.1323645767766428,1.8963821053071068
671,3931.640625,0.2844025091882365,1.0049528141049147,1.3519086783066474
672,3937.5,0.4550594696596652,3.362757563210338,2.6185361424852136
673,3943.359375,0.43906157612982244,3.4731979093077037,2.472382357019987
674,3949.21875,0.644586079254655,3.448096242517842,2.250860608150873
675,3955.078125,0.2075754091592763,2.2756385306428397,1.8963648665171486
676,3960.9375,0.4668314951679141,2.7688280761679254,3.1604437387681923
677,3966.796875,0.7706939152973442,5.4880747538238985,4.405520634512268
678,3972.65625,0.7412104358884272,4.719920542387367,3.108875611041719
679,3978.515625,0.8708933658090906,7.32566654782995,4.590040577607973
680,3984.375,0.48912911200855624,3.8298698580013335,3.3039243992194227
681,3990.234375,0.43164880856213456,3.027700536338548,1.7013188561493402
682,3996.09375,0.4164208033632939,3.6557347840830476,2.379115468445443
683,4001.953125,0.2461937753023136,2.1730438066403996,1.707797363691616
684,4007.8125,0.4490105441051924,3.397065022204942,2.504283664915705
685,4013.671875,0.163957755920851,1.4472024503542138,1.361267541020189
686,4019.53125,0.18983815850054267,1.518086597627465,1.263199521563931
687,4025.390625,0.3540268283052638,2.5494164732537787,1.828673374452898
688,4031.25,0.21963898749449565,1.8602369186563297,1.5695565522903834
689,4037.109375,0.12882681522165615,0.75,1.2753721474354973
690,4042.96875,0.37745320222354045,2.086807093406838,1.813670888682146
691,4048.828125,0.7986796303925365,3.994364828122604,5.46778487100109
692,4054.6875,0.8251442607239157,4.819913473167085,7.575990198535998
693,4060.546875,0.8709056011059394,4.869232843702822,5.333224841058072
694,4066.40625,0.5131327881249507,3.8802556250465043,3.7204267093077723
695,4072.265625,0.15803175980242667,1.0635537439179812,1.2634117875957351
696,4078.125,0.13294475542451778,0.9686361922655882,1.3758490612175391
697,4083.984375,0.45230095608156456,2.7317576382272915,2.6105146283026603
698,4089.84375,0.37210615660564067,2.464345169543747,2.263320829407721
699,4095.703125,0.5055310455329137,4.260300722624049,3.020058144856782
700,4101.5625,0.48133611193954623,4.084830273384205,4.22298736669649
701,4107.421875,0.44805989488616005,2.200839562232331,3.130522597497212
702,4113.28125,0.36250932083205,1.9157032545723045,2.620136118790756
703,4119.140625,0.684722147917073,3.0636413303485193,4.288712835860928
704,4125.0,0.823035501185477,4.003968097737563,5.797680831809096
705,4130.859375,0.8062990617744404,4.271633164603819,5.23766299556842
706,4136.71875,0.7502632440309619,4.128456233384136,4.900032253397179
707,4142.578125,0.16345224842772932,1.071051930072405,1.9280169379223953
708,4148.4375,0.3206663678440942,1.8298644927876562,2.3333259487727673
709,4154.296875,0.5898762922148388,4.393783941668671,4.043984120722718
710,4160.15625,0.4825263750979887,2.0293411213291486,2.293945566475847
711,4166.015625,0.6622791112859876,2.8960401615310385,3.2003921987509973
712,4171.875,0.4772065767132345,1.716623025355553,2.325394011684069
713,4177.734375,0.6907933206855156,3.6883290403554083,4.705468175990822
714,4183.59375,0.6668874626778574,3.277694138437817,4.586785934315446
715,4189.453125,0.5287419780178321,2.815202277680205,2.4081827562268168
716,4195.3125,0.6345994113160234,2.0385840300071836,2.02437307999581
717,4201.171875,0.41064948713327604,2.2219540199810064,3.033789385709213
718,4207.03125,0.4304294941099613,3.3892875914926153,4.75434625979956
719,4212.890625,0.49328771395309395,4.162932877420607,4.0557992802568235
720,4218.75,0.6334799999771705,3.948722525530963,2.622427218769786
721,4224.609375,0.7778860798732227,4.132706635953863,2.917044070185525
722,4230.46875,0.31715359169073637,1.323285951031893,1.8397594362526055
723,4236.328125,0.5018963397371146,2.444025164830402,1.6957276908280983
724,4242.1875,0.7846879012321111,4.516704213972417,3.1945334961993304
725,4248.046875,0.8869843525906742,7.988812968728798,5.9279906750987115
726,4253.90625,1.0156917394246656,8.2869481299162,6.268867435672488
727,4259.765625,0.8426745747847613,5.303093838952973,4.651206171386617
728,4265.625,0.4899266510806602,2.4494315280649586,2.36479662732877
729,4271.484375,0.6408608862250254,2.289463483965913,2.482238513747913
730,4277.34375,1.0293293854126637,4.180928573123042,4.745031172655902
731,4283.203125,1.089126323327966,6.5824486271431475,6.435389329225654
732,4289.0625,1.0195170359017132,4.503149651343652,4.16727367046986
733,4294.921875,1.01160926733854,6.005598793515418,5.228716581701313
734,4300.78125,0.6778542109023387,2.4424222011769183,2.9572148882474862
735,4306.640625,0.6734025782460162,2.9291149545300517,4.157503473460297
736,4312.5,0.5050226503694729,1.4584589180294647,2.1523246924846715
737,4318.359375,0.5469740711163409,1.7402573511632937,2.8382458329676044
738,4324.21875,0.39203499899698896,1.850593182319272,1.869891921248749
739,4330.078125,0.5499333675616742,3.315960557759861,4.105311363484273
740,4335.9375,0.4076010311341599,1.721585350547203,4.664142996732431
741,4341.796875,0.3369486579600101,1.0937327618333468,3.0619277682250323
742,4347.65625,0.16900124071699937,0.75,4.538854065690746
743,4353.515625,0.24811270284130685,0.8148197994214939,4.7187790645444165
744,4359.375,0.1447704480087863,0.7980477250447652,1.9619705747826197
745,4365.234375,0.294624796226628,1.8367165141950355,1.916888465965068
746,4371.09375,0.4926437010511978,3.385437208805217,3.4271449374173986
747,4376.953125,0.737515713633743,4.127644263798327,3.8956109128325513
748,4382.8125,0.4057843531355927,1.7601013133993972,1.3999899236746052
749,4388.671875,0.9463323135120658,4.574548254420623,3.1177484918570104
750,4394.53125,0.36457543569587203,2.2730195367893096,1.6344183249095527
751,4400.390625,0.36545569116345755,2.4572941433217617,1.7447904949117874
752,4406.25,0.5452665601499874,3.376171878626635,1.6502832838634778
753,4412.109375,0.7303381505661192,3.15789318141255,1.6944512668411236
754,4417.96875,0.4360171831179429,1.9228633673825493,1.4525673589156334
755,4423.828125,0.4072533716829479,1.5654775609358471,2.892473841238842
756,4429.6875,0.5692710759774003,2.7973093166545064,1.6776618282555986
757,4435.546875,0.2632456440651231,1.7308529697880404,1.3226758771305231
758,4441.40625,0.2680606658682795,1.5216603021842525,1.230314103155974
759,4447.265625,0.2091238588344855,1.1976725728125623,2.4718233847710436
760,4453.125,0.11282309864071743,0.75,2.2629155716765177
761,4458.984375,0.5720863010650264,2.159660761883007,1.9378316727915739
762,4464.84375,0.7560268910217828,2.647536209493475,2.1296650499307703
763,4470.703125,0.9842227175227956,3.858144330691561,4.762639168767124
764,4476.5625,1.1443309350315019,6.05015384566437,7.407621802509097
765,4482.421875,1.114069587107993,5.335533174664921,5.095756548837029
766,4488.28125,0.6518548021268561,5.010327391769179,4.081141415587099
767,4494.140625,0.6321149415909125,3.669660969387831,3.9437313907777707
768,4500.0,0.9790389042581802,6.94726655730563,4.619770817712758
769,4505.859375,1.1711649536857172,5.628443114079681,5.442465657372167
770,4511.71875,0.8809381684479987,4.492026734943148,3.515102659638851
771,4517.578125,0.587712556476185,2.4352153513178347,3.390441765005662
772,4523.4375,0.8907240565643976,3.710692731526313,6.5991123233906706
773,4529.296875,0.8515315812280682,3.7740471278393235,3.6626081743640975
774,4535.15625,1.231957008753612,5.866043958310983,4.599219089114284
775,4541.015625,1.2186608632194937,6.188191562403478,5.234429117893899
776,4546.875,1.1474071536466302,5.6654708713417925,4.9268248801101935
777,4552.734375,0.5130863782236865,2.947522309359739,3.5733201966426154
778,4558.59375,0.8512822762795729,3.8879809179376847,4.502771204182177
779,4564.453125,0.8495109430242231,4.959636433609301,4.287793523306216
780,4570.3125,0.7959586790464471,5.744143800359977,4.673988028475395
781,4576.171875,0.5995210871828912,3.653225451285579,2.9073540669345186
782,4582.03125,0.45986470428063575,3.449056617654631,3.0560127510778563
783,4587.890625,0.15372920407112015,0.9458431937796081,3.4731346421723175
784,4593.75,0.5593006203424741,2.1297782954676063,2.5726921458975776
785,4599.609375,0.8173211934809478,2.915113785770737,3.9274241597424457
786,4605.46875,0.47287490587418235,2.4517037522854386,3.4269024593809734
787,4611.328125,0.38013383906493803,1.3467117885570072,2.6838248603746107
788,4617.1875,0.3855256004167441,1.3616829719333623,1.479355104778432
789,4623.046875,0.18259282692333423,1.006871668934854,2.493231886382469
790,4628.90625,0.7627205137313028,4.282970334407567,3.799353199897848
791,4634.765625,1.1051492540174355,4.767980686941118,6.5922844189819285
792,4640.625,1.0036083145417876,10.49685633718154,7.718479094312299
793,4646.484375,1.2540619058241735,8.706905867032045,5.445240110681916
794,4652.34375,0.8046010412429979,5.539239465333014,4.803216480111431
795,4658.203125,1.0245100266525298,7.1262958995302945,4.589782806118631
796,4664.0625,0.8858806261738061,5.869631561913882,5.446379181436381
797,4669.921875,0.6546442179780473,5.278157490422403,4.165927691482696
798,4675.78125,0.4641313889588155,2.514435314851984,1.937770825106593
799,4681.640625,0.6945783211992533,3.0159707629073242,2.4147843168149827
800,4687.5,0.9085158511415502,5.5274320284653164,3.324270697782419
801,4693.359375,0.9528272016932349,6.0518885698051275,4.459048764651637
802,4699.21875,0.7423462007122464,4.107449568052509,3.648656319083682
803,4705.078125,0.44587101610625224,3.154901088722637,2.8302078369474244
804,4710.9375,0.40733837305655923,2.923416399342247,3.639358136179271
805,4716.796875,0.5473614859123911,2.521146669483267,2.3819671296941642
806,4722.65625,0.48193551803807966,2.448305319830039,1.8437852726807162
807,4728.515625,0.37854491052914313,1.410787731438565,2.5744985361671713
808,4734.375,0.3857356787465701,1.7500432123607634,3.893588560521043
809,4740.234375,0.3424272136778452,2.7493299627456578,2.2856282402144785
810,4746.09375,0.5647721252503258,2.5174235293488394,2.2261076608090793
811,4751.953125,0.3924132854138155,1.9799818452311735,1.8952962511950395
812,4757.8125,0.6139726163882151,3.090059895690194,2.554921984565364
813,4763.671875,0.807257617563402,2.7571137767587333,3.0250685035179856
814,4769.53125,0.6941840470384758,2.538693087476248,2.706703355579436
815,4775.390625,0.7252224701918227,4.55875275080721,3.7707522734050496
816,4781.25,0.6543248597476039,4.072269761858012,3.6041961152457396
817,4787.109375,0.5350086079393545,2.8891945364469898,2.8515226179858555
818,4792.96875,0.6076836370869816,4.061522353792893,3.1415386819317463
819,4798.828125,0.92387861429274,5.249007574407944,3.5253475987366367
820,4804.6875,0.5335543477309684,2.654512620350297,2.1244175708917203
821,4810.546875,0.5275179844627492,3.141422611262054,2.316324362276221
822,4816.40625,0.962461914933811,5.2058297985457695,3.071314851722261
823,4822.265625,0.904845783280429,4.513523740019302,2.7629864268969286
824,4828.125,0.5681870813972373,3.2501431046996263,1.4200602105283942
825,4833.984375,0.7472979207548732,4.932224927143203,4.23881077651083
826,4839.84375,0.7843625279176132,3.2015374665110774,2.778575842185948
827,4845.703125,0.4962229494624471,2.4366662344809034,2.543122401054543
828,4851.5625,0.3909586964934056,1.8835521628418062,3.3634880784046617
829,4857.421875,0.5366336761248778,3.196955127155407,4.837777176010248
830,4863.28125,0.584713187495657,4.674823438458863,4.840321132368251
831,4869.140625,0.6613016979300322,3.1069396187677554,3.16072584652245
832,4875.0,0.622959108524564,2.6397352053804566,3.0072712099582515
833,4880.859375,0.6223693087599571,3.4810978902746736,3.6757159035636087
834,4886.71875,0.6009010124889831,3.6322552570899673,3.5649605560073834
835,4892.578125,0.878529389096028,4.216062715690353,3.0169917229862486
836,4898.4375,0.9588266827689609,8.815014634195741,7.54648567226527
837,4904.296875,0.7222460735777758,6.277184668930257,5.284141504378256
838,4910.15625,0.5570021167421245,3.2307193060301365,2.706382748262436
839,4916.015625,0.43322512660907136,1.8165321222146722,2.2624157362685997
840,4921.875,0.7860740161369509,3.3409691234608383,2.0093541331721085
841,4927.734375,0.8596612533461462,4.245940138124359,3.6788390061507097
842,4933.59375,0.27787803870383937,1.006907946516546,1.6615308754826519
843,4939.453125,0.7901512515012236,3.0559705193048754,2.662103007386279
844,4945.3125,0.9665195114482917,5.584282112599217,3.795036160941243
845,4951.171875,1.2117447467499376,6.869913861978778,4.913606049292221
846,4957.03125,0.6966178404323982,5.193597190632127,3.1139866664474054
847,4962.890625,0.5323498218490338,1.7110116986617934,1.5964542535404656
848,4968.75,0.9105924836764622,3.404432622552238,3.1258139079282405
849,4974.609375,0.9523760835334589,3.745029358250746,3.9177472715416615
850,4980.46875,1.5627331578253332,6.347886629878715,7.777615397064637
851,4986.328125,1.2219589960827857,4.036098908954493,5.494634836658833
852,4992.1875,0.9380194703906138,3.9634269365986317,3.5204093347698335
853,4998.046875,1.2926006380110844,4.701024208604716,7.343200700545487
854,5003.90625,1.1453139519936266,6.501339817021231,5.7494930517619895
855,5009.765625,1.1111995144366713,3.6196373410925444,4.78614414490234
856,5015.625,0.36140266236173674,1.0985880921308706,2.6146964221271136
857,5021.484375,0.3064801495190848,0.8984984334435471,1.7117437870470722
858,5027.34375,0.33825923385186446,1.4809755932044473,1.9650999594890601
859,5033.203125,0.3324349072468972,1.987190911803958,1.9713663580473944
860,5039.0625,0.6837936998092318,3.152849412702529,2.8371679594704564
861,5044.921875,1.104949755659898,4.040142708963659,4.036901597780201
862,5050.78125,0.6764426732582567,3.476441606740271,3.2356755769806544
863,5056.640625,0.5796448198953847,3.6534983473482168,3.794676384206152
864,5062.5,0.5945743894269622,2.126366616340101,3.235557521594077
865,5068.359375,0.7331700725643409,3.2592729308556487,4.078698113177801
866,5074.21875,0.8843790964948953,3.190676057351892,2.0760267426436894
867,5080.078125,1.1629470904628212,4.52102033874934,2.4390380501468263
868,5085.9375,0.4690833707753103,1.6620439159335527,0.9826041451519744
869,5091.796875,1.0001034626939422,5.8279843581308475,3.8664787103772142
870,5097.65625,0.7609786452082687,3.917978699974313,2.2702296938958444
871,5103.515625,1.2277329415334526,7.418776955285376,5.990402607207439
872,5109.375,1.2809311932212528,5.485888910684207,3.561577838929729
873,5115.234375,0.9482067338751425,5.193330956998323,3.1869058852005385
874,5121.09375,1.142551702703703,6.2225143468624955,5.291145761839357
875,5126.953125,1.3374922288363855,6.443490458234871,7.588450806168832
876,5132.8125,1.0346581262679557,4.204522888976097,4.789575601738393
877,5138.671875,1.326847353535678,4.110989702351871,5.536490429327583
878,5144.53125,1.3421220648966137,4.344314799172439,5.398438035543473
879,5150.390625,0.8230991393278618,3.327251379320203,4.520328685092704
880,5156.25,0.7434675743134004,2.252974719285329,3.5868917974843653
881,5162.109375,0.4177185069104176,1.3900243668224,2.2227721692583846
882,5167.96875,0.6697652561022939,3.415713485380649,3.2156390702167412
883,5173.828125,0.9690706922423095,5.613711428661336,4.6969567641712855
884,5179.6875,0.9877630544668623,4.557747507823527,5.2759629913935076
885,5185.546875,0.8640844747438942,7.0921721483486255,8.36848905608816
886,5191.40625,0.5374960659127024,2.3667711261055473,3.1712035127543055
887,5197.265625,0.7125862408135883,2.944505137973339,2.6822788598547116
888,5203.125,0.20279088549464797,0.8459580920314398,2.9245896608103052
889,5208.984375,0.2741922886047506,1.4030686498391842,1.7349248806336586
890,5214.84375,0.43003426590077237,2.5191011000240846,2.1260248467717093
891,5220.703125,0.4959040673362657,3.3109075336205755,2.5871549358692105
892,5226.5625,0.4787135211859656,3.3484821901681103,2.730241564774945
893,5232.421875,0.07824420643877254,0.75,2.9775135578268523
894,5238.28125,0.46654931589787446,3.9971663882264767,3.449916838469294
895,5244.140625,0.34835005361549237,2.1111467512684,2.4418625887806162
896,5250.0,0.6295085712578339,3.3983626265358966,2.530447630090213
897,5255.859375,0.8830831733561922,5.298558803998042,3.627038713327364
898,5261.71875,1.0410946680455087,4.828283359175424,4.992680706136397
899,5267.578125,0.536327988790239,2.2217456283518904,3.2339422402030755
900,5273.4375,0.5587285798400824,2.9835582647212715,3.52865142331363
901,5279.296875,0.6897980474060775,3.213925958415424,3.210931663589548
902,5285.15625,0.18939732396388276,1.0655143205158222,3.1225062029432737
903,5291.015625,0.6079271213863677,2.903794738659407,1.8934068903288914
904,5296.875,0.7158615669485097,3.554213806847355,3.684186003766155
905,5302.734375,0.424137645923616,1.7842839090830638,2.150102694801142
906,5308.59375,0.5859759840729758,2.91765902046981,2.3495731104072943
907,5314.453125,0.3909063816449523,1.7722488001342032,2.2052574523406148
908,5320.3125,0.24458094608781994,1.2235833250884995,1.6456430624203484
909,5326.171875,0.7392152927195411,3.039176679227335,2.597341904195796
910,5332.03125,1.0869489322783568,3.451104846062907,3.1542985395683107
911,5337.890625,1.0000180593931216,2.6208749178772113,3.659434505234821
912,5343.75,0.9819630278340813,3.3996884831917438,3.1713843311764176
913,5349.609375,0.9216978840863369,3.0564635066852146,2.5267563139855884
914,5355.46875,0.9482031177377747,3.3365016948313633,2.1751518280419706
915,5361.328125,0.7923545378972889,3.5361797589155857,2.900255509215772
916,5367.1875,0.7821010404857649,2.865143456161265,4.149838853376809
917,5373.046875,0.8352415907018609,4.522854889394765,3.1759629407363437
918,5378.90625,0.2769917796905526,1.5939186393006772,2.2096943317887328
919,5384.765625,0.4590451710253871,2.302117408501679,3.2228886292685237
920,5390.625,1.073944971290387,3.952561116593184,3.5550979778207963
921,5396.484375,1.3029781668177605,5.9286121850743525,3.9443001624781417
922,5402.34375,0.6932141464960491,2.8889696876056568,2.745325077466314
923,5408.203125,0.7402672005046808,2.3866213030981642,1.6522446000717936
924,5414.0625,0.5239886341336208,4.186622848719247,3.9414434414383006
925,5419.921875,0.3765587486599807,2.1583983279674945,1.6991429685139217
926,5425.78125,0.7947199336950056,5.277024027193933,4.381551650328221
927,5431.640625,0.9798398276729221,4.2363254339034615,4.119720757479064
928,5437.5,0.9253373320253708,2.3479023558711845,3.3724611936272963
929,5443.359375,0.6397477474735128,1.6910645407000973,2.6895115194376817
930,5449.21875,0.2987778725287194,0.8917294784511851,1.9172001110877557
931,5455.078125,0.6872486600411719,2.039665598554319,2.726070544642827
932,5460.9375,0.9563530515732237,4.804764813117725,3.777633836167379
933,5466.796875,0.8058853424186292,2.7581358727076424,2.3230818960742208
934,5472.65625,0.9137496754577753,2.13055224589252,2.7851309508672246
935,5478.515625,0.4503980584003034,1.856555053540129,2.1562538032094682
936,5484.375,0.7825634973032952,4.285044572833617,3.021877260938909
937,5490.234375,1.2062851998409982,4.851251937445897,5.578683633058788
938,5496.09375,1.314615579786276,4.297761803432393,6.392807290670522
939,5501.953125,1.0534026297697223,3.1960830608894604,5.095916860131692
940,5507.8125,0.6781252642822102,1.4885628878662354,3.0675006001551215
941,5513.671875,0.3844008232661681,0.7932403408670597,1.822732996410941
942,5519.53125,0.45133515386635836,1.250881067479194,2.325669440790256
943,5525.390625,0.4808130419395781,1.929930310092391,2.894582127201317
944,5531.25,0.6974122282608886,1.8783117770024995,2.8747281488598997
945,5537.109375,0.37690436862840826,1.0956078281725263,4.701792703045701
946,5542.96875,0.6749169048132578,2.7137324459910057,1.735666262116477
947,5548.828125,1.6005110551960366,5.30133871984116,3.9956143133347055
948,5554.6875,1.146376241072219,2.540936572832055,3.678221349365491
949,5560.546875,0.9598173822342837,1.809018593602946,2.34731714374472
950,5566.40625,0.6506182587612271,1.2544608133333053,1.5489381836057428
951,5572.265625,0.4466115658117791,1.3982846359765513,1.54795983819306
952,5578.125,0.5834831818340085,2.4066780385964748,2.004698778391322
953,5583.984375,1.0296750787083067,4.304147628628551,3.586237347093967
954,5589.84375,0.9663899641980429,2.612659341990209,2.764799201792423
955,5595.703125,1.3402961963051654,4.898586283068037,3.9138260067779127
956,5601.5625,0.8432125199597835,3.151755143527553,3.182331785328568
957,5607.421875,0.22737538950531871,1.4247594695042392,1.9166020125980803
958,5613.28125,0.9250427477500052,3.233128002697576,2.8976246125235323
959,5619.140625,1.0049040056413456,3.0267189208047425,2.2613464570990276
960,5625.0,1.1274269017556653,3.3781654108097428,3.0173175735412876
961,5630.859375,1.5496348524738108,4.104178015425707,4.035300678443371
962,5636.71875,1.5509559292113213,7.536716377640732,5.7300086156379715
963,5642.578125,1.3414353128460565,4.717031220861006,3.222142415357973
964,5648.4375,0.8707566331334036,3.929741702052287,3.394598402156447
965,5654.296875,1.1544276146079244,5.086198373150437,5.857510443638066
966,5660.15625,0.9522955853024002,3.106382321625742,2.926623282319443
967,5666.015625,0.5549302943394804,2.115719209522679,1.5572339180620114
968,5671.875,1.296465979486092,5.317682485016326,4.010640478605002
969,5677.734375,0.6517105225009378,1.6586691283950783,2.245065617101874
970,5683.59375,1.7125555806128923,5.4285516781225995,4.453823028791345
971,5689.453125,0.9298863438175388,2.5783012767528595,3.24964785368254
972,5695.3125,0.8952001860697977,2.1797486635686587,3.833337215235957
973,5701.171875,0.873028359607168,4.243568155950638,2.832585081572609
974,5707.03125,1.3220535077696074,4.967002207868184,4.225236553131816
975,5712.890625,1.2535006339068522,4.03221870225915,3.2000094933087464
976,5718.75,1.1797650882642017,2.9299742579218915,2.5913010615497787
977,5724.609375,0.7767569439673959,1.6376820604365112,2.337331728048667
978,5730.46875,0.8927951542731134,1.6729289398625404,2.44294827662039
979,5736.328125,1.221232671890719,2.9927817619408303,4.373042956876555
980,5742.1875,1.224746211000877,1.9331130553508564,3.1126058571396875
981,5748.046875,0.8968606638788345,1.9626737935667076,2.6436397788872017
982,5753.90625,0.6749662880799664,1.4883593678723297,2.33263345357074
983,5759.765625,0.9558882753975402,2.0416198692689194,3.005741937929309
984,5765.625,1.3151836851463619,3.257523565942531,3.1991139075327215
985,5771.484375,0.9787799044947205,2.178757788475895,1.489319048483627
986,5777.34375,0.8392755939594038,1.6363667488933362,1.9930779152372473
987,5783.203125,0.8214712000929426,2.5351374040795545,2.5560191851590783
988,5789.0625,1.7243463520422868,4.926493243824783,6.688023793280487
989,5794.921875,1.9023965940683678,2.6763416779602784,3.0225981501472527
990,5800.78125,1.3159981862258967,3.284287036646221,3.4541328655236208
991,5806.640625,0.8780585362956673,2.16931583973903,2.963662047361989
992,5812.5,1.3906922148629624,3.0722529999922585,3.7124749432263653
993,5818.359375,1.6173332926800232,3.392913162930145,4.243974284492941
994,5824.21875,0.48548322648172193,1.3108348373283172,1.5130086085428645
995,5830.078125,0.329988827157247,1.2102851918083077,1.6146891325276143
996,5835.9375,0.6333797281344653,3.468061289827828,3.437048349121488
997,5841.796875,0.585465924103562,2.2791420051573583,2.2719432894190796
998,5847.65625,0.8336945697189118,3.7311023409699215,3.6205782192835665
999,5853.515625,0.9220447542649359,2.301491722143876,3.053106327266656
1000,5859.375,0.34278340648953964,0.9166649729370315,1.2070993459167116
1001,5865.234375,0.17281247637521374,0.75,2.849906113834036
1002,5871.09375,0.7970224309685254,3.5354163992170804,2.559574339609788
1003,5876.953125,1.2301428523246027,4.181032261195777,4.6008376042762364
1004,5882.8125,0.8872453903893127,3.194510287486625,2.391737972053358
1005,5888.671875,1.085448192164246,2.2359272611890737,2.4519042472120622
1006,5894.53125,0.7453993563159698,1.7729932445538537,3.5848549447442895
1007,5900.390625,1.7897068446317128,5.941426932126288,5.9327270037571305
1008,5906.25,2.165842975139953,9.0489861737612,6.8960634733860795
1009,5912.109375,1.5983970111089532,5.096479230725857,3.80325835624605
1010,5917.96875,1.193272519795451,4.0737032426973165,3.5791203346962535
1011,5923.828125,1.1197782272324799,2.468436785100939,2.7237443057406883
1012,5929.6875,1.0400164198247073,3.047605594925386,2.7185615546601167
1013,5935.546875,1.5689081607810758,5.53843807270968,4.550316260695449
1014,5941.40625,0.7893131785245971,2.643989232829545,2.0300252868437663
1015,5947.265625,0.5552549441279159,2.2906458681680055,1.7147102626148996
1016,5953.125,0.8258666818399559,3.579055735056197,4.003493905403048
1017,5958.984375,0.399791526766773,1.5897183577097664,1.8695613112661547
1018,5964.84375,0.7932391432702758,2.6258337443668287,2.2578367696893498
1019,5970.703125,0.5627894347912562,1.6052985507317294,2.0491747791865778
1020,5976.5625,0.3428105996268032,1.6108767129151471,2.405678903355565
1021,5982.421875,0.4261005886037711,2.1391484835484817,1.8169487126429218
1022,5988.28125,0.536530148260049,2.6087726170592997,2.05657628790341
1023,5994.140625,0.4189478901824976,1.3580921320048134,1.846436228506233
1024,6000.0,0.8860792556159994,3.02433833827409,2.8360471501226887
1025,6005.859375,1.2998254917498036,4.185042739748426,2.7480575483674303
1026,6011.71875,1.4641961963903605,4.069454109687046,3.289982785315847
1027,6017.578125,1.489961583338106,5.696536934040873,4.63226017462061
1028,6023.4375,1.2702180064207633,5.403466069590247,4.088422902495499
1029,6029.296875,0.935221456904062,6.875795612700884,3.1069508250135214
1030,6035.15625,0.6837325453853615,2.9155782721237684,2.067589546362409
1031,6041.015625,0.38699284703300113,1.3109895746956157,2.16496269692652
1032,6046.875,0.8316003870706009,2.5685455193808564,2.3308150324261163
1033,6052.734375,0.7268674490540861,2.8221023207819256,3.313094970979945
1034,6058.59375,1.0456873297541582,3.3858774545490844,3.202505926147299
1035,6064.453125,0.8475562482873251,2.3480937417642345,2.920511186448027
1036,6070.3125,1.0641178538768166,2.5669402784132895,2.4566111684829903
1037,6076.171875,0.3509981222171404,0.75,1.4956979983135403
1038,6082.03125,0.5912626603693211,1.2632835689917639,2.0937652256239945
1039,6087.890625,0.5286166224529493,1.4233661119021486,1.2249854376505116
1040,6093.75,1.3231974396096675,3.803729360431114,1.604136744421528
1041,6099.609375,1.4653103516924695,3.6409766578757825,1.8039743413064937
1042,6105.46875,1.2203834906478341,3.9329580751178232,3.0525836741995445
1043,6111.328125,1.0998465651910614,3.468569706087683,3.6093789102723175
1044,6117.1875,2.1956816273563655,3.759070470984791,3.3930510059480103
1045,6123.046875,2.440182747732287,4.552020835508248,5.15200911513486
1046,6128.90625,1.7608539599608275,3.0166324430128504,5.430182523350538
1047,6134.765625,1.661273030191523,3.384817441453824,4.070730868842405
1048,6140.625,1.895916706708309,6.829560791175857,4.5373016182509085
1049,6146.484375,1.881625541787617,3.4961360918477995,3.624303061817922
1050,6152.34375,2.8917140990253314,5.154395813817025,4.1822742951124035
1051,6158.203125,2.4038795623011,9.334063440065954,6.81276606671369
1052,6164.0625,2.483513121390074,8.838796780920188,8.270826498436216
1053,6169.921875,2.5290547592187456,5.173180053202364,6.792671417768207
1054,6175.78125,1.491515858296392,2.9550081172501526,3.683274429596246
1055,6181.640625,0.5535873544590016,1.2637810880530915,1.1089500032285131
1056,6187.5,0.9785228506471997,2.496139910048865,1.8185170192043085
1057,6193.359375,1.5887754469914543,4.54139017328416,3.1489754308115634
1058,6199.21875,2.6401501228038278,6.862733829445072,4.493525560617384
1059,6205.078125,2.475404941292324,6.6661908800697525,4.412643427676768
1060,6210.9375,1.8404579332144628,3.188291270068895,1.8373828974616297
1061,6216.796875,2.2947762616739067,3.2469189276201025,2.1779508018873712
1062,6222.65625,0.8641218416064299,1.1761137176920569,1.5611303073962848
1063,6228.515625,1.9863493388559266,5.961930657255678,4.741972597008797
1064,6234.375,1.0419868473265572,2.777633140557514,2.6459677050849457
1065,6240.234375,0.7561421545301515,2.0001781602519966,1.4779162263160348
1066,6246.09375,1.4396657209586734,3.7324615914314743,2.2811870242311945
1067,6251.953125,1.6893735326015749,6.049693274748167,3.909553660118337
1068,6257.8125,0.820204038714087,3.1772450593611152,2.1235304273310702
1069,6263.671875,0.05918507591717332,0.75,5.482916679637066
1070,6269.53125,1.1644950028194354,3.7868638211518055,2.943409151857643
1071,6275.390625,1.5760589436806052,5.159557175434826,3.974840137391003
1072,6281.25,1.453256245573944,5.2390406119492425,3.578045296763313
1073,6287.109375,1.7757263662672564,3.20487077744468,2.188003797706662
1074,6292.96875,0.9347113514106716,2.1903902176769536,1.2105564427966728
1075,6298.828125,0.5211069589312596,1.1789714779137976,2.989096470916688
1076,6304.6875,1.3380267581646523,1.8725512286731532,2.9499212818381864
1077,6310.546875,0.7098558807085251,1.4849072967575354,2.74182480256203
1078,6316.40625,1.0500608976950987,1.6646157451871804,3.6597390576451714
1079,6322.265625,0.761485095340692,2.0618700199009967,2.5105394811245834
1080,6328.125,1.2559659488366675,2.6076728300365324,3.3144499369390887
1081,6333.984375,1.732753741802178,3.840394849073183,3.334447634048819
1082,6339.84375,1.7318245262905343,6.862682393401421,4.568024195592587
1083,6345.703125,2.1743545309858585,8.260226285232088,5.31394090678515
1084,6351.5625,2.3002418014600114,6.558596895149481,4.323862774909686
1085,6357.421875,1.757383773203668,6.976273810070289,4.863617023506828
1086,6363.28125,1.3123396484188756,3.6882142745746886,1.8518605920404068
1087,6369.140625,2.2140813710024956,7.92467878105348,5.7939692945487895
1088,6375.0,1.938533542436617,3.8576689723207895,4.550064030638298
1089,6380.859375,1.8502207971361881,3.518215447911899,4.644204536505634
1090,6386.71875,1.4922605302655116,3.3212282689770825,2.2672603075042037
1091,6392.578125,0.6981474998734735,1.1967644696395328,1.9502594622818823
1092,6398.4375,0.392806099326091,0.75,5.089128288375018
1093,6404.296875,1.2152795654035866,3.1008261534942374,4.57692040042049
1094,6410.15625,1.7216244788340451,5.50746424595161,4.6798804894367825
1095,6416.015625,1.658351767603772,4.0797424282906904,4.668951351935352
1096,6421.875,0.6472347114167822,1.845448219361421,2.4270743006103412
1097,6427.734375,1.3057381096012282,3.6284772414964053,2.1948178431351812
1098,6433.59375,2.1884198686601977,4.867630781962528,3.631746326423885
1099,6439.453125,1.2919765692686296,4.828849875754913,3.8061670333152398
1100,6445.3125,0.8450918864948757,3.3786044313801975,2.676521005211165
1101,6451.171875,0.5236264691856598,1.9378355535578473,2.448641103062291
1102,6457.03125,1.1460860422877996,3.0254111334392952,3.835138557802396
1103,6462.890625,2.1781918632456256,5.015509213659606,5.619265671415146
1104,6468.75,2.395389661039119,6.980122215058664,9.94159413557439
1105,6474.609375,2.665974462150761,5.559386325866955,9.340428896912275
1106,6480.46875,1.9670950374755718,5.220443911228512,5.96127956708726
1107,6486.328125,1.5282368445746009,5.270055181860421,5.668726692782062
1108,6492.1875,0.8193381158532604,2.890520741322517,3.2652740323200473
1109,6498.046875,0.7942821520792238,2.1204950324224794,3.4638634790371396
1110,6503.90625,0.4591481064588851,1.3087498576124688,2.423565096116435
1111,6509.765625,1.4429444540122507,3.186918252161325,4.805297925801703
1112,6515.625,2.097774092512805,3.3782421945000176,4.255343291699037
1113,6521.484375,1.8079112745781885,5.052917728162788,5.906896856767145
1114,6527.34375,1.8620402690114435,3.7658868488315864,3.2541875555982953
1115,6533.203125,1.9043240271757176,6.553663799398317,7.1638700793621295
1116,6539.0625,0.9013928384200621,2.785042613017035,4.206336120630865
1117,6544.921875,0.24507529529768188,1.0438141613803023,1.5854174749128511
1118,6550.78125,0.9776831960253335,3.46632890702241,3.3136228281218703
1119,6556.640625,1.835561854742499,3.3581091158780203,3.515553385167388
1120,6562.5,2.1201604390301867,3.738371065207763,4.473950037695586
1121,6568.359375,1.0708222511043264,1.676462500505243,4.191834581307353
1122,6574.21875,0.9838342920678399,2.425688373284757,2.6055793544641617
1123,6580.078125,1.1517254158206447,3.3330533554499815,1.8941355252181826
1124,6585.9375,1.4088977259650095,4.903871337109697,2.983551466338176
1125,6591.796875,1.393434843907043,4.387899037349585,3.576864131515775
1126,6597.65625,1.4401265766342657,3.614599943655433,2.6714541180431786
1127,6603.515625,1.7502428492630209,8.312153197470746,5.471427683706198
1128,6609.375,1.6387850404767177,6.448345711868125,3.9867343776497255
1129,6615.234375,1.1873948971406811,4.867700214611618,3.6376510640871524
1130,6621.09375,1.0748169480850958,3.6649932754242096,2.6864212759997437
1131,6626.953125,1.4617542762616025,3.7455699884808866,3.3487972852889243
1132,6632.8125,0.9058016328301259,2.623511211680146,2.030712720984547
1133,6638.671875,1.7753733014511595,8.469853550514776,5.568626611728807
1134,6644.53125,1.2611143307429828,4.1087372112566385,2.3559009229454673
1135,6650.390625,1.4297358954851913,5.5904085666774535,4.690511056016648
1136,6656.25,0.9099703725433873,1.7965210326778482,1.2521491031364005
1137,6662.109375,1.0220286973255226,3.0295800914414164,2.946296205028503
1138,6667.96875,1.0406202699738518,2.7952705665199535,2.4854494629410016
1139,6673.828125,1.3376665733140152,2.9831085785500044,2.2945909561920765
1140,6679.6875,2.0131016700434294,6.6597590589548386,5.809058085916933
1141,6685.546875,1.8795732255253086,4.975604264517307,3.751845804346755
1142,6691.40625,1.2779178362395163,2.9191152284865622,2.546614836985106
1143,6697.265625,1.6870283583143653,4.322214008153052,2.9383713270764953
1144,6703.125,0.5155940395007828,1.084194341155977,2.0268519967201786
1145,6708.984375,1.122558177669768,3.1843588814573676,3.35349365619016
1146,6714.84375,1.423600606567876,5.781225684433256,5.511345947368981
1147,6720.703125,1.4545850465361454,4.331986604789914,3.529406543212631
1148,6726.5625,2.101412614786135,8.66142488736927,7.564785111618757
1149,6732.421875,2.4715190162184912,7.3670636914012615,7.522589822532348
1150,6738.28125,1.9452387429850806,5.987716869788301,5.074890564532207
1151,6744.140625,0.8195311011887679,2.8171557599092063,3.002525476972127
1152,6750.0,1.5083961574372784,5.460114819251032,2.7441034571967036
1153,6755.859375,1.2042561569259869,2.6004090744128794,1.9466959914191515
1154,6761.71875,0.6260539933597917,2.223416430777969,2.109482739461847
1155,6767.578125,0.3553860641870345,0.897586378214721,3.110472928504195
1156,6773.4375,1.275350732731273,2.865071636248362,2.91400601107765
1157,6779.296875,2.031554829261097,4.126672815368468,3.279725597228509
1158,6785.15625,1.6852194353907923,4.325009959871698,3.432199552568403
1159,6791.015625,1.8486724654762163,4.987882981859052,4.938529357702482
1160,6796.875,0.8815638105330742,2.614799998651203,2.275536776756671
1161,6802.734375,0.5364900979973145,1.3665174670217812,1.5502598997582553
1162,6808.59375,0.7784007945321872,2.1922275217973057,2.5175239313341145
1163,6814.453125,0.8847310432052264,1.8367972598052176,2.243199384620134
1164,6820.3125,1.8331770103508176,3.484850067067213,5.311056652811869
1165,6826.171875,1.5662146041532563,4.316089011310507,4.415125835969871
1166,6832.03125,0.8769666183689689,2.68767553126062,2.1956004035726084
1167,6837.890625,0.8278132814154563,1.5629394520138535,2.0158143431201134
1168,6843.75,0.18462953397545037,0.75,2.643501864666673
1169,6849.609375,0.720897643678149,1.4947063157838238,1.6336969139656552
1170,6855.46875,0.7676203053266224,1.7369452101046758,1.4802695806559207
1171,6861.328125,1.298902008549642,3.3918170033752784,3.724932036697073
1172,6867.1875,1.5234324192553603,4.902509777972352,4.471886147647636
1173,6873.046875,1.5013314336740264,6.318753469528145,5.585420835002613
1174,6878.90625,1.2094330462955278,5.187922641973476,4.876173487410611
1175,6884.765625,0.8316328603073784,4.188912516255836,3.981153124454052
1176,6890.625,1.2599747873989071,3.5041896668955186,2.119825127066527
1177,6896.484375,2.525133521662799,5.794227284292072,4.773763520766955
1178,6902.34375,2.7558546125995345,7.411609941806572,6.8474352507576235
1179,6908.203125,2.560614318765001,10.107663774283907,9.162553739909532
1180,6914.0625,2.217530340877026,9.74227970725455,7.9643877397253195
1181,6919.921875,1.7681638967835456,4.695643677580783,4.164165578333863
1182,6925.78125,1.3924422644481527,3.263742878275675,4.332500314780034
1183,6931.640625,1.4187083458434404,3.3373524574490148,4.760329292162326
1184,6937.5,1.6030814817193288,4.4690665944727055,4.979622955766175
1185,6943.359375,2.5970243066214045,9.537686422992795,8.845891410953604
1186,6949.21875,2.0536383373446774,7.195841371071659,6.419167334763701
1187,6955.078125,1.5583046447067876,3.5398948638733687,3.864781893460654
1188,6960.9375,1.7898888013739405,4.512920485518903,4.000485872454173
1189,6966.796875,1.5855155481820633,5.005298443201391,6.939010053977874
1190,6972.65625,0.9522765935514196,3.4299851909219154,4.680769644101811
1191,6978.515625,0.9654876326776057,1.9957874602866996,2.321754038417412
1192,6984.375,1.9981131302231987,5.041107945212103,6.470974738591249
1193,6990.234375,2.198117994446617,5.959367088698569,4.9424901172196956
1194,6996.09375,2.353599624925081,8.658484634217174,5.841160267059294
1195,7001.953125,0.8890670856398831,2.286330040591636,1.9254982583768692
1196,7007.8125,0.9195655630303625,2.425539080666678,3.18774638836061
1197,7013.671875,1.0582611817442318,3.835074606806945,4.250430272460959
1198,7019.53125,0.5330315470591822,1.9694099028776053,2.490198773559624
1199,7025.390625,1.1056568041998944,3.8121075669803695,3.0963459513867244
1200,7031.25,0.8843210445134846,2.7017856433902088,1.685203969971231
1201,7037.109375,1.8290456521941636,3.351776442687889,4.179217135137102
1202,7042.96875,1.7141702166234922,3.920301539872823,3.463509313446887
1203,7048.828125,1.8266055582171583,7.309610147266869,4.270830051680724
1204,7054.6875,2.247800630352234,10.072943105353755,5.695409726251403
1205,7060.546875,1.45161315111717,5.482950290520524,2.9914211607066625
1206,7066.40625,0.7954821595412732,4.050733744076434,2.741627105626484
1207,7072.265625,0.872666137260819,4.490535476124833,4.437283188561253
1208,7078.125,1.9848678348378592,7.865932805695598,8.582244028137378
1209,7083.984375,2.417737420941037,7.246890874326215,8.492493042997543
1210,7089.84375,1.9057791347167887,4.236067424014388,4.689773094186783
1211,7095.703125,1.5835116322814746,2.72346755490144,3.968458217993381
1212,7101.5625,0.9396601829318874,1.5088744310210263,2.534343808731698
1213,7107.421875,0.936001045871767,2.517175916107135,1.5252604284652855
1214,7113.28125,1.225348248400424,3.539663839938439,2.8733778483716135
1215,7119.140625,0.9782555622223921,2.030981233632255,2.9511638049265962
1216,7125.0,0.32705643180373106,0.8831924856178737,2.6130094477672188
1217,7130.859375,0.45161503670154407,0.9891744474770614,1.4084007529960272
1218,7136.71875,1.0474352616698772,2.4527285158053016,2.8693425997027857
1219,7142.578125,1.0460070874709557,3.7538464812608945,3.606706176210999
1220,7148.4375,0.9216365970211686,1.743758764978545,1.3276292498967703
1221,7154.296875,0.27023342041322185,0.75,1.4823543335900953
1222,7160.15625,0.577737546156861,2.261103318656035,2.5980651433016266
1223,7166.015625,0.3703540680647309,0.7531369614608139,1.870253513147958
1224,7171.875,0.48093293058828723,1.7670109711514117,2.4965803673344173
1225,7177.734375,0.43957192827501296,1.3137762136429263,3.5480104947569147
1226,7183.59375,0.19529683184639185,0.75,3.1288260967687758
1227,7189.453125,0.6536831906141279,1.6592382742173917,3.012711183374053
1228,7195.3125,0.7931340640390293,2.2445809409958395,2.531633903224474
1229,7201.171875,0.6070901623509902,1.9444921204114767,1.9755061126836362
1230,7207.03125,0.7523164751815836,1.904246091239444,1.796794778535584
1231,7212.890625,0.9834519608611444,2.7247918818268957,3.5109035487201767
1232,7218.75,0.5772888366891978,1.9790218036367226,2.199313671236653
1233,7224.609375,0.8009978451876402,2.204028066353826,2.889539713336019
1234,7230.46875,0.9469748495173211,1.8532043777580403,2.215392234075781
1235,7236.328125,0.44608863737677223,0.75,4.191059442136983
1236,7242.1875,1.3149776211575186,3.1793645828555395,2.3440457990561283
1237,7248.046875,1.0559443698770021,3.2952907313080035,3.0797108170818426
1238,7253.90625,1.452528297726235,4.293856096714045,4.846436083178001
1239,7259.765625,1.1603933057241171,2.566467963820477,3.5123960120901163
1240,7265.625,1.3131969968973252,2.4881826682697885,2.2616903110617312
1241,7271.484375,1.0075307242241152,2.384279790807601,1.9859686961922651
1242,7277.34375,1.8657349169875561,5.559689197422376,4.322874132888313
1243,7283.203125,0.7523913662251203,3.1274792824058126,2.8728798452636126
1244,7289.0625,1.0368616104854869,2.9192382083673207,2.3478678917055427
1245,7294.921875,1.3645799868997186,4.566117542259118,3.4431507332641442
1246,7300.78125,2.272127806099672,7.790895316790951,4.852340740096743
1247,7306.640625,2.0765267287572886,7.067169601349425,6.252689110395708
1248,7312.5,2.094879269188556,6.382716272437589,6.557592438314527
1249,7318.359375,1.100953602965216,3.9949311700307986,3.8528459490044527
1250,7324.21875,0.7229329981278177,1.3564142868338445,2.322728328370667
1251,7330.078125,2.350970594458814,4.066000384951276,4.476491123992671
1252,7335.9375,3.0184905858502917,6.259842271022583,6.316802834441896
1253,7341.796875,2.158436200216126,6.614163196342181,5.243178407349718
1254,7347.65625,1.0805664372072754,2.796856298310105,2.5025589804652713
1255,7353.515625,2.02566608210608,5.850044919361451,3.6502743349942572
1256,7359.375,1.6893173218483086,5.396869608414522,2.8747222424589793
1257,7365.234375,1.3757005346499829,5.341510067903595,4.924219300761952
1258,7371.09375,0.6464969382707488,1.8359258238987997,1.9549044714830999
1259,7376.953125,0.6803571568026254,1.5751292467109876,1.6730011237887226
1260,7382.8125,0.9269288023700801,1.8504241700788044,2.076608991327425
1261,7388.671875,0.6837301940157736,1.787897726584017,1.723715675676372
1262,7394.53125,0.838692377686538,2.064611879090879,2.2542921531476456
1263,7400.390625,0.5750622951464337,1.3350583497578157,1.7750397749468876
1264,7406.25,0.513015232755141,2.1266443839071183,2.5874612865729136
1265,7412.109375,0.9999125459735159,2.5530411181516053,2.0642085047006344
1266,7417.96875,1.0351577853219083,4.025642340621324,2.985379678246342
1267,7423.828125,0.7313462631457005,1.9357552067411214,2.030254603033464
1268,7429.6875,0.6438028835266273,1.9085461907412895,2.055804834736237
1269,7435.546875,1.0092820381678118,3.1814739238979923,3.2307502908546324
1270,7441.40625,0.8274630668364295,2.1118841371423964,2.3996675893380797
1271,7447.265625,0.806357414849758,1.9297810483691713,2.3995695791115095
1272,7453.125,2.2273203511225965,5.46727803963939,4.990311180995101
1273,7458.984375,2.2916887252672815,5.592460981081874,5.271131097300947
1274,7464.84375,1.7858026465479069,5.858072876978067,5.542106850105098
1275,7470.703125,1.7018100958766071,4.047551752195215,3.7435077072426473
1276,7476.5625,1.3853266130111013,3.4459591174388002,2.41271518291195
1277,7482.421875,1.259619807046578,2.5682559180172433,4.806318490912331
1278,7488.28125,0.8297531547942705,2.1214687825900724,3.75173964662337
1279,7494.140625,0.698048303504157,2.9093305701079504,2.378523178079428
1280,7500.0,0.9944019449907298,1.7419358185185505,1.309516309619331
1281,7505.859375,1.1702794696494192,3.9035175707587957,3.1959547645198887
1282,7511.71875,0.39663321238603183,0.9625360876499247,2.297670522721267
1283,7517.578125,0.9241623355667729,3.2169610554123826,3.8980281649397623
1284,7523.4375,0.7943174477135062,2.388546862197805,2.002419891967981
1285,7529.296875,0.792194543305194,2.591395457644758,2.6038668997325014
1286,7535.15625,0.3343815770814788,0.996264719458,2.4064566461289556
1287,7541.015625,1.1619386509258072,2.8992671770932317,4.287524109444702
1288,7546.875,1.5332281182844563,3.798297821008166,5.228955467288524
1289,7552.734375,1.979676568207319,7.851613853765382,5.265813186080412
1290,7558.59375,1.9799628577897657,5.805726207064147,6.2359088176110475
1291,7564.453125,1.6211112845569091,4.506992287542834,5.436581479959081
1292,7570.3125,1.1667205727866938,3.274442161964749,6.159806515885178
1293,7576.171875,0.3783315083477485,1.8463809826229265,3.3550595993804895
1294,7582.03125,1.0516655441948042,4.7251737480027725,3.0433169366592736
1295,7587.890625,1.2341823526684752,2.6913662857102465,2.9864985120713774
1296,7593.75,2.5519551429962744,4.984245279222835,3.8484035568023693
1297,7599.609375,2.4242434334241216,5.165585941419409,4.649484968583087
1298,7605.46875,1.8154435133313915,6.077465442715645,4.927887972872068
1299,7611.328125,1.8857920859750517,6.596060512787139,5.072790211870251
1300,7617.1875,0.6104769351799236,1.513237166736094,1.4992377907612615
1301,7623.046875,0.2672789973123705,0.75,1.5535072261192435
1302,7628.90625,1.4396696144432917,5.870854434100627,3.6513554409861464
1303,7634.765625,2.2738356290940165,5.338010700042609,4.328280885465539
1304,7640.625,1.5455624130515941,3.974619249818941,4.2910886507452455
1305,7646.484375,1.5555739371510162,3.1176994799621336,3.7529058617312
1306,7652.34375,1.9800223240881363,3.989214340280783,5.572084916598872
1307,7658.203125,1.5163746200607984,3.1325993865370396,4.438620307949616
1308,7664.0625,0.5690168810373474,1.3304344865730564,3.0430686656167945
1309,7669.921875,0.41802281084251997,1.8114153500446548,3.439503553215175
1310,7675.78125,0.7509850501866289,2.216516557435999,2.219042988141024
1311,7681.640625,1.0985097455848924,2.254792023357864,1.7947385641010285
1312,7687.5,1.4137963275213272,2.543893466647414,2.410879813376258
1313,7693.359375,2.9098193578217657,6.191555605694452,4.163551578676352
1314,7699.21875,1.727438356939176,5.708881304764503,5.2449767896658654
1315,7705.078125,0.8949841702921002,2.042484242925526,1.8567521558422728
1316,7710.9375,0.9097277684783333,2.394781400744047,1.2415295201380947
1317,7716.796875,0.4166007121473705,0.9526790861032083,1.1126073494887885
1318,7722.65625,1.5039215723256691,3.740075216601283,2.996318325648663
1319,7728.515625,1.8739517995393506,5.47103179664881,3.117441164223877
1320,7734.375,1.7688385356829277,3.7357903766650855,3.228129388274777
1321,7740.234375,0.24001954493149097,0.75,2.6667744513878664
1322,7746.09375,0.8127953732183307,1.2370383687814037,1.5357693673032469
1323,7751.953125,0.4996206461502943,1.1541469441744427,2.263281287765628
1324,7757.8125,0.7393821311350133,1.2239437132940005,1.3893293708717973
1325,7763.671875,0.402530983030544,0.75,4.110514419378176
1326,7769.53125,1.1005610120800478,1.2898236636234812,3.9473706978697978
1327,7775.390625,1.4009963591479118,1.7045776746065027,4.091311818027506
1328,7781.25,2.1870662277658535,2.4847300592157286,4.058567124604546
1329,7787.109375,1.1511749953215873,1.8633659515115812,3.435740688698969
1330,7792.96875,0.27059691495001986,0.9190626615095089,3.6188150359314553
1331,7798.828125,0.925730328084628,2.146454357497785,2.355954802258715
1332,7804.6875,1.1519546149688966,2.3538822968566615,3.8230678284795037
1333,7810.546875,1.5692579933686575,3.543146901839055,3.6870315104095805
1334,7816.40625,2.409251849306022,3.914360198311198,4.385745484408957
1335,7822.265625,2.440394563093681,4.820556202792316,5.19398856976749
1336,7828.125,2.335033222678373,3.9973616611173233,5.98754396563605
1337,7833.984375,1.2042219976270616,2.298693869293009,3.812853973742172
1338,7839.84375,0.06026953002093754,0.75,4.718176766761402
1339,7845.703125,1.0986980094493648,1.8395802803988648,2.3413778089820587
1340,7851.5625,1.2104403827393884,1.5031933644327449,2.733525256050785
1341,7857.421875,1.19714788246356,2.3403887486523134,3.5782634107237836
1342,7863.28125,1.609364194437027,2.1983339712049745,4.323086880077104
1343,7869.140625,1.9872474009502799,1.9654892980522314,4.210477576974479
1344,7875.0,1.9915513410116403,2.956580845276001,3.8493792730555434
1345,7880.859375,0.8008756235758782,2.061404093469009,2.4150889406246563
1346,7886.71875,0.8123117850021617,1.6927551842189206,3.566143191747354
1347,7892.578125,0.873807824384502,1.7086299044183426,2.537759642848036
1348,7898.4375,1.427135215649189,3.1317278767052414,4.131684997216297
1349,7904.296875,2.06809927686479,3.378424611724598,5.616788623702675
1350,7910.15625,2.1405242517252043,4.51958709960913,6.92634513848623
1351,7916.015625,1.6083500252692569,2.9228649421111945,5.32364208657481
1352,7921.875,1.3097461612848487,4.577705436155845,4.882126880774259
1353,7927.734375,0.5561246144327516,1.0671736353216095,2.442572700946674
1354,7933.59375,0.8063621962272037,1.2265744240714405,1.5233240964521029
1355,7939.453125,2.5967497160891,3.021027079345565,4.159895052518718
1356,7945.3125,3.331763543706237,4.500998649039498,6.5036840287920805
1357,7951.171875,2.674088892745624,3.6189023622665157,4.887866340362361
1358,7957.03125,1.9132279921544804,4.969021723812636,5.902541597713376
1359,7962.890625,0.5379690780638242,1.550740809044203,4.188699708252703
1360,7968.75,0.7137838251492078,1.4878528835531157,1.6470064453487432
1361,7974.609375,2.0838049740238698,3.000027701862418,3.9540130459781486
1362,7980.46875,2.506514541566091,4.475352615748659,6.609908318611255
1363,7986.328125,2.1495434135683467,5.772121693636813,5.366757877054659
1364,7992.1875,2.2508670004177485,9.220363351372454,8.362967556704696
1365,7998.046875,2.184228522563367,6.210380440022316,5.808321650144814
1366,8003.90625,1.8143752438468945,3.8578799548919136,4.382892122011191
1367,8009.765625,1.688909520968982,4.224098672220235,5.595626160612872
1368,8015.625,1.2442850112274986,2.388485984684239,3.5332014575881945
1369,8021.484375,0.3303022191108405,0.8680329367386811,2.349897585856066
1370,8027.34375,0.30496036532868265,0.75,2.419868700148489
1371,8033.203125,0.7882178743768052,2.03272231201818,3.551174422195039
1372,8039.0625,1.5673418266538843,3.457329383231645,5.563845674438201
1373,8044.921875,1.6336406798115404,3.6113014728042265,4.086763779835106
1374,8050.78125,0.7303631224951966,1.461394139041091,1.9513431020746368
1375,8056.640625,0.7339454014778694,1.6078326198113557,1.963345512525432
1376,8062.5,1.0001632500026434,4.045659360082801,2.7741179948193775
1377,8068.359375,1.1883477712145818,6.5639164506757055,4.597880869812936
1378,8074.21875,1.5104877942772912,5.632698575768437,4.7221533050973905
1379,8080.078125,0.7972134178367953,3.4523731928684587,3.2684970231650827
1380,8085.9375,1.137034354879756,4.427959252634958,2.438381937027289
1381,8091.796875,2.87953462411042,8.90838013242861,4.836627155610646
1382,8097.65625,2.481013245217381,6.052533200400598,3.97310929960067
1383,8103.515625,2.729583956697109,9.238893144866093,6.0604386265078505
1384,8109.375,1.749256652525128,4.984887757093219,3.9451668602779115
1385,8115.234375,1.5018396605871915,4.288279737236634,4.1174603472123685
1386,8121.09375,2.795719493832219,6.3537007215516015,8.082988932234597
1387,8126.953125,2.9814967077459933,5.140997462637716,9.254301972644978
1388,8132.8125,2.7263012107589937,4.471892036097846,7.023932089200528
1389,8138.671875,1.839330322877181,3.619430566401485,4.828512493996195
1390,8144.53125,0.7007540810818655,2.1124899800665173,2.693667192792449
1391,8150.390625,0.9207786836365137,2.0063355763270394,2.7553653886164025
1392,8156.25,1.7922135868784532,3.982720644333548,4.797792430843605
1393,8162.109375,1.2271768983075937,3.4205888790579095,4.829391933117931
1394,8167.96875,1.740659428267909,3.8407742141188743,5.995871854295757
1395,8173.828125,1.9224667828042246,4.456653401693513,5.3740772126677605
1396,8179.6875,2.203830503444556,4.235385387546206,8.746389017069657
1397,8185.546875,2.01875304802078,3.4774986705818414,6.893282147351576
1398,8191.40625,1.7543933997815107,2.676575677562446,4.910103370392914
1399,8197.265625,0.7837946377408385,1.2813828803654985,2.6074380264163888
1400,8203.125,0.8908118149565649,1.473721194513405,5.576180744072419
1401,8208.984375,0.4016583098238869,0.9566066546423326,2.195194509588785
1402,8214.84375,0.7904779508596156,2.755148812552771,1.7705746187142726
1403,8220.703125,0.9816223399857177,3.5948001076189913,2.8203566167063596
1404,8226.5625,1.0105463716909133,2.360847390986186,2.633419388183473
1405,8232.421875,0.2646670943282922,0.75,4.378212545945558
1406,8238.28125,0.4903798372611533,1.324886579796567,1.85824750185044
1407,8244.140625,1.3388014968409598,4.616893635223273,3.0679584554235038
1408,8250.0,1.788219814264048,3.5005356678017066,3.2359598950558794
1409,8255.859375,2.1151822737063326,6.261703609423857,4.799105118296478
1410,8261.71875,2.085442031460523,4.597386394699397,3.2345487583448143
1411,8267.578125,2.1109448540335363,5.437280528040621,4.291380414418185
1412,8273.4375,1.0617602833923432,4.059702589490461,2.418361403917217
1413,8279.296875,0.16942982896158865,0.75,4.881607242450191
1414,8285.15625,1.6248492734000926,6.526813157360188,4.822430336592538
1415,8291.015625,1.1190072430001234,3.58094270533551,3.398523382888479
1416,8296.875,1.275279093804251,5.257457414596642,4.644867360717977
1417,8302.734375,1.1500280374574932,3.565711421040654,3.28473777731305
1418,8308.59375,1.2169231460655603,5.150141122487854,5.199623908223689
1419,8314.453125,0.6939915310840024,1.5640731478956238,3.2589886917870556
1420,8320.3125,0.5737200721437322,1.149563475523083,2.9729693016422827
1421,8326.171875,1.6417307998263084,2.5293546696502447,3.7861413051069692
1422,8332.03125,1.5239568111306006,2.8334602413051924,6.281756882003575
1423,8337.890625,0.8114727471807268,2.5173975862226374,1.9127135964121906
1424,8343.75,0.20430025738824042,0.75,1.7993773880858803
1425,8349.609375,1.2231648635985304,5.429035918631408,4.785136617861264
1426,8355.46875,1.518767738292453,4.576099822027211,4.530891648951835
1427,8361.328125,0.8188446340313319,2.214011118525381,3.79392796952183
1428,8367.1875,0.44755052923543936,1.0678663611570514,2.819355457018151
1429,8373.046875,0.7514490142206915,1.7561621810232781,3.698390306545225
1430,8378.90625,1.3233973001371053,4.097072334734234,4.452015279243942
1431,8384.765625,1.2770741564944441,3.986753068463971,4.873913315144829
1432,8390.625,0.5278725798128081,0.9052032281395948,2.382882749076538
1433,8396.484375,0.7311230781244723,1.443563249771683,2.597595867749376
1434,8402.34375,1.937827016738159,3.392474659920612,6.593281284438576
1435,8408.203125,1.8652372516679774,5.925791740700856,7.1130279543949655
1436,8414.0625,1.2450582537038055,3.343151619041472,5.280197619391764
1437,8419.921875,0.4089330462248988,0.7959607525527814,2.0009563406483837
1438,8425.78125,1.4434094110277866,3.9069079009483056,4.432987593187482
1439,8431.640625,1.1402898961068386,2.5362295874189247,2.873923211307339
1440,8437.5,1.1208453699007066,2.646921288559909,2.6923093160816847
1441,8443.359375,1.1196186369701038,4.0751658304722795,2.459482282595821
1442,8449.21875,1.2461667250984996,2.1740249353897236,2.9200573844431257
1443,8455.078125,1.0779253653925,1.8943317656141776,2.816607155284052
1444,8460.9375,1.5544346278859127,3.998398388999754,4.383969860344127
1445,8466.796875,0.6512594002065828,1.2547205664328707,2.6647877845278543
1446,8472.65625,0.4499123965008797,0.838207828379862,2.166183838252246
1447,8478.515625,1.6779619335159361,4.100920843743888,2.8282163176395727
1448,8484.375,1.0614134095915737,2.858161185510627,1.4598394166418245
1449,8490.234375,1.7470111736943477,4.9038235081082755,4.270360985021181
1450,8496.09375,1.9631000812433435,4.348847732468359,3.8886007084599536
1451,8501.953125,0.920479156353659,3.0922466948687877,2.8713916694508614
1452,8507.8125,0.7174645903581108,3.3154291346845497,1.4404443015030164
1453,8513.671875,1.0065441677157334,3.8466060156996313,2.230548300559286
1454,8519.53125,0.6518911403935198,2.120616867150046,1.4314870873236742
1455,8525.390625,0.6922693299607678,1.7170982054065327,1.8302522227092723
1456,8531.25,0.8760235730704541,1.5561497513497282,1.7378156708576105
1457,8537.109375,0.5319471756388209,0.7641342263350019,1.4401125822755219
1458,8542.96875,1.2023672341038962,1.7563805112953426,1.9052458051650496
1459,8548.828125,1.1211015601146894,2.05633376278014,3.055914832563208
1460,8554.6875,0.2701132130983009,0.75,2.3392145386695247
1461,8560.546875,1.7078912405287388,5.275906801961259,3.3263818872796147
1462,8566.40625,1.1218462680142463,3.018051703957312,2.9614934028722524
1463,8572.265625,0.9877962416984031,2.3824616025900576,3.2980941878439123
1464,8578.125,1.786830277481406,4.40444539934255,7.261155582093023
1465,8583.984375,1.854349996863132,3.296498498766714,7.092311314883388
1466,8589.84375,2.6234241852884224,4.362744497124003,5.521710628741101
1467,8595.703125,2.206386062064571,5.855979460738117,5.251375328789047
1468,8601.5625,2.1668021632950225,5.509057580326425,5.084954606052379
1469,8607.421875,1.8938031978281005,3.9391591860888977,4.158799155334929
1470,8613.28125,2.261329975563454,3.4626276744361606,4.396226973125605
1471,8619.140625,2.0860908183953875,3.1463320544607614,6.4500047794046695
1472,8625.0,2.059047926655751,5.6434002654019615,6.534198113123931
1473,8630.859375,2.1994962128208475,6.157049877760638,6.0538275300297135
1474,8636.71875,2.2937618799447326,5.194835617644719,4.32593634110994
1475,8642.578125,2.907724373782922,5.433417545737683,6.387992973192402
1476,8648.4375,2.152663150035573,4.173244950491167,7.0238445112651124
1477,8654.296875,1.2257447101246386,2.647046141987363,3.653504298371033
1478,8660.15625,1.1867652466347176,3.6406226318699257,4.137230185260336
1479,8666.015625,0.968107711899034,3.1650987488776394,2.0011138098115047
1480,8671.875,0.17320228215575703,0.75,3.4611106039942388
1481,8677.734375,0.9748351065942644,3.0917366004611067,3.6813298470623868
1482,8683.59375,1.1658173328282095,3.8879897231331197,4.029955639462754
1483,8689.453125,1.104380616631468,4.415611797960284,4.165073404960501
1484,8695.3125,1.3442263063276634,3.3928841410042527,3.632421183281686
1485,8701.171875,1.4705783472936804,5.855276899543913,5.230699271462571
1486,8707.03125,1.556901195616431,5.09241326899191,5.294132659566648
1487,8712.890625,0.8417453783687269,2.740040375730893,4.7449510142739815
1488,8718.75,0.5613053727342657,1.6846299443717572,1.3390400166702678
1489,8724.609375,0.8495003787153461,2.477384025872179,1.4722735063537167
1490,8730.46875,2.2382396553394432,8.045623248525962,6.278319989450127
1491,8736.328125,2.713184627619988,7.845200811411297,10.817951793343024
1492,8742.1875,1.7172541516623803,4.976180730971871,6.955228343257053
1493,8748.046875,0.7643964891627953,2.407811954359552,4.743017840608226
1494,8753.90625,0.9712974100138254,3.113654257278683,3.226851471299199
1495,8759.765625,1.152078171425749,2.7753020400965505,6.115894506695456
1496,8765.625,1.0285645887213732,4.914865581087975,6.121880928472463
1497,8771.484375,0.8003658877679063,1.6946184454510083,2.714706019600503
1498,8777.34375,0.4293488733502935,1.0534697715021122,3.2421029825446004
1499,8783.203125,0.8922226578734298,2.7942150354439867,2.257640475915986
1500,8789.0625,1.1347705864037532,2.7327248074826156,2.0236770616707727
1501,8794.921875,1.7519656825814773,6.248650509948827,4.453919937245106
1502,8800.78125,1.611841478630196,5.49080153919522,4.854968358029112
1503,8806.640625,0.5255870054022733,1.9547883141267575,2.123479846819293
1504,8812.5,0.7892698040252394,3.056108337731329,2.02852054558956
1505,8818.359375,1.590315991304564,6.062363155465559,3.3629096476075633
1506,8824.21875,1.675502237054282,6.215084408892885,5.1282543650883605
1507,8830.078125,0.5151959019198132,1.8880153342671004,2.5760865761255047
1508,8835.9375,1.1719198826137052,3.911630083992108,1.5360075661794645
1509,8841.796875,1.965680821611485,4.676997420054986,2.9425310319628926
1510,8847.65625,1.3104414573393766,3.46768904885511,1.7789876847143777
1511,8853.515625,1.6053010387037634,4.729631426940957,3.4655412596656143
1512,8859.375,0.5928912026996049,1.39938927196426,1.6293259414253134
1513,8865.234375,0.6982446354043623,2.2890691904728726,1.520898199871816
1514,8871.09375,1.489202982500422,4.122700111961896,2.673126762092147
1515,8876.953125,1.5677330312987618,3.4984607946100077,3.8793790503371866
1516,8882.8125,1.0403373471265158,2.7734228854225873,2.097723948034104
1517,8888.671875,0.9049507311119631,2.4989376581507114,2.317507556818084
1518,8894.53125,2.2301154966373122,6.491591592744136,4.752554785567235
1519,8900.390625,2.3169132450399506,5.635687829965352,5.195226060909226
1520,8906.25,2.3856291164137273,7.204119569071796,4.171459103661247
1521,8912.109375,1.450253965278079,4.079272096588124,2.370620179886671
1522,8917.96875,1.9613462569545412,4.653275525227129,4.828536477865014
1523,8923.828125,2.3164366833270824,7.807067393608224,4.837401447375523
1524,8929.6875,1.7909636243690668,5.427208879062534,6.5441967156328245
1525,8935.546875,1.804929890799523,4.533225683506454,5.993126434284942
1526,8941.40625,2.3300340407717464,6.589341007934552,7.810817914748188
1527,8947.265625,1.330400433477581,2.354176122842694,2.716057989705726
1528,8953.125,2.223328704929574,4.620640399102571,5.675336511250531
1529,8958.984375,2.323765867261571,7.649662704479818,6.710107938295521
1530,8964.84375,2.5279006028467124,5.470081931518954,6.122735561610207
1531,8970.703125,2.420837281140562,4.442086182211467,6.058854698605788
1532,8976.5625,1.1556108377391978,2.265216486996847,2.880288299843895
1533,8982.421875,1.0859377826514722,3.41535335188615,3.7818107405567387
1534,8988.28125,1.7039130725305163,6.455791326930147,6.306726708171386
1535,8994.140625,0.9592457821750395,2.9297957795009104,2.5843524583047124
1536,9000.0,0.9368231937571464,2.000406971345077,5.097371369693429
1537,9005.859375,0.3645124102795951,0.75,3.479540441008445
1538,9011.71875,0.014639447607765936,0.75,5.911872452985142
1539,9017.578125,0.9846687664020406,1.7127355142652132,1.3590508027083856
1540,9023.4375,1.5595146649346379,4.1421140040652125,3.4392589486051732
1541,9029.296875,1.0833681519952203,3.3904519787838057,2.4496131602336275
1542,9035.15625,0.48758187727768715,0.9950485596680805,1.5295385590949189
1543,9041.015625,1.473384283557954,2.2322510399692392,3.9208501405012965
1544,9046.875,2.190379640052452,3.05681273506435,5.883761840581507
1545,9052.734375,1.988050887512524,3.0969847749467925,6.341000291633409
1546,9058.59375,1.378475306080917,4.045755611400858,6.05144107588615
1547,9064.453125,0.6868529991548726,1.6810501383593919,1.8810120017917857
1548,9070.3125,0.6395003935465088,1.6522817918917299,1.6315207249885946
1549,9076.171875,1.5400638446084207,3.1125342779797003,4.533847864939896
1550,9082.03125,1.6191316212499227,2.726039471342428,7.21336642807553
1551,9087.890625,1.2266193541483934,2.4611062131141,6.845946144712699
1552,9093.75,0.7339959153426069,1.3910522122125755,3.3189826032210448
1553,9099.609375,1.6787434436553295,4.038560290883917,4.363924415256891
1554,9105.46875,1.6922707263769174,3.751678295355648,6.770269876125582
1555,9111.328125,1.8434871716999934,3.960031829331606,5.0639446453557975
1556,9117.1875,0.8319880103254323,2.8107329184100003,4.089374514451073
1557,9123.046875,0.2667552579253066,0.75,4.488510436044785
1558,9128.90625,0.48059676145343827,1.4234166439809963,1.1892775697857458
1559,9134.765625,1.7808054367034862,6.097494177537339,4.649180821085389
1560,9140.625,1.4061663278117404,4.279072466858072,3.7501742128603492
1561,9146.484375,0.7503509793601428,2.6956812645696724,3.72746121187561
1562,9152.34375,0.5153974249038982,1.377669362119169,1.466743201716902
1563,9158.203125,1.4805319262177161,2.22644857756547,2.014694147393189
1564,9164.0625,1.5184122173974566,3.415174625910774,2.529248188905627
1565,9169.921875,2.4970678800103028,6.84380394171281,5.5584724897441085
1566,9175.78125,1.907791681162629,7.909281558917433,6.3775362552628305
1567,9181.640625,0.2855065117462078,0.75,2.2381394811257573
1568,9187.5,1.114492087845099,2.2473209008452706,1.441193846503545
1569,9193.359375,0.9777592103095322,2.2034664046973966,3.176584123940073
1570,9199.21875,1.3889473274799475,3.1544361450686056,3.3196031308328915
1571,9205.078125,1.1502198030778115,2.023108221740439,1.7281998550944173
1572,9210.9375,2.4134488421376026,7.536190535794746,5.480154859518334
1573,9216.796875,2.912385680410052,9.275382827850864,5.894999924696817
1574,9222.65625,2.1236207873102564,4.09574763701964,3.291615828722318
1575,9228.515625,1.3992337737329996,2.715510774833079,3.5120938798668213
1576,9234.375,0.42782901909460347,1.0606177179416214,2.189863482389615
1577,9240.234375,0.7614021626401056,2.0160877204704315,1.8991284405976694
1578,9246.09375,2.135990057877603,6.379431102160675,5.888463959311301
1579,9251.953125,2.7375025633463776,9.33913662289067,7.3151183760813465
1580,9257.8125,2.9470014942213094,9.17028430964047,7.5946394667811665
1581,9263.671875,2.5621679465422162,9.060555883203019,6.757510660615298
1582,9269.53125,1.6492854794279992,9.805836170097303,8.813994883388105
1583,9275.390625,1.6039789967422997,4.277480374922677,3.095167605292127
1584,9281.25,1.8313003624333968,6.629929611590679,6.6720576055612675
1585,9287.109375,2.027443863010549,7.481878769299733,5.93353627215443
1586,9292.96875,1.0232491287508554,3.3867448792000983,3.294125683550491
1587,9298.828125,0.6903948641313037,2.8671324499589828,2.41353963289462
1588,9304.6875,2.8202263691427496,9.069367381322863,6.338655571784107
1589,9310.546875,3.1827388303529482,11.422034987940336,9.003104365563345
1590,9316.40625,2.8335543831378844,7.68999544369855,10.462458465622857
1591,9322.265625,1.6875183266947147,6.372297301975465,5.466356057754252
1592,9328.125,0.7412052429045172,3.1796491145809678,1.4809070677732845
1593,9333.984375,0.6906467422269406,1.7448916810612873,1.7556368902752584
1594,9339.84375,1.2395092635708878,5.250392851640891,3.846333692993277
1595,9345.703125,1.1477700855862272,4.809457013758098,4.317947081426608
1596,9351.5625,0.6265598558633821,2.151754230182792,2.6205148493810158
1597,9357.421875,0.5136982780331276,2.1535565919380506,1.923792662474829
1598,9363.28125,1.538246316776447,6.629768125378318,4.437727803582713
1599,9369.140625,1.6656558976025053,4.815651194164108,5.713877925670277
1600,9375.0,1.2256401009542093,2.889583592640987,3.251178585563568
1601,9380.859375,0.7389275825857117,1.7420701351491836,2.2260271330790857
1602,9386.71875,1.213489663720793,4.873023565998054,4.55958516276725
1603,9392.578125,1.7505501410043567,5.446103885626977,4.291625926396897
1604,9398.4375,2.005658436089759,4.420971425684522,4.128774680805849
1605,9404.296875,1.0510483414117036,3.820255846997191,3.4163706317467257
1606,9410.15625,0.6320918526319802,2.5524040894961493,2.082117767395112
1607,9416.015625,0.8774917320254835,2.5716309939405364,3.6297564694537097
1608,9421.875,2.079087127845993,4.041939771297411,4.200652521560732
1609,9427.734375,1.5447288793909004,3.525571550835202,3.092799468139294
1610,9433.59375,0.8445865185415434,3.9097762489847927,2.1747608441156627
1611,9439.453125,0.3341666374596222,1.2845081191852257,3.8455893887793917
1612,9445.3125,1.77719830781721,4.389241677483137,4.798481313664401
1613,9451.171875,1.267642392699784,3.69402269243401,4.556735122545392
1614,9457.03125,1.3868963014016633,4.105087471548491,3.842710085443153
1615,9462.890625,1.883072899929539,6.200720006739895,4.7239654657067005
1616,9468.75,1.5770669328388147,4.767378776083765,5.0301700055212395
1617,9474.609375,1.6903400493483873,4.119617366044079,6.321190328243346
1618,9480.46875,0.7160454602927291,1.9963652454496086,2.505315276148136
1619,9486.328125,1.2147494670844492,3.274367721010823,2.997701808446979
1620,9492.1875,1.2795398422796789,4.178965639250029,4.09258586054814
1621,9498.046875,1.1268250289035582,4.61230060176064,4.366405308216424
1622,9503.90625,0.7342555127076822,1.8894220398876342,1.505309098215907
1623,9509.765625,0.504399295118951,0.9425819393973085,2.2346308004479303
1624,9515.625,0.910939047394789,1.8514657389886828,4.4348468077840915
1625,9521.484375,0.6462614598007993,1.7497606489804443,5.627608109007984
1626,9527.34375,0.34516163162673125,1.0327663734536785,3.8705758988233123
1627,9533.203125,0.5989689674873068,1.6547316846326765,2.3398787971329784
1628,9539.0625,1.1503341448922797,4.353994626772849,2.687987675839582
1629,9544.921875,0.8303447897934334,1.7658681873689575,1.7084377487155578
1630,9550.78125,0.8534966626282215,1.9318709998993175,1.7387558936851704
1631,9556.640625,0.24966512004784608,0.75,1.4936873963068262
1632,9562.5,1.3462297140565749,2.7290151119789456,3.0900247474736404
1633,9568.359375,1.5163722157312043,3.253477301215998,6.036936356799613
1634,9574.21875,1.6446068614499525,4.4487237637653845,6.283364900468064
1635,9580.078125,0.6558486395159777,2.316646474372318,3.4489744378587397
1636,9585.9375,0.22837094559955842,0.75,2.133662765342917
1637,9591.796875,0.8646583955524408,2.1092853426138145,3.344394050074559
1638,9597.65625,0.7307992240726556,3.1781451333522295,2.1849264083536237
1639,9603.515625,0.6019574686683877,1.920058692278105,1.0663236512878989
1640,9609.375,0.5594192007826299,2.8858668024386374,1.4008203725113002
1641,9615.234375,0.6372380569174577,3.2664225516776546,2.0915935982855927
1642,9621.09375,0.6703897874947957,2.377261298248592,1.4797690922117053
1643,9626.953125,1.4600925878064261,6.456501266837574,3.2743151206460444
1644,9632.8125,1.4743403824054924,8.180642065689932,4.800580374203209
1645,9638.671875,0.8260678002066153,2.999212432325634,1.8768579692095877
1646,9644.53125,0.7311745651839093,3.531945985842011,2.2246900902434503
1647,9650.390625,1.054898764526049,3.349616360349951,3.355025613903917
1648,9656.25,0.16718129251683717,0.75,2.6538005522725827
1649,9662.109375,1.0015460711037745,3.3410350134822604,2.597905062371264
1650,9667.96875,1.141446529192206,5.207196259569052,3.370857445716918
1651,9673.828125,1.6658610700729033,4.51170719348071,4.235483986732489
1652,9679.6875,1.5185605296897842,4.918178497814853,5.088278359954595
1653,9685.546875,1.0967629630111,2.482674709843108,4.12170353342566
1654,9691.40625,1.6168070473375633,3.9660036009512694,6.868454596673446
1655,9697.265625,1.1077450075439579,2.4397398059632134,2.7147320367838743
1656,9703.125,0.8719628267644458,3.514304300702131,3.9458172776213343
1657,9708.984375,0.7062848052055708,2.336358566666125,2.346093860239789
1658,9714.84375,1.750491569018136,6.590900930745894,4.299266207108611
1659,9720.703125,2.5608184843669375,8.323480481679049,4.9806835901639275
1660,9726.5625,2.286239581510997,7.236519183828388,5.731123659557038
1661,9732.421875,1.7659117106380242,5.094492330709056,5.91453448717789
1662,9738.28125,0.4987069073132545,1.2224428904340334,2.505186614643905
1663,9744.140625,1.0892316643820399,2.903478946810232,3.1457758818179795
1664,9750.0,1.3425747819991563,4.006842969270094,3.6868272786973537
1665,9755.859375,0.797068469154344,3.9958728820953304,2.0212838158543645
1666,9761.71875,0.43413570818433206,1.8600836981697233,2.3972637875649863
1667,9767.578125,1.6483128410385872,3.7791768101215917,4.093894277642919
1668,9773.4375,1.873313885567482,9.084131894384436,9.10952201537944
1669,9779.296875,2.2686637983769478,7.838823479235664,6.273294254896588
1670,9785.15625,2.0227800469913007,6.803034072227696,5.370786777417572
1671,9791.015625,1.2990108460870262,4.422594109382293,4.616048792213433
1672,9796.875,0.7951054622253652,3.3012016323296436,5.47747025683162
1673,9802.734375,1.2233512211399555,3.8788757310160933,6.4506771280406285
1674,9808.59375,1.3325991334035723,4.680577148216713,5.059051778583593
1675,9814.453125,0.9732288188706095,3.574646571629951,3.9248681483610843
1676,9820.3125,0.4145343328033617,1.2829467848798335,1.7782463736997838
1677,9826.171875,0.5738158860797944,3.163558128844487,2.9835387858326725
1678,9832.03125,0.8187712960768824,2.6995008274788588,2.903071179169111
1679,9837.890625,1.0189096383858336,4.8289725027207275,3.628847158075391
1680,9843.75,0.5876918878067922,2.235477741379797,1.9896410248103698
1681,9849.609375,0.5423178444874257,2.588881638506075,1.5158735718042498
1682,9855.46875,0.5042040489132461,1.88341451912676,1.8817549241031648
1683,9861.328125,0.44450716819695185,1.6303714659276225,1.6960154091923516
1684,9867.1875,0.6004442954546448,2.4878695534818993,4.64590594699515
1685,9873.046875,0.3233745350267665,1.371140012231875,3.5752774361680246
1686,9878.90625,0.2590362965254966,0.75,3.2750375093028565
1687,9884.765625,0.3417754172169074,1.8841448241552827,1.7774269482663767
1688,9890.625,0.7984406179745005,3.7163741092068143,2.953363838141953
1689,9896.484375,0.8011665955690421,1.4407273497636681,4.2105517543692965
1690,9902.34375,0.9303540157848741,1.9550006364863695,2.469066865997125
1691,9908.203125,0.18191567347063525,0.75,2.8540462052372377
1692,9914.0625,0.7762883481376716,1.2053601126662294,1.8047599955270408
1693,9919.921875,1.0702577952296868,3.9458743661376463,3.515888639936771
1694,9925.78125,1.5619721945192098,5.569970236610009,4.558382978211427
1695,9931.640625,1.5332342887361867,3.4128974208701908,4.363898840142722
1696,9937.5,1.3095213144006093,2.780010296280939,3.8211046337179853
1697,9943.359375,0.6909120551806139,2.436989846192538,2.302072480269142
1698,9949.21875,1.4074539602643796,4.097592977562126,4.0324281964031865
1699,9955.078125,1.8099662105126633,4.6370130885222505,4.104321136601924
1700,9960.9375,1.7773389869785947,3.9360609462380944,2.851233950523578
1701,9966.796875,0.6524611912168639,2.1480298918466976,1.2538829784355388
1702,9972.65625,1.0652131997370717,3.440698473371519,2.1032662212326394
1703,9978.515625,1.2308929667117268,3.891967140170126,2.892125538263834
1704,9984.375,2.0604929988909846,5.178136316337431,5.666873847397417
1705,9990.234375,1.7199131258447031,3.701450521935699,4.3518207870801495
1706,9996.09375,1.7052941320438197,3.266055488729574,3.6970612058389962
1707,10001.953125,0.38883595026656814,0.807749825022007,4.496518607231765
1708,10007.8125,0.33880457293860694,0.9245827568728879,2.724340244600121
1709,10013.671875,0.7478505179010098,2.4357765221271905,2.8357316437567315
1710,10019.53125,0.4547677944685674,1.4058306454277743,2.926015580628447
1711,10025.390625,1.0124730410283829,2.039471803832349,3.2029218813531806
1712,10031.25,1.0318704338239653,2.225122824791621,2.1669483012531745
1713,10037.109375,0.7237793602852869,1.4556400047879905,1.7376336236453709
1714,10042.96875,0.8057680907303961,1.8096590237702386,1.3665957147684644
1715,10048.828125,1.0091085960478803,2.8451606468909,2.811644257959192
1716,10054.6875,1.0299148891722578,3.4951788687929293,4.487897879847367
1717,10060.546875,0.6373097967490707,1.8589543085358118,2.2260690233262843
1718,10066.40625,1.166161377639226,2.8251930964943073,4.00775079645406
1719,10072.265625,0.48616727487614136,1.5181822114023997,2.782542234155865
1720,10078.125,0.5943666317539628,3.9225882942492443,2.3554988261387675
1721,10083.984375,0.946227114837886,4.881930522125058,3.685326369040116
1722,10089.84375,0.9457143467231921,2.376931135233671,2.7772146609662167
1723,10095.703125,0.6769163164668205,2.666944477164777,2.3742144763810593
1724,10101.5625,0.7541181084780447,2.0481222895632114,2.6109481382451087
1725,10107.421875,0.5515807677812176,1.8198181505158677,2.945459237890669
1726,10113.28125,0.796808095043648,3.3636460710486062,1.9257916733581484
1727,10119.140625,1.4390325318798742,4.675346192386555,2.7231719472790017
1728,10125.0,1.5978166972034595,5.549457961205386,3.173740611286657
1729,10130.859375,1.7168133663060636,5.309906248633682,4.205486241737349
1730,10136.71875,1.127854414764496,4.0274132852975715,4.889369094250525
1731,10142.578125,0.17530362132704505,0.75,2.3554458758227437
1732,10148.4375,1.1194823942179826,4.286896370284525,2.3083147318391393
1733,10154.296875,2.146307887988187,5.808401044876883,3.4779460419970403
1734,10160.15625,1.8256687695351868,6.240724242504378,3.812177264740662
1735,10166.015625,1.2166732055274143,5.080651221793724,3.634084917070748
1736,10171.875,0.5805662644230029,1.874627010662425,1.277935510992021
1737,10177.734375,0.74551451794183,1.9550102264162543,1.7507874579504497
1738,10183.59375,0.9145505693963256,3.5205658725056987,3.096509982916464
1739,10189.453125,1.1216935668216683,4.364766138588891,2.6746668783028014
1740,10195.3125,0.4865942782105688,2.658841861739248,2.005149397331767
1741,10201.171875,0.22585193457424874,0.8716675678358514,2.1766107249757214
1742,10207.03125,0.46338330329962824,1.8035969988943301,1.893433040033329
1743,10212.890625,0.34041891972071503,1.6846070182113242,1.4617838011641209
1744,10218.75,0.6783190406302821,3.028849160764622,1.8541008676393946
1745,10224.609375,0.51454066850663,1.6509877855183652,1.1819049410297722
1746,10230.46875,0.3135325688480664,0.7721555566159424,3.301651367065898
1747,10236.328125,0.5805702888973544,1.96838075119858,4.480934800321988
1748,10242.1875,0.6211421203393425,2.350877893099882,2.703919524578482
1749,10248.046875,0.396644661233963,2.8224726709163104,2.6396035351959255
1750,10253.90625,0.6417171076624366,2.924451664394243,2.2068509935922735
1751,10259.765625,0.36572866484688316,1.859728726380532,2.330762701318061
1752,10265.625,0.8377289681490749,2.343924793942911,3.3088579122258537
1753,10271.484375,0.10859113034254242,0.75,2.444494203255655
1754,10277.34375,0.4535597922061327,1.0240588960536567,1.4153272567305166
1755,10283.203125,1.2543570874977326,4.429301488831006,4.214479576637536
1756,10289.0625,1.7904254507592783,4.44627277893073,4.624439699407162
1757,10294.921875,2.357437634788689,9.947598404270025,8.485297887494383
1758,10300.78125,1.8670426896619854,5.9271842918723685,6.270403975266324
1759,10306.640625,1.5546087541040003,3.7755083049577536,3.7880846934530816
1760,10312.5,0.6246083355078104,1.9792767696659441,1.5099042985182174
1761,10318.359375,0.39824021356386413,1.2726059740068016,1.7575397365612797
1762,10324.21875,0.33469336766440694,0.7802016128946732,1.860450729038316
1763,10330.078125,0.7055168279544451,1.4534992390488717,2.0324593549940504
1764,10335.9375,0.5371746643441747,1.4860525065729284,2.233227367597171
1765,10341.796875,1.196220596510645,5.086920419511975,4.673340631433251
1766,10347.65625,1.66842016135988,6.072021799788164,5.454669706282867
1767,10353.515625,1.5140810187921885,4.620842538053566,4.662841003452343
1768,10359.375,1.54066286399514,5.555480968578468,5.02510808001178
1769,10365.234375,1.796167302373479,5.820239129733649,4.317629149196407
1770,10371.09375,1.700103613767118,5.837401988784871,2.9485398093770967
1771,10376.953125,0.5732991983833147,2.346687948511069,2.16830423553615
1772,10382.8125,0.9848761343747778,3.2808942367056897,1.8707657485723277
1773,10388.671875,0.8065558643138631,2.9510011655757005,2.3102281923282595
1774,10394.53125,0.9143174957970834,2.74366848030594,4.15034285025317
1775,10400.390625,0.4241708129899319,1.285901108796389,3.5471900704177326
1776,10406.25,0.4952186853441597,1.9725239750343437,2.331423531816173
1777,10412.109375,1.0967507963775365,4.515333986702322,3.4789599517344194
1778,10417.96875,1.1655958197467902,5.226248972833778,3.5391531264683613
1779,10423.828125,0.6581026347160868,1.619261369981319,1.702893154916505
1780,10429.6875,0.4683701270651954,1.2153776656876716,1.79503270986344
1781,10435.546875,0.44669917015411736,0.8310868472096584,2.288959890310723
1782,10441.40625,1.1881893827239587,3.7791646973596142,2.976350418865411
1783,10447.265625,0.7963806693288481,3.9272952568016217,2.602717671459946
1784,10453.125,0.048715705063887414,0.75,4.405156946541624
1785,10458.984375,0.9518132190146793,4.26964829148464,2.788593252366233
1786,10464.84375,1.240231062375598,3.853266992925594,2.02483063544415
1787,10470.703125,2.3639524348358547,9.25922755124374,4.552792069430468
1788,10476.5625,1.94032227327683,7.930527973898714,5.939325775305105
1789,10482.421875,1.2430135557323896,3.9444640456113476,3.4286156291532763
1790,10488.28125,0.24046806533122428,1.059034771529805,1.9423967182168238
1791,10494.140625,0.7826239616257324,2.162712041155813,2.1817195478293296
1792,10500.0,1.4523983978983739,4.332339728879493,2.6624388802597814
1793,10505.859375,0.4713924869139812,1.2038360363113798,1.163222974937886
1794,10511.71875,1.0218747309004972,2.1872407416210047,2.5523481048363275
1795,10517.578125,1.6257917599647194,2.7093453557701053,2.962620063709017
1796,10523.4375,1.0167073073151787,2.4178411286822303,2.2704369726091524
1797,10529.296875,0.7057376185336843,1.6124336916234088,2.008182804305788
1798,10535.15625,1.6527984230298656,4.121290779443384,3.2911212437505273
1799,10541.015625,1.2457976094855412,2.4545648698544946,2.949289736615376
1800,10546.875,0.35114288238930697,0.75,2.04645534288728
1801,10552.734375,0.48032372965387393,1.0492273741003146,3.0618166779081224
1802,10558.59375,0.5356103273511493,1.3792153160722496,3.195202368346138
1803,10564.453125,0.9278725905938516,2.887638701293735,4.188021262603683
1804,10570.3125,0.868363376911881,3.240829875549108,2.9812799675873944
1805,10576.171875,0.8525088917873186,3.7131122605147686,1.9977462401849437
1806,10582.03125,0.8503494724653158,3.123496705995639,1.24446959544611
1807,10587.890625,0.08391491931563463,0.75,2.9790252356409277
1808,10593.75,1.0189881464566892,2.2803609892421477,2.2319853732611548
1809,10599.609375,1.2141931378547388,5.286635507877094,3.1590038718505586
1810,10605.46875,1.1866832194092445,3.6730952224171043,3.5380646117054355
1811,10611.328125,0.5426852703884468,2.4385202677695297,2.17404121054227
1812,10617.1875,0.29763408036944433,1.089265356929701,1.9432538708349263
1813,10623.046875,0.1611553067491385,0.75,3.0921593306815636
1814,10628.90625,0.7111821568391112,2.0425909245124636,2.991039720252892
1815,10634.765625,1.345202171123159,6.097172013796703,6.4507406259991065
1816,10640.625,1.6319954545122188,3.7328553347778364,4.827487177030736
1817,10646.484375,2.028248936897966,5.104950679397253,6.362967140731331
1818,10652.34375,2.2199364710393366,8.642212387038139,7.870759933234775
1819,10658.203125,1.957999909970769,4.649102233195753,7.707272181621455
1820,10664.0625,1.7405402096528564,3.4611260505797716,7.263580447226836
1821,10669.921875,1.1378248265659625,2.2005240377531043,5.083886481574466
1822,10675.78125,0.4371866910076136,0.813276061864355,3.025596290269632
1823,10681.640625,1.2104405002984047,1.8686398563553315,2.6958050864636074
1824,10687.5,1.490034613095653,2.6513831720328622,3.995634087410185
1825,10693.359375,1.9090348658963767,7.2411413684421095,8.290667783217593
1826,10699.21875,1.4372805150744876,5.38768553738118,6.505555624535904
1827,10705.078125,1.677492366265996,4.762507234773494,4.522593880293391
1828,10710.9375,0.9985695093992705,1.9959962297981326,3.7846162185361156
1829,10716.796875,0.49938291536412116,1.0172098013842619,3.9903475052482844
1830,10722.65625,0.17786265582357522,0.75,3.571932964222943
1831,10728.515625,0.5676185480339294,1.8729631301600937,2.1237175533763186
1832,10734.375,0.4908267065093816,1.1586405995073332,2.336872432042737
1833,10740.234375,0.6265708640625973,1.7312458364336578,2.702005661853634
1834,10746.09375,1.2657259200887943,4.549516016422381,3.2502626757587794
1835,10751.953125,0.9900671018404043,3.7007533751136794,3.8330264520722093
1836,10757.8125,0.7770496550443114,2.846303687424471,4.561726941746425
1837,10763.671875,1.1624563041818365,5.452381026955038,4.4280308111906495
1838,10769.53125,1.3759190617686379,4.557234343322202,4.73341277813453
1839,10775.390625,1.3402847918425824,5.176700801835937,4.031027473859984
1840,10781.25,1.2332106130625289,2.941975312945452,3.8692471354678064
1841,10787.109375,0.8127197735694043,2.0195545897957667,2.360255716983188
1842,10792.96875,0.5170256550325866,2.2161280180052865,2.2810931368126015
1843,10798.828125,0.740251237477185,1.5314869408825058,3.7593476949968854
1844,10804.6875,0.4844284440728486,1.0493970638832808,2.3257171117164748
1845,10810.546875,0.5051725406263684,1.6152495512130525,1.5114518278205238
1846,10816.40625,0.6201955336817115,1.520383065755797,2.0254226919465856
1847,10822.265625,1.2106321376691762,2.3424773305926028,2.7106589364667597
1848,10828.125,0.932407608464211,3.0911284394729615,2.310496367683453
1849,10833.984375,0.23608092505100775,0.9630450694875068,2.8999639530130747
1850,10839.84375,0.19422025546458294,0.75,3.2937561256029517
1851,10845.703125,0.3596506831407613,0.9684925655886454,2.2368736908233178
1852,10851.5625,0.5218403950393912,3.2682929736226773,2.8696289650834665
1853,10857.421875,0.9226769721579571,2.355688712857493,2.290853595615416
1854,10863.28125,1.502895959917802,3.1820568749347684,3.8055295977345667
1855,10869.140625,1.2318034589222788,2.696536279924975,3.2185685552920655
1856,10875.0,0.5926844692401617,1.6525710497306068,1.3008899772513105
1857,10880.859375,0.21524040701285282,0.75,3.691139231759332
1858,10886.71875,0.7966277586146702,2.819945683170417,2.3010141697551885
1859,10892.578125,1.4646749212865897,3.805497637236828,2.895022232877264
1860,10898.4375,0.8053055305776494,3.0406483368300834,1.4594696200237336
1861,10904.296875,0.6062000391942126,1.9002883491366784,1.565860641380793
1862,10910.15625,0.6844333051592629,1.2508001005465321,2.396103644322368
1863,10916.015625,1.3524676294475646,2.2934628538734136,3.2440124675351454
1864,10921.875,0.6303716382702552,1.739730707790937,2.103010411899537
1865,10927.734375,0.32719188797728355,1.0386493123445026,2.9506188507817135
1866,10933.59375,0.8288574346801185,2.2601164272733287,2.587521004405902
1867,10939.453125,1.4755778876339543,2.9874833568040566,4.373928555768907
1868,10945.3125,1.665494698118783,3.2098819754709256,4.480218531784498
1869,10951.171875,1.5901604451794895,3.9907698019538005,2.887364085013759
1870,10957.03125,1.2000483086869513,3.161712169925697,2.084686617053022
1871,10962.890625,0.27904041609239016,0.75,3.31174735544008
1872,10968.75,0.8302453395332743,1.226965899471597,4.1208106602295125
1873,10974.609375,1.168179515038783,2.0209982415349614,3.8705860674796573
1874,10980.46875,1.2650145194388276,3.195984131104887,5.908431350551127
1875,10986.328125,1.1856452928251728,2.8079601496464908,2.8757595906841065
1876,10992.1875,0.8686293574562787,2.2810249984120197,2.3290604567169435
1877,10998.046875,1.2570207942067126,4.1306626674441045,3.869250014710778
1878,11003.90625,1.7758708812567021,3.870284807430361,4.762785759110268
1879,11009.765625,1.8449318319324388,4.82517983713003,5.1005290887444215
1880,11015.625,0.8863242134524065,1.6655239596516127,1.353873594932606
1881,11021.484375,0.645980438575279,0.9730544930993932,1.356946172786729
1882,11027.34375,1.230872285154298,2.5132566897406248,3.5025317474230477
1883,11033.203125,1.6721236010654752,4.663367039027174,3.7453786623038217
1884,11039.0625,1.5390801536346927,4.344615850762234,4.039542437469232
1885,11044.921875,0.9324721802094363,2.08827813444148,2.4909087988894387
1886,11050.78125,1.7724065264625841,3.1005467312749797,3.783705163925611
1887,11056.640625,2.617622884680356,3.644924636993954,5.36822294682695
1888,11062.5,2.752733291383382,4.478445370612694,4.626010636271693
1889,11068.359375,1.9845721975006143,4.336037292702326,4.487075663234693
1890,11074.21875,1.3940519342056898,2.4135733967980264,3.6402829088340174
1891,11080.078125,0.6565864768904194,0.8122186833526919,2.7708801371429868
1892,11085.9375,0.557059365850855,1.1070486872700571,2.294382309000924
1893,11091.796875,1.6249693007007004,2.7701425526109853,3.1809692418474134
1894,11097.65625,2.403219838890274,4.801780945171307,4.972387988539356
1895,11103.515625,2.413005556455533,4.907001819040049,3.704708312100021
1896,11109.375,1.9608171688002332,2.9091343389958366,3.0978557036328693
1897,11115.234375,1.3450556922718921,2.86796006777908,2.098951966157378
1898,11121.09375,1.2914504518993777,3.9853173494585823,4.807898143388707
1899,11126.953125,2.6989969413166057,7.175871587927256,4.583185381680456
1900,11132.8125,3.1489550203978642,4.8310894337927,3.919420367535842
1901,11138.671875,2.931332036216643,5.659969937581631,3.9018169507708462
1902,11144.53125,1.6812608409013932,4.9989426291311805,3.5697791399632455
1903,11150.390625,1.4684222869345673,2.9223749094424134,3.7925367962935987
1904,11156.25,2.570907728908959,3.65662283130191,4.82949018679899
1905,11162.109375,2.7856312793505453,3.637906924470303,4.021665748351764
1906,11167.96875,1.1148321611941334,1.533114452125073,1.42173653115055
1907,11173.828125,1.0330338914282804,2.88244492041854,2.7480948572678368
1908,11179.6875,2.002634953424429,4.523687257328559,5.735141107925166
1909,11185.546875,3.3255001553172105,5.479016669154731,7.845096037216694
1910,11191.40625,3.293385984727168,7.183812787961291,6.918010155880692
1911,11197.265625,2.403976490055261,5.74705602388222,5.593197786802119
1912,11203.125,1.5778429487521757,3.0410901301689677,3.4359961671124832
1913,11208.984375,0.41532190763206833,0.75,1.9664763975484385
1914,11214.84375,0.14015660538950997,0.75,5.342254356276361
1915,11220.703125,0.9040133984708781,2.155104762742756,1.7833901491499582
1916,11226.5625,1.0247243711048744,1.4361620413029652,1.9436289668768638
1917,11232.421875,0.5839611248410269,1.1894803958943836,1.2677203344105366
1918,11238.28125,0.6162705229547122,1.4686095078299286,1.553926389052779
1919,11244.140625,1.3512209180521366,3.4656933804194425,2.5269883651423863
1920,11250.0,1.4511495570507227,3.4521020642496394,3.0717000555360685
1921,11255.859375,1.4586010812028316,3.0379139206867034,2.8307475219721656
1922,11261.71875,0.7089562826155821,1.7560289546257595,1.7008775638381926
1923,11267.578125,0.636827372088999,1.1587406557888524,2.018645025193573
1924,11273.4375,1.016417188689016,1.4969863165472594,4.2930127761173695
1925,11279.296875,0.7285358658549776,0.900638426253741,2.74853408423923
1926,11285.15625,1.226904722459703,1.4408826589672197,2.07316726545326
1927,11291.015625,1.0305367907664376,1.119844315901497,2.613021554926419
1928,11296.875,1.7254568954004714,3.0740799411702007,2.665477840772379
1929,11302.734375,1.971576884254506,4.405086950800289,2.807852199742621
1930,11308.59375,1.9615361070487367,4.072993986755838,2.5914401623730887
1931,11314.453125,0.9315065979318291,2.3328352725381043,1.451200588328064
1932,11320.3125,1.3952115571278538,3.7999930501328407,3.3976265916606905
1933,11326.171875,1.28126692562957,3.747960632270833,2.776459615025973
1934,11332.03125,1.0934165584985887,2.360960932324656,2.522304083046403
1935,11337.890625,1.0805367906901124,2.355021984159018,1.660013141408005
1936,11343.75,0.6273395783141654,2.1238613890398472,2.2169718918467956
1937,11349.609375,0.675669370209079,1.8957505207271663,1.8480692399086174
1938,11355.46875,0.43508574145413315,1.013285512213773,1.584110209448223
1939,11361.328125,1.1136602805752909,2.354670000293531,2.152703920758747
1940,11367.1875,0.4569679480471777,1.2858875261197298,1.3300989371511749
1941,11373.046875,1.2520626376259085,3.4440071576103595,2.9223664543397043
1942,11378.90625,1.1785044995557221,3.940494504450064,5.138306248107193
1943,11384.765625,1.2612699513992436,3.9989491297651334,3.4879954552390626
1944,11390.625,0.9873143215349617,3.7529369117791176,2.158312303688194
1945,11396.484375,0.956819576307297,2.655183957552682,1.290526788812201
1946,11402.34375,0.7501441056201427,2.4918676398792563,3.8526152464581145
1947,11408.203125,1.4797096467443318,6.717408918807946,6.521670543494167
1948,11414.0625,1.873815848234518,4.005079810677203,5.160923903855668
1949,11419.921875,2.1488545601566873,4.448443371578643,7.577871488415458
1950,11425.78125,2.7307929536454827,4.4009043604617,6.023790002341513
1951,11431.640625,2.2566624785786327,6.833160569384878,5.004151927530399
1952,11437.5,1.5763795379245844,2.9293554400434614,2.8118443939217204
1953,11443.359375,1.1545914828797375,2.1156850608042554,4.489095392186381
1954,11449.21875,1.7353478269030886,2.7893864058996067,3.737160809888948
1955,11455.078125,1.1848787410196366,4.733980187597265,3.7853421130821685
1956,11460.9375,1.2312875992823458,2.935933011587777,3.319008966142638
1957,11466.796875,1.1202587917295166,1.8580006031593674,2.8412302961490377
1958,11472.65625,1.9504639235112897,2.8279872852159413,3.5484133370878226
1959,11478.515625,1.821520870018048,4.224838341050656,4.606208719421249
1960,11484.375,1.6316337142345507,4.744043918812076,4.68371871918737
1961,11490.234375,1.5355077945983966,2.9460535032007305,2.4875667169854645
1962,11496.09375,0.6825887872564068,1.4153838234187104,1.8895512923941795
1963,11501.953125,0.5696075166040364,1.4445483542646262,2.439091970259124
1964,11507.8125,0.8064779767279182,2.1280281449443668,2.40266646251702
1965,11513.671875,0.9854833514685065,2.604172791087357,2.591954801009775
1966,11519.53125,0.7989192684960944,2.4674072901717397,1.8494236130959827
1967,11525.390625,1.1800687991830767,4.515378289207344,4.127999740479199
1968,11531.25,0.8799614452452894,2.9971951742913885,1.7487438375100304
1969,11537.109375,0.9839051041706943,2.1716735921803436,2.4114945072808696
1970,11542.96875,1.159436312233804,2.4620175961702855,2.435492039327181
1971,11548.828125,0.6284574045355025,1.1555671708176862,2.1895459660679397
1972,11554.6875,0.2580236438051451,0.75,2.2277706297167392
1973,11560.546875,1.8761249914268043,5.174713296735456,3.1345336183125294
1974,11566.40625,1.772184305571594,5.985674635326778,4.308633329981779
1975,11572.265625,1.0204069568496177,3.142287053718975,3.9517129299636258
1976,11578.125,0.9488820323912162,3.7860453232645814,4.2440439186334995
1977,11583.984375,0.8244821951424859,2.8827255054435477,2.548532686750578
1978,11589.84375,0.6840128595121872,2.2795115748666137,1.8782487736407887
1979,11595.703125,0.3300154725233461,1.1416174358944815,2.232174218602267
1980,11601.5625,0.06033767859896055,0.75,6.444403805017088
1981,11607.421875,0.17416653559414527,0.75,5.282731212748811
1982,11613.28125,0.4434830695200944,0.75,2.7958846511989464
1983,11619.140625,0.6820665653749277,1.29016094642134,1.7737868471597413
1984,11625.0,0.6916048539079278,2.5327636982761437,1.8732588595439197
1985,11630.859375,1.0421632540355104,2.140042582145561,2.4568562348108585
1986,11636.71875,0.9165539491291805,1.8932988224152263,3.6272111157678872
1987,11642.578125,1.0947658211620848,2.674577672502479,3.0314352261913027
1988,11648.4375,0.8372725055758885,2.1602537818653116,2.9678713822617726
1989,11654.296875,0.5546822553539714,1.314943433565742,2.0612245478744575
1990,11660.15625,1.474166208148166,3.200771447491136,2.565988198963073
1991,11666.015625,1.5154710428319074,2.6146544163169465,3.2266771496748867
1992,11671.875,1.699992925646498,2.232008959535673,3.0888157822141844
1993,11677.734375,0.9231191458414135,1.1902099312743262,2.0988808259253817
1994,11683.59375,0.212916017305524,0.75,3.0499916262181452
1995,11689.453125,1.5986573146257277,2.120192418980432,2.3005867086969722
1996,11695.3125,2.4715509443799224,5.026262335160785,3.3920072370756125
1997,11701.171875,0.7752142927514565,2.030724469314097,1.8355381097924153
1998,11707.03125,0.5500040321439169,1.33630664811847,1.8678656559143016
1999,11712.890625,0.9826346269509766,1.9231532911515048,2.437891044355209
2000,11718.75,0.783682749441088,2.133615840832459,1.6373857973001358
2001,11724.609375,1.6446457209309835,2.930260163336189,1.6851248509857013
2002,11730.46875,1.169564229167219,3.2395144719624294,2.848362909956986
2003,11736.328125,1.2309235256951458,2.5380877744994472,2.4474003189594193
2004,11742.1875,0.7727112140964353,1.2816069634618652,1.9124739465461578
2005,11748.046875,0.820939650387899,1.815692331749153,2.1318063997965493
2006,11753.90625,0.7415577671103141,1.825906747206794,2.105947271434392
2007,11759.765625,0.15274149745312754,0.75,5.891158183586987
2008,11765.625,1.5672061220061178,2.824943300945037,4.827587792092533
2009,11771.484375,2.1050278377485703,3.476590829319487,4.079870251542446
2010,11777.34375,2.49508850371455,4.0669615528952585,5.464769290629569
2011,11783.203125,1.8436185780601382,4.534362967497983,5.601930481870702
2012,11789.0625,0.5377004139593046,1.6672869767645289,2.4354472960262523
2013,11794.921875,1.0844187683029751,3.121606953004699,1.9515907591438886
2014,11800.78125,1.1595047895311035,2.319652949432043,1.5997782867820503
2015,11806.640625,1.3927496084499051,1.3994995812731705,1.7650130119364902
2016,11812.5,1.0283987063147322,1.2300664727714308,1.6851825352313266
2017,11818.359375,0.8917607543661384,0.8703235500986257,1.2740937962548269
2018,11824.21875,1.3985496819275705,1.829992230126533,3.623392042308493
2019,11830.078125,1.6047759868955136,1.9195576497824471,2.5050970099727503
2020,11835.9375,1.9762910395791535,3.5366361734559444,3.2925817608698806
2021,11841.796875,1.8826224049874083,2.346863076634,1.9366747228578003
2022,11847.65625,1.6943995217702221,2.0545464278519403,2.4482368547299513
2023,11853.515625,2.0023608854358868,3.797865877092325,2.9489656962073374
2024,11859.375,1.7760333647403148,4.855701502082386,3.8456644163329106
2025,11865.234375,1.8380830421799244,4.266108956847658,3.7233187826462073
2026,11871.09375,1.5198926551099612,3.919532122426416,3.501151284088694
2027,11876.953125,1.9231194653048254,2.7856091873479,4.844726427897527
2028,11882.8125,1.6880169103518523,2.6561879032177234,4.9254301171407135
2029,11888.671875,1.093520816652689,2.153343881977655,3.1299753541966413
2030,11894.53125,0.5509198089900172,1.20343167682184,1.5871648972937773
2031,11900.390625,0.2564800547593938,0.75,2.640966722787874
2032,11906.25,0.485948294310581,0.75,1.2929686012532404
2033,11912.109375,1.040984653997501,1.9425378950397851,1.252810778036718
2034,11917.96875,0.5570147129435036,0.75,1.5680499755864372
2035,11923.828125,1.718912925724248,2.197174046892854,3.122671073320226
2036,11929.6875,3.1998564168294252,4.283406879609172,4.212725607777257
2037,11935.546875,2.473975314477941,4.709994144680899,3.7897486383084504
2038,11941.40625,2.164038602249602,4.295675269895076,3.4960075262747994
2039,11947.265625,2.5828692524800276,4.282801796837237,3.978220805083915
2040,11953.125,3.258413640282373,8.81790544459605,7.300629903450316
2041,11958.984375,3.158875112043107,6.1384568633004974,4.875063146216613
2042,11964.84375,2.9095975036937944,3.643746218353564,3.60014452939258
2043,11970.703125,2.3985918072042436,2.2289370582228045,3.3526865526186076
2044,11976.5625,1.955174472693005,1.5926843118816079,3.1442340938493163
2045,11982.421875,1.915829473779616,2.6785107425489163,4.117599284773029
2046,11988.28125,1.8638267696359827,3.413094755927581,2.924270851642877
2047,11994.140625,0.6339201804121797,1.0043365979260344,1.7515058566493877
2048,12000.0,0.37643976749584135,0.75,2.0393000443522413
2049,12005.859375,1.0520168452265377,2.1574162170051663,3.2848526460496092
2050,12011.71875,1.290372739545974,2.5285429106059945,5.154448360915725
2051,12017.578125,1.4329228484337946,2.712387740531404,6.077253699751777
2052,12023.4375,0.4159813490568401,0.75,3.2276294927950544
2053,12029.296875,0.7885594353342946,1.1839082760302895,3.3024145742346755
2054,12035.15625,0.4126062588666202,0.8576941314634414,2.494482882234273
2055,12041.015625,1.5103998988177436,3.3546942725396196,3.128680333779334
2056,12046.875,1.6551090442732328,4.2722438315223705,3.079050519114025
2057,12052.734375,1.7782165043480844,3.5156995544331884,3.8478740745829745
2058,12058.59375,0.15336777257651432,0.75,6.078393082481931
2059,12064.453125,0.6604183017164487,1.080962723068204,2.7405861369307853
2060,12070.3125,1.2350665053143017,2.302509709596161,2.7828341776373176
2061,12076.171875,2.517653988857244,3.984668477481762,3.370473108344191
2062,12082.03125,3.2895273247248973,6.431284077652986,5.821488052223616
2063,12087.890625,3.150936635954841,5.341941435196186,4.684847585306151
2064,12093.75,1.7129917743889203,3.9298057351884355,3.3646095258817637
2065,12099.609375,1.443003376165295,3.868085863389706,2.6868250236252216
2066,12105.46875,1.5549711623894213,3.1647476618848773,2.0012518323120165
2067,12111.328125,1.2021513549726535,3.018095847744442,2.71413082596522
2068,12117.1875,0.48780146265386665,1.5120190922863848,1.9849277058819677
2069,12123.046875,0.6702572669780678,0.9882645618411646,1.488878651548715
2070,12128.90625,1.0381673879276925,1.6504578008912079,1.942934904960174
2071,12134.765625,0.06955627978760467,0.75,7.331732307494092
2072,12140.625,0.8464992394449703,2.378218037945609,2.3030892107070535
2073,12146.484375,0.9988779444702335,3.0313259646292234,2.9057806956015315
2074,12152.34375,1.8255334345163792,4.311357160730361,3.542919407698679
2075,12158.203125,1.5763608505212812,2.2830087041631337,2.556184715179374
2076,12164.0625,1.288999078986096,2.2873124962067006,2.9220295902645286
2077,12169.921875,1.1617419387359913,2.9999722989049538,2.595775975571056
2078,12175.78125,1.1757749942958937,1.900297535532414,1.9587426445694978
2079,12181.640625,0.5387554034267849,0.7826600736927487,1.9518895187964436
2080,12187.5,1.3640462897156334,1.887512176607048,2.013153893233713
2081,12193.359375,1.2203696162925433,2.210985557384703,2.3969841117172503
2082,12199.21875,1.5469054441733772,2.6611779528593917,2.2938414149719133
2083,12205.078125,1.9803585063469258,4.83331006950624,3.9843471788322207
2084,12210.9375,2.5894642695327215,8.495660653299502,8.022045566437722
2085,12216.796875,2.7827665785578937,4.515041664048198,5.840807118462995
2086,12222.65625,1.2915224293889103,1.9704503753465445,3.8052115515899296
2087,12228.515625,0.34898169647329413,0.75,3.452527364066011
2088,12234.375,2.2808320465723972,4.515786390575079,3.5824243285382695
2089,12240.234375,3.636327323256448,8.476947562072056,6.647186737072723
2090,12246.09375,3.541229838840048,8.012403730864763,5.5707362827385065
2091,12251.953125,2.5708764648111697,7.354200649712276,5.10690930195277
2092,12257.8125,1.8558069081377986,3.3498134277680593,2.9691624099318035
2093,12263.671875,1.7409328816215366,3.172664832893325,3.0439036825595527
2094,12269.53125,2.477649532924811,4.396602152596802,3.906853907124457
2095,12275.390625,3.1615021520718494,4.532827647458197,3.999937165119592
2096,12281.25,2.5346037062128355,4.469430790291803,4.363591481139696
2097,12287.109375,0.8745048429083583,1.9614536256641526,1.3462593997833125
2098,12292.96875,1.3131491974207503,3.3583789367717936,2.311651443186994
2099,12298.828125,2.2130394628959755,4.259623638166349,5.501660191002101
2100,12304.6875,2.573781977242399,3.4521091617608644,5.186602163875138
2101,12310.546875,2.680229988338257,5.1019592856506115,5.651854824129483
2102,12316.40625,1.7115368125909347,4.420535003359084,3.3940585008441544
2103,12322.265625,0.5168837161432739,1.54622025612612,2.134071940621928
2104,12328.125,1.6843529410133062,3.5184627126843377,2.549143450106346
2105,12333.984375,1.8406664334759617,4.016236419054657,3.0557614804236786
2106,12339.84375,3.0145457228627377,7.880070324941581,4.648326079578382
2107,12345.703125,3.486562785825226,6.2935726720102245,3.798532898684736
2108,12351.5625,2.6205092763872457,4.572118962003069,2.4537409258076712
2109,12357.421875,1.2977501888686152,3.710364962500913,2.463279063505618
2110,12363.28125,1.9079831244954912,4.132688956132721,4.289315896776507
2111,12369.140625,1.7146824944649086,3.288676121448662,3.429477310245934
2112,12375.0,1.8053958771753906,3.8606657993939466,3.404339775373828
2113,12380.859375,1.3309740638842762,3.696314221891595,2.795374120386193
2114,12386.71875,0.8732930800737563,1.7005270056806814,1.8404232173566673
2115,12392.578125,1.5464464207369093,2.8938134035438243,4.091657814065045
2116,12398.4375,1.4823307984737124,2.0275746240537944,4.623930611565244
2117,12404.296875,1.7208136408546568,2.838174492871182,5.245346566599267
2118,12410.15625,2.022463647603546,6.735233676984095,5.039376069719448
2119,12416.015625,2.3688335012775736,5.78705785756907,3.9451608450327322
2120,12421.875,2.431348645196113,3.1713468840352164,2.7928725901095905
2121,12427.734375,1.0768217233317836,1.560222724356863,2.5943396601200344
2122,12433.59375,0.6831814517576396,1.4213228184890832,2.0745716425038343
2123,12439.453125,0.924042191876397,0.9134151963038439,1.8402787806096417
2124,12445.3125,0.23202763122052067,0.75,3.7388433086811164
2125,12451.171875,0.23101446083671526,0.75,3.3340529422837943
2126,12457.03125,1.3184238384340032,3.485016599072154,3.3716460304901066
2127,12462.890625,1.6602233953941876,4.896184970692051,3.6196324812201746
2128,12468.75,2.164013332478421,5.526309970479603,2.932462348398095
2129,12474.609375,1.85541451291074,4.069749470453748,2.197434569975187
2130,12480.46875,2.0079679416638365,3.6047523844202436,3.210674702168773
2131,12486.328125,4.249079741794685,5.161373248019582,7.092370070189336
2132,12492.1875,4.394284562149859,7.358547023177219,7.237145838291155
2133,12498.046875,2.7540347271842123,7.146459008302008,5.632455765387232
2134,12503.90625,1.938987689859855,4.812952464733229,4.370012199178819
2135,12509.765625,2.028258116394435,4.70018555402503,4.1202890772077465
2136,12515.625,2.56930704719156,3.2151136203725255,3.8128026922287277
2137,12521.484375,2.2867393100717557,2.01104886494805,4.083071486245446
2138,12527.34375,1.97758081494524,1.6535353893963314,3.8322261778681828
2139,12533.203125,1.0938440887883114,1.3787781615846,3.5702167785507437
2140,12539.0625,0.8522058434411475,1.0357734717052458,2.3953875117106858
2141,12544.921875,1.761762179994826,2.3271010091798114,3.961523673241648
2142,12550.78125,1.7117786494717144,2.8200756684361163,2.969417638700517
2143,12556.640625,2.3675844265018764,2.4953640972915903,2.9739666795498922
2144,12562.5,2.574151473291436,1.8572437793100325,2.174384076598222
2145,12568.359375,1.2102980778458967,0.75,2.136005422224403
2146,12574.21875,1.006466596272128,0.8969758222179957,3.321730971367355
2147,12580.078125,1.3730931436104734,1.71737419944103,2.509936536470489
2148,12585.9375,2.884183012296697,3.358099240816017,2.821725144030214
2149,12591.796875,2.8801733516855768,4.344717425949067,3.8833129659817236
2150,12597.65625,0.9973988000076223,1.6055335298538365,1.8676665838539326
2151,12603.515625,0.9468486870419442,1.1930264978440084,2.2139959862420104
2152,12609.375,1.1149845640966303,1.7673106143892308,3.0654066934267408
2153,12615.234375,2.158218293328499,4.578830836423391,5.430672516032648
2154,12621.09375,1.9417309128366609,4.539983337421728,4.355489486649693
2155,12626.953125,1.8240140390790212,3.703523809521995,2.3270824313560725
2156,12632.8125,0.5220145174391766,1.7328669991321772,1.6535757269934446
2157,12638.671875,2.0151145599897435,5.166986891451931,3.8512351525396085
2158,12644.53125,3.208669626111247,5.863301599959534,5.826211877677647
2159,12650.390625,2.5642589253375636,6.2670633927315755,6.492345392924885
2160,12656.25,0.9030476015330374,2.6682825456085535,5.560181653464957
2161,12662.109375,0.9009528510476931,1.4471274624540191,3.0431240534628
2162,12667.96875,2.269448257734366,4.012255200986661,4.377107345132592
2163,12673.828125,2.3088519291444234,4.781480129163992,3.250170158269807
2164,12679.6875,1.3173490794544493,3.3776623216060915,3.2073552103122704
2165,12685.546875,1.2252563438540676,2.599500826848238,3.3246725972683047
2166,12691.40625,1.3369021618164074,3.5605127362559728,3.7211229612839793
2167,12697.265625,0.3148486022468765,0.75,1.935881905942816
2168,12703.125,0.9907706451829909,1.8885061366531934,2.873715310692797
2169,12708.984375,1.3291496215859413,1.347066227435728,2.995667324457611
2170,12714.84375,1.7184539097524716,1.406825383030494,3.9794325999125335
2171,12720.703125,1.1793770095343763,1.1978228193074045,3.9325896723573117
2172,12726.5625,1.0285474566464243,2.351580734131497,1.8443300173192387
2173,12732.421875,1.0863124020633304,1.9514900990534656,2.633180419829021
2174,12738.28125,1.0827163393060786,1.9422487441476397,3.2848670139531846
2175,12744.140625,0.6814216458203547,0.75,2.4532172647160526
2176,12750.0,0.6955603342954886,1.5143897729753202,2.0725121521954177
2177,12755.859375,0.766491958147429,1.8396415645058175,3.129453201504769
2178,12761.71875,0.6197778093655207,0.9275715639694202,6.243672400531858
2179,12767.578125,0.8238199474407186,1.378327218886751,2.8023411490791705
2180,12773.4375,1.721776466985445,5.622051403304383,5.479584422041859
2181,12779.296875,1.9993691651857581,4.236025684480187,4.725953876040793
2182,12785.15625,1.2800450268142356,2.6949644171114917,4.142863739898596
2183,12791.015625,0.5470410163386972,1.4114416956124758,2.5820781656943144
2184,12796.875,0.4695574060550875,1.7409207407226845,2.2367872494971253
2185,12802.734375,1.4877677474960682,3.2371517764259563,4.142062535531492
2186,12808.59375,1.2473670827853895,2.209293436232927,3.8202144475813338
2187,12814.453125,0.07091907787949468,0.75,5.930715042930077
2188,12820.3125,1.4053287278792106,4.003845190008292,2.491473918159695
2189,12826.171875,2.439768640682692,4.959078974130605,3.692323746203462
2190,12832.03125,3.238870993465118,7.398363150118552,5.9970004187528065
2191,12837.890625,3.191861830113133,3.8367155732415794,4.135129324564464
2192,12843.75,1.9477859150413874,4.172748274989761,3.182665139202455
2193,12849.609375,1.9572495584787086,3.9648192020425164,3.7511087861618453
2194,12855.46875,2.399340391321373,3.1927213801159464,4.301341130443353
2195,12861.328125,0.8457680829895433,1.1738633500505349,2.84392478902343
2196,12867.1875,0.24091199910094324,0.75,7.350459097243456
2197,12873.046875,0.7512477204649486,1.8168835104463024,1.3713937573846426
2198,12878.90625,1.6551976779287412,6.171184058854038,3.5065010492628885
2199,12884.765625,1.4921493860192985,3.8870239120236905,2.6893325790428824
2200,12890.625,0.8270777604103261,1.2138319318370772,3.7612163116585986
2201,12896.484375,0.7695419869437596,0.8580049286177044,4.431611376095676
2202,12902.34375,0.4518571565170893,0.75,5.814356976600295
2203,12908.203125,0.2921117961787312,0.75,5.465048688916606
2204,12914.0625,0.8841772817968031,1.8455979856465623,1.6933086430595026
2205,12919.921875,1.6403669158815959,4.101819025003005,2.4199834904950213
2206,12925.78125,1.6918688312083179,2.954118174400543,3.7871101171355144
2207,12931.640625,1.76954315298867,2.4105660339190687,2.231942812748814
2208,12937.5,2.0764756585036745,3.9002788644123276,4.385027755188735
2209,12943.359375,1.8191248452205377,2.9740091227545085,3.4654405268824715
2210,12949.21875,2.3451240557077107,3.763542220817718,3.870613254600685
2211,12955.078125,2.811716009185572,6.645289311336466,6.316788091802769
2212,12960.9375,3.0907879515461882,4.668783078457561,4.3391638492876
2213,12966.796875,2.747395031020644,3.5134179078558176,3.1341029150071216
2214,12972.65625,2.1520017211911417,2.946547533107976,2.920731398076033
2215,12978.515625,2.0607759207303182,2.8470413581780085,2.584938671977892
2216,12984.375,1.6033786903907166,4.509530769533754,4.959944074368435
2217,12990.234375,1.5928093697858174,4.134085002211154,4.080913576387567
2218,12996.09375,1.033226974046103,3.184940059060999,2.677692199050914
2219,13001.953125,1.2655852734030926,2.9658175149243484,2.2509954684216336
2220,13007.8125,1.2527090484845234,2.359936050329004,1.5188248029918372
2221,13013.671875,0.6729326732897717,1.405762207589025,1.7301935345357118
2222,13019.53125,0.3325726886052338,0.754063867982026,3.4158321546919126
2223,13025.390625,0.3458826825344365,0.75,2.1036325900028343
2224,13031.25,0.6444872351354433,1.1817978263981934,1.6843584022469364
2225,13037.109375,0.7706937482526312,2.1061878069082054,1.9653255471483084
2226,13042.96875,1.3278817096547484,3.456088230871064,2.2567578781605473
2227,13048.828125,1.3701657082837926,4.00062862656957,2.5113221731568642
2228,13054.6875,1.5551011380027213,3.5010018599367037,3.3242514049092735
2229,13060.546875,1.459829073244236,2.855887615593967,3.686599976106696
2230,13066.40625,0.8840071776040177,2.676094401573207,4.7245736307856925
2231,13072.265625,0.4636780474741341,1.0322928844040336,3.109474121765979
2232,13078.125,0.8341905985904821,2.810625205885463,2.3150372853939394
2233,13083.984375,1.7091996183220186,4.970608536064224,3.591570541037099
2234,13089.84375,1.6972773466331081,5.623771095580123,4.588484770478042
2235,13095.703125,1.323522921802402,5.307799612608466,3.8127695412775644
2236,13101.5625,0.6938966431032088,2.246352161082484,1.9439601194385223
2237,13107.421875,1.0091224607042613,2.714451643455236,2.481815224484551
2238,13113.28125,0.7332629850236526,1.5961291998015041,3.2732871206057372
2239,13119.140625,0.8386404781266235,1.5767485060766369,3.284387547389358
2240,13125.0,1.0293487674009654,1.7860380337617185,2.5730734902455623
2241,13130.859375,1.1961540358903013,3.986683877474827,3.747710937642863
2242,13136.71875,0.5552614887144244,2.3403209263256817,3.0240137919121857
2243,13142.578125,0.9393496302575749,3.069022491527132,2.615208065144136
2244,13148.4375,0.5466769553190183,1.4710407281514981,2.2846513427978694
2245,13154.296875,0.3536134995753259,1.3899701238672433,1.611101804826673
2246,13160.15625,0.40675118520597775,1.5245149276086665,1.218048010332793
2247,13166.015625,0.13155925928234832,0.75,2.4193931465225567
2248,13171.875,0.4515053431713755,1.1209970340216409,1.666501460842695
2249,13177.734375,0.5497394704874929,1.2441027216794371,1.043466541278896
2250,13183.59375,0.3589189115370361,0.75,3.0504600037643326
2251,13189.453125,0.7196249035676044,1.3734382724609966,3.4512276425483552
2252,13195.3125,1.347611809137818,2.860637207028734,3.030148120647049
2253,13201.171875,1.8777135969808567,4.826021599769811,3.265313651147969
2254,13207.03125,2.194440800812501,7.159396368448498,5.230230775083699
2255,13212.890625,2.513687031347803,8.493900979702667,5.069263803246976
2256,13218.75,2.6479111183264488,9.386080993740045,5.036162118763623
2257,13224.609375,2.070306490767284,6.125616979067255,4.038660779406326
2258,13230.46875,0.6991450592499708,1.974482949562054,1.7191974327908357
2259,13236.328125,0.6272944071674852,2.6318585217685335,2.5677021941099665
2260,13242.1875,1.088709830561183,3.9146984394838795,2.692325424536001
2261,13248.046875,0.9416942291545064,2.0974705771027295,1.5162627416070076
2262,13253.90625,1.2541503111877887,2.9016159216374233,1.6920460161195376
2263,13259.765625,0.5036389842075912,1.4618846858158163,1.4115410735610425
2264,13265.625,0.31233955282692105,0.785567987587009,2.24653272632825
2265,13271.484375,0.5326758026849682,1.0368256651247547,3.0044408713468385
2266,13277.34375,0.6947655543757937,1.484256072674441,4.074027032315843
2267,13283.203125,1.0400585710707346,2.8188938628114695,3.498239519405185
2268,13289.0625,1.3617085060118277,3.05712982522362,3.2206370950564516
2269,13294.921875,1.4010673998685026,2.008779085951834,2.8180453394945735
2270,13300.78125,1.2748026857421324,1.887874714714188,3.566000666263597
2271,13306.640625,1.5451978629273606,2.6399280032619097,3.270587498781358
2272,13312.5,1.0686476801672526,2.835727759147246,3.520511620310333
2273,13318.359375,1.036726837916009,3.0426518328564156,5.125957357661132
2274,13324.21875,1.1083053665307145,2.748988326031091,3.6249163382919645
2275,13330.078125,1.3497878575136353,2.614137691810775,2.4553537722591328
2276,13335.9375,1.2845206805814204,2.903861870221604,2.193856840434216
2277,13341.796875,1.0345448256284686,3.2624727624444794,2.1457455894701893
2278,13347.65625,0.5739068303632278,1.8682243848416527,1.9004874049307554
2279,13353.515625,0.5970624548329093,1.3732219007352324,1.9623128855127578
2280,13359.375,1.123997863664326,1.6413163198300178,2.062664891655146
2281,13365.234375,1.6421844198818352,2.1830601089141863,2.5771090200624527
2282,13371.09375,2.327309462946168,3.5334937128872954,3.2341545166885686
2283,13376.953125,1.6680719696789164,3.240741346311512,3.316838938083645
2284,13382.8125,2.3881740292602727,4.616617104569819,3.513724347068239
2285,13388.671875,1.6953063694587955,2.8289978880657545,2.791593918792163
2286,13394.53125,1.242086162548952,1.6033276348758347,1.933957745750875
2287,13400.390625,1.6060994724019586,1.577274630334807,1.9623945309526822
2288,13406.25,1.2444380063472875,1.6644832311798656,2.3363520850811925
2289,13412.109375,1.2817190401687166,1.9358001954054984,2.1256628394184225
2290,13417.96875,0.8034375055669452,1.7567799256398566,2.2471811326832403
2291,13423.828125,0.854520045360519,2.6963403171958227,2.5858359768839745
2292,13429.6875,0.8224958648204334,3.733761465570912,2.3028688486427784
2293,13435.546875,0.8704480561377225,3.2185969715187186,2.8212705281286206
2294,13441.40625,0.8850653052688296,3.0262131216902635,2.8167431701080248
2295,13447.265625,0.5713597103852122,1.6810023431948382,4.171072130602663
2296,13453.125,0.6533841584111497,1.340407930376927,3.332107186192045
2297,13458.984375,1.252664587642344,2.5877326440923465,3.7737538580972054
2298,13464.84375,1.254179630840128,4.641540892164221,3.571816952390611
2299,13470.703125,0.7437091635101661,2.3249574863313436,2.255276167530368
2300,13476.5625,0.8348861735431787,2.1959502840884917,2.409322131573457
2301,13482.421875,1.5251334296326942,2.9687466335528465,3.879977774161562
2302,13488.28125,1.3516684747901304,2.723476668908283,4.097796296984825
2303,13494.140625,1.6101238882037436,3.9814702856737783,4.909913771648004
2304,13500.0,1.5427262979723326,2.855601742052758,4.989115379958695
2305,13505.859375,1.0550696713722088,2.9617505217347406,3.019825713659151
2306,13511.71875,1.1284277467040096,3.6467779814732855,2.4769346836686
2307,13517.578125,0.9789819320772253,4.228223353149992,3.185082277217581
2308,13523.4375,0.5906600397364703,1.9729603362545376,3.5321300433378853
2309,13529.296875,0.3017841368503259,0.7630035319949847,4.511801630301168
2310,13535.15625,0.8598631729870123,1.427841127290929,2.3753467209443047
2311,13541.015625,1.1079339938753627,2.7600741278157273,3.7564437755900997
2312,13546.875,0.8424458766267815,3.531003108068397,4.437063803249949
2313,13552.734375,1.145116481919158,2.8747473163060535,3.9693226600840834
2314,13558.59375,0.7354227307379216,2.2942499682629176,3.513019042889053
2315,13564.453125,0.35521318995725987,1.4809825750046022,1.5014387938735039
2316,13570.3125,1.0896302240990356,3.4720899113307278,1.8766648694532566
2317,13576.171875,1.429098718766413,4.743149890489943,3.306611769523808
2318,13582.03125,1.1424531681630683,2.326737389966294,2.9016358367215944
2319,13587.890625,0.5839965009147615,0.9615592454992938,1.5891492448165894
2320,13593.75,0.8861769052493063,1.6539101378131134,2.588060034377616
2321,13599.609375,1.910525265629934,3.680716536276009,3.395196186921884
2322,13605.46875,2.1043111529515404,5.324981523308413,5.208513638572111
2323,13611.328125,2.23179896737879,5.387308082819985,5.4178818310060155
2324,13617.1875,2.460649003561861,4.666892015417583,5.091425644811834
2325,13623.046875,2.170515233183651,4.933947257076517,4.846641840478212
2326,13628.90625,1.418719222523894,5.313529419306734,4.70088989810703
2327,13634.765625,0.8732706592850001,1.7726985508388695,1.8836332403987608
2328,13640.625,1.6330904881415993,3.3063197077105997,2.811556900328164
2329,13646.484375,2.554870170222791,4.815606917618892,3.7720245784547055
2330,13652.34375,2.398020773549689,3.1791592815719856,3.0817305769494996
2331,13658.203125,1.3716944461561598,1.6520105038595463,1.9403357587366603
2332,13664.0625,1.280191791224756,1.7017798085857425,2.4652426466742106
2333,13669.921875,0.8180090065349276,1.968151831257705,2.2934771448426075
2334,13675.78125,1.0836311057370838,3.4219361079464106,2.895504076669403
2335,13681.640625,1.473612041256652,3.6223436728918217,3.1162985183773735
2336,13687.5,1.3409685730988514,1.59504704098616,1.9084250767292625
2337,13693.359375,1.828545352905025,1.854769746061037,3.011184305015869
2338,13699.21875,0.5720542186822773,0.75,4.897546898160793
2339,13705.078125,0.8550506685547683,1.4022176810881668,3.7659504379537845
2340,13710.9375,1.8688422037745616,4.267219919423804,5.554351706190638
2341,13716.796875,2.0750965066267355,5.144273763613004,3.4989031740627046
2342,13722.65625,1.7575491163027277,4.591518688834626,2.570776413907238
2343,13728.515625,1.244173019715284,3.1818902548882093,1.581367363323562
2344,13734.375,1.0602526156742746,2.899061232080601,3.258815224435966
2345,13740.234375,1.184390174678025,3.389136103578735,3.6755872223446895
2346,13746.09375,1.132458276806115,5.422846803507208,4.980215731021699
2347,13751.953125,0.8478988538418181,3.3703476673472927,4.35523800409788
2348,13757.8125,0.3661245738173682,0.9316370613357596,3.355646522574296
2349,13763.671875,0.21086203230876813,0.75,3.2644855644272712
2350,13769.53125,0.2787249838438719,0.7537142460156924,2.680830627173927
2351,13775.390625,0.15862535380224935,0.75,3.469503478061623
2352,13781.25,0.431387649877,0.8911325011589712,2.252747967797137
2353,13787.109375,0.37716751976509205,0.75,3.7201410614947403
2354,13792.96875,1.4482663872171524,2.980646096911002,4.936395629638435
2355,13798.828125,2.156712269431434,3.605495119417415,6.667997419124278
2356,13804.6875,2.1613570682414602,2.663995777165837,6.484667025128865
2357,13810.546875,1.3764218672616497,1.813688261235145,4.787409447790582
2358,13816.40625,1.0747050968218037,1.3247038851083575,3.804653543527031
2359,13822.265625,0.2544733051355082,0.75,4.769668364133409
2360,13828.125,1.225358820502502,1.6611604701152833,4.816346399882559
2361,13833.984375,1.6967455863422154,2.324043419158,6.388329141340476
2362,13839.84375,1.6008986925607998,2.934008274897538,3.6783153945207308
2363,13845.703125,1.474146551818377,2.338299723439417,2.5629934462756685
2364,13851.5625,1.7301631749465234,3.1561396329938747,4.768827140317462
2365,13857.421875,2.1127686392202434,4.222478525906508,6.823528729909694
2366,13863.28125,2.3805570107833622,4.272285379386989,9.072241698150732
2367,13869.140625,2.19851766143478,2.975319551425668,8.31218111867362
2368,13875.0,1.4318284396591647,2.30017072470231,4.64083249244192
2369,13880.859375,0.96762673897979,2.114078626452192,2.0947127030380694
2370,13886.71875,1.566045980094358,3.131918344792351,4.04662490695147
2371,13892.578125,1.7304022523988885,3.7729125756422963,4.9135704560674816
2372,13898.4375,1.5494142473729229,2.866879473845159,5.23204862687586
2373,13904.296875,0.9382668835909836,1.5715549723429687,2.4099545969097473
2374,13910.15625,1.3369440719389794,3.446353749514556,3.347997992490008
2375,13916.015625,1.7544532863891051,9.342450363289508,6.973018668143404
2376,13921.875,2.8204320764744413,7.475161261515742,7.027690837401505
2377,13927.734375,3.3462005599443647,7.107785799072888,8.694603378942684
2378,13933.59375,3.565469345246279,8.72623503175716,7.823130406531791
2379,13939.453125,3.1394564234066022,8.227639887411847,5.743825087675869
2380,13945.3125,2.3639436155079614,6.536036430993251,4.320674595392779
2381,13951.171875,1.3541344457782998,3.6379058183860513,3.091555465265945
2382,13957.03125,0.9050933215449254,1.7520372600524117,2.3906437134541396
2383,13962.890625,0.650499383782542,1.3462586630737121,2.8818161146780343
2384,13968.75,0.3385053842295445,0.75,3.430591257337067
2385,13974.609375,0.13758765170387943,0.75,8.53536470370662
2386,13980.46875,0.5152471421250785,0.9944110077901687,6.470832822813737
2387,13986.328125,0.8011749361983663,3.1491192347532704,3.3609626013346703
2388,13992.1875,1.5476879103977343,3.2519639834951715,3.980066385841109
2389,13998.046875,2.0015402189901073,4.068499676851464,5.12665329164
2390,14003.90625,2.1671681602493056,5.320430816280246,4.706295404170277
2391,14009.765625,1.7046128121263295,4.322788796012145,3.2095922535367216
