bin,freq_hz,abs_h,training_noise,mean_abs_llr
400,2343.75,2.203069550037596,4.505220996198237,4.518955215193375
401,2349.609375,0.5028987693562241,0.75,1.002700692339597
402,2355.46875,1.873925166761194,2.473142808638549,2.631279334402246
403,2361.328125,2.2804717225435063,2.4129604747061713,2.60720988948972
404,2367.1875,1.2677343347330006,1.0004660805342034,1.0577754962843238
405,2373.046875,2.689750428539268,3.2403929160787097,3.1246815035183935
406,2378.90625,1.6920148186012451,2.878710543878327,2.9130739267043317
407,2384.765625,0.8146335077292404,1.1182283247706437,1.1991235986325042
408,2390.625,1.0895828600453703,1.3302451974776304,1.3711599368587357
409,2396.484375,0.9080705828075307,0.989847845526995,1.23444741130707
410,2402.34375,1.8235517908138175,2.774136315568172,2.844782449022678
411,2408.203125,1.2775214308532763,1.5162377099065645,1.2821016487248917
412,2414.0625,1.0643451832523698,1.4468649781174658,1.301732951542052
413,2419.921875,2.6740080431950144,4.146243751622558,3.96677710270497
414,2425.78125,2.2076764852187796,2.6573411931880844,2.593341618269833
415,2431.640625,0.8632776882720791,1.3579626197733266,1.5626916634434966
416,2437.5,1.1918172465327028,2.089893809570233,2.0951106342890355
417,2443.359375,3.255508540398967,5.12708580992614,5.361252772559898
418,2449.21875,4.0727329857745795,6.372306358252457,6.1838157271809395
419,2455.078125,5.447816205540787,9.623378430472997,9.353648854873164
420,2460.9375,4.984441082167895,8.816690264134813,8.392733589626587
421,2466.796875,5.718796510962777,5.509257142500209,5.298732172695345
422,2472.65625,4.953411087803984,8.057572291803893,7.85870460715232
423,2478.515625,4.273850558753503,6.7917457941816775,6.789530668199667
424,2484.375,5.363626492211253,5.767835305383319,6.077205221111578
425,2490.234375,4.6029958408538985,6.680203975726064,7.107137403805168
426,2496.09375,4.799049855027416,6.588237040287831,6.8843081712472305
427,2501.953125,5.24153882773639,8.386449909616623,8.617329352613995
428,2507.8125,6.161610136675284,9.633627437335289,9.794155803078704
429,2513.671875,5.444321080008001,7.8862270319357535,7.718194066283794
430,2519.53125,5.421338711559027,8.120332959963992,7.871553816981722
431,2525.390625,5.665389217131849,7.937455713064896,7.703046611736151
432,2531.25,4.3849429791711545,5.649616959143991,5.660396824896868
433,2537.109375,5.907448925059467,8.243218426998915,8.168642321296776
434,2542.96875,4.454314567654059,5.305247512241447,4.862279140297119
435,2548.828125,3.9117119872207433,5.686097754824943,5.268965551428415
436,2554.6875,5.173479603021286,9.045610151391585,8.764073791259642
437,2560.546875,3.1943407248364784,5.581556083187435,5.419087363807617
438,2566.40625,2.5047738359325034,3.8081129275906784,3.8244043888455885
439,2572.265625,1.7625728625046395,3.1858885522053932,3.605639009664813
440,2578.125,2.276514981056979,3.2728075725322556,3.3677272393306383
441,2583.984375,2.601768436188422,2.7080206954880737,2.704445500641584
442,2589.84375,3.5371180008238343,5.460162862554334,5.455458618873236
443,2595.703125,2.9932455563066225,4.743624457312613,4.231733292931525
444,2601.5625,4.904678681567192,6.036415724342689,5.665243438443856
445,2607.421875,5.224553073221657,7.655884659397023,7.49752053761651
446,2613.28125,5.068184334213209,9.817182693700541,9.31647507232778
447,2619.140625,5.341086762634286,9.40838001684993,9.219690874866892
448,2625.0,4.727664617326278,9.070450997259382,9.053897981860585
449,2630.859375,4.083742611886089,8.888185850149807,8.961434741728002
450,2636.71875,3.4668702865720085,5.172166158602678,5.202422554423547
451,2642.578125,2.45867537436503,3.0007130434523988,2.60799309155509
452,2648.4375,1.8320016059782416,2.1154840315218553,1.8317805266164708
453,2654.296875,1.9733387771310582,3.5480663709089324,3.3641561252441665
454,2660.15625,2.046123667920899,4.653501425284103,5.088140816714607
455,2666.015625,2.5357779256942226,4.400409445700736,4.140099475304969
456,2671.875,1.4262335770437393,1.8891410957305643,2.211160048668026
457,2677.734375,1.769235369172103,2.4658907191155772,2.363227811843956
458,2683.59375,1.975753724041122,2.9771474615581432,2.7126113276022923
459,2689.453125,2.2065566743379614,3.409369449949728,3.7352699034414747
460,2695.3125,3.050580003307476,5.186767255520699,5.055799122641372
461,2701.171875,2.8313175671188,5.4739063456993495,5.89521464075806
462,2707.03125,2.9316298033223456,5.357933729401132,5.262522232008746
463,2712.890625,2.0329283100625473,2.601594009024904,2.5858163181140617
464,2718.75,2.379192199979068,4.302501784661323,4.2296642970261935
465,2724.609375,2.11313979804695,3.702312232097586,3.2712964054496956
466,2730.46875,3.0725486485921785,6.608061972487736,5.902017487070911
467,2736.328125,3.8405366068274103,6.617399787318446,6.049179679836725
468,2742.1875,2.38064530117623,3.6610735164858665,3.4296039019305677
469,2748.046875,1.9143427626488863,2.7512307957227238,2.469550135670113
470,2753.90625,2.0680369525940145,2.784679955175333,2.827310474708687
471,2759.765625,2.1557604014000855,3.890220790746626,3.9397681637559048
472,2765.625,1.2272886907834806,3.0278979976121048,3.0263892131254133
473,2771.484375,0.8026818636339578,1.3316582983598944,1.3821907197969865
474,2777.34375,2.8499614678424887,3.151352256499913,3.2345953488787766
475,2783.203125,3.3123349444946983,4.677455020775431,4.529094910222738
476,2789.0625,3.1893891878107836,7.869267148983701,7.671147230447567
477,2794.921875,3.1760705843155317,7.407150101690449,7.146728423362469
478,2800.78125,2.624349520565728,6.934228837474228,7.005086040867127
479,2806.640625,2.7356227808168017,7.26369637243015,7.126341076982513
480,2812.5,3.597532692298327,6.074595092059802,5.864225021373171
481,2818.359375,3.451222543151275,8.08506375529786,7.749095504113121
482,2824.21875,3.551166613197067,7.630093120048535,7.1906478406952985
483,2830.078125,3.6095392005401656,8.8792469376342,8.594919579174084
484,2835.9375,2.8409906246708823,6.095817137271403,6.099681034862102
485,2841.796875,2.0034761204569316,7.022524859461793,6.850962312194584
486,2847.65625,2.076472843688838,5.011466760527478,5.136083304625235
487,2853.515625,2.594703945538418,4.263883542967874,4.246574362354481
488,2859.375,2.5981558114438896,6.028149206490177,6.505652347299673
489,2865.234375,3.74951318273582,5.813286804808972,5.964683111402686
490,2871.09375,2.675218246206429,6.833109546377424,6.8439449102001335
491,2876.953125,2.1034191392901076,5.21216520950526,5.504239692395382
492,2882.8125,2.4118852679869995,5.9112162756163755,6.101053545658427
493,2888.671875,3.471851301756618,4.86933232603466,5.079563364416933
494,2894.53125,3.039206234759446,5.958952211799988,5.585487463013591
495,2900.390625,2.9632299897463135,5.078460611715462,4.968942616091901
496,2906.25,3.843786459427158,6.158587166241787,6.0914706067225515
497,2912.109375,3.73860393647729,5.554491960843477,5.496771316299861
498,2917.96875,2.810748159347516,4.43329622837607,4.2478715892005585
499,2923.828125,2.5690658370442994,6.759343427941678,6.2454836504744335
500,2929.6875,2.2735097312274815,5.908699666625153,5.815461065766324
501,2935.546875,2.165973884665459,6.417436386065673,5.776401043134964
502,2941.40625,1.5066991836677066,3.9643790904360334,3.7087066164484894
503,2947.265625,1.5443081430545673,3.441613828059144,3.3721390299495293
504,2953.125,2.018906059688433,7.0562955477969656,6.4585223727284635
505,2958.984375,1.8988581263564368,5.202165395668629,4.863644106875529
506,2964.84375,1.3097180864304931,2.5350172132285542,2.4188272333963727
507,2970.703125,0.9810687873064867,3.0999256817551126,2.67418302977525
508,2976.5625,1.3271620518855578,3.8753360161081587,3.690109696685693
509,2982.421875,1.1084314381315779,2.305981092749207,2.2794299440418273
510,2988.28125,1.8730891262185907,4.287292766611324,4.117124047697332
511,2994.140625,1.740360335001478,3.6479012580703984,3.3641497110944294
512,3000.0,1.5739953360288905,4.148761308618435,3.7541736560840047
513,3005.859375,1.3527190835958347,3.6501273164066053,3.219005560055284
514,3011.71875,1.560613225423559,2.543481664700418,2.44092735974465
515,3017.578125,0.3714424909010138,0.75,1.1983163620526507
516,3023.4375,1.0182819471182165,1.6356582132706934,1.5195765190922976
517,3029.296875,0.8104899755702908,1.35053041422309,1.359022328594771
518,3035.15625,0.8191199853992014,1.9825408312709305,1.9465536834697683
519,3041.015625,0.3980604046350969,0.7548342922757221,0.8693189079238877
520,3046.875,1.170529741718194,2.5544582614141054,2.4907195850046584
521,3052.734375,1.6692879984489593,4.292881520772008,3.894738000444468
522,3058.59375,2.614216934536125,8.119497459981579,8.300173230267443
523,3064.453125,3.249694833978608,11.057530182094254,11.128606794687318
524,3070.3125,2.7645650019450625,6.450988406329637,6.642737375533643
525,3076.171875,2.6646616988914658,6.099280405463151,6.378798066551677
526,3082.03125,3.2488887488403013,8.082933770173451,8.338447004669247
527,3087.890625,3.036461929587632,8.598921868046233,8.965419629879024
528,3093.75,3.7277631868922105,9.763365353560127,9.2162804960494
529,3099.609375,3.768844774744875,8.10048982798168,8.58878131456491
530,3105.46875,3.4706182055253416,5.96686736774572,6.2159000189187
531,3111.328125,5.176351271607078,7.866785865202672,7.9096824658534235
532,3117.1875,4.276311950288998,8.214279460726138,8.397709782254973
533,3123.046875,3.054859215630419,7.094008487399753,7.122184962781882
534,3128.90625,2.9109190364291666,6.590294894111023,6.399175782689815
535,3134.765625,3.7300066738850175,10.993735954102405,10.810818813096576
536,3140.625,3.1993342786466146,8.455483035445939,8.21330020977551
537,3146.484375,2.4101444892353223,4.854989229960681,4.615555201909166
538,3152.34375,1.7209204308914143,4.406612624728886,4.108143603428794
539,3158.203125,1.0831197424138836,2.750409049821495,2.738520783098873
540,3164.0625,1.1506981635761782,2.6674741333413063,2.8119794593953626
541,3169.921875,1.9471461748613559,5.424435641807067,5.302112032823532
542,3175.78125,2.069681014335201,5.905327784747002,5.790352603795526
543,3181.640625,2.4409035847017106,8.626794113303106,8.292450136885666
544,3187.5,2.4216489404569423,10.247723764710102,10.889504183610148
545,3193.359375,1.9504745243969575,6.430603746836825,6.6656671104326275
546,3199.21875,2.5451855021580467,8.369777402574707,8.351776031526974
547,3205.078125,2.3912114942937617,6.309230303221945,6.420033125031962
548,3210.9375,2.1204256598951283,10.36704645654769,10.347392454723678
549,3216.796875,1.4938996528051243,4.204317643275848,4.109682912041406
550,3222.65625,1.30543354658168,5.073197296281017,4.94541236929199
551,3228.515625,1.1725581532272413,3.551448614930603,3.0699293361469384
552,3234.375,1.8830050905935556,5.681773054374342,5.183695333070386
553,3240.234375,1.4263645832773593,6.040475820399704,5.100734967832533
554,3246.09375,1.5821042053858283,5.581915130662394,5.443258238165449
555,3251.953125,2.2004686060841028,6.2921022291958515,6.332039742170883
556,3257.8125,2.487393061434966,7.925707063936819,7.696518155680186
557,3263.671875,1.8056834523220158,7.949913631440731,8.151778400660934
558,3269.53125,1.115174122442791,3.2200013089452044,3.523318491994065
559,3275.390625,1.2321657946782563,4.046712568683874,4.542147942291968
560,3281.25,0.881313970944561,3.111052696944882,3.201613018847307
561,3287.109375,0.9102583937410826,3.323258276301153,3.5153053347291676
562,3292.96875,0.848913163445633,3.440986151401347,3.3587485688823095
563,3298.828125,0.48621381231692484,1.6943456647408084,1.7215136977445493
564,3304.6875,0.734579103076572,2.4606095408804234,1.9822945674910795
565,3310.546875,0.5646074345464948,2.098879598761132,1.7413988784694168
566,3316.40625,0.48185118726928605,1.4958579488434336,1.4636301442131185
567,3322.265625,0.5783800546892846,1.7045060867360542,1.7055014437802751
568,3328.125,0.8568158504706702,2.069033418274318,1.8600946672264176
569,3333.984375,0.7771422153264349,1.9038442463527443,1.5477567321372372
570,3339.84375,0.8569089811909035,2.4898691942085716,2.484849472156621
571,3345.703125,1.3553625252262098,2.8699375623353793,2.8842669744057203
572,3351.5625,1.536655387057035,4.065124998887012,3.777681609045206
573,3357.421875,0.2359461127978518,0.75,1.4464720786471936
574,3363.28125,0.8707261890797303,2.4922097755042687,2.1839575997572442
575,3369.140625,1.0666240930070525,3.103025919474377,2.541113685967475
576,3375.0,0.8427849607275342,1.9599933876451967,1.888210030718565
577,3380.859375,1.177546391602329,3.21180206876849,3.073777987689221
578,3386.71875,1.1307960560153558,3.557472034109346,3.106807961969522
579,3392.578125,0.6413740329636077,1.4935873389769863,1.2819808376740247
580,3398.4375,1.4871306707397514,2.334230259423641,1.9161294811343885
581,3404.296875,0.6967581969959713,1.6602538030063512,1.2870491606171603
582,3410.15625,0.6320776832190028,1.488203814748889,1.955201780317728
583,3416.015625,1.842647293037682,5.3067690229839055,5.306227036253364
584,3421.875,1.4669111298480926,4.868666826686838,5.21390082071018
585,3427.734375,1.3342267311456304,3.6077614317055375,3.5991849715244744
586,3433.59375,0.7138010830427501,2.3263358771339924,2.0830013977115307
587,3439.453125,0.4221070893091775,1.1502629760847025,1.3761413156105198
588,3445.3125,1.0838999227407076,2.8160515446634085,2.5636770431509417
589,3451.171875,0.9495880634106053,2.0560709269285615,1.9093691719957524
590,3457.03125,0.2998641796364411,0.764169563799562,1.039306545994076
591,3462.890625,1.0839364519163899,2.905345614087336,3.5869044830255974
592,3468.75,1.7366115235404442,3.0232367900433763,3.2143759886731926
593,3474.609375,1.8398780564986292,2.3489029068743124,2.415930373494029
594,3480.46875,2.424514094425931,5.518486852699436,5.112563002719958
595,3486.328125,2.2208273765838697,4.018585052877033,3.8932074674519193
596,3492.1875,1.3182600345314492,2.886471173974351,3.225094788423169
597,3498.046875,1.9424729384965482,4.103320515870091,4.402723082390052
598,3503.90625,1.9645532591105686,2.935528329970265,2.8018602249662705
599,3509.765625,0.9220429950527571,1.5510567767446357,1.4048304645474983
600,3515.625,1.1546376957487356,2.078502485162592,2.5619160062990436
601,3521.484375,0.9835315392196318,1.8629548243315184,2.4547258172032502
602,3527.34375,0.5554667305948321,1.117892381496386,1.713250768004023
603,3533.203125,0.5891076176392133,1.0422616038639365,1.3197535555951445
604,3539.0625,0.8259555000709701,1.5452419526553647,1.2962576359600786
605,3544.921875,2.7149281791709763,5.234949678693445,4.975473235461478
606,3550.78125,1.92136322811995,3.5773193872752405,3.841535176953118
607,3556.640625,1.9068209653368355,5.855539623442287,5.681692403294194
608,3562.5,1.5986932080741627,4.007255894614808,3.791156772160786
609,3568.359375,1.2680595365337985,2.9667301283610428,3.4714793784172318
610,3574.21875,1.638234847696431,4.737012512406329,5.012398698319968
611,3580.078125,1.2727325980008006,4.395133322612738,4.493801941817807
612,3585.9375,1.2144063731917765,4.111005060906283,4.5678268235836095
613,3591.796875,1.1789202881454068,3.820311349639016,4.587659676376796
614,3597.65625,1.336804356471998,3.773676562774421,4.362876447300537
615,3603.515625,1.1154163084758104,3.9826660528622906,4.61759913832986
616,3609.375,0.7522246254279013,2.017712092194589,2.5085848377977533
617,3615.234375,0.560505783589982,1.9315292922583374,2.6328130496947297
618,3621.09375,0.6144748012578293,1.9377477486059156,1.9159533554472552
619,3626.953125,0.7673966982206739,2.0569103993569353,1.7551256245630575
620,3632.8125,0.8439722271768972,2.0482699949418244,2.0677494094851587
621,3638.671875,1.3025870265043813,3.5315264061617295,3.3313942300726342
622,3644.53125,1.5951840642188313,3.972456489818687,3.6144708856470658
623,3650.390625,1.6127265502913342,4.033422532031281,3.5978880156956494
624,3656.25,1.4188898377148036,4.222089955451647,3.5336877664486144
625,3662.109375,1.6677233488435166,3.4406849784381617,3.039088312010517
626,3667.96875,1.6863081879100033,8.249159859007365,7.685816396762414
627,3673.828125,1.2684559420477615,5.397496405256161,5.095427613601299
628,3679.6875,0.9455727456210637,3.4173350366911524,3.3723201999597374
629,3685.546875,0.6899503525858822,3.106599975883349,3.179588670431057
630,3691.40625,0.7508089502576903,3.460631865868753,3.550308500777662
631,3697.265625,0.40515506193880774,1.5778425612521105,2.044587378886264
632,3703.125,0.584219414622553,2.507703463369055,2.9184780675175777
633,3708.984375,0.9866694158592846,4.147865938005506,4.457717715678872
634,3714.84375,0.8550318077258154,2.7889109261389087,3.029397586984218
635,3720.703125,1.5028651310570602,6.206085476039009,6.8094762986409405
636,3726.5625,2.3036859107070837,8.075173679982804,8.692649590942063
637,3732.421875,2.199471731954991,5.300852103211994,5.277581855164232
638,3738.28125,2.675081860405159,8.175359089207381,8.543973187202871
639,3744.140625,3.0124596899306,10.491706810009479,10.627632004685266
640,3750.0,2.9727828004847288,9.024848132571037,8.784861064442593
641,3755.859375,2.594478321290698,10.835998917880085,11.176662191606749
642,3761.71875,2.2179772450415034,8.889880899068034,9.12364583813289
643,3767.578125,1.8501668890844873,5.46082166394507,5.592436629474966
644,3773.4375,1.2185086982931248,4.4605959531445,4.867817002976001
645,3779.296875,0.8944894315311818,1.97271691114321,1.8400610867946046
646,3785.15625,1.118224862398342,3.745536244707929,4.07146126753673
647,3791.015625,0.809207394296286,1.9966812206958016,1.9732131441856378
648,3796.875,0.11211434041153287,0.75,1.5882551882070675
649,3802.734375,0.5329958034262446,1.6940897193923141,1.7915117735701527
650,3808.59375,1.5416589880696987,5.516983664690077,5.627293247894719
651,3814.453125,1.8138960281641112,6.11818098226939,5.8845359933127135
652,3820.3125,1.9986722936091663,6.935916950010883,6.4151678611455285
653,3826.171875,2.6260787400907444,11.070980712007332,10.708353434796432
654,3832.03125,2.657572611272899,10.144641640381263,9.838699737153455
655,3837.890625,2.0720058894739224,7.524781681571759,6.998782304763806
656,3843.75,1.8296682601281031,5.521166460558483,5.432121823396571
657,3849.609375,2.7838860645599843,7.7412278067568066,7.6338576646179535
658,3855.46875,2.921780091441564,7.0805110268120135,6.936166514582477
659,3861.328125,2.788672341404186,7.399958227366659,7.050315079982086
660,3867.1875,2.2470412672889135,11.421490256983036,10.559010104115027
661,3873.046875,1.7414247595349628,5.146977740183967,5.044321440569349
662,3878.90625,2.55683269979837,8.536773948524658,8.403849845444068
663,3884.765625,2.1685361078920566,7.4985691991164085,7.022769000786958
664,3890.625,1.7652086586823412,5.195350022628849,4.695305524751438
665,3896.484375,0.8614612661687905,2.526903967830423,2.3618767056085708
666,3902.34375,0.8997194911788435,2.4116319485748847,1.9230188199902034
667,3908.203125,0.4603520089226051,2.38660347633206,1.8213130556643489
668,3914.0625,0.6942941513248061,3.8887727353660795,3.7051977770778066
669,3919.921875,1.086026039512758,4.824472650463161,4.776418235497408
670,3925.78125,1.0298632055262094,4.376927042366601,4.4451746379029125
671,3931.640625,1.9936348072509538,7.9892745998106545,7.740038130445873
672,3937.5,2.6651757055283465,10.263850253559871,10.42892705064191
673,3943.359375,2.4552510360268434,8.851021325758866,8.618435699368888
674,3949.21875,2.3295448209978264,4.0526081962847735,3.7847106210350474
675,3955.078125,2.293822685574469,7.904055119157398,8.225851797617304
676,3960.9375,2.679860746050047,10.550029974339067,11.063040182031784
677,3966.796875,2.6155634405796535,7.941770715714335,8.30847559358566
678,3972.65625,1.69200492546623,5.770684742511118,5.755006662636872
679,3978.515625,1.6032939705719793,4.453142813057513,5.314621741675695
680,3984.375,1.6135141050804505,8.37906336377101,9.236102162092712
681,3990.234375,1.1767653464971501,4.047873945195431,4.568012764423399
682,3996.09375,0.7028801241668617,2.6168777718481655,2.3330823127290374
683,4001.953125,1.1083488672127206,4.055304595953476,3.747357578761939
684,4007.8125,1.4411821677217986,4.826069191871121,4.529299528409605
685,4013.671875,1.023997482983679,3.916514530960801,3.8912900515016933
686,4019.53125,1.2551978902416712,3.7060885861650323,3.582234238062835
687,4025.390625,1.0453019839048294,3.9020663066738264,3.675226480313647
688,4031.25,1.003016067810132,3.5726778154657763,3.468107645392404
689,4037.109375,1.1901529520638354,2.447585423231382,2.4001528842252853
690,4042.96875,0.6397006584590413,1.7684716423554616,1.497339296642078
691,4048.828125,0.5758652026322975,1.2940446379066364,1.177856248189144
692,4054.6875,0.9214125014190174,2.166017417812857,1.7353230417254983
693,4060.546875,0.9785432667214459,2.601278666434218,2.0147560918588687
694,4066.40625,0.570478827696512,1.602289883089655,1.363171612438634
695,4072.265625,0.30294211865496684,0.8739720019262889,0.8760374787418137
696,4078.125,0.6352257529747897,1.825573871768365,2.0466996063103786
697,4083.984375,1.0538993828240195,3.116594225178778,2.6240464514374167
698,4089.84375,0.6771906851505943,2.269947614484393,2.084621551131155
699,4095.703125,0.8030098100682055,2.612516307305873,2.7062135964534657
700,4101.5625,1.3571695301998992,3.8288913215752,3.8207372821157852
701,4107.421875,0.7966082788643956,2.6751899566303545,2.595790590494124
702,4113.28125,0.5383219034074738,1.997246775741143,1.8203697536096688
703,4119.140625,0.2230253797457518,0.7908604228613911,1.3068174638423884
704,4125.0,0.8558869714708004,2.756128879700243,3.1078520948550765
705,4130.859375,0.8768490223538603,3.5648420277763924,3.8170468473126875
706,4136.71875,0.8548308772281225,3.149931935194066,3.3166688099996695
707,4142.578125,0.6592488360736115,2.779714209919686,3.047620356709299
708,4148.4375,0.43432806423847553,1.5923988275444563,1.7014595758020397
709,4154.296875,0.10245565305924968,0.75,1.9906448565999482
710,4160.15625,0.5694857938593059,1.3081283976507114,1.091780035338335
711,4166.015625,1.0637036024240978,3.303200090544152,2.8861195496903465
712,4171.875,1.1180240704590203,3.806308318835567,3.7309919043429636
713,4177.734375,0.6684266591609426,2.420507448697018,2.079902642763723
714,4183.59375,1.1437939153594419,4.239207892797321,4.216261012399183
715,4189.453125,1.060801278872279,4.425412300170933,4.4945652524528885
716,4195.3125,1.2991744255388062,4.935067201829134,4.621239026467696
717,4201.171875,1.836706034129029,8.72673770596495,8.386233639672772
718,4207.03125,1.3812071704384188,4.646925791402478,4.5546969755537
719,4212.890625,1.0082467883036255,2.9871620760204975,2.7643618334543514
720,4218.75,1.7671301772245867,5.322305294126417,5.041253631581564
721,4224.609375,1.2123675843851107,3.1777869487297,3.32965668602905
722,4230.46875,0.6412194938592918,2.6705756656343,2.0968542595714146
723,4236.328125,0.7287662151641637,2.1371947943663727,1.5202050718179776
724,4242.1875,1.0051518583820704,2.6916610365781652,2.211768984586928
725,4248.046875,0.6247253861759442,1.9662988356263922,1.6783094083863386
726,4253.90625,0.4087899581837736,1.2351894781070263,1.2782024925884725
727,4259.765625,0.9753655183084382,2.2442058412140176,2.0190846253942287
728,4265.625,0.8130892456227965,2.5424076992674673,2.3594464102682204
729,4271.484375,1.1972094171999463,2.2851211503816096,2.071986323697915
730,4277.34375,0.9421098766945247,2.165534123583193,2.2260688769383083
731,4283.203125,1.534868120403502,3.3417413112900363,3.356431388227667
732,4289.0625,1.6906696714410647,5.769177112035027,5.32522719383304
733,4294.921875,1.4116985840380445,4.874585067199744,4.964621904208848
734,4300.78125,1.1001873956996073,3.468063936419667,3.4250906260217744
735,4306.640625,1.5808549232854305,5.212889566132981,4.708289808254796
736,4312.5,1.0791937589194376,2.7824871274445844,2.309777669911404
737,4318.359375,1.2552598280852296,2.462335781232278,2.120872591557029
738,4324.21875,1.0936891806154416,2.5985043042400697,2.388508570196507
739,4330.078125,0.5361355483306472,1.8158019356706592,1.868720162064516
740,4335.9375,1.0396370798814292,2.52048737519629,2.6185044687948724
741,4341.796875,1.2601020361700053,2.6567093242568682,2.7311412868770666
742,4347.65625,1.0132480416948404,3.824494149199783,3.5398109442167276
743,4353.515625,0.5226020141845122,1.5576886684374267,1.650719047236139
744,4359.375,1.5113423566933062,5.279941106656148,5.434819253860981
745,4365.234375,1.8091882424930437,7.6450064751314475,7.4881891592582965
746,4371.09375,1.3368926805694605,4.757120562446797,4.967242792872246
747,4376.953125,1.2891178062434816,4.592886337921949,4.6909825204163775
748,4382.8125,1.5193644158334723,6.38587783675135,6.634764795496114
749,4388.671875,2.0759352218663025,6.57948866881677,6.8031674088102125
750,4394.53125,1.6011008383486152,4.5538956197118905,4.705857137148709
751,4400.390625,1.091227316960065,3.046301279220661,3.6326547909507947
752,4406.25,1.3676745262729935,2.911152641208818,3.232948725326532
753,4412.109375,2.091997478564726,5.200508824650498,5.523823863710429
754,4417.96875,1.1350478944205609,3.2845713607017712,3.7053361996421255
755,4423.828125,0.9072324880975853,2.333275337436924,2.4995572337332637
756,4429.6875,1.6324373626826254,3.470194358090273,3.5478745354359833
757,4435.546875,1.6170094482118136,5.454114475763473,5.749798503458105
758,4441.40625,1.6119355189981903,5.9741305594129575,6.249016467361652
759,4447.265625,0.6519236675847414,3.0209133964480914,3.4036554117239017
760,4453.125,0.630693557668774,2.7790204783004984,2.3028692748154347
761,4458.984375,1.3874395679064218,5.749878237440486,5.427935792338792
762,4464.84375,1.6390375726671005,7.48967030840808,7.340752837340535
763,4470.703125,0.9942120171457526,4.5618567159518335,3.5231353083367485
764,4476.5625,1.538443899570708,8.852243085218529,8.11207171371394
765,4482.421875,1.9025317479024038,6.339719382036439,6.057361937687462
766,4488.28125,2.318185835365118,10.318621259782478,9.800658050905975
767,4494.140625,1.932965853306873,8.439284440179488,8.285193264268091
768,4500.0,1.8438064293707155,5.2324066200187325,4.96299742788877
769,4505.859375,2.354510064835752,6.577462466352534,6.334775653343333
770,4511.71875,2.5053491600228996,10.147403391324051,9.683457698365206
771,4517.578125,2.663421106269833,9.808280176648314,9.493685849077742
772,4523.4375,2.062414901132166,7.1003892254837675,6.731575767853701
773,4529.296875,1.837032680558372,7.052707107664516,6.623488941335392
774,4535.15625,2.1788213836014614,7.238046854842773,7.033070607824432
775,4541.015625,1.9070218835330066,5.336713090951441,4.95342664658732
776,4546.875,1.3712235834719997,7.016578245970152,7.244425046500584
777,4552.734375,1.589982580223991,6.302592359527942,6.596200332083534
778,4558.59375,1.9776157372661383,5.254416336251365,5.286625311583823
779,4564.453125,1.8680342022301821,6.332254188656888,6.565412250054011
780,4570.3125,1.770207986088399,6.503263399307103,6.5318181515702625
781,4576.171875,1.8026480220660284,5.8063454931979965,6.010824226276083
782,4582.03125,1.5312847195618717,5.303912956096741,5.70811951552792
783,4587.890625,2.4011354148565283,7.799235786554457,8.149226956404755
784,4593.75,2.1647910392354053,12.0,11.741802778726825
785,4599.609375,1.6727415545576114,9.877456054030207,10.09223317049535
786,4605.46875,1.9445617497174184,9.626936935198314,9.729680844717096
787,4611.328125,2.493501583946007,11.023830575531695,11.680444314849664
788,4617.1875,2.320880194866246,10.909816232961195,11.459973354993817
789,4623.046875,2.1895091550656844,6.823791797088867,6.802649521068112
790,4628.90625,2.3147662639508164,10.868350627770958,10.268909443487225
791,4634.765625,1.7591332948203153,10.769940584842384,10.459822471589229
792,4640.625,1.8916329457868903,5.98677897415001,5.720666032677116
793,4646.484375,2.0421633316366523,5.42986315656768,5.463899911337139
794,4652.34375,1.124287379971058,4.33863927290024,4.789756301571926
795,4658.203125,1.1822402905195932,4.022577496909445,3.9632856312001272
796,4664.0625,1.3538101179359396,5.711039947692679,5.9098645944097035
797,4669.921875,0.8386679507899283,2.5848950189668214,2.4096017342390446
798,4675.78125,0.9043534972606412,3.6435758533243723,3.325394082922984
799,4681.640625,0.8835833938385959,4.7684299518754445,4.610233643993094
800,4687.5,0.7099871108888436,3.0386853705951813,2.8051945097670123
801,4693.359375,0.46219862370995,2.4250132558283246,1.8962478698828769
802,4699.21875,0.20401217153742054,0.9414735817621659,1.1379969241498533
803,4705.078125,0.9683174317912014,3.4251978054801597,3.6723634057974994
804,4710.9375,1.0955902267386712,4.526767619010359,4.391232126825843
805,4716.796875,0.584656421081781,2.0514092784795377,1.820265265164038
806,4722.65625,1.1182101626338838,3.127525886419997,2.9939873769136187
807,4728.515625,1.178207289089813,5.216614399991709,5.1698800610292315
808,4734.375,0.7003711207815255,2.3884299830262354,2.480014301162525
809,4740.234375,0.9180444005816901,3.0404407197694425,3.2055817348990194
810,4746.09375,1.3715471958119292,5.339605161170908,5.323578233599938
811,4751.953125,1.4227573596904692,6.242029635262447,6.332690385557146
812,4757.8125,1.3932827026596506,4.014634917868464,3.7496119476557928
813,4763.671875,0.9067443957183641,2.6873030806182894,2.90721003524484
814,4769.53125,0.7065285132846867,1.8031285508162687,1.6248138570683246
815,4775.390625,0.8464462103391073,2.0235528523627675,2.393970311817553
816,4781.25,0.9074817383320422,1.9594842136158328,2.080798708906657
817,4787.109375,1.0859685524819296,3.9360040235711855,4.080854068159057
818,4792.96875,0.5844850282276364,1.461439242640539,1.787979816504128
819,4798.828125,1.0381662477124978,3.8521384816485282,4.119965022530434
820,4804.6875,1.200090798736427,4.739837198273604,5.147026766926754
821,4810.546875,0.934075856324953,3.6803306527317012,3.8989348111352773
822,4816.40625,0.8922884014745712,5.42831848209783,5.939615500095625
823,4822.265625,1.2747334691044705,4.533280231380409,4.527944946063831
824,4828.125,1.5459403385063506,7.963004043808079,7.722131609729376
825,4833.984375,1.3874079907756687,7.891248426265053,7.786889353309837
826,4839.84375,1.1434899092241144,4.372406794091435,4.3315570628729425
827,4845.703125,1.6908256588957546,7.35378631693375,7.271269431338788
828,4851.5625,1.6564852126626834,6.912820005611496,7.016091337139585
829,4857.421875,1.687496977025277,6.348672524640166,6.493928624309799
830,4863.28125,1.7256606045405871,6.248191322211057,6.28923390266736
831,4869.140625,1.448821332440243,4.890786996920751,5.343557902973591
832,4875.0,1.2793784420695302,5.0507172524429045,4.910837702157514
833,4880.859375,1.5054969848881132,5.954723184816112,5.976567944305943
834,4886.71875,1.2508001480455682,6.728818952214611,6.395752307396626
835,4892.578125,1.1298828785525936,3.6720330303227966,3.521879778868055
836,4898.4375,1.3522984109595244,5.399441217680186,5.446899091199925
837,4904.296875,1.1527123444980725,5.300269407926018,5.204323953872527
838,4910.15625,1.2225907707959083,3.9860430309616923,3.5831096472882438
839,4916.015625,1.198886800256644,5.946745875327057,5.5522779239866145
840,4921.875,0.9269682041301761,4.4118561438524,4.129653800626766
841,4927.734375,1.4438505841683278,5.448907503301786,5.124570135041048
842,4933.59375,1.350426884415125,4.072525137695928,3.541257273446698
843,4939.453125,1.3003107889122125,4.905363013199636,4.246497566763082
844,4945.3125,1.7256663279180882,8.234425807199171,7.9490171423926395
845,4951.171875,1.8145773753532626,5.714120103090859,5.505540902086172
846,4957.03125,1.3400789972135376,4.652422161740314,4.384230370499318
847,4962.890625,1.528665314708483,5.130995435873285,4.882540376339245
848,4968.75,1.2563165689655735,5.184734583835502,5.163536058561759
849,4974.609375,1.1608088997229913,4.809362560557625,4.7534747845710905
850,4980.46875,0.9837374347597959,3.9832836065217827,3.938518348103613
851,4986.328125,1.161196325200574,4.301691251197495,4.524419063262803
852,4992.1875,1.3047014437335087,6.960404178450769,6.954110429552009
853,4998.046875,1.3796181650199595,5.390022276455573,5.636659614575851
854,5003.90625,1.138937538122345,3.991726675046883,3.91903840051679
855,5009.765625,1.1226080233811455,3.8806624223808415,3.7915255127015883
856,5015.625,1.0815249652021783,5.252396742903837,4.886558436046227
857,5021.484375,0.4727919257356004,2.254851388882063,2.0053635041114717
858,5027.34375,0.4135847359863525,1.4953647610037297,1.9970388319241679
859,5033.203125,0.9307170682554146,3.6124847046248645,3.5616181110683027
860,5039.0625,0.6194617369639535,2.6139544459028885,2.3390780459399894
861,5044.921875,0.460279164429532,1.443617504295104,1.765545538480423
862,5050.78125,0.2176379541539346,0.75,1.256630820980646
863,5056.640625,0.2985467105524132,1.269647485393721,1.3437523239505356
864,5062.5,0.7433066420226494,3.381072547811087,3.929420394133117
865,5068.359375,0.9599792585324006,3.200728142261561,3.692305768414662
866,5074.21875,0.5253334484331291,2.1745228260950307,2.6191717854276737
867,5080.078125,1.077507081313497,2.9291700779514076,2.783462522764647
868,5085.9375,1.1802203034534164,3.2888463462397404,3.165034019236298
869,5091.796875,0.967890080715717,5.180979678355484,4.271743401732988
870,5097.65625,1.1478650406828736,5.637931392170659,5.113836558803559
871,5103.515625,1.2336794860369733,5.823817125325599,5.737510339344292
872,5109.375,0.9704132821788998,4.581051208392762,4.848417319644781
873,5115.234375,0.7802506896224426,2.901000477844125,3.361715582104976
874,5121.09375,0.29080278332604437,1.4594710201949188,1.6868301310484877
875,5126.953125,0.8927120456057969,2.615878646890787,2.6187780291315246
876,5132.8125,0.8199558123922571,2.7037896259809147,2.684696987541505
877,5138.671875,0.20797889284476367,0.9065445991221566,1.0202131034620723
878,5144.53125,0.4365311043139621,2.266005857231653,1.6808058990922985
879,5150.390625,0.9530198316255851,4.986857392949082,4.677893138266531
880,5156.25,0.29597168757784537,1.2248244318650368,1.5418188958864705
881,5162.109375,0.3278158301248062,2.4570417748345,2.010471170762803
882,5167.96875,0.5187867123562677,2.9324512838375396,2.464673398708164
883,5173.828125,0.40140578834539453,1.473242236289799,1.5826875319733722
884,5179.6875,0.5406021246225359,2.849068001049132,2.9093062892311536
885,5185.546875,0.7063158896949823,3.150338372496071,3.7098614586311265
886,5191.40625,0.9022081322902071,5.84956699734554,6.601518310480383
887,5197.265625,0.7666637393067118,3.1931895967703827,3.01990801169079
888,5203.125,0.8458869629021752,4.283146836095325,4.128491778278702
889,5208.984375,1.4896585291588564,6.229504648568858,6.111220512336655
890,5214.84375,1.3368063273699746,4.992459692999898,4.68563273433547
891,5220.703125,0.8875392835639239,3.673921156167337,3.142062415343137
892,5226.5625,0.8187256464460907,3.3648654747590845,3.3465844411927668
893,5232.421875,0.9616822507745347,2.515539625462021,2.582523608452555
894,5238.28125,1.1864431544502787,4.003895947920869,4.193594592201113
895,5244.140625,0.6499172306918165,2.351182947592475,2.6335578768246446
896,5250.0,0.8690617828974171,3.4247433399417853,3.4195505842927885
897,5255.859375,0.7493207510802494,3.551242090909228,3.6961033139452697
898,5261.71875,0.24793428631003442,0.75,1.286225208916023
899,5267.578125,0.6696081545036107,2.3040213512873136,2.4681830807808454
900,5273.4375,0.476083842899086,2.4012582222064056,2.6244874989847693
901,5279.296875,0.9118439971382135,2.3583053532242455,2.566656736993595
902,5285.15625,1.488759938590318,4.148870094950814,4.336809218760292
903,5291.015625,1.4151073057838925,4.896590108759784,5.177921196940879
904,5296.875,1.1281697111226598,3.6575734315803476,3.9480192365585074
905,5302.734375,0.9011207901820862,4.346268555929786,4.746255639948798
906,5308.59375,1.6140038696009393,6.845209358387864,7.150103136048693
907,5314.453125,1.6769780261608278,6.402906622686361,6.372388484793168
908,5320.3125,1.282999776535568,4.419190319711533,4.48348079102575
909,5326.171875,1.5312815498887653,5.243204042883175,5.336146584731486
910,5332.03125,1.3985611117982626,4.67483406886937,4.8789584546639775
911,5337.890625,1.205459500575502,4.391327236134099,4.365620440517916
912,5343.75,1.2675336042563505,3.8409437213372546,3.955657013181732
913,5349.609375,0.9025067297873924,2.4528271578712246,2.7696899111630002
914,5355.46875,1.3956889422075716,3.45069068405878,3.503802600471883
915,5361.328125,1.5898949030805445,5.27849140449891,5.24838066249608
916,5367.1875,1.4649576979463008,4.287975302089723,4.174843591615665
917,5373.046875,1.1469664112741624,3.2493016632698417,3.182983437961514
918,5378.90625,1.523594009463871,5.1584090774225,5.166659167249792
919,5384.765625,1.3103448938742448,6.212909010814521,6.641751256454948
920,5390.625,1.3921283086871639,5.159814572538591,5.114154742943658
921,5396.484375,1.4204922706509315,6.206552769382087,6.18205691542794
922,5402.34375,0.8122328191339843,3.6477554741534775,3.411582949188725
923,5408.203125,1.1530019445434596,4.794539903871352,5.04687059847975
924,5414.0625,1.393379170811003,5.488435296251974,5.337375687437148
925,5419.921875,0.7223229740270315,3.150827177611042,3.043472124356909
926,5425.78125,0.6101624834430757,2.3103243633292276,2.2781909133249743
927,5431.640625,0.9802921783438071,3.3772010223844804,3.671679615674622
928,5437.5,1.3413692731219613,4.573454761220763,4.847311511376945
929,5443.359375,1.0057442640934708,3.970204890852713,3.4103802028561496
930,5449.21875,0.7187396894607093,3.186417489109406,3.1266449530644578
931,5455.078125,0.8331785348734947,3.4074395822101105,3.903507527326565
932,5460.9375,1.388853799648722,5.704382075623586,5.574587840864571
933,5466.796875,1.5188578636210255,5.690242130158522,5.702000978547556
934,5472.65625,0.6063252055490356,1.9117939707451086,2.245604049196095
935,5478.515625,1.144225420067574,3.6185155430637623,3.7320954592698223
936,5484.375,1.8548446813862514,5.915848775373954,5.890953406597914
937,5490.234375,1.8958639514120914,7.043530852467699,6.749868588459179
938,5496.09375,1.0241110416243266,3.278790683083735,3.1375765498746264
939,5501.953125,0.893946841413543,2.8708210129513683,2.9686176026112645
940,5507.8125,1.482848954795725,4.405252871133615,4.385134231894067
941,5513.671875,1.63993239528048,5.066887282872387,4.681752667750406
942,5519.53125,0.9228940008714729,3.1921379227764195,2.711924366952522
943,5525.390625,0.32864649966913784,1.1154309788435646,1.4893598891900046
944,5531.25,1.18615703825143,2.753180016950491,2.9588819313075723
945,5537.109375,0.6502618089457325,2.2444001281596755,2.058351997473555
946,5542.96875,0.19429983506057394,0.75,1.356200354992573
947,5548.828125,0.7088022966882916,3.221193256313735,3.5862808136864
948,5554.6875,0.7493676273534908,2.589944527956997,2.943072047599689
949,5560.546875,0.9179773358287308,2.770325271854396,2.956154301202428
950,5566.40625,1.0654969213831103,5.627164510746507,5.409488640707443
951,5572.265625,1.3009197664687702,7.375073239760367,7.412232430952522
952,5578.125,1.481724987454245,7.443754204509514,7.450608742249007
953,5583.984375,1.2554026728337349,4.149851115276159,3.8855800862439547
954,5589.84375,1.3139616081782581,3.717020102488127,3.723000846588005
955,5595.703125,1.7041929856796014,5.898650128785583,5.874806850249563
956,5601.5625,1.3823770290102613,4.2012522354211175,4.405937753798133
957,5607.421875,1.730591686652474,7.41178991578383,7.567267047417906
958,5613.28125,1.6593778393077268,6.613743287077282,6.645251387040061
959,5619.140625,1.7407178059001354,7.618572100543773,7.099256453057571
960,5625.0,1.4939638792848104,4.17262298648398,4.059640026886027
961,5630.859375,1.6354450810041725,3.763969561612206,3.6257753885534423
962,5636.71875,1.6047568650471329,7.943238825944866,7.5408005170397026
963,5642.578125,1.0468679956069902,4.146300184496851,4.413748591621911
964,5648.4375,1.762912764411171,4.713147691416335,4.227623260888135
965,5654.296875,0.770049992446547,4.004593066809377,3.6639427751603457
966,5660.15625,0.9509528386342964,4.437017507258037,4.242954579473964
967,5666.015625,1.0596834061840177,3.708062676242414,3.79934680800541
968,5671.875,0.8347946842125071,2.7627329454218463,2.697087484354538
969,5677.734375,1.28328049448335,4.903805614963304,4.725204438955661
970,5683.59375,1.6512682341534297,3.9974364350658966,3.9819906151947415
971,5689.453125,1.4184454879569155,5.818986197757223,6.0155448866797006
972,5695.3125,1.6210697631986624,6.268048333123786,6.505142386221167
973,5701.171875,1.662948325893296,5.013928267233765,5.11208731280696
974,5707.03125,1.3697556332919085,4.04501370438584,4.262467860558668
975,5712.890625,2.201641990231454,7.8370446420882285,7.686131230138836
976,5718.75,1.9306566999592751,7.7596227114867755,7.835437635503366
977,5724.609375,1.5448078945334707,5.327428481601917,5.683012739514466
978,5730.46875,1.5620998360271643,7.0671775999146345,6.847621239305668
979,5736.328125,1.526579977294524,5.702067793103293,5.35797946724474
980,5742.1875,1.5134414336106594,5.22272977712612,5.359870438252879
981,5748.046875,1.6787622059487328,9.944975220913879,10.20647773437926
982,5753.90625,1.3901386008894925,6.0008573491037405,5.861970799070342
983,5759.765625,1.113363834784681,5.277412036413638,5.0810943047619945
984,5765.625,1.1367626636781964,3.0021546228387255,3.152478606271943
985,5771.484375,0.762148125721694,1.7136987880242636,1.8791735924821988
986,5777.34375,0.9528873330646184,2.418980828535253,2.348824293813724
987,5783.203125,0.682792224078799,2.60175222439676,2.7002146783166596
988,5789.0625,0.8321426281954865,2.639957644306016,2.809739956835775
989,5794.921875,0.9892533247787674,3.9668764828465504,3.935048975701384
990,5800.78125,0.848121870498201,2.944355832087444,2.6501897139295965
991,5806.640625,1.0133865046484731,2.2562532468011645,2.1326751248934146
992,5812.5,0.8676521473682323,2.0065258427642703,1.6504120559593602
993,5818.359375,1.0979673295068677,2.6023606362975906,2.211107401492807
994,5824.21875,0.8845318243182445,2.791849219572085,2.9233369968367753
995,5830.078125,1.0510355368825859,2.0969684067611984,1.8089660297776
996,5835.9375,1.047467922627865,2.2523851458478643,2.532220390943013
997,5841.796875,1.829564392789232,4.098054209547886,4.313005439308313
998,5847.65625,1.4598639723568274,4.361099265819508,4.45058886910339
999,5853.515625,1.6852774663926888,6.428362287920304,6.230521903160435
1000,5859.375,1.9504376471337552,10.737827151373496,11.067689341628464
1001,5865.234375,2.2697875926254247,9.834343676313171,9.891898777078277
1002,5871.09375,1.8468788653373465,4.112356139220457,4.166258123833569
1003,5876.953125,2.1584594575459892,6.265305041781739,6.1607253659011985
1004,5882.8125,1.3399546095136732,3.862498540135408,3.627956903336929
1005,5888.671875,1.0187919790527515,3.5989176411213544,4.0317430618527945
1006,5894.53125,1.473662764530239,5.597866659182449,5.685716970862406
1007,5900.390625,0.9947259743617983,3.4971602602688714,3.219727226611916
1008,5906.25,0.5367689245101499,2.118930541834832,2.2901063613795176
1009,5912.109375,1.1646667235779258,4.681911500120811,4.875520632606484
1010,5917.96875,1.5102183889861576,4.532400399319568,4.7945850891549116
1011,5923.828125,1.7186022889963852,6.258121410099603,6.000441558874684
1012,5929.6875,1.2051109233405015,4.916587233518893,5.334048175175405
1013,5935.546875,1.1900030693297712,3.8668127252050244,4.492648073716531
1014,5941.40625,1.4295094163799158,3.7192920051395397,3.581369758836877
1015,5947.265625,1.9621704266338267,6.673204319569825,6.5053182396373455
1016,5953.125,1.8683731034949582,7.231903733757497,7.198278198484926
1017,5958.984375,1.071649950013534,3.9795964523713687,4.269745344739752
1018,5964.84375,1.3412884437905632,6.646772260610845,7.141288340124314
1019,5970.703125,1.7604956326314327,5.833917894344712,6.387554918451983
1020,5976.5625,1.8892570716899981,6.816294965630687,6.983730914221138
1021,5982.421875,1.5989880378022816,5.812098357028078,5.916022326759105
1022,5988.28125,2.486932449686736,8.621598884101546,8.736720829513187
1023,5994.140625,1.8251399701950666,4.905793035087422,4.9209639260605424
1024,6000.0,1.977811861215789,5.864866243808095,5.61205827880844
1025,6005.859375,1.6141198150844422,4.6182762741659875,4.65032133607616
1026,6011.71875,2.0179100008674737,5.323428167482845,5.684416138418804
1027,6017.578125,1.4606990266109015,3.1565103667724728,3.765865217605285
1028,6023.4375,1.327801797625264,3.66317109196351,3.719545346669657
1029,6029.296875,0.9500076593644085,2.8661627337158384,3.4539814857558593
1030,6035.15625,0.7829312387797757,1.5244881951117097,1.8108532025112274
1031,6041.015625,0.29054859422390555,0.7644665998442259,1.0108266296761437
1032,6046.875,0.9874595311958547,4.0430412883362585,2.7600157313324005
1033,6052.734375,1.0583841107533527,4.056199779794262,2.926906191023279
1034,6058.59375,1.2827100238732299,2.081907311205526,1.7783899110880241
1035,6064.453125,1.0067137968908035,3.5103496942348977,3.138912673387487
1036,6070.3125,1.9274209309922838,5.61301638768256,5.721451514686713
1037,6076.171875,1.9274434251138086,7.334961809442332,7.43465681521734
1038,6082.03125,1.9063806073085376,6.984065379387905,6.993169642590413
1039,6087.890625,1.8091185864676362,7.048982080296554,6.779958801869621
1040,6093.75,2.046035460192792,5.889388046774569,5.954894787064885
1041,6099.609375,1.7576227021874977,5.620107972722053,5.597616561936751
1042,6105.46875,1.5769413964301962,6.221375061015765,5.816612447341619
1043,6111.328125,1.2373230828004103,3.531533131391985,3.295115924345739
1044,6117.1875,1.0247674954290786,2.285974881205654,2.3514637345444527
1045,6123.046875,0.5605622107571905,1.700972691027502,1.3094756459547248
1046,6128.90625,1.0396194205864862,2.6094049727107125,2.17071775558534
1047,6134.765625,1.1449275890026713,2.825964818611777,2.1499763208341487
1048,6140.625,0.46854590020394066,1.1317173903117488,1.0821339045371259
1049,6146.484375,0.5484103898356412,1.1096038657331937,1.1705070407042333
1050,6152.34375,0.42365596903466674,0.9872312349481831,1.4632574339752897
1051,6158.203125,1.1279474484791145,1.7215067870909315,1.6504692180846139
1052,6164.0625,1.488740306218583,2.973323721484891,3.1617044453648684
1053,6169.921875,1.9415790191034177,3.097277389564686,3.040009966841635
1054,6175.78125,1.3223344572668045,2.2438235296392595,2.033046775664465
1055,6181.640625,1.6246152518505692,3.859047422219442,4.151780207527257
1056,6187.5,2.0588185280806277,4.853890336307795,4.971290641837159
1057,6193.359375,2.847775613738695,12.0,11.11971320257075
1058,6199.21875,2.9003467117812294,6.713215472997519,6.608118677439234
1059,6205.078125,3.008460281767637,8.550702121731081,8.634326831444291
1060,6210.9375,3.1169766435720643,6.506992662503479,6.545622256686778
1061,6216.796875,2.250785732654669,3.3105360091353804,3.0565257390863994
1062,6222.65625,3.0467714467504754,3.784839617030662,3.7638755465050293
1063,6228.515625,1.8677663115029912,3.9219450080036635,3.8859120700566523
1064,6234.375,1.4032440306353373,4.601367692046611,5.055996415412348
1065,6240.234375,1.404669131594427,4.0020297897738875,3.6345550716417203
1066,6246.09375,0.6834430473071429,1.4269693444716542,1.4618277961611987
1067,6251.953125,1.0254003363683937,2.294446775018713,2.06341698102525
1068,6257.8125,0.9328505207355855,4.629587313782921,5.09330358810276
1069,6263.671875,1.0552594558112633,2.795770437324882,2.2512521998593047
1070,6269.53125,1.4826008721128405,2.802973448408049,2.233595892462003
1071,6275.390625,1.562746873514221,3.556968879956239,3.3513517390368115
1072,6281.25,1.3335651936688182,2.817846828411165,2.415329009627388
1073,6287.109375,0.7733942336585994,1.2119454615673022,1.3360086264726974
1074,6292.96875,1.0857861358021914,2.4841527100172778,2.923811552624197
1075,6298.828125,2.243678905315551,7.364880561368068,7.250344261802441
1076,6304.6875,2.280028235265771,6.089576649289657,5.9868168288026835
1077,6310.546875,1.3463035543265622,3.870880065728808,3.3557834361606145
1078,6316.40625,2.234607220787577,5.89238617617888,5.209675781257271
1079,6322.265625,1.5184093349135612,3.4636433323398625,3.5880147861776166
1080,6328.125,1.9095589351367075,5.7923226376301455,4.930659505439912
1081,6333.984375,1.2313129507924818,3.6632466460166517,3.525351145245868
1082,6339.84375,0.9927261690821239,2.6114952594806655,2.300440522747161
1083,6345.703125,1.069037541430393,2.682428008885196,2.614192838780003
1084,6351.5625,1.37749791824649,2.4478014962965426,2.5484235659480268
1085,6357.421875,2.5922833730098627,3.9025085810903755,3.8556083260865246
1086,6363.28125,1.5819308005292054,3.438956610976077,3.7199994020449902
1087,6369.140625,0.27753687885408984,0.75,1.1127005269265386
1088,6375.0,1.1243716853451693,3.9465678596315668,3.975390144037807
1089,6380.859375,1.451968244957548,4.898399578363657,5.239011529156025
1090,6386.71875,1.2335673930693334,3.3451055553443974,3.513680363757546
1091,6392.578125,0.43054807539852674,0.75,1.0485100080999672
1092,6398.4375,0.5966867564556888,1.3456789179177195,1.5030468164534545
1093,6404.296875,0.6151889305978115,1.445359531931636,1.754945983886156
1094,6410.15625,0.4195113914621709,1.2794489664447917,1.0582247247170347
1095,6416.015625,1.1503871639171448,3.318469785927688,3.053901033756804
1096,6421.875,1.4414080822266964,3.2377784308479116,3.1017795938362056
1097,6427.734375,0.4304800801358281,1.4384763914265346,1.8653730651817875
1098,6433.59375,0.42869577069380044,1.195783623655267,1.1365042375539016
1099,6439.453125,0.17454118321234108,0.75,2.0173140823687823
1100,6445.3125,0.479121393530834,0.75,0.9126356952307756
1101,6451.171875,1.010396195355706,2.5143157435220345,2.795096223483301
1102,6457.03125,0.5619672739634682,1.1636904274512558,1.6434885527472942
1103,6462.890625,0.7546000313151668,1.5354471436615174,1.8953368659658727
1104,6468.75,0.1605482098740017,0.75,1.8982562685266997
1105,6474.609375,0.07707407604785006,0.75,5.064835664983432
1106,6480.46875,1.2234197236680515,2.3200836726914087,2.255888877193555
1107,6486.328125,1.5820134992100892,3.7680213578231534,2.9920602997960932
1108,6492.1875,1.0745070374780714,2.430727909741579,2.599260987615114
1109,6498.046875,1.142127162509726,3.5641512039880627,3.35433647513927
1110,6503.90625,1.2129109299361909,1.9919884944595188,1.7493252277476752
1111,6509.765625,1.5740356764268135,2.4621497396383645,2.5116632045601284
1112,6515.625,1.9951716417068062,4.157678452503781,4.070050479044249
1113,6521.484375,1.3123634375593534,4.014806781746591,3.637644755383145
1114,6527.34375,1.5147759684511275,3.547185955758491,3.675906465858366
1115,6533.203125,1.6295328167701681,3.182309880228608,3.1661896812867334
1116,6539.0625,1.7019296351249031,3.307167566144381,3.6836749459856173
1117,6544.921875,1.9793753639592173,3.7100893311100136,3.8184590910592138
1118,6550.78125,1.9235891407499408,3.9139294759859675,4.329125760732038
1119,6556.640625,1.427352687828844,3.214029387626238,3.515517287210928
1120,6562.5,1.5390253867462886,3.5971894352377056,3.9719065666726032
1121,6568.359375,0.8797167708767647,2.0240741784188008,1.6289755511106319
1122,6574.21875,0.7371759414425375,1.7763252370859024,1.5529345350672306
1123,6580.078125,1.4525509257431748,4.606963506254592,4.3928798617829745
1124,6585.9375,1.4487921219292281,5.589586837191563,5.2585610454407865
1125,6591.796875,1.3737230536501537,3.0663081892783186,2.986475496065957
1126,6597.65625,0.7631042853824948,2.0115623788483012,2.2937142279518694
1127,6603.515625,1.5560665415476802,4.707314636892636,4.958194238964439
1128,6609.375,1.4508344909760513,2.5276551783632426,2.5279218962471566
1129,6615.234375,0.8234695208446582,2.6105819794016956,2.9785656805544845
1130,6621.09375,0.08542014111974994,0.75,3.024418689207521
1131,6626.953125,0.640770781669822,1.2884608389278966,1.3792218880152303
1132,6632.8125,0.8582460646465256,1.4861545083198364,1.8144657150740775
1133,6638.671875,1.0522229406833543,2.2832420145652157,2.361664320179062
1134,6644.53125,1.2091072394313964,2.2794682608198045,2.395541940201824
1135,6650.390625,1.9422680951069131,3.381915681068512,3.5895719340057686
1136,6656.25,2.332379892988847,5.975745045183361,6.423930422744644
1137,6662.109375,1.75027966523553,3.2329876729985347,3.698802117480506
1138,6667.96875,1.4499334383529343,2.8436849320861532,2.703488069438628
1139,6673.828125,1.3114209387379319,2.08015969655848,2.2132456699896834
1140,6679.6875,0.9075308712801916,1.5853644410526846,2.3007279253253246
1141,6685.546875,1.0198067593179818,2.364627185461088,2.6050544854446755
1142,6691.40625,0.7496259369818061,2.2066162791168193,2.56804880595513
1143,6697.265625,0.3639142551989886,0.8074844275204967,0.9464917776018239
1144,6703.125,0.18022648677338282,0.75,1.3141933042347809
1145,6708.984375,0.6080008335782587,1.7781617294514334,2.441668722384865
1146,6714.84375,0.7353883187792716,2.0797617016043564,2.8497255491547233
1147,6720.703125,0.18419335545824658,0.75,1.280426436748969
1148,6726.5625,0.5562899070965498,1.5270546427596574,1.8421717357272043
1149,6732.421875,0.6926584784222239,1.6523997444036862,1.926628047121685
1150,6738.28125,0.8304656169816454,1.515439969280103,1.4332777655453397
1151,6744.140625,0.5217068135547711,0.9810058961747998,0.9405376912248926
1152,6750.0,0.6005841831638453,0.9639800049794518,1.4043400933310834
1153,6755.859375,0.19437589509411188,0.75,2.0450807701477935
1154,6761.71875,0.6040508996497862,1.4005614822473738,2.1414827310544124
1155,6767.578125,1.0958766481117477,2.526708816000167,3.298953156829397
1156,6773.4375,1.3660284353797694,2.5764082733352858,3.360756157404106
1157,6779.296875,1.03340331633302,2.99838309392349,3.100306292361344
1158,6785.15625,1.5749567137216955,4.947311552350552,5.2009060465383
1159,6791.015625,1.335775356537017,4.390983026534789,4.732053189640449
1160,6796.875,0.4952870371454579,1.2994132856779388,1.4731053714698126
1161,6802.734375,1.572772270494434,4.315133035554284,4.669146122817919
1162,6808.59375,1.4632681225584547,4.208895152165367,4.617854190265702
1163,6814.453125,0.7530334932837132,2.238891114761218,2.61984568468482
1164,6820.3125,1.206788539917891,2.8829373741952735,3.0900050291606953
1165,6826.171875,2.4065185018815063,6.589372839990851,7.103308473324139
1166,6832.03125,2.2322430432978755,6.624381968478858,7.465126087727126
1167,6837.890625,1.9888428638715252,3.672445822738038,3.9668586320693806
1168,6843.75,2.119963556475944,3.2664763170977253,3.51022110280809
1169,6849.609375,0.9664964022320812,2.564041061255972,2.377697390149436
1170,6855.46875,2.2255902983565417,7.008814616800889,6.9664630503225835
1171,6861.328125,2.1580897608373366,5.730361329695434,6.063602307191424
1172,6867.1875,1.9647342443594824,6.255611453807102,6.5141375439669975
1173,6873.046875,1.7835186480396281,5.106881115368126,5.145572180245983
1174,6878.90625,2.0571689566606906,5.2998099878313365,5.251658594948908
1175,6884.765625,0.982669474475253,3.366057266598335,3.7741844774443054
1176,6890.625,0.874432504075906,2.7081681040239114,2.717933956874257
1177,6896.484375,0.9895093605800536,2.6981689752345046,2.8768082280618916
1178,6902.34375,0.9667327857622389,2.6404300414554407,2.5888763681636116
1179,6908.203125,1.0455434559801595,3.740491358250479,2.960163609847115
1180,6914.0625,1.0772680437491102,2.758626608353824,2.5393469151214543
1181,6919.921875,0.7022827604649325,2.0310333931746753,2.5697425798775932
1182,6925.78125,0.6499210798579277,2.7060694408291495,2.599620379135022
1183,6931.640625,1.5209571796674273,4.259077113962681,3.3745201777437304
1184,6937.5,1.57328166142428,4.515597813352046,3.887490944641506
1185,6943.359375,1.239275135830806,4.580687309619227,4.832788927730546
1186,6949.21875,0.5080069962393452,1.3394151630767248,1.5603935859639462
1187,6955.078125,0.46047107829864475,1.1327719033898689,0.8439103337766057
1188,6960.9375,0.7092281182101285,1.4511126374781202,0.817856731965901
1189,6966.796875,0.856387808409446,1.7597084645615233,1.3839670382195528
1190,6972.65625,0.43844095200289745,1.1467665612944153,1.2601295713828506
1191,6978.515625,0.7203518911662314,1.2722574565476112,1.5869981895013634
1192,6984.375,0.45578407883066013,1.082482538060369,1.6950093010969522
1193,6990.234375,1.0007530142292373,2.29451813746048,2.7300689596463816
1194,6996.09375,0.5175614523554511,0.9641340195498099,1.4487703251955046
1195,7001.953125,0.40943417176178104,1.5376250381072696,2.620725138806258
1196,7007.8125,1.398778493267966,5.103259799825549,5.013195688208698
1197,7013.671875,1.2394920874176456,3.3559769636249106,3.5679405083819518
1198,7019.53125,1.6253768387771432,6.310932215218546,6.839237919382764
1199,7025.390625,1.3831329823967096,4.6689209021069455,5.219299839075637
1200,7031.25,1.2345413243610581,4.941900749275325,4.839711337841417
1201,7037.109375,1.4222642106783596,4.797892978881293,4.856350095780669
1202,7042.96875,1.0268849590872853,2.557253361504998,2.830170286593113
1203,7048.828125,1.3237405284326913,3.650033194380324,3.945346019360733
1204,7054.6875,1.5626678656152788,5.252423272880687,6.278148290394827
1205,7060.546875,1.5767880001009673,4.135049712451812,4.6015348073041995
1206,7066.40625,1.8665419580648683,4.250890876226205,4.6924938867631365
1207,7072.265625,1.552771680728835,3.310088285456306,2.955963323097732
1208,7078.125,1.972204272516471,4.85442187704809,4.68994433583419
1209,7083.984375,2.277568253957265,5.039505171971722,4.947957519759758
1210,7089.84375,2.7591974938600217,7.682629904312085,7.334890458961744
1211,7095.703125,1.8804210340179566,4.3475415201207905,4.36904382557218
1212,7101.5625,1.4430146437684275,4.268520303843584,4.186922031766883
1213,7107.421875,1.8905686983535597,6.02059047756728,5.454890171612656
1214,7113.28125,2.150217437978158,4.025031787955649,3.7173657523652874
1215,7119.140625,1.9761737661887548,4.893542428214079,3.9235682182151512
1216,7125.0,2.243888418099487,5.054419258267016,4.258963431991569
1217,7130.859375,2.1478939711536333,6.213722715051593,5.648242174865578
1218,7136.71875,1.881745633705362,6.004314736296282,5.742784829237587
1219,7142.578125,1.70932926323543,3.485312728126021,3.3538822427600934
1220,7148.4375,1.7872333033785985,6.222339944419982,6.429659699758606
1221,7154.296875,1.436127219287906,4.79681254696357,5.006704820243073
1222,7160.15625,1.7332480160946946,3.378022753227005,3.596290674405124
1223,7166.015625,1.7105016839947254,5.035681259633542,4.920434116736355
1224,7171.875,2.4832947946438564,6.500744147670275,6.356053168339524
1225,7177.734375,2.4997864420301146,8.114061598830272,8.032597612221783
1226,7183.59375,2.1497001759930128,4.762772144100289,4.548570329953447
1227,7189.453125,2.281759113733195,6.32803450555526,6.176754846268614
1228,7195.3125,1.3046982717132178,4.0503232935216,3.611942117199161
1229,7201.171875,0.6585447670935229,1.426749726694335,1.524747486529275
1230,7207.03125,1.044162398941098,3.164336113054439,3.1026031492533175
1231,7212.890625,1.0430772682493832,3.274161641950008,3.2542919243080886
1232,7218.75,1.9071550920859563,4.179079713844807,4.302100424638839
1233,7224.609375,1.5006768120348628,2.922406187036563,2.6377933063636148
1234,7230.46875,0.11407638683972446,0.75,2.982288909761625
1235,7236.328125,0.8962310554693745,1.7568986054643636,2.2423328071061452
1236,7242.1875,1.246349583368495,3.4478015573440643,3.471389232315573
1237,7248.046875,1.0923965233074775,4.429815990625853,4.688566082161621
1238,7253.90625,1.049123544858811,5.160569089953148,5.380579201297594
1239,7259.765625,1.2395475825488256,6.693595307796626,6.862133068276929
1240,7265.625,1.5133968378252585,6.067260232933793,6.041060726795111
1241,7271.484375,0.42019537084681824,1.5309617692552622,2.435586722168016
1242,7277.34375,0.9612405100474025,5.265424890885951,5.341157264949488
1243,7283.203125,0.6954205754308631,2.366409155670674,2.972791019521323
1244,7289.0625,0.6113370400365951,2.5493481559793576,3.0721091588057923
1245,7294.921875,0.8543388546341772,2.367841071145795,2.040412705718591
1246,7300.78125,1.12499375400548,2.9593911577001077,2.8458332365722696
1247,7306.640625,1.4437837098366373,4.070271451583945,3.4861686680362327
1248,7312.5,1.2408186371218393,3.659685939542779,2.9900097758620596
1249,7318.359375,1.3439138728139564,3.6981484944353467,3.1615789812191974
1250,7324.21875,1.8677515221330132,5.563164067486882,5.503361775823206
1251,7330.078125,1.314620191637446,2.918790341073098,2.5490627216424815
1252,7335.9375,1.1109347652833046,3.5164181346737653,3.1249387556271824
1253,7341.796875,1.1640652773600437,4.095887227363352,3.980262937691262
1254,7347.65625,0.6427880717842474,1.7721974145230561,1.714457038613856
1255,7353.515625,1.1343827936644535,3.507920779303785,3.627022617060661
1256,7359.375,1.0421879498083384,2.642224137662881,2.2043231595869495
1257,7365.234375,0.8856421176038337,2.2507452852127177,2.1015052080639247
1258,7371.09375,1.3641581443318285,5.418396792858904,5.068590542290517
1259,7376.953125,1.4060629920291208,3.801759687800914,3.8702136912024274
1260,7382.8125,1.0889153586436677,2.7056067365522005,2.7298838329452786
1261,7388.671875,1.4842920145547223,4.212629026140257,3.8918443732381807
1262,7394.53125,1.3306888221649762,4.580802794485195,4.669580726796532
1263,7400.390625,1.651822612209982,4.716932323081298,4.28719271044268
1264,7406.25,2.170250899265623,6.009416625815824,5.7243932379288145
1265,7412.109375,1.99745205241145,6.996051876263811,6.515900608200032
1266,7417.96875,1.428759344231062,4.8164698899945595,4.915622882387994
1267,7423.828125,1.3935798021817107,3.249327658849092,3.55120135455006
1268,7429.6875,1.1151165718079854,3.8732581002203608,4.498286029017162
1269,7435.546875,1.60787355761752,4.801488434833157,5.034363463235557
1270,7441.40625,1.5326646348553088,4.620516510947793,5.006722973133941
1271,7447.265625,1.3713542701414023,3.4825539870183553,3.866576825873516
1272,7453.125,1.5098013338985454,4.255475139766867,4.422374713072726
1273,7458.984375,1.9314585652891378,11.469931216157145,11.352964369561121
1274,7464.84375,1.8592676755222262,7.862926929471667,8.093697205277497
1275,7470.703125,1.979070508573883,7.036843979537817,7.109143765729112
1276,7476.5625,1.7722280338271594,5.028881347808748,5.309546238125362
1277,7482.421875,2.1305016702309,6.235549293714414,5.833384219196533
1278,7488.28125,1.6090130105094917,6.267317860148883,5.6731431669004095
1279,7494.140625,1.320778229771213,4.128353138705976,3.880133361249248
1280,7500.0,1.62384795978047,4.4696034672018605,4.359675382632939
1281,7505.859375,1.9899585204039305,9.683985804675938,8.929307454082162
1282,7511.71875,2.11727015709871,9.535924574969352,9.360571104218348
1283,7517.578125,2.0380669098665396,8.405141772761862,9.438515242689576
1284,7523.4375,1.8352998161905643,8.761581058691295,9.355401888093448
1285,7529.296875,1.8055459242279064,6.4804337307908275,6.9049522269009245
1286,7535.15625,1.3174335892209412,4.976328065106832,5.510388501580608
1287,7541.015625,1.3635641749698186,4.820052711069863,4.782016818784211
1288,7546.875,1.140044471846367,3.9407347125281778,3.8419663594167948
1289,7552.734375,1.2205580088859305,4.364976530033068,4.14004409539881
1290,7558.59375,1.2796230448217656,4.33514707323202,4.142686990971806
1291,7564.453125,0.9894045359458398,3.3414446169791296,2.41653601181166
1292,7570.3125,0.8462282713803175,5.030186845498227,4.123744447114645
1293,7576.171875,0.8438556156894963,4.129739017802809,4.057911719789922
1294,7582.03125,1.5117796775370085,5.556024853564656,4.962337845627532
1295,7587.890625,1.080293610551323,4.474928513514778,4.182898920487672
1296,7593.75,1.2470111390379897,6.605511760451031,6.069906394742181
1297,7599.609375,1.5070642473530707,6.087048431120934,5.6243141486877315
1298,7605.46875,1.7870013573632626,3.848571828248879,3.3183669599339987
1299,7611.328125,1.1852764005623702,3.9566592131865805,3.637407109210162
1300,7617.1875,0.8138905018394329,2.428011169855151,2.123940165517856
1301,7623.046875,1.4406023353422084,3.081851497262079,3.029139787665331
1302,7628.90625,1.4033047448003275,3.282919560408194,3.0696990348900437
1303,7634.765625,0.649103523488093,1.7033032895662785,1.7745601136220022
1304,7640.625,0.49920539002405145,1.5924840425868139,1.908503415317863
1305,7646.484375,0.6864548670451143,2.344589569175903,2.5126944181717645
1306,7652.34375,0.7521254384444837,1.3208509377467694,1.4220871515138496
1307,7658.203125,0.6173344061028976,1.5761184415509137,1.9494197502781379
1308,7664.0625,0.533817876555147,1.4149475799062694,1.7020592712986782
1309,7669.921875,0.6641537995951243,2.1325098305863013,2.52688117020633
1310,7675.78125,1.0012785654140208,4.221463899236554,3.980944506765135
1311,7681.640625,1.234596247247649,5.786868031736186,5.542705041525241
1312,7687.5,1.525709468041193,7.616882661850666,7.476449937193229
1313,7693.359375,1.4841140960707608,5.190032336960598,4.883170395212739
1314,7699.21875,1.9093610256975702,5.036323296345106,5.386464113945784
1315,7705.078125,1.6585329492581495,6.038460620803715,5.848859324673463
1316,7710.9375,2.442028401624293,9.222494994643487,9.384626462054822
1317,7716.796875,2.456687714536223,6.618887640772746,7.459088709599386
1318,7722.65625,1.6644323714900315,4.812948165334106,5.290640871432117
1319,7728.515625,1.9594137911631262,5.750526653927016,5.814864903483615
1320,7734.375,1.9472195121399747,4.531190472271531,4.739364184697424
1321,7740.234375,1.4054488931132056,3.308083033988908,3.387463197202303
1322,7746.09375,1.4653797530174295,4.8867068063737085,5.0448533011310674
1323,7751.953125,2.304365240780204,7.148145213092423,7.52187807349487
1324,7757.8125,1.433810486906801,4.684331491834599,4.492449617442753
1325,7763.671875,0.8950085532547878,2.6051477884472223,1.9801114239976547
1326,7769.53125,1.223648320391056,3.7806999597144024,3.949350583450987
1327,7775.390625,1.218216873461302,6.380822835711774,5.996348130020064
1328,7781.25,1.3689440961310322,4.298365099353823,4.3170148540921
1329,7787.109375,1.2066420150937434,3.204721306231572,3.657444068997371
1330,7792.96875,1.393154437701848,7.361857646626456,7.421692506337172
1331,7798.828125,1.6544300584860652,6.074458020896996,5.78209625796839
1332,7804.6875,1.243689723367774,3.3561884734254184,3.201337971182555
1333,7810.546875,0.9502728405207227,2.7874932329340685,2.6366379048721247
1334,7816.40625,1.3328547416413183,4.2717609695988745,4.2635714698170455
1335,7822.265625,1.212360617346805,3.8913234414048716,3.5056026293654274
1336,7828.125,1.3746924518783408,3.9570757476098457,3.704566317425496
1337,7833.984375,1.3815008062883039,3.495593250682699,3.7107190687536757
1338,7839.84375,1.7455623153114739,4.251903324548662,3.9883517681813827
1339,7845.703125,1.6545707501219102,4.2459905617411104,3.597382405441983
1340,7851.5625,1.298049437857665,2.0960347663194314,2.038836183082361
1341,7857.421875,1.3640911206737005,2.8671273041938847,2.77265676388483
1342,7863.28125,1.3218025335995325,2.6015024472176327,2.7529835672829965
1343,7869.140625,0.8799579981702699,1.4948218052028102,1.8984009845489798
1344,7875.0,0.37991830993304054,0.9679158093370761,1.1487286859686183
1345,7880.859375,0.6000196052842973,1.6146760295778575,1.533921245410788
1346,7886.71875,1.332314525292428,2.6871162241375623,2.640586507962571
1347,7892.578125,1.0958611322812706,2.773983951326009,2.746961084450477
1348,7898.4375,0.3078201732705807,0.9791090281407122,1.0834814874021954
1349,7904.296875,1.2464664701388137,3.1537934565903045,2.7915048199001884
1350,7910.15625,0.48624064542454754,1.6306615696805569,1.6211958900380448
1351,7916.015625,0.14362510729113204,0.75,1.6037909403368185
1352,7921.875,0.3721196617985854,1.3667553792234828,1.610290552861405
1353,7927.734375,0.22662134468874925,0.8008661725976176,1.167382665742378
1354,7933.59375,0.5854246758497736,1.726607967166954,1.5825560567023862
1355,7939.453125,0.6541255395645263,2.333411331378467,2.0568547783768407
1356,7945.3125,0.716102004984948,2.9006846995767823,2.885796058655131
1357,7951.171875,0.5543552770391613,1.8234124477564613,1.631819070026919
1358,7957.03125,0.3476113945024928,1.961637529892052,1.7547272823608726
1359,7962.890625,0.7083983453848302,2.236268857668877,2.2403569259739577
1360,7968.75,0.6870383485123809,2.2528104191961926,1.9556827834252422
1361,7974.609375,0.31360146587682186,1.5125081352668814,1.4612235921854684
1362,7980.46875,0.5346323165679011,2.515086207108812,2.4729802481335104
1363,7986.328125,0.4438797145970205,1.2070611007303997,1.1563634484824021
1364,7992.1875,0.5228221987069609,1.147313148331373,0.971198682979055
1365,7998.046875,0.5989774878003119,1.3654066407731924,1.7157300417244294
1366,8003.90625,1.1798454260987024,3.255240888785334,3.417593724410431
1367,8009.765625,0.653101037696273,1.6513982069426734,1.4425566963778385
1368,8015.625,0.6094651856058055,1.3351224185582202,1.507396933637751
1369,8021.484375,1.371359464665297,3.758324628888202,3.821733261656117
1370,8027.34375,1.2077781219579935,4.972832831111905,5.020741449548182
1371,8033.203125,1.178047594456299,3.459250309770403,3.3004934953047798
1372,8039.0625,1.2527450010365861,5.837993356964195,5.521577809986822
1373,8044.921875,1.233993254206326,4.1418941999835415,4.319761519087423
1374,8050.78125,1.017687669103404,5.7874754178499535,5.700791896838973
1375,8056.640625,1.0263725802058385,3.8214522402046316,4.08007862282709
1376,8062.5,1.1617483551948073,4.899165528792969,4.840381176667423
1377,8068.359375,0.9700996982824419,3.2370063549176433,3.466561377709323
1378,8074.21875,0.8849650261419703,3.0401562444764085,3.0411792996233142
1379,8080.078125,0.7324163965945463,1.724707383485013,1.823423177758705
1380,8085.9375,0.5779712440966656,1.5706388536530245,1.867553444912017
1381,8091.796875,0.5191954397379593,1.8986906569891842,2.674338323655474
1382,8097.65625,0.8626728431827961,3.312379420717044,3.854224904091115
1383,8103.515625,0.5561726738982878,2.3496910485591176,3.0976271808741846
1384,8109.375,0.5669729140412895,1.4273947909493792,1.6411824132883517
1385,8115.234375,0.77170094658205,2.107237315555029,2.350571063017172
1386,8121.09375,0.5141001249721192,1.0933338174098997,1.494063984174149
1387,8126.953125,1.1653849061409665,2.5993394565323706,2.745165656947154
1388,8132.8125,0.9241425967041219,3.3494512985430394,3.4441965500763803
1389,8138.671875,0.5521367013163064,2.0349088763580214,1.9729695039268356
1390,8144.53125,0.2617928046039277,0.75,0.9564613547290622
1391,8150.390625,0.40362700010751545,1.1250105443076328,1.141346006845042
1392,8156.25,0.5629354091318761,1.3929699393651764,1.334894318527696
1393,8162.109375,0.5632128695888874,2.6477997876841983,2.565130995290279
1394,8167.96875,0.49027388524997306,1.7999842928250671,1.258248275600022
1395,8173.828125,1.087849509078129,3.201560618234735,2.9991242479763103
1396,8179.6875,1.0179653794560877,4.865797966871726,4.515053753190098
1397,8185.546875,0.7217658455778527,3.059856294660902,3.127221562543915
1398,8191.40625,1.252237313471584,4.895078675207326,5.0259966000509735
1399,8197.265625,1.1015971050408428,2.5787378485728434,2.318108789076556
1400,8203.125,1.3837480450002742,4.635302731778589,4.194812287121308
1401,8208.984375,1.5620859027968368,5.7836925096070635,5.232069741216608
1402,8214.84375,1.541178057926673,7.163956867070157,6.330109441455733
1403,8220.703125,1.510465089574699,5.19645060201728,5.235789268243536
1404,8226.5625,1.572156450451289,6.007703086742309,5.836480002784766
1405,8232.421875,1.7959160420077982,7.410787745464434,7.205803196437428
1406,8238.28125,1.7135516256728438,5.101021681355378,5.076679672490576
1407,8244.140625,1.5706342262562396,8.308213671003372,8.376854000688287
1408,8250.0,1.3235110130012777,4.184616128080742,4.384970712067639
1409,8255.859375,0.9060976505619159,2.624206542683119,2.8724000144142554
1410,8261.71875,1.268576299416161,5.112445690536066,4.857499668788816
1411,8267.578125,1.3382813659096406,3.3577831161556912,3.462783919806818
1412,8273.4375,1.0485410119564997,2.863993079423882,2.747863661037125
1413,8279.296875,1.587270181289912,5.235265926680202,5.160533231165886
1414,8285.15625,1.6449409866018392,6.8681076395534575,6.8571428313217915
1415,8291.015625,1.7928795188834938,4.943155525261241,4.972345362981458
1416,8296.875,1.4751940054523314,3.844218179534698,4.019748248203388
1417,8302.734375,2.050684289870126,5.551634609773841,5.511815446771281
1418,8308.59375,1.9567032804744222,7.395770707894844,7.608829778038353
1419,8314.453125,1.9021754331664558,3.797762334675258,4.049007133897464
1420,8320.3125,2.3731127479783347,4.426263279373931,4.474842368172673
1421,8326.171875,1.649899682241699,3.8286403914029847,4.193614368679478
1422,8332.03125,2.232135140028894,6.119017231144404,6.303418915437949
1423,8337.890625,2.4398884772895344,12.0,11.84698592093825
1424,8343.75,1.9000039325945242,6.200014730279861,6.58057944727337
1425,8349.609375,2.073159315682669,8.526008095508837,8.459517875498475
1426,8355.46875,1.9272179590182414,7.486235648004518,7.4334370613678695
1427,8361.328125,1.399967539784096,5.794588199192917,6.160201893074287
1428,8367.1875,1.5418471903462991,8.742531989244604,8.714627063370722
1429,8373.046875,1.2971884292584537,8.544960425485076,8.752480683482863
1430,8378.90625,1.6630084141551837,5.649492609726903,5.598547629509535
1431,8384.765625,1.8086190289348878,6.338480920394442,6.568442430218113
1432,8390.625,1.271172305208139,4.3322633986443115,4.521452075571352
1433,8396.484375,1.3676086980075732,4.284194749900786,4.400865083136895
1434,8402.34375,1.8069152101476738,6.793167873669239,6.864890074320418
1435,8408.203125,1.6753248068385922,9.388657355468897,9.011444393468409
1436,8414.0625,1.5085970384494445,7.8725420940731015,7.379694259057612
1437,8419.921875,1.5957280733622488,6.54863818726697,6.287288318612305
1438,8425.78125,1.6380873502877449,5.317313776785622,5.053997438227887
1439,8431.640625,1.3675224701888282,6.203712193200845,6.295917457577332
1440,8437.5,1.254301570211565,4.244326381521527,4.165415181962108
1441,8443.359375,1.643893093078747,4.407217539039461,4.038974757607353
1442,8449.21875,2.1126445521606025,4.800525732790256,4.628274992823901
1443,8455.078125,1.9748674224818563,6.170511332703466,5.982168308378444
1444,8460.9375,1.703878861692618,5.705012160665362,5.292810359591511
1445,8466.796875,1.617817470292627,7.629080353065927,7.28068661328259
1446,8472.65625,1.667695923014108,6.1609975717670125,5.616062291194048
1447,8478.515625,1.5916344304663077,5.080741874273208,4.7904965548820355
1448,8484.375,1.3761700622569757,5.020410068490215,4.752560630772124
1449,8490.234375,1.1400702488680776,3.590138402420515,3.3584591593693838
1450,8496.09375,1.089529180478594,4.250627706807526,4.028347960056103
1451,8501.953125,0.8721931638859234,3.561781805874508,3.160158741330819
1452,8507.8125,1.0381336724910768,2.343652982852894,1.9544093227648875
1453,8513.671875,1.0444318740196503,3.1838751379679424,3.163819690475722
1454,8519.53125,1.1431379504538814,4.68207296941759,4.539500813333698
1455,8525.390625,1.1078320767282461,4.149734560037853,3.8621121180098763
1456,8531.25,1.049321711140574,4.822441169001999,4.392549258795465
1457,8537.109375,1.2132167697498204,4.721451264988211,4.897185058111938
1458,8542.96875,1.2446716001819713,5.370715633575845,5.457532116316736
1459,8548.828125,0.9922578598142118,4.0701820965256195,4.759206188769152
1460,8554.6875,1.6497988630393545,3.789142264763031,4.3090334222085716
1461,8560.546875,1.7415173992280844,4.392390999741446,4.6307138259446425
1462,8566.40625,1.2655524141928762,4.654511344912578,4.695823315677731
1463,8572.265625,1.7688943538125348,7.615864902366207,7.814762168461194
1464,8578.125,1.737981196833641,9.099515681848246,8.840538668232261
1465,8583.984375,1.7014160503850944,9.203664815766219,8.620019675245032
1466,8589.84375,1.9914367059496172,9.534899133268718,9.403711106350261
1467,8595.703125,1.5448240003987153,6.593836439825709,6.765414830229136
1468,8601.5625,1.2843533902178974,4.142762366596755,4.425952918657419
1469,8607.421875,1.2110385875266116,4.076480519817917,4.492832030936577
1470,8613.28125,1.0356966791439957,5.666064506615575,6.390392060782892
1471,8619.140625,1.29914362392643,4.72963159491324,4.961378402967249
1472,8625.0,1.187083155407464,4.4407204073055375,4.6532457324084495
1473,8630.859375,1.607463471368902,6.8929156751526115,6.473748697766605
1474,8636.71875,1.528200864364907,8.945573193809274,8.597771947171946
1475,8642.578125,1.2782128545190838,8.027575851774102,7.697533860769033
1476,8648.4375,1.4955661595373506,8.1331298214697,7.433381567376269
1477,8654.296875,1.2481323082234073,7.259354063687427,6.7723114906934985
1478,8660.15625,1.3934849945794496,10.590763707863768,10.60840748697091
1479,8666.015625,1.697513308343747,8.856597097376586,8.302715018368268
1480,8671.875,1.5253686393109456,9.618233306249447,8.861230338920985
1481,8677.734375,1.3190767486185444,5.139771737435929,4.963564334278242
1482,8683.59375,1.5037153929333003,4.958588413169376,4.723293459055622
1483,8689.453125,1.4930818168217952,4.988795290558833,4.490761600567863
1484,8695.3125,2.3457408705647795,6.046563619043521,5.733653442167561
1485,8701.171875,1.8489630558689243,8.87908901847746,7.934743639906409
1486,8707.03125,1.4402524441105964,6.406731291091148,5.953058300290712
1487,8712.890625,1.4836373677044514,5.105328558301432,4.833350076044593
1488,8718.75,1.5638874978711097,7.936101703204442,7.887264113971472
1489,8724.609375,1.855283945047813,8.9683893149741,8.490525892299905
1490,8730.46875,1.6717778478252852,7.803378398865734,7.7367833804440655
1491,8736.328125,1.4725848213672228,7.935470727492219,7.878913335815667
1492,8742.1875,1.343298480719448,6.100902350206704,6.175129962872594
1493,8748.046875,1.3863104075370456,8.01799490050362,8.516065877038976
1494,8753.90625,1.252070553637622,5.454382248793038,5.172326555600397
1495,8759.765625,1.389426934790586,5.356879127273601,5.250893610497485
1496,8765.625,1.287856108315566,5.010117598617535,5.322165580336123
1497,8771.484375,1.18191303020326,5.4669201342122165,5.948774008568132
1498,8777.34375,1.29598753502486,3.8493230754716894,3.987362578248943
1499,8783.203125,1.0260483512016843,3.95677318620384,3.9897105187188147
1500,8789.0625,0.8150531992311055,4.341848655728144,4.788542935862304
1501,8794.921875,0.895781538740317,3.4974037026182074,3.72263557471028
1502,8800.78125,0.992826874331983,4.303469359590739,4.377797322822273
1503,8806.640625,0.9976113078407549,4.257689277880072,4.120060673992379
1504,8812.5,0.8780141381274366,4.503332701793457,4.61502428389343
1505,8818.359375,1.016298624779819,5.791023457188361,5.7359185675749575
1506,8824.21875,1.256298173030163,3.8031780089858183,3.9100319022633507
1507,8830.078125,0.934909520610597,3.060903823840536,3.384127574736022
1508,8835.9375,1.1561476637994772,5.8317052548641,6.659084305142683
1509,8841.796875,1.3280390200668046,5.8058621257968515,6.124026545139438
1510,8847.65625,1.2881943441153199,5.943771738998688,5.8536166403111665
1511,8853.515625,0.9389357095517757,4.97628391836135,4.762540936652576
1512,8859.375,1.0676520968598078,7.359607893422945,7.171386354655113
1513,8865.234375,1.3276635923326756,9.42721433411039,8.639279222744703
1514,8871.09375,1.013463229211261,6.205467882720692,6.303603330459591
1515,8876.953125,1.0285894311253838,4.727978619318703,4.005609513631384
1516,8882.8125,0.4885400644292486,2.4124254436661907,1.8763744012335764
1517,8888.671875,0.7509092148430567,5.542849849916458,4.803350945099974
1518,8894.53125,0.8564389888047533,7.540840082209156,7.088176185295688
1519,8900.390625,0.8841185871516319,5.5202027793796535,4.546502021066323
1520,8906.25,0.9195368544597234,4.7044439063164205,4.207006119221956
1521,8912.109375,0.9449150230771685,4.356808207745935,4.27302949554153
1522,8917.96875,0.697214938998621,3.618781999299523,3.375697570159856
1523,8923.828125,0.9240689799138813,4.708352466886666,4.858233921747154
1524,8929.6875,1.0807474971989721,5.786536352651511,5.604400883231435
1525,8935.546875,1.2484988252688596,6.463091128712856,6.206280854878202
1526,8941.40625,1.0093212302623946,6.193471499165991,5.611351035124578
1527,8947.265625,1.1658155568978297,5.486003491696146,5.10769311753469
1528,8953.125,1.1088091943250362,6.218570825188172,6.649923259516495
1529,8958.984375,1.3349090558812013,6.92978280747286,6.896810722045535
1530,8964.84375,0.9535546611880592,3.3302624692677885,3.0857608662798093
1531,8970.703125,0.9264302027731889,7.189536030523135,7.625713249061409
1532,8976.5625,1.1957759842990543,9.884461927954439,9.249183957507114
1533,8982.421875,1.3810890017969846,6.926434679422643,6.18938065374931
1534,8988.28125,0.9826684773579617,6.2150980205602435,5.333490583030549
1535,8994.140625,0.981497557496971,4.56954013741912,4.558619333820698
1536,9000.0,1.2733660964757822,4.756972988495981,4.950375204129494
1537,9005.859375,1.0991376131674364,4.568893611392012,4.068472934214605
1538,9011.71875,0.7046456860038423,1.9450611125106363,1.6661765429915927
1539,9017.578125,1.0319397805723611,3.116092483027167,3.2391308885414736
1540,9023.4375,1.1304047602659666,3.0091101726943714,3.258107622362157
1541,9029.296875,1.2030127429804163,4.7625277910036745,4.79409173065021
1542,9035.15625,0.9099807299356666,2.5955702807610166,2.621798802271018
1543,9041.015625,1.1094802825112826,4.341466131685325,4.3487494234189095
1544,9046.875,1.0597715206087588,5.646909093059717,6.327397405960189
1545,9052.734375,1.1951872072023988,4.5657814231965554,4.848383991145326
1546,9058.59375,1.1065801760412066,5.204288046437307,5.590744274695161
1547,9064.453125,0.9894332309425292,4.671867804695033,4.699056571848213
1548,9070.3125,0.8113936450012152,3.868103300889418,4.0023400073944915
1549,9076.171875,0.8666273383636556,3.739037617133934,3.814091404476509
1550,9082.03125,0.9659753938701149,5.380266988519709,5.023503683310413
1551,9087.890625,0.816870621593557,4.298520292853553,3.9275363228356346
1552,9093.75,0.5000843074363498,2.567778963972519,2.647966292549735
1553,9099.609375,0.39437211184904575,2.781000018046059,2.6125083334026296
1554,9105.46875,0.35725166177205336,1.82799398994923,2.0956349812822066
1555,9111.328125,0.5619126505344724,3.2507203376920155,3.8009022590759316
1556,9117.1875,0.5630530223452644,2.743195129588682,2.5240912001446905
1557,9123.046875,0.17527589384348563,0.75,0.9620407822971507
1558,9128.90625,0.39849787471813075,2.2403785542508943,2.325609441174904
1559,9134.765625,0.27846743361322873,1.4396975965885757,1.513647082911644
1560,9140.625,0.09657369522413672,0.75,1.1254039040389199
1561,9146.484375,0.2945317449031034,1.674239498029225,2.076576132278136
1562,9152.34375,0.24438444927794914,1.0697013818826955,1.0065331352090692
1563,9158.203125,0.39013145993926807,2.213888908702807,2.492284922638251
1564,9164.0625,0.3879124346296793,1.8684881411192111,1.6656450843282826
1565,9169.921875,0.41331240929436397,1.645676072133124,1.8056646547487885
1566,9175.78125,0.8555839635592833,3.9480873613941725,4.2057883742325215
1567,9181.640625,0.6925335006555391,3.306018580751765,3.7758911562724795
1568,9187.5,0.6226311310239275,2.0227216917515607,1.8347320358974555
1569,9193.359375,0.6729234604567865,3.4604257235460745,3.4226153073207066
1570,9199.21875,0.46408550221527045,2.7553604521336226,3.1370448491198615
1571,9205.078125,0.8572530948498818,4.136406346783784,4.257298692617292
1572,9210.9375,0.6022906734381694,2.926453105280606,3.147080803225772
1573,9216.796875,0.9309952960190063,3.6377778087784347,3.590291270217732
1574,9222.65625,0.4117755645637338,1.6409211987083263,1.8579007164903245
1575,9228.515625,0.8055691399370991,3.3426551184393922,3.6170121682535106
1576,9234.375,0.9009958809514229,4.066403235405354,3.873329822770413
1577,9240.234375,1.0610337090145903,4.705981664976649,4.93897401174228
1578,9246.09375,1.2259177789958005,5.703966664952821,5.786608804344844
1579,9251.953125,1.3343719380702597,4.209107991334038,4.260572946369553
1580,9257.8125,1.2648581510810177,4.265729934204568,4.454194079471054
1581,9263.671875,1.0531800606116313,3.075164011619829,2.9268599132495936
1582,9269.53125,1.132243225308967,3.8372512077102883,3.795943547892332
1583,9275.390625,1.4868248964173092,7.038895065304682,7.198623416219224
1584,9281.25,1.5489233061567176,7.67232067135451,7.590246270254109
1585,9287.109375,1.2898150474951737,5.9550668123906565,5.738138322991319
1586,9292.96875,0.9654277114313078,6.393311171839416,6.244576528753157
1587,9298.828125,0.9851668011110556,4.030969885196544,4.170511412156864
1588,9304.6875,1.0991098710263123,6.102204643638496,6.066006831788631
1589,9310.546875,1.3615794146596225,8.798517330459896,9.194307306117722
1590,9316.40625,1.1585047527842778,6.295731999981708,6.108369652966173
1591,9322.265625,1.173595812343758,6.922092158074244,7.121234532517239
1592,9328.125,0.9402730689350647,3.675358807057707,3.8535144114252766
1593,9333.984375,1.2008236911276706,3.428102045651503,3.6906685151467737
1594,9339.84375,0.9281148597272969,3.0335484549724554,3.461475774998049
1595,9345.703125,1.24323486078533,6.316586800369896,6.6299289507172094
1596,9351.5625,1.1755538412062656,4.686118415385662,4.961292413099041
1597,9357.421875,1.3147789595848884,4.545324878804933,4.564854103021433
1598,9363.28125,0.8429958627611123,3.4777294478554523,3.7738618639672814
1599,9369.140625,0.5506126017044856,3.4010109262488215,3.836959568308234
1600,9375.0,1.032205426065502,3.272335358511037,3.5569799136428406
1601,9380.859375,0.9155795355210026,3.797242833228152,4.103665871983362
1602,9386.71875,0.8177031498939739,5.104463141905044,5.2099972102843894
1603,9392.578125,0.44598804813808796,3.3497588912179923,3.108165412468238
1604,9398.4375,0.5297155120144939,2.5398306985766252,2.3943039590173445
1605,9404.296875,0.5781308736534694,2.9451037311475674,3.0095858845451704
1606,9410.15625,0.554006259602222,2.005145899295659,1.9075383899876892
1607,9416.015625,0.49150248561871457,2.4081925626131033,2.472065828651532
1608,9421.875,0.2940006678295756,1.2968320585189226,1.8228647550004307
1609,9427.734375,0.7044813925099921,1.7115768344688362,1.6588197553210877
1610,9433.59375,0.6211540643122733,2.297323708042991,2.35021790055118
1611,9439.453125,0.6317295287218322,2.063167521398081,1.6614020371007894
1612,9445.3125,0.656658948386261,2.1112546157759855,1.7780185654099487
1613,9451.171875,0.6184076223520291,2.1733685011092327,1.9062846720227131
1614,9457.03125,0.7728087060978134,2.864813921764232,2.509994170575761
1615,9462.890625,0.6758707156722183,2.3370787544417606,2.1971275831746544
1616,9468.75,0.7702852061916678,3.4460350781985194,2.9280657541058153
1617,9474.609375,1.2787437928193945,4.942687066835533,4.347182139815062
1618,9480.46875,0.9589937482194097,4.30352991597924,4.00971035945235
1619,9486.328125,1.062182723138976,4.052343280258316,3.7248132589705234
1620,9492.1875,0.9975261015924541,3.30690533631077,3.1019336846069514
1621,9498.046875,1.0334116697616613,4.16322875088843,4.198957199628075
1622,9503.90625,1.022639893912073,5.740238597067079,5.5500257095504075
1623,9509.765625,1.027467859156327,3.046023505596689,2.845782441029521
1624,9515.625,1.3457504560253857,4.461567910384196,4.227544499222828
1625,9521.484375,1.038817999389144,4.325067318033726,4.224358597824846
1626,9527.34375,1.0075134383950306,4.498029331459188,4.575723352649522
1627,9533.203125,1.418595752958184,3.9040113792892033,3.6307262357119012
1628,9539.0625,1.0822327985737619,3.322518384259661,3.3088842968692807
1629,9544.921875,0.929442783869262,3.3688786215282747,3.549385469445496
1630,9550.78125,1.3388205536449238,3.5733658637429317,3.619236335314049
1631,9556.640625,1.3911260690612983,4.121417101506117,4.174515106157292
1632,9562.5,1.2414362006373236,5.783671518774053,5.742641270756226
1633,9568.359375,1.4038194377172872,6.357912662153145,6.341450478360607
1634,9574.21875,1.2868736942577654,6.49154844410564,6.76929839773255
1635,9580.078125,1.2197082930105623,6.358960611907979,6.0162421513354785
1636,9585.9375,1.3105064378845694,7.306064578288674,6.873723449014204
1637,9591.796875,1.265395014649403,6.08236966817133,6.412248862867792
1638,9597.65625,1.3248837307078518,5.709588745629677,6.232033455238665
1639,9603.515625,1.4103127272943858,7.840454764548953,7.87444804376568
1640,9609.375,0.7374908012230145,3.861507261179124,3.877089959722807
1641,9615.234375,0.8454187907727829,4.7312212537164715,5.82796435798825
1642,9621.09375,0.9825196639609163,4.374584424445483,4.8129887349655
1643,9626.953125,1.122694530047428,5.074378761211108,5.2968955658337915
1644,9632.8125,1.2162763939488284,5.46928926531177,5.516000181305236
1645,9638.671875,0.7676007019950827,3.6156638509863805,4.315650594100328
1646,9644.53125,0.7377178231111328,4.556738394558458,4.950682331008835
1647,9650.390625,1.0995858153731304,6.0454931165720005,5.4676595116539675
1648,9656.25,0.847076352418325,5.039092841274702,4.531796194471542
1649,9662.109375,0.9396525242339426,6.165339003608773,5.840221311153973
1650,9667.96875,0.7545890399384342,3.8798996270296513,4.139774570281879
1651,9673.828125,1.0123898793835642,4.862872645263075,4.461117293347434
1652,9679.6875,0.4438840348030109,3.2912473184455386,2.7015979583782896
1653,9685.546875,0.4825923964868431,3.169865020625782,2.667754154484434
1654,9691.40625,0.7383530372221184,4.888035017487328,4.294578165769509
1655,9697.265625,0.7926299782178491,4.477565842654142,3.656328997158826
1656,9703.125,0.6419485898750429,2.4847355006334606,1.7857989006364297
1657,9708.984375,0.21178386632703722,0.9089513469756816,1.0033941039712015
1658,9714.84375,0.696436514161873,4.9888701185063695,5.202667254862652
1659,9720.703125,0.8707964530333145,3.4194263775066815,3.20701728881721
1660,9726.5625,0.6978917667767641,4.737028287133503,4.027749088311391
1661,9732.421875,0.7149489916887636,4.046378951068687,4.355322317176831
1662,9738.28125,0.72898924125577,3.871086575438663,3.52587014906405
1663,9744.140625,0.5353432385694832,2.8271765339632773,2.3439121649356154
1664,9750.0,0.26190396415423417,1.8314469625607912,2.0163263791643953
1665,9755.859375,0.6454764453749526,3.2832755337992108,3.0296628721101495
1666,9761.71875,0.5920135299117568,3.487205723515476,2.989454106685468
1667,9767.578125,0.4556950298155252,2.1115102531654553,1.6101651679445
1668,9773.4375,0.35801103780272436,2.095638736706851,2.209745944657279
1669,9779.296875,0.33578432232623623,2.952494464533967,3.0932417446888265
1670,9785.15625,0.09758238611074294,0.75,1.1739833047299748
1671,9791.015625,0.33699041553092157,2.6086002256740524,3.369602443976622
1672,9796.875,0.24111142211867276,1.2731844855267571,1.7843245053892451
1673,9802.734375,0.15787397368011763,0.9812976305871972,1.1248070958855168
1674,9808.59375,0.038286985047963205,0.75,2.258639457167599
1675,9814.453125,0.2912080020099267,2.256415186957879,2.6260160878994627
1676,9820.3125,0.57527223574629,3.3654662308293783,3.3195294517699234
1677,9826.171875,0.607398825582858,3.7830320778786644,3.6813711151726043
1678,9832.03125,0.5830732333974696,2.419606694128633,1.816425523965738
1679,9837.890625,0.45324527777141826,2.1430822308849327,2.1014231698961603
1680,9843.75,0.6424576384208914,3.7264571986487507,3.784634804790847
1681,9849.609375,0.5524030129464921,2.252376720100877,2.079196593535221
1682,9855.46875,0.4891778410620354,1.7178412402650065,1.3043260585259442
1683,9861.328125,0.832788136212326,3.6590315579291017,3.9089065541444805
1684,9867.1875,0.7408947045569246,3.5406604540694513,3.8394381991415267
1685,9873.046875,0.49720355699453866,2.380420667350312,2.015467000332358
1686,9878.90625,0.5187579053710036,3.229730706000498,2.9832173457740114
1687,9884.765625,0.6450597381636062,2.7187316236636496,2.321552927403148
1688,9890.625,0.5679620989900112,3.280536353249278,3.4735449946170354
1689,9896.484375,0.48531350766750786,2.203491900322964,2.123651133716991
1690,9902.34375,0.3426681716348936,1.8070218659828616,1.3692279165000294
1691,9908.203125,0.3268506107288325,1.5497314532836337,1.1112712330480552
1692,9914.0625,0.06266391740577361,0.75,1.5697595942323181
1693,9919.921875,0.21757841640522457,0.8170393962330516,0.9548142865003817
1694,9925.78125,0.0448492456942226,0.75,2.2333531901129455
1695,9931.640625,0.17578311483309195,1.0662559974569066,1.1973766347456918
1696,9937.5,0.23943772412516953,1.2471107884445565,1.552691456807385
1697,9943.359375,0.46353406067171377,3.063884625511305,2.568656771844492
1698,9949.21875,0.3174035283454626,2.2816574028233103,2.263135494674668
1699,9955.078125,0.32612952044889376,2.967670998567391,3.557379688164602
1700,9960.9375,0.3372753032523675,2.7516832634152624,3.414574425860773
1701,9966.796875,0.6819794752239662,3.1300201938913514,2.7300896953206872
1702,9972.65625,0.363302382160771,1.334401110288236,1.273961679816529
1703,9978.515625,0.31000459230578525,1.1417229947714944,1.904583101713289
1704,9984.375,0.28920645432611986,1.5517905356596635,1.786937479420814
1705,9990.234375,0.1166969292118995,0.75,1.6601722122595415
1706,9996.09375,0.2051381605962826,1.6560323766324272,2.012198719783275
1707,10001.953125,0.23427685952641397,1.3851086640911756,2.135378423663863
1708,10007.8125,0.2791373978854699,1.7139079964117778,1.3552762993225491
1709,10013.671875,0.3108936317617359,1.7558173976403522,1.7917239248179562
1710,10019.53125,0.28262860899308534,1.0052082743823778,0.9695183637400053
1711,10025.390625,0.31894947415544966,1.8766757845939845,1.9098217635084138
1712,10031.25,0.5984009586661078,2.9966185531022087,2.657473437621979
1713,10037.109375,0.3330948651764699,2.587193029183634,2.5622917442258544
1714,10042.96875,0.5227805500173821,2.6623629881403774,2.736431152066486
1715,10048.828125,0.8788059667542935,3.7817106168108934,3.9956202078963545
1716,10054.6875,0.6240216593970246,4.069011706648936,3.7431387897709167
1717,10060.546875,0.6778651418367563,4.923483439817292,4.917205447424525
1718,10066.40625,0.7133256976635118,5.421921669979045,5.627863197472231
1719,10072.265625,0.855280495821853,6.963398025896019,7.532053449762422
1720,10078.125,0.9417910504913409,5.441960142909406,5.44455861702387
1721,10083.984375,0.818538214108024,3.626768769419308,3.5996788542831246
1722,10089.84375,0.5616964895381026,5.5594812635414215,6.060169058191125
1723,10095.703125,0.7382439881296748,5.8694206078512,6.549866068107904
1724,10101.5625,0.7558016325607558,4.697875633740737,5.09339488461995
1725,10107.421875,0.5239439503264518,3.925157919634867,3.6453911258373033
1726,10113.28125,0.6069313871367703,4.602169058678833,4.84252127277081
1727,10119.140625,0.5109685192657064,4.530611509357146,4.413131452632198
1728,10125.0,0.4766079432602158,3.9819512195131717,3.8890511759066237
1729,10130.859375,0.6489900142507347,4.470736319652595,3.869704837400467
1730,10136.71875,0.45683404152303025,3.3154034884292534,2.7581356307266587
1731,10142.578125,0.46214408505500976,3.528262212154785,3.870536616595992
1732,10148.4375,0.8332970447735543,3.273111576563301,3.070659297094631
1733,10154.296875,0.6626241261192782,2.509889738577045,2.4005647408963746
1734,10160.15625,0.46567831301967505,2.483383154972893,3.008157585631594
1735,10166.015625,0.7252677047540975,3.445989057041056,3.687305572083023
1736,10171.875,0.5726025590848502,3.185235831642711,3.358873865340252
1737,10177.734375,0.6478258421632324,3.810355760586157,3.8325206312635967
1738,10183.59375,0.42183922855906575,2.028324742181173,2.330270195554559
1739,10189.453125,0.6769502935628463,3.9828738825851513,3.950176468865081
1740,10195.3125,0.9405700953043842,4.851192065249773,4.63090670407627
1741,10201.171875,0.7025709651404318,3.825166861504573,4.023002042592054
1742,10207.03125,0.8805441312610565,4.976588362012148,4.740192309486057
1743,10212.890625,0.8281735631080277,5.569769595758292,5.361462500342795
1744,10218.75,0.6310502859151157,4.511350141383102,4.3632032143754955
1745,10224.609375,0.6878680229601297,4.831479122219836,4.821802563341023
1746,10230.46875,0.655860242806699,4.191929938205565,4.38159772633513
1747,10236.328125,0.7013235969180909,5.9665449300226765,5.845560742586588
1748,10242.1875,0.728149427738193,4.727916511688112,4.260671762476401
1749,10248.046875,0.41277433126799606,3.90952635937206,3.9202320618486195
1750,10253.90625,0.38204772001605825,2.573097497500947,2.8963652888417646
1751,10259.765625,0.2956045549682143,2.6615916769742656,3.1665913505166636
1752,10265.625,0.21814350888056935,1.8052472525128227,1.8876641887256724
1753,10271.484375,0.19323499866367244,1.2016049127888642,1.609847556243805
1754,10277.34375,0.20652676191668173,2.1465562712180857,2.6735532276711544
1755,10283.203125,0.186311161086947,1.4745075977549562,1.4833785109294861
1756,10289.0625,0.19339672718391315,1.842696855937779,1.0634429680435975
1757,10294.921875,0.41365986733852234,4.511974596319348,4.3249460187617785
1758,10300.78125,0.6511965108768183,6.046886684373579,5.79774093163734
1759,10306.640625,0.4688045145102429,3.187613041497805,3.0686006624861264
1760,10312.5,0.31795785010535427,2.026015285006984,1.7697438791516387
1761,10318.359375,0.41241841310718586,3.4223056853578324,4.182950766193449
1762,10324.21875,0.6452665661487853,5.681393008846888,5.122591254780714
1763,10330.078125,0.5303693543582505,4.830120982779748,4.306095596064054
1764,10335.9375,0.38601349802346857,3.30123301286185,3.1425336078578727
1765,10341.796875,0.6091445750068081,5.128977886915653,4.929191851006529
1766,10347.65625,0.5753228822830275,4.003704866335821,3.85928827561603
1767,10353.515625,0.4583736525668537,3.9744388428813386,3.566004936518066
1768,10359.375,0.240324851501349,1.9072530324122625,1.5073572260374914
1769,10365.234375,0.4588374054333519,3.4395579015024307,4.00704482606168
1770,10371.09375,0.3269706784449666,2.175778274329446,2.7850767864397965
1771,10376.953125,0.4968453465918871,4.387640413273913,4.419766440902375
1772,10382.8125,0.4311799196859365,3.8610470260858287,4.0671322142592015
1773,10388.671875,0.2919750120850009,1.9915080718285942,1.906306967855795
1774,10394.53125,0.35884177212893126,3.054390895448857,3.043942838595622
1775,10400.390625,0.23090171875640622,1.4526282166843782,1.7136315024082984
1776,10406.25,0.42873468863741704,2.6620166830331984,2.5961046975529465
1777,10412.109375,0.531934655712469,3.7924727191737353,3.81262874038153
1778,10417.96875,0.4441676550373619,3.3602542437278804,3.1451137408796233
1779,10423.828125,0.4126316345098532,2.6738788549534043,2.5788615150368974
1780,10429.6875,0.4744717255811104,3.5448829146647185,3.1346398750194173
1781,10435.546875,0.408206189543721,2.514304644548111,2.205463739188136
1782,10441.40625,0.4241528441986293,4.95007220891272,5.029108811451233
1783,10447.265625,0.4656498899081266,3.91777136909996,3.515809818083561
1784,10453.125,0.396519894885942,3.1358691998765575,3.6429607878255448
1785,10458.984375,0.5119805840912119,4.033011128199954,4.4615808289675885
1786,10464.84375,0.478499689534591,3.46272187480173,3.451407612385687
1787,10470.703125,0.19190542672710942,1.1223863983382039,1.3860166188715035
1788,10476.5625,0.4397802002761257,2.724698432759686,3.6473130408072847
1789,10482.421875,0.45689656259508554,2.583935788518791,3.145131738130989
1790,10488.28125,0.25835772960671666,1.6598087801576171,1.8614401073600837
1791,10494.140625,0.298458142383584,2.1013160473484342,2.297565057743067
1792,10500.0,0.22921735923561323,1.4186413235479751,1.8333779811116084
1793,10505.859375,0.32725933018317993,3.531516754001922,4.445543276107143
1794,10511.71875,0.25865544077690056,2.690054843054586,3.1332049158679505
1795,10517.578125,0.24885005835638244,2.051239857800374,1.5822181113115097
1796,10523.4375,0.04604789523822093,0.75,1.4724662671608253
1797,10529.296875,0.18402318785678115,1.6375327836700408,1.543223840709648
1798,10535.15625,0.22762539833429773,2.449167587171652,1.9900409411883115
1799,10541.015625,0.09697498177622714,0.9304896635667783,0.9900409550244641
1800,10546.875,0.11128614613336446,0.9811649277378871,0.9272030527235242
1801,10552.734375,0.12814153063875455,1.1988408856148842,1.0629687684749651
1802,10558.59375,0.2612172680932944,1.8459242535294254,1.554746878214879
1803,10564.453125,0.238956190783719,2.097901776708084,2.035144482623477
1804,10570.3125,0.10534872569761013,1.5461281957455266,1.7055836797591342
1805,10576.171875,0.14880879822545232,1.143843496117163,0.8357632430157202
1806,10582.03125,0.14955429723483768,1.3455946037355009,1.0246778112383328
1807,10587.890625,0.1260512350251178,0.8852645485782475,0.7570119232536926
1808,10593.75,0.15237136507868604,1.2484417790016114,0.8873220495673811
1809,10599.609375,0.09055469695819952,0.75,0.8472768839624275
1810,10605.46875,0.041558230408087024,0.75,1.9530776734737263
1811,10611.328125,0.1842898973551094,0.9992785137879323,0.9229184818424261
1812,10617.1875,0.06965996229808752,0.75,1.2665923640790135
1813,10623.046875,0.08988271211905519,0.75,1.1636884579505757
1814,10628.90625,0.06597414703202674,0.75,1.4244614313120803
1815,10634.765625,0.12383376158863904,1.1871564043766236,1.6945608087099526
1816,10640.625,0.07070867363466182,0.7688800294401783,1.3306044537663604
1817,10646.484375,0.23545147096635183,1.5732919755745982,1.7108434638925905
1818,10652.34375,0.2700659565062117,2.0865852770884135,2.3137023556652
1819,10658.203125,0.2751739583105357,1.876454638961765,2.1665929171307807
1820,10664.0625,0.3062098242975787,2.055553867254971,2.068050722607968
1821,10669.921875,0.19707147201782402,1.3244182218780547,1.3042166524555
1822,10675.78125,0.23757518252055215,2.3792353821336203,2.9134112903725304
1823,10681.640625,0.17342107406560794,1.8277448422256926,2.61899437683885
1824,10687.5,0.1733342182910867,1.4827213520833897,1.7762778600485216
1825,10693.359375,0.2028323386238888,1.8765814729486427,1.4972591924212355
1826,10699.21875,0.06500804417070832,0.75,1.1346226818734806
1827,10705.078125,0.12709997298499717,1.399420805946227,1.2579901409387646
1828,10710.9375,0.12318542316862224,1.178244838329542,1.3179641017917283
1829,10716.796875,0.0596712742419335,0.75,1.2321213204520955
1830,10722.65625,0.17921550001987085,1.537211771722352,1.3023518737186075
1831,10728.515625,0.17781268452938914,1.3179538235844046,1.1836556063133692
1832,10734.375,0.19688058766877511,0.9851490072546207,1.0074733118969548
1833,10740.234375,0.2303216707008873,1.7160810331307519,2.0643560018846725
1834,10746.09375,0.112745915737813,0.75,1.1068942632296477
1835,10751.953125,0.16226884706477743,1.048825894464619,1.4527914708143552
1836,10757.8125,0.09678663572626389,0.7939302918010194,0.9751833440699442
1837,10763.671875,0.11974188797207054,1.1991986185648327,1.0614504565523004
1838,10769.53125,0.03193124099035344,0.75,2.8709756068918897
1839,10775.390625,0.13898255046702965,1.2240360418321723,1.2707182206807848
1840,10781.25,0.07212628472085456,0.75,1.091539755769044
1841,10787.109375,0.32000064529780525,1.895566230261441,1.345183115205391
1842,10792.96875,0.16100448121293506,1.2090119878284535,1.0758792789213734
1843,10798.828125,0.2406458052585779,2.0131591752120084,1.6356565677208525
1844,10804.6875,0.4430583101278782,2.3207791230912203,1.9268260872515701
1845,10810.546875,0.5331175750635124,2.710712741859203,2.462351375664449
1846,10816.40625,0.39192250111013044,2.0840318484653424,1.9848349388179793
1847,10822.265625,0.3098597669735116,1.373538419339081,1.1116087878786778
1848,10828.125,0.22575412446321702,1.6441344978495884,1.5064597150674126
1849,10833.984375,0.01497207844126897,0.75,5.873126642981197
1850,10839.84375,0.18842663727380216,1.1473457472953337,0.9198128723620679
1851,10845.703125,0.22165566915458162,1.8964972706742853,1.990925995984656
1852,10851.5625,0.2987056230789101,1.9902093580537212,2.1818487383350598
1853,10857.421875,0.22617600045457362,1.465862899635237,1.726626038663493
1854,10863.28125,0.23787848736458536,2.0034354256714555,2.3880963234287593
1855,10869.140625,0.4908896870673232,2.60335140280318,2.956023317847377
1856,10875.0,0.3613364966299904,2.773156176718092,2.494404069776406
1857,10880.859375,0.30338959242387564,1.4473636478735163,1.2526598309769155
1858,10886.71875,0.19857686984778086,0.9533504774160966,1.1294028619157466
1859,10892.578125,0.25500464010728785,1.1389340793902376,1.3489005853489444
1860,10898.4375,0.29333093092366697,1.675614251598744,1.925927267221124
1861,10904.296875,0.28488707685700937,1.4831749000725272,1.8918536472510077
1862,10910.15625,0.444908531104479,2.274654851002004,2.1357993416366203
1863,10916.015625,0.20846268633019577,1.0716006544859522,0.8436073583625947
1864,10921.875,0.16870166366893027,1.162062282736442,0.8355691806940754
1865,10927.734375,0.243134480471553,1.2676119392324934,1.079345676569227
1866,10933.59375,0.20752587811778744,0.9650470104746776,1.4012705594765356
1867,10939.453125,0.19607459423166526,1.0990919778228017,1.6759362848921253
1868,10945.3125,0.04108073597764959,0.75,2.780844454148709
1869,10951.171875,0.1316363830592422,0.75,0.765947186336885
1870,10957.03125,0.3164140268230428,1.6123164525292686,1.5050673199614593
1871,10962.890625,0.1443774107151597,0.8898797719333824,1.6521655422251451
1872,10968.75,0.1571212463807966,1.3730433827465767,1.7839535682108822
1873,10974.609375,0.42774116728058276,2.976578104147163,2.3665330112609095
1874,10980.46875,0.3920572310163142,1.7738309544324773,1.6095750718296598
1875,10986.328125,0.2473269938621501,1.6360281040507818,1.306757272317534
1876,10992.1875,0.20036930533341712,0.8899594323047059,0.7758424952490589
1877,10998.046875,0.3280780903735724,1.1564770478041244,1.0607223902488996
1878,11003.90625,0.18533077693115138,1.0468070733606956,1.2242087308841756
1879,11009.765625,0.303772424039777,1.2417826209198317,1.4706294005381972
1880,11015.625,0.2944289996858022,0.9153436697045956,1.0015034979264839
1881,11021.484375,0.20096547266922568,0.9392921676622624,1.0960651370399692
1882,11027.34375,0.13603606322541859,0.75,1.392511239801254
1883,11033.203125,0.03900647679376623,0.75,2.797105966218366
1884,11039.0625,0.1393071571522519,0.75,1.3463747809773576
1885,11044.921875,0.22968746805974258,1.0941051728938471,1.437787045834034
1886,11050.78125,0.3230135945607515,2.606546161533018,2.482284721250846
1887,11056.640625,0.25552756308170393,2.196135263694394,1.4353884603578875
1888,11062.5,0.13537102079884522,0.75,1.2707814091613108
1889,11068.359375,0.3406115204565843,1.2487753045965495,1.2580360950252145
1890,11074.21875,0.3003852397642114,1.2499088613719143,1.0406163163110862
1891,11080.078125,0.37657561291485236,1.4279045354935938,1.2657349014889727
1892,11085.9375,0.3462560950732832,1.0496605703973276,0.8597615933567905
1893,11091.796875,0.18280625939118808,0.75,0.7236006864093142
1894,11097.65625,0.30994862334385537,1.1658054987798578,1.3184561276327151
1895,11103.515625,0.2998075280039369,0.910131028787863,0.8720408113233942
1896,11109.375,0.19434416699605256,0.75,1.0108857090962575
1897,11115.234375,0.3753386950975538,1.1963718266367487,1.5699533137742598
1898,11121.09375,0.3843669948016065,1.5661123926976157,2.176686277305773
1899,11126.953125,0.5702059116272886,2.729794083751802,2.9462290157949833
1900,11132.8125,0.2446665578278587,0.8935115819133674,1.0437257451707047
1901,11138.671875,0.3604922970327091,1.3892278669234064,1.8987476013826865
1902,11144.53125,0.42664721251387266,1.433898018794482,1.8348096125890503
1903,11150.390625,0.2842043263332654,1.1222768819596007,1.8897827918970709
1904,11156.25,0.2764054837341055,0.9502277806707518,1.4106123558543802
1905,11162.109375,0.45390375261341975,1.8474318144893374,2.4374993643070413
1906,11167.96875,0.2409714960814802,0.7715387089408833,0.9682768267173771
1907,11173.828125,0.11940554003456345,0.75,1.1020401237479878
1908,11179.6875,0.2600527513274472,0.7550819748181394,0.7525899523596886
1909,11185.546875,0.2026430577813958,0.75,0.9974390316981551
1910,11191.40625,0.33964543861892527,1.3577070683050094,1.8300285823494573
1911,11197.265625,0.22822475291015984,0.9095614190861144,0.7186751577790231
1912,11203.125,0.33516747660273244,1.2666970023509803,1.0581350291559235
1913,11208.984375,0.4320209965668131,1.9216163325878577,1.8156156100310776
1914,11214.84375,0.27030991640304497,1.2808139457215966,1.492138171559465
1915,11220.703125,0.46751658249826467,2.5539086203917734,2.337549788368285
1916,11226.5625,0.5313290474451559,1.728849708680229,1.9616035207669351
1917,11232.421875,0.4516220267816826,1.0866627827741127,1.1854756104773292
1918,11238.28125,0.38717833580171007,1.3379385358710867,1.3785346931939026
1919,11244.140625,0.3349085427888293,1.7115104922325912,1.9966346736705805
1920,11250.0,0.3101389730966028,1.4421111156104194,1.643871208196633
1921,11255.859375,0.26714237461351986,0.7973012292111408,0.8643874923640691
1922,11261.71875,0.4530060609184729,1.7081699570895759,1.9838948492452033
1923,11267.578125,0.26785382755097975,1.5384772322493403,1.9112052744734145
1924,11273.4375,0.037036519952494185,0.75,2.8651367940915256
1925,11279.296875,0.1414018606914566,0.75,0.6809099194261929
1926,11285.15625,0.04770300662546856,0.75,1.7776795778520205
1927,11291.015625,0.12160012195284126,0.75,0.6204166820200051
1928,11296.875,0.1936878558615064,0.9309004902524192,0.6588849975966662
1929,11302.734375,0.1874270546039269,1.199437972055207,0.9304110371643887
1930,11308.59375,0.3110626447179285,1.3985184084111708,1.0470788875830668
1931,11314.453125,0.24216377678659098,1.031596815695744,1.0246586080885653
1932,11320.3125,0.31844665256223387,2.1914432039078484,1.9243699467078752
1933,11326.171875,0.3019538426863308,2.6707797574224315,1.9362595057204366
1934,11332.03125,0.19187283685020146,1.1908327858267553,1.128105546457269
1935,11337.890625,0.439803711821931,3.236152974439488,3.3712334533319064
1936,11343.75,0.36826524471519184,3.572734708387723,3.748213574552475
1937,11349.609375,0.36154559006654324,3.7083384487887834,3.856047872623157
1938,11355.46875,0.17476272945098706,1.3888774305274134,1.58644483490721
1939,11361.328125,0.30430367576371115,1.7945615690354029,1.4647304442601399
1940,11367.1875,0.46813468302468875,2.728375567095476,2.5142396315142945
1941,11373.046875,0.4132739855061673,4.434890068018323,4.47268286530514
1942,11378.90625,0.4229530688632666,2.032459577513474,1.8539210228753646
1943,11384.765625,0.49867856738439537,2.1122124278200243,1.8562829098632811
1944,11390.625,0.5144142560050216,2.1234506443146395,1.6160572456875542
1945,11396.484375,0.18305438563561965,0.9878013643775787,1.0521485104261805
1946,11402.34375,0.14330239996503305,0.75,0.7527602459695824
1947,11408.203125,0.21474328005078852,1.2816145954530347,1.4509529603202358
1948,11414.0625,0.37786345579774133,2.2140928557418036,2.530739614493353
1949,11419.921875,0.2315143039465816,1.3986229604401756,1.468524454358825
1950,11425.78125,0.14690421426110337,0.9915298023474057,0.7865990450447822
1951,11431.640625,0.1861520790816565,1.0581368352448,1.1705939842799267
1952,11437.5,0.14162752970056278,0.9524164953166026,0.9459985648095164
1953,11443.359375,0.27632288918992964,2.2665135903190126,2.5487945849998845
1954,11449.21875,0.3905103011762222,2.7739226005213276,2.870820969697848
1955,11455.078125,0.30227995517689954,1.7306300182149243,1.919469020165067
1956,11460.9375,0.340230646145698,1.7249810742652791,1.7880925902876643
1957,11466.796875,0.2627048593008289,1.4056157014994952,1.7265722841840494
1958,11472.65625,0.4795111519552464,2.8739321793791515,2.7923782849052508
1959,11478.515625,0.4881906283409725,2.92017045759089,3.1266289416203366
1960,11484.375,0.4660737841720935,2.641439457951882,2.3426148968589016
1961,11490.234375,0.6251660691517302,4.904407085911856,4.3274162590628285
1962,11496.09375,0.4899400662149278,3.9721771912224746,3.5033197982775097
1963,11501.953125,0.4709838239176995,4.187862394182574,3.724247762580383
1964,11507.8125,0.2964011429112487,2.502741762330845,1.8987131220554083
1965,11513.671875,0.144063896185893,0.8582067019955462,1.018755848990859
1966,11519.53125,0.10654210038727174,0.8419653992224477,1.6460710291461165
1967,11525.390625,0.16757157598142816,2.060035010064095,2.493821015678472
1968,11531.25,0.3068536778556065,1.4645013665537814,1.4710602197666833
1969,11537.109375,0.15646214131892427,0.7915084497745584,1.0967395112850677
1970,11542.96875,0.19886793015023874,1.563732043756312,1.1194780043315606
1971,11548.828125,0.1961891767000865,1.313065970012905,1.287399458057995
1972,11554.6875,0.17263074841354462,1.0345002106105654,1.2708154459711603
1973,11560.546875,0.19692089921002937,1.0042792660010096,1.0576181978493184
1974,11566.40625,0.08577216873605062,0.75,0.7297590290920377
1975,11572.265625,0.08606627162115109,0.8267970367802822,1.001817038309744
1976,11578.125,0.16749249597474006,1.8880142814192944,1.615184464078235
1977,11583.984375,0.06787859580971059,0.75,1.3183733249766882
1978,11589.84375,0.2873483945186242,2.8076953071627133,3.2921027048561564
1979,11595.703125,0.4420059044410554,3.1421495671267383,3.578960455547826
1980,11601.5625,0.36263442811953644,3.5655911135341265,3.812604817375007
1981,11607.421875,0.3436459555189156,2.562263971145424,2.598074514866458
1982,11613.28125,0.07764976518411061,0.75,1.5270539117693291
1983,11619.140625,0.2756972966499975,1.695430541451539,1.5459181728741527
1984,11625.0,0.3832814235702011,2.3467157361692386,2.1525288969658454
1985,11630.859375,0.1425632288429509,1.233417865886886,1.2843829645506177
1986,11636.71875,0.09368175764827162,0.75,1.3981451580384305
1987,11642.578125,0.18439005755400686,0.8580474200239632,0.7193468584674284
1988,11648.4375,0.12780518574548375,0.812309948527125,1.0581842543685227
1989,11654.296875,0.11097875543637091,0.75,1.0409810757298645
1990,11660.15625,0.07408876021408813,0.75,1.6312141516444458
1991,11666.015625,0.10371521718319524,0.8744609585390815,1.3063842649801543
1992,11671.875,0.25671877530033116,2.156661257546148,2.56961149944488
1993,11677.734375,0.1048314740704185,0.885721424389714,1.2129550313396138
1994,11683.59375,0.22621526596043948,1.5842578572909427,1.308128166665562
1995,11689.453125,0.48091349312139536,3.5242245666634138,3.2127368432232344
1996,11695.3125,0.5658151299842508,5.368843065913499,5.006873751171131
1997,11701.171875,0.480318698053373,6.192094103356757,5.558462914755385
1998,11707.03125,0.4025159033398615,3.2955050546312625,2.591855334474422
1999,11712.890625,0.18933340847823754,1.28871073952671,0.8820498242985472
2000,11718.75,0.3225445451208965,1.7808401842190218,1.8685853628638938
2001,11724.609375,0.5157429128354802,3.3737453144176777,3.273908865855188
2002,11730.46875,0.4535611691524559,3.5744553006966373,2.8965819572180362
2003,11736.328125,0.2999802193367548,4.061040315591017,3.1093922473870044
2004,11742.1875,0.03415020638016116,0.75,2.812917958002547
2005,11748.046875,0.2691024737022773,1.6773156864087722,1.777316996994933
2006,11753.90625,0.19967506138827806,1.4787339036059413,1.4326501571708572
2007,11759.765625,0.23942985522497287,1.616355152853983,1.4501748074415515
2008,11765.625,0.21332389132848917,1.2544118067507948,1.042586884312583
2009,11771.484375,0.25837815513263984,1.579219611834561,1.464283485325496
2010,11777.34375,0.15038459072650517,1.002495316949174,1.125458552344134
2011,11783.203125,0.13178860817235985,0.9783904875491267,0.9338008794141677
2012,11789.0625,0.1308092133960752,1.5796624857586488,2.0783978094720954
2013,11794.921875,0.12125830545043506,1.336398910526091,1.6565855142479293
2014,11800.78125,0.2191338339209021,1.7063765045040697,1.4909012959485588
2015,11806.640625,0.037705816074390476,0.75,2.502465583400117
2016,11812.5,0.09258047673155126,0.75,1.6271870906175652
2017,11818.359375,0.41280093434467063,3.2768495419039794,3.1469344080146815
2018,11824.21875,0.2861947880931878,1.8218279412121026,2.121447737425873
2019,11830.078125,0.37857130131946504,2.961833643325589,3.325353685144898
2020,11835.9375,0.12437837377402801,0.789767499367727,1.1083974335050437
2021,11841.796875,0.2262525100989289,1.2568958310028082,1.3397402390139321
2022,11847.65625,0.12825648373811244,1.0389864105204591,1.5086083837193622
2023,11853.515625,0.14771315869381504,1.046426870163726,1.2058459205490166
2024,11859.375,0.14820596603695718,1.3224662185449265,1.4948878939045067
2025,11865.234375,0.1825494134246415,1.5279029288766206,1.637770963662391
2026,11871.09375,0.15975685498692302,0.8748956871360425,0.9687732411012919
2027,11876.953125,0.23933772186303162,1.3091820940288037,1.569919052012259
2028,11882.8125,0.12492956877787921,0.75,0.8076564280689451
2029,11888.671875,0.18179101619443339,1.1423620354070088,1.3497060198615376
2030,11894.53125,0.12561363980327436,0.75,1.0169024808856038
2031,11900.390625,0.31703390521066915,1.7028781472810528,1.7435467440227246
2032,11906.25,0.35866329162134647,1.9638334628447955,2.0166171987627504
2033,11912.109375,0.1549508872539195,0.9096230513600929,0.9078771653672485
2034,11917.96875,0.49571991576333174,3.651063273679413,3.546250959518672
2035,11923.828125,0.330299089825293,3.850141858593166,3.821174636574908
2036,11929.6875,0.32384849631408746,2.662991173455899,1.8693745651092855
2037,11935.546875,0.12771479085793863,0.9634297447995144,1.550374197665336
2038,11941.40625,0.22903959349292596,1.521096364699162,2.3417902237225032
2039,11947.265625,0.1915654225138147,1.1445402939251852,1.6291562038437173
2040,11953.125,0.49468690298122975,2.609437367140202,2.8910714782839486
2041,11958.984375,0.26050371081132057,1.589716807885969,2.124086122471559
2042,11964.84375,0.3171266632752324,2.471252567008593,1.8632774586849525
2043,11970.703125,0.21913863215317275,1.9477249034198243,2.0289124254036914
2044,11976.5625,0.19427184355009544,1.4219306064843193,1.4379804114213612
2045,11982.421875,0.5079795940478198,3.4869334004426253,3.0370572813098704
2046,11988.28125,0.27318397468794836,2.130033655074655,2.284787868541563
2047,11994.140625,0.06771418119560801,0.75,1.405095554672436
2048,12000.0,0.12771205178337905,1.7810198183059365,2.5568585138890705
2049,12005.859375,0.10545664353948156,0.75,1.0864311328307732
2050,12011.71875,0.08714875057858583,0.75,1.1209997020827962
2051,12017.578125,0.08542102433340625,0.75,1.9684120462492654
2052,12023.4375,0.24533431347960605,0.9605401910926105,1.1909682406795794
2053,12029.296875,0.17090317906503635,1.379421557638287,2.05254491230348
2054,12035.15625,0.13597761792305238,1.4288918814180025,2.104674010582169
2055,12041.015625,0.12642517647847665,1.133210455330437,1.5976516056031322
2056,12046.875,0.1857313945978476,1.071404756418211,1.4225957286409159
2057,12052.734375,0.39422931920015714,2.545840213135127,2.3191236176635397
2058,12058.59375,0.23236472840714983,1.8759064682602307,1.6101691321443565
2059,12064.453125,0.14393762949735298,1.2987271484605725,1.160950465886706
2060,12070.3125,0.3397716926555715,2.4521977252846923,1.846405180101361
2061,12076.171875,0.15132831514575945,0.8755070331467751,1.0578052066718533
2062,12082.03125,0.0643391979986999,0.75,1.2859014247605567
2063,12087.890625,0.06953200004451571,0.75,1.0091540431194397
2064,12093.75,0.055628202404464464,0.75,2.018759486176059
2065,12099.609375,0.21168339527948674,1.687079348070016,2.31913382417066
2066,12105.46875,0.3263598846382456,2.5309586335374745,2.7837869750196025
2067,12111.328125,0.23639013395399444,2.2391908328278314,1.9016123129659743
2068,12117.1875,0.11015419970074065,0.75,0.8505392603182788
2069,12123.046875,0.11356204137119896,0.75,1.6261753707037199
2070,12128.90625,0.1584812596402738,0.9094853246700615,1.3699988634357683
2071,12134.765625,0.15630648606445033,1.5082351218631245,1.7854030699426273
2072,12140.625,0.1810024171895626,0.9675419523373614,1.1255823480033844
2073,12146.484375,0.33094077526853055,2.8611411217529206,2.4022695083574193
2074,12152.34375,0.5484502119088432,4.820567804567695,4.221391434560499
2075,12158.203125,0.23523788379969307,2.001134874069364,2.1162268796121038
2076,12164.0625,0.20239841286156204,1.5826104002148433,1.5844543150455797
2077,12169.921875,0.5460628572747127,4.267945197801601,4.641012837927106
2078,12175.78125,0.5812372600709765,5.162459258000254,5.159472154526616
2079,12181.640625,0.3260933404504575,2.0015848600821413,1.8212699908211345
2080,12187.5,0.12528283701764129,0.75,1.3125784134697889
2081,12193.359375,0.11989317717594793,0.75,1.5685742094156538
2082,12199.21875,0.22916248335216516,1.2712414390681066,1.8859659357282665
2083,12205.078125,0.12492115269709665,0.75,1.2781258514098133
2084,12210.9375,0.3744267692973484,2.18336200715028,2.14444543452719
2085,12216.796875,0.5525192399993897,3.9552498984680535,4.220247275319055
2086,12222.65625,0.2874470151438788,1.7975724720179647,1.8611349865314057
2087,12228.515625,0.20606630766018055,1.4310451634620356,1.1920092986100532
2088,12234.375,0.36187907020664617,2.676817898756383,3.244940176828472
2089,12240.234375,0.438632432434173,3.0135801730474214,2.9069673953833264
2090,12246.09375,0.14462080720999554,1.4478610947097201,1.7343594788179164
2091,12251.953125,0.09339437485547473,0.75,1.5974144151699998
2092,12257.8125,0.15301640906223582,0.7795112470611647,1.2546297436808749
2093,12263.671875,0.18005028971010156,1.090129008541246,1.326528442846007
2094,12269.53125,0.2076599764138318,1.4269726792333826,1.916922502232102
2095,12275.390625,0.0967264575765332,0.75,1.48474041951676
2096,12281.25,0.20531419935695594,1.7671235355780275,2.4247568641834114
2097,12287.109375,0.16825413040694237,1.2178262406450753,2.3819110433698425
2098,12292.96875,0.3645991391516283,3.1285291898881074,3.328722353965731
2099,12298.828125,0.24493776289130775,2.138224355234801,2.183098897727796
2100,12304.6875,0.14604123448764444,1.5577730688287836,1.4249970383539883
2101,12310.546875,0.20741082648786788,1.4997049263927114,1.897153488053068
2102,12316.40625,0.37116194568841243,2.95883418579791,2.686767565279386
2103,12322.265625,0.35639855705308826,2.17826868793864,1.7688871397676484
2104,12328.125,0.4203857582335849,2.495715726947107,1.8964050152238496
2105,12333.984375,0.15254228487174654,1.0450331560890547,0.7672813061428096
2106,12339.84375,0.20730604467287764,2.219757371738066,3.186329393345382
2107,12345.703125,0.37259590862368575,3.2736379000227664,3.4738971545349315
2108,12351.5625,0.3100273278440543,3.3199828056877037,2.8389525529319672
2109,12357.421875,0.1381449267634629,1.4541648644133431,1.1419644184527846
2110,12363.28125,0.1544600843324267,1.8005513806615792,2.1616269953993545
2111,12369.140625,0.303374589416505,2.4426085543676077,2.134197880175236
2112,12375.0,0.13585679302540554,0.8354497172765438,0.8688025257829103
2113,12380.859375,0.1414557909121226,1.3712297069811181,1.6844509447123603
2114,12386.71875,0.19116954918253729,1.6177054350907816,1.862431420414543
2115,12392.578125,0.20692862672781684,1.700789125230704,1.855750092986377
2116,12398.4375,0.20865390474661952,1.6630955460817012,1.7381229591309257
2117,12404.296875,0.14042084901834068,0.9821736462013246,1.2980824934389885
2118,12410.15625,0.22278816782365943,2.1733085880074867,2.69894673108098
2119,12416.015625,0.3612736688770189,2.9575221908098936,3.442881352025755
2120,12421.875,0.1392343572690815,0.75,1.128125941892998
2121,12427.734375,0.28034437861558387,1.9764883638103343,2.242685380850325
2122,12433.59375,0.4785874099411114,2.791329587110117,2.5163398297661788
2123,12439.453125,0.34647625393696335,1.6943800951666605,1.6502449212158548
2124,12445.3125,0.2976166117532061,1.9447021317280058,2.780519190523153
2125,12451.171875,0.32811332418810363,2.582322298381534,3.452393227257133
2126,12457.03125,0.20684226285041776,1.7601400630797834,1.5840421288662097
2127,12462.890625,0.23338804124770288,2.2863968045080014,2.8461996718473124
2128,12468.75,0.2893973756512458,2.337038152061955,2.672099038515131
2129,12474.609375,0.33340566245317,2.6941010552786753,2.6842488547165333
2130,12480.46875,0.37383884732936207,2.9992874646162964,2.9557695095004615
2131,12486.328125,0.14490539543904493,0.9584042935519621,0.9625585741005723
2132,12492.1875,0.13705197382881457,0.927384126107436,1.2977928380544324
2133,12498.046875,0.2999971764515594,2.882657263478284,3.0473850464169523
2134,12503.90625,0.30623550991635917,2.1618556104606244,1.7133976823994195
2135,12509.765625,0.11512541829871113,0.75,0.7948190484319522
2136,12515.625,0.24821942552226714,2.0683689668626455,2.3435030644099006
2137,12521.484375,0.3286967851009791,1.9551923983454227,2.20695677158012
2138,12527.34375,0.2441085876466671,2.0569397964806178,2.304309649368616
2139,12533.203125,0.19476275960944175,2.029261082158528,1.4805588515300683
2140,12539.0625,0.040372642490465786,0.75,2.17479856088902
2141,12544.921875,0.19827876397764646,2.1373200653147184,2.0476469030628204
2142,12550.78125,0.28603992636530495,2.6986693073667025,2.1556706382164283
2143,12556.640625,0.14052526133524526,1.3500254110960035,1.2564290340293132
2144,12562.5,0.21006345673087504,2.2725980676084703,2.8301276602865704
2145,12568.359375,0.34512839737320133,2.059441654809048,2.151019596030953
2146,12574.21875,0.2640522778744892,1.588724864846135,1.9261696775425836
2147,12580.078125,0.047253212576669694,0.75,1.6542951328643523
2148,12585.9375,0.1608974555376532,1.0028655578454506,0.8893615682938879
2149,12591.796875,0.15847072951336835,1.0782259413241049,0.7742571718471243
2150,12597.65625,0.14208488695913013,1.4256456052499324,1.3853727247922798
2151,12603.515625,0.21967807579569798,1.9661208133837946,2.10973011290171
2152,12609.375,0.1253165808630308,0.8886919243601572,0.9849249942694632
2153,12615.234375,0.009109644752577788,0.75,7.084130500254198
2154,12621.09375,0.14406469017040113,1.9348619429803375,2.486955988035461
2155,12626.953125,0.176162088097816,1.6643508110082068,1.3892111751182374
2156,12632.8125,0.046206508898733595,0.75,1.4687744256140216
2157,12638.671875,0.10710991048512686,0.9710379570713648,1.4834561215752924
2158,12644.53125,0.1251372414170537,1.4310383250759893,1.6022087299657564
2159,12650.390625,0.13175859800719694,1.0456762406508218,1.2527183326852278
2160,12656.25,0.1272648805026651,0.8269069089739078,0.855181208733163
2161,12662.109375,0.238149408250612,1.769938680648813,1.6786305045321863
2162,12667.96875,0.2598376755747152,2.4891895339512833,2.4843377426762
2163,12673.828125,0.2749685517398353,2.4113076646333966,2.650743830728813
2164,12679.6875,0.2904403295408223,4.092031031518843,4.110867607958921
2165,12685.546875,0.38504117110440317,4.0232204514164245,4.202432318426996
2166,12691.40625,0.10559503608389685,0.8632126565306241,1.9411506687840236
2167,12697.265625,0.1834642790999334,2.167905895399443,2.5882003342023157
2168,12703.125,0.199576180053386,1.5726811439273407,1.7149070147188203
2169,12708.984375,0.18445079608880388,1.7587322806439847,2.5275734728516364
2170,12714.84375,0.32886208265997086,3.27430381426009,3.7877169954444345
2171,12720.703125,0.3411595210994285,3.9615687789687373,3.919159309276091
2172,12726.5625,0.2514535905271751,2.4548297420080294,2.344919051949417
2173,12732.421875,0.14534303571112064,2.147976170782722,2.1636553844747386
2174,12738.28125,0.26009607957521436,2.3993919026190653,2.0388285098998997
2175,12744.140625,0.3075017946151128,3.441148486654299,3.403604052079508
2176,12750.0,0.16760076785227873,1.8507351141820907,1.9660003101663739
2177,12755.859375,0.078810229082646,1.0340523549554907,1.2314772589309761
2178,12761.71875,0.126729099580452,1.2706307663771164,1.2553528564597112
2179,12767.578125,0.08274389130834926,1.1455382153606033,1.4562692710781548
2180,12773.4375,0.10183475200620312,1.1282785789677208,1.2930453228118035
2181,12779.296875,0.03262993409063673,0.75,1.845370662642715
2182,12785.15625,0.13447331815185362,1.160025522406384,1.5216258679814005
2183,12791.015625,0.18593595315527536,1.9835293119168451,1.8163416918167543
2184,12796.875,0.15041407413497795,1.6637687187574235,1.479033295869185
2185,12802.734375,0.13358027258654784,1.8638595328246832,1.8996567058033906
2186,12808.59375,0.09331229807856758,0.7664905757179783,1.040009597675474
2187,12814.453125,0.13869275507017045,1.1507671167303324,1.1493039065311481
2188,12820.3125,0.0981827350882535,1.3357412953883738,1.5786512879220937
2189,12826.171875,0.10990633598927323,1.6098890574669003,1.3375958305579883
2190,12832.03125,0.2501159965738027,2.246777141837217,1.698257899902813
2191,12837.890625,0.16069526500719528,1.266903673303723,1.132086931389619
2192,12843.75,0.3233932004049683,2.70314975970151,1.9538645102701708
2193,12849.609375,0.19907410213801804,2.032989693415145,1.4226908820485065
2194,12855.46875,0.11436217354882833,1.2312558515503873,1.2053662959550346
2195,12861.328125,0.2756859442295766,2.5264896721669645,2.076121227999355
2196,12867.1875,0.07274132675009831,0.75,1.250515201366492
2197,12873.046875,0.08883106412750603,0.75,1.1873102564352604
2198,12878.90625,0.32634103182933943,2.4196610364291558,2.4230229857496046
2199,12884.765625,0.2646680432735944,2.3034311422799414,2.401671906202457
2200,12890.625,0.06740613665014014,0.75,0.9828278121189551
2201,12896.484375,0.08839486886422704,0.75,1.085907647474284
2202,12902.34375,0.07953699457524992,0.75,1.0511418352079807
2203,12908.203125,0.20568961364289867,1.934406819375762,1.931599824134999
2204,12914.0625,0.19452986160598873,1.9730918649733944,2.733575713480016
2205,12919.921875,0.11878532263624314,1.2198774377620656,2.1687842897951684
2206,12925.78125,0.2058200490458405,2.2798208740295234,2.688737486296434
2207,12931.640625,0.11277572787528332,1.126503735430512,1.3455183064983123
2208,12937.5,0.04815486334578012,0.75,1.3035057686654794
2209,12943.359375,0.04785422602239384,0.75,1.7174714103035464
2210,12949.21875,0.005811906792786105,0.75,9.8043470328231
2211,12955.078125,0.18818651009977796,1.5481292199165277,1.6190687967049946
2212,12960.9375,0.1778887275181084,1.6992578793645705,1.979383698344941
2213,12966.796875,0.045513093247246256,0.75,1.3246803420073854
2214,12972.65625,0.13138307561975432,1.489847772512535,1.3670212175307719
2215,12978.515625,0.32045967316555785,2.803004337590619,2.433658358681697
2216,12984.375,0.2588050367617406,2.0527157475442666,1.8251155992927306
2217,12990.234375,0.1645389767360682,1.7820414445675608,1.404744547050395
2218,12996.09375,0.04255109585113656,0.75,1.9857478588850406
2219,13001.953125,0.09217676839588937,0.982043296056993,1.64986399433847
2220,13007.8125,0.17588131216630115,1.5960103150957865,1.6962449917164535
2221,13013.671875,0.24641125341222028,2.317495564596823,2.381000578457603
2222,13019.53125,0.1903403365130226,1.861131106454073,1.6670837569302432
2223,13025.390625,0.062188548728146574,0.75,0.9571985971230833
2224,13031.25,0.10641517179697836,1.0248154230827708,1.3262387670390154
2225,13037.109375,0.19166685108277348,2.1171883171303305,2.036302690030594
2226,13042.96875,0.22424711490052313,1.6207554771302521,1.6452320025095106
2227,13048.828125,0.072668116583295,0.75,1.3239624740976055
2228,13054.6875,0.1743013913837563,1.5328967249683227,1.6777946205174756
2229,13060.546875,0.07154845335486447,0.75,1.146513353299628
2230,13066.40625,0.08540698277255901,0.9476984495422192,0.9410252473712191
2231,13072.265625,0.07605265729351647,0.9058893232381864,0.8862450209923872
2232,13078.125,0.08416865833792306,0.75,1.1020464810124826
2233,13083.984375,0.08096067953505005,0.75,0.9578289838274244
2234,13089.84375,0.07048437963111621,0.75,1.0269306165068182
2235,13095.703125,0.11860510754957788,1.454860748118307,1.6157024110690559
2236,13101.5625,0.16575374298686776,1.5543374719191005,1.419462683816604
2237,13107.421875,0.21513059949507735,2.0576758140670184,1.7176631152180792
2238,13113.28125,0.16066565972196895,1.252291109478859,1.202611393961307
2239,13119.140625,0.15602045050958732,1.710839440134302,1.3187178591095219
2240,13125.0,0.06081301734039239,0.75,1.1485497640504472
2241,13130.859375,0.058840831434366254,0.75,1.229248716428581
2242,13136.71875,0.25017587043566725,2.5390076347901585,2.550779957390721
2243,13142.578125,0.3132199547229111,2.6997463549531835,2.5819712158325374
2244,13148.4375,0.1410454685452102,1.5255297564283183,1.6800843575720867
2245,13154.296875,0.16789138993341698,1.499789230037087,2.0058333254837035
2246,13160.15625,0.2682959773352756,2.5191601747343664,2.643584631407912
2247,13166.015625,0.22455918305378422,2.6604209608603457,2.9139982815786754
2248,13171.875,0.0866927488702056,1.2892626139252714,1.7561039993827214
2249,13177.734375,0.10752970674611313,1.4120135080657585,1.3588013581661356
2250,13183.59375,0.13674093475014665,1.252343218905623,0.8380010645878718
2251,13189.453125,0.1319593609503403,1.5455187527370167,1.7029621991434796
2252,13195.3125,0.16747850518084068,1.6565672825892888,1.76229622990789
2253,13201.171875,0.09735768466900373,1.0632385043692794,0.9749247964593748
2254,13207.03125,0.09411669949349215,1.2621359405354753,1.1670697579458886
2255,13212.890625,0.09945224491498178,1.3302285571602055,1.451620168140957
2256,13218.75,0.07775767659670371,1.0367585850086833,1.1323054746777463
2257,13224.609375,0.07565514319140423,1.1443427366789618,1.4138289828142463
2258,13230.46875,0.021957357218958057,0.75,2.3115631613345595
2259,13236.328125,0.020572817236788384,0.75,2.631660645495844
2260,13242.1875,0.04624256699871773,0.75,1.0831023414678782
2261,13248.046875,0.13287174726370934,1.3466373996784868,0.9376309017448025
2262,13253.90625,0.06841996493490896,0.8401170972144772,1.0876427509250126
2263,13259.765625,0.056753065262821256,0.75,0.9861093428962946
2264,13265.625,0.26282217742291364,2.038117756721408,1.6835971598320048
2265,13271.484375,0.3753691135609175,3.1524221816610924,2.715128451816741
2266,13277.34375,0.23521892695444402,2.309495869791358,2.031726372354816
2267,13283.203125,0.15712410224281537,1.4124490134604453,1.1445299966870692
2268,13289.0625,0.11612938047785948,1.0705944700003613,1.2987014552729534
2269,13294.921875,0.029068511659779986,0.75,2.6527078424908246
2270,13300.78125,0.12278682101719907,1.7726756670819215,1.9179292294161632
2271,13306.640625,0.11718316680068691,1.258049189836536,1.4009787947190149
2272,13312.5,0.1455259171655762,1.8891235375671092,1.4324894827579209
2273,13318.359375,0.1323652814167872,1.609674344378187,1.450191911252693
2274,13324.21875,0.09284141902090953,0.7811842761178169,0.9381393220954088
2275,13330.078125,0.1769905289274614,1.367220346257028,1.6285020137069233
2276,13335.9375,0.11930244248801698,1.0197821500014097,1.2938501234881925
2277,13341.796875,0.10713389825130744,1.0435955112946622,1.165899029156863
2278,13347.65625,0.11900519960104594,1.2547545964140057,1.5372727923419167
2279,13353.515625,0.12733358913342144,1.1292907835018138,1.4714921748919814
2280,13359.375,0.12642764168956033,1.46785830199442,1.5438514491029587
2281,13365.234375,0.17467376251012678,1.8288894131422717,1.8034045551122257
2282,13371.09375,0.036915743976822,0.75,1.7418149406407504
2283,13376.953125,0.13991388684497102,2.1207822239795235,2.6281574433811845
2284,13382.8125,0.2797202815724663,2.5088028829210915,2.3638089577226515
2285,13388.671875,0.2153393377798778,2.4932910726184936,2.2665227477751726
2286,13394.53125,0.20796538166807443,2.4188062386041387,2.0324065097757993
2287,13400.390625,0.17163380284559365,1.7108226591902889,1.3653743325967633
2288,13406.25,0.07483075815279111,1.0265751533597558,1.040201611221821
2289,13412.109375,0.06457757496168547,0.8556625809777922,1.0078429162005746
2290,13417.96875,0.10823213785939935,1.6142608960061031,1.5627675603751996
2291,13423.828125,0.07998421147114573,0.75,0.802501948492711
2292,13429.6875,0.08856785044584464,1.2056241369642402,1.1871601597250647
2293,13435.546875,0.09158028725915682,1.3829004866370507,1.4139510453848676
2294,13441.40625,0.02862095673470633,0.75,1.8752803621608545
2295,13447.265625,0.09693407097840258,1.1068342753364888,0.9641963698412788
2296,13453.125,0.11549795350315753,1.449860791789064,1.6347133156740492
2297,13458.984375,0.12698283020892462,1.8821415669104713,1.7989134762251793
2298,13464.84375,0.09982848555309624,1.1201813139718468,1.3281413042372276
2299,13470.703125,0.11189895244640952,1.3532109578130906,1.3535666266967166
2300,13476.5625,0.08162594880150585,1.0897587623898704,0.9905953897906808
2301,13482.421875,0.03925785400565896,0.75,1.779468545882548
2302,13488.28125,0.13493784865436875,1.1624741410543242,1.3750386927352383
2303,13494.140625,0.10685153018039831,1.4534962313209063,1.9895476806375896
2304,13500.0,0.08809067497851306,0.9572904467737221,1.288865296809295
2305,13505.859375,0.06814238278958615,0.7882236212814462,0.7211279261969946
2306,13511.71875,0.07537510455354399,1.0772297845262142,1.1513286093151431
2307,13517.578125,0.07710366372941747,0.937527299160228,0.882345058740055
2308,13523.4375,0.10373840503271073,1.1881362995655704,1.234875611986396
2309,13529.296875,0.07338971315116892,1.1203981500521434,1.3118849980197944
2310,13535.15625,0.06653267501565983,0.7746642166927203,0.8419575035791432
2311,13541.015625,0.08348438940159923,1.249842741047062,1.4208557061135598
2312,13546.875,0.10345042603858143,1.3771598569517758,1.7583829346758004
2313,13552.734375,0.11656344989545349,1.8377781859170597,2.2917281745796347
2314,13558.59375,0.13732097855814415,1.9143945272515552,1.9575990838530193
2315,13564.453125,0.07972973894892,0.9068568066347213,1.1016521962372645
2316,13570.3125,0.15137890358550232,1.914514566595275,1.6586459638440996
2317,13576.171875,0.20715571310819264,2.514345039864879,2.5607643393392783
2318,13582.03125,0.19867487377709875,1.796626170225903,1.451929935637055
2319,13587.890625,0.13083713599015673,2.248653853385007,1.6634294680263328
2320,13593.75,0.136027435292655,1.532228291320867,0.9254713974426068
2321,13599.609375,0.17055808282352883,1.747413315194641,1.4824974738980012
2322,13605.46875,0.29075503307150136,3.1536400488808116,2.5605381233763707
2323,13611.328125,0.20862145619484598,2.400094863854656,1.8651683463383324
2324,13617.1875,0.12236304467137332,2.0960083968855736,2.6257298305357684
2325,13623.046875,0.1862400637281034,1.9075726489365055,2.3537917097106225
2326,13628.90625,0.22344939908087297,1.5162841450899411,1.5281748543008389
2327,13634.765625,0.24855657242810142,2.1159294433977918,2.5169351306950714
2328,13640.625,0.1279823125296346,1.3519283391750194,1.4525803592971074
2329,13646.484375,0.08596266434249857,0.9234272178866874,0.8692020478048692
2330,13652.34375,0.20075763970632135,2.6837709964732577,2.544661491869437
2331,13658.203125,0.17386098362863467,2.0336932461502926,1.8108188317044158
2332,13664.0625,0.22431324571454553,2.7315643762327815,2.4944001761395818
2333,13669.921875,0.33025203139206255,4.015530281622248,4.047849200786868
2334,13675.78125,0.25082871492116976,1.8312625794819766,1.9419655730728882
2335,13681.640625,0.21199515246371478,1.5271192590657559,1.2799958100083577
2336,13687.5,0.2059431819131447,2.280268820899142,1.9909708544125613
2337,13693.359375,0.1932514709615999,2.261764873793036,2.533001242101911
2338,13699.21875,0.17703390935118482,1.6827051139173879,1.7854866715708149
2339,13705.078125,0.18859434273179032,1.8567019195862693,1.689164181601651
2340,13710.9375,0.14644081894898875,1.9024480230854033,1.3136209017182354
2341,13716.796875,0.08538370843198931,1.5396168755783912,1.2585116776394756
2342,13722.65625,0.03820486918515728,0.75,1.7953866524350117
2343,13728.515625,0.13320951484623875,1.8017805951025692,1.931147738962079
2344,13734.375,0.28123290813125024,2.468353796318494,2.126788087249833
2345,13740.234375,0.22186410161778114,2.416456942679904,2.3158601504591028
2346,13746.09375,0.08240036037929363,1.1306086687024368,1.348218042819994
2347,13751.953125,0.26199523006138997,2.3426252427130034,2.2010241296072275
2348,13757.8125,0.37542423610189746,4.310564548122096,3.8797689784101848
2349,13763.671875,0.23906253829555954,2.6399527798475617,2.1791355686310068
2350,13769.53125,0.16210877694810877,1.8032417792943733,1.0813050144641607
2351,13775.390625,0.16878653580563624,1.9625393868475618,1.591601525990276
2352,13781.25,0.28185651335015555,3.1265322883745146,3.057961736776643
2353,13787.109375,0.4535538611367114,3.98521430388473,3.5841307129088267
2354,13792.96875,0.4618324588364971,4.967402220316041,4.328286877070123
2355,13798.828125,0.16714976193063547,1.7695246128972015,1.6522857162804778
2356,13804.6875,0.0972621834122947,1.095475840035137,0.9998347035341763
2357,13810.546875,0.2037181737365802,2.634584547046277,2.1589224371400446
2358,13816.40625,0.14413920228151647,1.8403736637931265,1.5066081944102696
2359,13822.265625,0.1814228008177151,1.7191209828463578,1.4939480692324685
2360,13828.125,0.14323772991046144,1.3508718552207106,1.5000721531083296
2361,13833.984375,0.12186904143463603,1.2964075828568422,1.3153790980039306
2362,13839.84375,0.24061372485411808,2.454058971905871,2.311646703667811
2363,13845.703125,0.23098295455279858,2.5066344252100463,2.3461131717507477
2364,13851.5625,0.11845151646633745,1.7634201027739205,1.5307880535464045
2365,13857.421875,0.055541520896378205,0.8421199911716133,1.0265731132093434
2366,13863.28125,0.15976274197208867,2.3901574508435575,2.2326293324841626
2367,13869.140625,0.2260486741981454,2.4630299094259636,2.318395879884433
2368,13875.0,0.19348130290880713,1.9724443145929218,1.7334989169413408
2369,13880.859375,0.17684496163435098,1.5911878620708606,1.0574575721220465
2370,13886.71875,0.09207212447315216,1.3736111526951835,1.0555530029593823
2371,13892.578125,0.06649731527517165,0.804687277468159,0.6857712173434115
2372,13898.4375,0.09654674678601945,0.75,0.6013213394322408
2373,13904.296875,0.08404712975042597,1.1532348163778894,1.0057030902341555
2374,13910.15625,0.05264965102787958,0.75,1.1643533308541423
2375,13916.015625,0.07534078408212266,0.75,0.8614016672437735
2376,13921.875,0.08620480404710151,1.221204681012982,1.5093134187435469
2377,13927.734375,0.09068124537653441,1.4255685409340169,1.4562193875507712
2378,13933.59375,0.12871220068457276,1.2842553016352944,1.0699914118359424
2379,13939.453125,0.1422355673449273,1.9905031329764735,1.9492809828990698
2380,13945.3125,0.07636343366386673,0.7845013558022351,1.1886823146606467
2381,13951.171875,0.02073333196055352,0.75,2.0797884489692016
2382,13957.03125,0.08210314568520664,0.9343618353900144,1.5103208255492009
2383,13962.890625,0.11287992684428406,1.0825770463234434,1.6839377428406141
2384,13968.75,0.152113535174654,1.358344279388069,1.463523504771291
2385,13974.609375,0.22485273083278562,2.3668951680232246,2.6687612720425906
2386,13980.46875,0.08363429040069441,0.9779652613551671,1.34196515334953
2387,13986.328125,0.05918473537298971,0.9302553274309464,1.1385371478246338
2388,13992.1875,0.16900251785747533,1.9117646723440287,1.8253024629911114
2389,13998.046875,0.2605375742074195,2.3095100515838154,2.0374799515183946
2390,14003.90625,0.2630283022707274,3.4730921071736622,3.2637707916238945
2391,14009.765625,0.20886730500761225,3.25905718169819,3.2053714316420634
