bin,freq_hz,abs_h,training_noise,mean_abs_llr
400,2343.75,6.053193753356974,10.741731450648293,8.761247744687976
401,2349.609375,5.967734447706535,8.347197778655975,7.26530491292884
402,2355.46875,2.38509665392324,3.1489171740799966,2.407988102693368
403,2361.328125,4.518577878301569,5.641081823730794,4.994784274994012
404,2367.1875,2.7072868813575077,4.9054679827904835,4.315614837452779
405,2373.046875,1.143139522619907,1.9732938685025023,2.8136652861870104
406,2378.90625,2.5838079802193423,2.9621405408810517,1.5789280321637318
407,2384.765625,3.054694330053513,4.967015839130165,2.700016666342864
408,2390.625,2.9391755387948195,3.8861815331923166,2.8268706547521782
409,2396.484375,1.9898004399162605,2.595081914231466,1.8047169137370487
410,2402.34375,2.823434077297436,3.819062695281836,3.3253193606093507
411,2408.203125,4.344177615944928,5.069977439099423,6.124725438652169
412,2414.0625,5.80071868328621,6.744686663505151,6.630375552473617
413,2419.921875,4.898499256149132,4.863000349080257,4.300465975489725
414,2425.78125,6.78792109214408,7.149185551541321,6.098009915801214
415,2431.640625,2.621786184429273,3.080397717568073,2.8631413952762097
416,2437.5,4.015250286673415,4.628767343736761,3.583824647634583
417,2443.359375,1.6684560832823407,2.673020078800892,2.549147114007034
418,2449.21875,0.9997393711521407,1.60393443617706,2.876714061807092
419,2455.078125,1.1387034109288179,1.6852070145578333,2.079640108190781
420,2460.9375,3.0264415823165693,2.94549557019807,2.5674747844695425
421,2466.796875,4.349150489463429,3.054341140659208,5.811736302263595
422,2472.65625,1.7177519679565332,1.5155586050559688,4.930990041603016
423,2478.515625,1.8822985128276977,1.94567013845446,1.5781421446049881
424,2484.375,2.957422453001667,3.6709556690616587,2.769314719190337
425,2490.234375,1.795642946365991,2.622326820549211,2.4612108733349256
426,2496.09375,0.7872783719066762,1.3577680123522817,2.4073275195848014
427,2501.953125,0.7648913608855835,0.9331662955100738,3.300697963002087
428,2507.8125,1.3009998603645132,1.1253135405081163,1.8355880042183195
429,2513.671875,2.9386565688314574,3.796134392239469,3.571875964987543
430,2519.53125,0.7168962758900543,1.1706558399984803,2.555560137292432
431,2525.390625,4.929734874777173,6.783963475815634,5.953545132805986
432,2531.25,3.568313223460016,6.519636651337558,5.353618230188741
433,2537.109375,1.7922850468424414,4.101285854123389,2.7208124975658636
434,2542.96875,1.363777646910799,3.0647518665527214,3.2150294617873407
435,2548.828125,1.8735281179500436,3.4865175419863554,3.81731072644422
436,2554.6875,1.233421562697214,1.8224027303195198,1.9644657413377151
437,2560.546875,2.744972128723296,5.389648387560251,4.90623603398134
438,2566.40625,3.515537556776201,5.895961400140445,4.543144661654386
439,2572.265625,1.9487396796224243,5.352653476505044,3.9472782331736322
440,2578.125,1.1727905527623512,2.1515894494048404,2.76340531591921
441,2583.984375,0.34974765180276424,0.75,3.347838919757855
442,2589.84375,0.6515624572587531,1.5177955922083517,1.6320125479940486
443,2595.703125,0.9743568158348567,2.2528227188098344,2.4014104548861694
444,2601.5625,1.982087051454546,4.45582790045258,3.884212087158444
445,2607.421875,0.6248537854786892,0.9950177494204995,1.7204162280934487
446,2613.28125,0.3970057152888479,0.7978557264818127,1.9397835471222238
447,2619.140625,2.055551711973503,3.5151976966296257,2.984057868278685
448,2625.0,4.214948077370029,3.7869539500787837,3.3779262737631415
449,2630.859375,5.9114603050963535,6.888902830386175,5.87999272987344
450,2636.71875,6.127587241966192,6.367773729487141,5.80069689489184
451,2642.578125,7.230957256167098,11.978217220331995,11.66749107462104
452,2648.4375,7.297363442066017,12.0,12.037328654961787
453,2654.296875,5.2194331856021305,7.55512035276322,7.810935644370222
454,2660.15625,3.0833595743250446,5.232084735307864,5.113641444429111
455,2666.015625,4.406335186820213,9.989690969791667,8.275032139556451
456,2671.875,3.570235792699582,7.721593427315014,6.659904701392533
457,2677.734375,0.9269073700987259,2.146013135095215,2.2086874376613737
458,2683.59375,0.4324027931679165,0.9133668626234219,3.141286719398566
459,2689.453125,1.5043104450482967,2.7036666684377213,2.206445500676819
460,2695.3125,2.6388106587429907,5.97449105855455,4.831035536396811
461,2701.171875,2.798339071417385,5.363568085970798,5.5438482223751375
462,2707.03125,2.769698719178857,4.442464409552947,4.210056646701508
463,2712.890625,1.3659915038077504,3.5598411242867547,3.5799979546536917
464,2718.75,3.219663540292486,7.474204477049952,5.958104559581214
465,2724.609375,2.714133132466434,8.019052143616804,6.06003928104762
466,2730.46875,1.998230204139994,5.0372791461421915,4.671527877323364
467,2736.328125,3.712113967999152,5.371031717357898,4.242698991677456
468,2742.1875,3.7009374557248123,6.713117554662282,4.168388056854513
469,2748.046875,3.874556406828654,5.161469613670365,4.051504067836801
470,2753.90625,1.8941576134246214,2.6066412315974796,2.0782114681223445
471,2759.765625,2.171748936885762,3.9290970497753896,3.440079354172715
472,2765.625,2.592882902470683,3.4146469075814965,3.19319957639654
473,2771.484375,1.7223657172391558,2.4938417763168137,2.34898200098996
474,2777.34375,1.6060995214706624,3.924189929573977,3.024138616754841
475,2783.203125,1.25838349532007,1.6738292668081214,2.100100236531029
476,2789.0625,1.8917093541286543,3.5482611614771145,3.9805460685190295
477,2794.921875,1.201738703727234,2.0691800283325525,2.7913112003425016
478,2800.78125,2.284333985507925,2.9583099976837413,3.0163825962277877
479,2806.640625,1.8927641941019977,2.6689406694740407,1.9760331598672862
480,2812.5,3.496891546920463,7.66653085199889,5.753394979992411
481,2818.359375,2.878346566036901,5.587410282911145,3.2953420652961434
482,2824.21875,3.470145749457743,6.607482614728321,4.200122608621572
483,2830.078125,1.2825737069749226,2.209251929993183,2.019919076484386
484,2835.9375,3.620768491027816,5.088531552860013,3.7083239648221995
485,2841.796875,4.698781839409566,6.293362426450642,4.715634777954805
486,2847.65625,2.0796255181950793,2.448985808785838,2.0226264201015303
487,2853.515625,2.8557250786894515,4.324124294729924,3.152360223864073
488,2859.375,2.2592497814174384,3.9989218962916926,3.7822565787615816
489,2865.234375,3.391362847217224,6.947431559962531,5.007821067198154
490,2871.09375,1.8750082939147794,2.879351195131928,2.1920725951708175
491,2876.953125,1.048110258632877,1.6566443760594685,2.7333921668543324
492,2882.8125,2.175370909673913,3.8655429377799835,3.723219183408116
493,2888.671875,1.4393845435654204,1.356080714537545,1.9363764803802637
494,2894.53125,2.680525747964126,3.1352731180871687,2.7435608809694765
495,2900.390625,2.040406635361638,3.5975269495285076,2.707533683643671
496,2906.25,0.73178537225,0.9303936070196934,1.5408924350498399
497,2912.109375,0.7642683456261098,1.5941800664209431,1.6752832289419557
498,2917.96875,1.144047882996534,2.678709698579319,2.3392917160449973
499,2923.828125,1.7213966727319698,3.826034081360567,3.678170516799928
500,2929.6875,0.8463343357121386,1.518710312874906,2.3594393225434738
501,2935.546875,0.5697396046842301,1.1312344461882815,2.3632580836257713
502,2941.40625,1.0502186360157402,1.8518531464807264,1.661008116272206
503,2947.265625,1.7088300357439163,2.3860004244187483,1.9600436004248174
504,2953.125,1.1325241418875085,2.176959953341959,2.2376259982152944
505,2958.984375,2.212638856380687,3.161501213003174,3.1742777463161995
506,2964.84375,2.797412750383539,3.7127408463863345,3.473832777702499
507,2970.703125,3.05740881432761,4.771437214184032,3.6012133963070196
508,2976.5625,4.221833898220205,5.788922444280488,5.331091488379367
509,2982.421875,2.8315516601264603,3.9362311157953718,3.999135429515587
510,2988.28125,2.473428510217085,2.881406196003864,2.565021765104901
511,2994.140625,3.093308101321844,3.7472031097997847,3.2086845989446533
512,3000.0,3.4952742784980986,5.085008220694615,4.926853399450195
513,3005.859375,2.259598941821389,3.6535574162822044,3.810799015585485
514,3011.71875,1.8647236059904269,3.730490086100013,3.4430134616700756
515,3017.578125,1.656514181865571,3.501808052384689,3.2688869912577996
516,3023.4375,2.707946575626164,4.464102381762097,2.852716037098276
517,3029.296875,1.8942838980990035,3.986915794283974,3.0209148714675456
518,3035.15625,0.7400446640144376,1.2768557645277676,2.014084599118238
519,3041.015625,1.0795199789674157,1.8554635112279023,1.5014773169177282
520,3046.875,2.6781601195610985,3.7185630805497842,3.8949480662300204
521,3052.734375,4.352502778627639,8.596250757246095,7.725927998965963
522,3058.59375,2.964666816974114,6.019264710540888,4.065169154917862
523,3064.453125,3.728533568540784,7.5496348221694225,7.2830104264151565
524,3070.3125,5.268717425760324,9.1200002969575,7.248761473260364
525,3076.171875,4.8121637007674565,7.595660946095528,7.145059223565657
526,3082.03125,3.620390381351191,5.776069688907733,7.615690365315486
527,3087.890625,2.7330670913698607,3.745259243541024,3.609883735160574
528,3093.75,2.62940641892006,3.328161264422378,2.8208197514784894
529,3099.609375,2.543886426369096,4.174254996482851,2.237527517193851
530,3105.46875,5.065798776855316,6.1244858634676085,4.120814625801079
531,3111.328125,1.8195529724758956,1.9626820906781153,1.6404589404728929
532,3117.1875,0.7526195244034317,0.9138635449855858,1.6461268516477277
533,3123.046875,0.8790820281824826,0.9433742533566647,1.9641986388804742
534,3128.90625,1.3227494435834735,1.6405008048424092,2.515146196095946
535,3134.765625,1.4138235620066306,1.9900883066664306,2.737019586365956
536,3140.625,2.5081941531709657,3.2530939616587453,3.860182117603835
537,3146.484375,3.7358332890229407,6.352048301366812,5.983703445553816
538,3152.34375,5.349090558947695,8.446668539194295,8.767529879601812
539,3158.203125,4.98597607419562,9.810656669118677,9.769438808002853
540,3164.0625,5.220978359046035,9.077776956276383,6.880453749041563
541,3169.921875,2.8679911328358147,6.321384303760533,3.9932268987621313
542,3175.78125,3.3601208522304,5.600212817139888,5.242356882170381
543,3181.640625,3.8805081820387812,7.764868754305258,6.962957042949791
544,3187.5,4.265413590912129,11.559967856851934,9.275985245468027
545,3193.359375,2.9282924980381564,4.864939809492201,3.5343338973377003
546,3199.21875,2.2963602313217617,6.6418803416892285,4.812065751664225
547,3205.078125,0.23293154044152012,0.75,2.349658519627807
548,3210.9375,1.6165124781761344,3.7147022709858413,3.497747813541841
549,3216.796875,1.473395373108919,3.548455858827058,2.917831515582842
550,3222.65625,1.6920988078237402,5.384501453527333,4.097400404806475
551,3228.515625,2.1857495225581474,8.556682518556071,6.5100999606007095
552,3234.375,2.0663313608252483,6.140807608733886,5.574042173384673
553,3240.234375,1.45551512623225,2.357240941167865,1.9474242525148813
554,3246.09375,1.0710439845759439,3.5908262611016752,3.01637308133624
555,3251.953125,0.32853669164453503,0.75,1.7755000196456536
556,3257.8125,1.7403376020739894,2.9832961157178324,1.9926351781039229
557,3263.671875,1.8850046657055772,4.692321632908377,4.051943505772625
558,3269.53125,0.34513667555586935,0.7809836348473546,3.3544464835668957
559,3275.390625,0.8389394481347472,2.588267674240374,3.376520773318147
560,3281.25,1.2013188525013079,3.7039471583283783,2.643392185322935
561,3287.109375,1.8387220177569528,3.788491938534548,2.666007846353794
562,3292.96875,0.4896937292917009,1.1837818183999023,3.2828628213230298
563,3298.828125,1.4246834837357132,4.483187210898736,3.0730881151453695
564,3304.6875,1.8736465519150303,5.557457178871028,3.0285327308781493
565,3310.546875,0.7107940382182937,1.7397631750325755,2.810606437413196
566,3316.40625,1.8867689859135752,5.241923820981584,3.559483588017314
567,3322.265625,2.036677867187019,4.621502947722821,3.2510872454507
568,3328.125,0.607476784796307,1.552560557427348,2.967247955776688
569,3333.984375,1.7383171400758057,3.7394413802384583,3.150293719143337
570,3339.84375,1.0155151651801797,1.404944143323367,2.0165551328908777
571,3345.703125,2.281886002274997,2.8446350089805685,1.9155336927263935
572,3351.5625,0.9597427009960546,1.4025347843096496,2.203441227691491
573,3357.421875,3.71714334773443,5.687295407489785,4.497999572624379
574,3363.28125,2.260139463440807,5.853798965681823,4.634944675699672
575,3369.140625,1.3767703088747223,4.350023856669737,4.364106008730807
576,3375.0,1.0091632088943832,3.2021726494548743,2.4512383670376656
577,3380.859375,2.2308864689089782,8.203753582948305,6.677268553887666
578,3386.71875,1.948943089297817,4.499964768646833,3.9725194662730194
579,3392.578125,1.241076535482528,1.9893632709207447,2.7486804743865356
580,3398.4375,2.1151519979163322,3.441995505307393,3.1160864703667897
581,3404.296875,0.6878160626217444,0.75,1.746697969065061
582,3410.15625,1.9333485390391045,3.8438238123888664,2.6971983232742067
583,3416.015625,2.7767096801973725,7.272854476627341,5.735572853534233
584,3421.875,2.1056125748651615,4.318451598239752,3.4414848274057115
585,3427.734375,1.328232310466897,2.098841116979924,2.7720018305242937
586,3433.59375,3.5116299080559803,6.514389810895141,6.157901002801554
587,3439.453125,3.7414306600094953,7.866196671000159,7.098165563338876
588,3445.3125,0.6321814685704742,1.0975090473101337,2.06928746321248
589,3451.171875,3.3348911449160936,5.632123680721574,4.413836997579754
590,3457.03125,2.901881504076727,4.711493575903351,3.721933584602437
591,3462.890625,2.1690548966447647,4.4925994111025815,3.323303729532154
592,3468.75,3.073321501242908,5.037304517921992,4.199901012720968
593,3474.609375,1.9574083624350813,3.1162956402288344,2.9151569303974307
594,3480.46875,0.7558733274189746,1.0894511125280153,3.475969760977312
595,3486.328125,3.120594782218776,3.521515312075235,4.0349455706561255
596,3492.1875,3.861096893113866,4.711388958552513,5.46479925112011
597,3498.046875,1.9635201629477594,3.937682504756175,2.7703615386101133
598,3503.90625,1.4156010940116843,2.972083775331524,2.075304708380198
599,3509.765625,0.7636976578923326,1.147106673961261,1.6123991572515004
600,3515.625,0.9597588923398928,1.4765151663093157,1.52628689396026
601,3521.484375,1.121089075868204,2.9377916604911247,2.903707327904663
602,3527.34375,0.9619353189914156,2.0390176114278984,2.1957384734814056
603,3533.203125,1.23512910909804,3.300330680750668,3.1816520432219084
604,3539.0625,1.614911093295383,4.146621028394446,3.9604398536849166
605,3544.921875,0.20299470392445554,0.75,3.7829353251632374
606,3550.78125,1.3158873748912423,3.5486288002673776,2.779705733719057
607,3556.640625,2.185906457590968,4.501553354873788,4.620867279098575
608,3562.5,1.8836167110156978,3.0417043354816675,3.407963096625351
609,3568.359375,1.9033761763490467,3.3407044972813873,3.8197267803712367
610,3574.21875,1.8256953972284276,3.281440310256258,2.956372402533193
611,3580.078125,3.25026075414085,4.680085695666437,3.9757280748779644
612,3585.9375,3.2401043849506825,5.428944469974864,3.4153777201060254
613,3591.796875,3.009360419223453,6.403066942425614,6.600960176919066
614,3597.65625,2.9255954894931016,5.128732816599515,6.1058096620827635
615,3603.515625,2.4014510517120238,2.7028305688463306,1.673083671665113
616,3609.375,2.555631514337555,3.2894526531751347,3.7929337789355606
617,3615.234375,1.6985348797090178,3.52131073283602,4.732712401896999
618,3621.09375,1.8440283084453486,4.06522312705601,3.5068698032212824
619,3626.953125,1.8510884707350834,5.916865401828177,4.06429427810917
620,3632.8125,1.8940816552931203,5.666683816748307,5.376205920342089
621,3638.671875,0.6493095352680688,1.386046720796231,2.2343986348666522
622,3644.53125,2.0101352524874962,4.787262484841257,3.4003568332341145
623,3650.390625,3.1470093901558287,5.609169304175952,5.06238748800699
624,3656.25,2.7307209546826123,5.477481860144703,4.281504848242886
625,3662.109375,1.9401181950677389,6.66550612950258,5.369976581584662
626,3667.96875,1.1555473170162383,2.224762373214517,2.8329601751177043
627,3673.828125,1.4021266815654718,2.664639344670094,1.8060503812775526
628,3679.6875,1.1378155369992438,1.9739291283333928,2.106973865009393
629,3685.546875,2.369003774149324,3.5119898155233042,4.878961449417235
630,3691.40625,3.5526603140255713,6.267963361530164,6.868777813765176
631,3697.265625,1.663054506977862,3.5985678642836456,3.5858479160611823
632,3703.125,1.7803050810665653,5.472752016106279,6.698167535899961
633,3708.984375,2.7270958547935313,5.889124167742366,4.204063336589328
634,3714.84375,2.0946461621832513,3.809510934831094,4.342788568760713
635,3720.703125,1.9102660763010648,5.284889184516135,3.6803630824441362
636,3726.5625,0.7008269754152946,1.3286618531486036,1.3655494198604663
637,3732.421875,1.2569688721593335,3.8772372512913638,2.198018571042755
638,3738.28125,0.9458369380091131,2.8244449634063704,2.1350394938701367
639,3744.140625,0.6328867419636854,1.4472520922071845,2.1188069111490524
640,3750.0,0.6502992481343682,1.2795134156623391,1.7517744214252235
641,3755.859375,1.5454243240696945,3.432307339387667,2.4834043044777605
642,3761.71875,1.063899576539773,4.406573681922417,2.5662804971315296
643,3767.578125,2.825788070892795,6.815177734967325,5.475838823924427
644,3773.4375,2.8001035227592683,5.566520327495906,5.194092108631369
645,3779.296875,2.183159065057374,6.439300098012511,4.493143617440566
646,3785.15625,1.81174629945394,6.229630224501831,5.348267726500091
647,3791.015625,2.5180523660471534,5.97993618911613,7.402514629451796
648,3796.875,2.6982953313118148,7.410762465651503,7.59672285371094
649,3802.734375,2.7558487565767815,7.6833726140314935,6.065942604891851
650,3808.59375,1.4004556210715169,3.538631316790857,3.2682548720326037
651,3814.453125,1.4774061540640273,3.8183365962214655,4.066247295337466
652,3820.3125,1.95882293477625,5.093664266378513,4.723371365568749
653,3826.171875,1.5962230712355647,3.167078146441806,3.291129136400536
654,3832.03125,0.681976967248861,0.8984185639012716,1.798504830441867
655,3837.890625,1.066157160933949,1.6286530081496164,2.664615874945251
656,3843.75,2.5888584510867956,4.146579268854134,2.979483647369004
657,3849.609375,1.1828885087710617,2.9884047149097928,2.8123423555484557
658,3855.46875,0.36775311507244307,0.75,2.271928637713734
659,3861.328125,1.8443361013272048,4.276546069740231,3.802626558615181
660,3867.1875,1.8601403525838807,6.0259765426157115,5.855645246116749
661,3873.046875,1.2712064155402925,3.503201076847485,3.0720013400155963
662,3878.90625,1.6691283121691112,3.5946653248031843,2.899418256448683
663,3884.765625,1.749881279833446,2.8848048312305377,2.3757824290991882
664,3890.625,0.21670082588278022,0.75,3.2125435989637903
665,3896.484375,1.2273866774541817,3.1053371260110936,3.139929168784132
666,3902.34375,1.740019208950721,6.004610943635154,3.594809040592808
667,3908.203125,1.2829408352112028,4.343180195742772,3.150277166484423
668,3914.0625,1.1841539302503161,3.802772884522505,2.9503995959749174
669,3919.921875,1.7109552007698634,4.3005899543521355,3.2622784315347078
670,3925.78125,2.723470663108546,7.942901270916556,6.517969472511922
671,3931.640625,1.8024964156350798,6.548221538018795,5.306563206753377
672,3937.5,1.2889734398146409,2.6683008498359033,2.218363113481713
673,3943.359375,2.1211135452278396,5.5266718319658725,3.761701317550698
674,3949.21875,1.2132124335693375,3.304147912866363,2.4048252177325065
675,3955.078125,0.5231642668415764,1.801775865236705,2.1235053299709756
676,3960.9375,0.6163112560333728,2.1817613224277213,2.024331698576106
677,3966.796875,0.18340830540682368,0.75,5.810988292036794
678,3972.65625,0.8416601152857786,1.6182666095248552,1.542838795287919
679,3978.515625,0.5675776444712901,1.1176207662782265,3.731227160381752
680,3984.375,1.7418437079860094,4.227766883636796,2.0102401330555413
681,3990.234375,4.452174648175638,7.5547412626501025,5.244416004698112
682,3996.09375,3.8372216425315537,8.826523944292548,7.253633662242585
683,4001.953125,4.057106374228326,10.634103887611262,8.927733176669422
684,4007.8125,2.9410823884645554,7.109468129206762,6.181217604739232
685,4013.671875,1.7122138434593965,4.165888749107165,2.8623753889783727
686,4019.53125,1.4472174774570354,2.575292344652742,2.0123496719876197
687,4025.390625,1.8323020469713023,3.95010587862203,2.480169683338401
688,4031.25,0.8960192852173332,2.2805436641761645,2.1788436917544756
689,4037.109375,2.879765651781095,6.884667807191686,4.842167028585635
690,4042.96875,4.066744836207188,8.982123305982952,7.074243835427543
691,4048.828125,2.416666886860039,5.517270435340497,3.3090517572423073
692,4054.6875,2.1789783793970314,5.691585047807331,3.847884260256744
693,4060.546875,1.1366933037243618,4.23932007506088,3.936404214946876
694,4066.40625,0.4970473862525265,2.1030484939421776,2.285128929942633
695,4072.265625,0.8855764889878556,2.3677187765383576,3.0717075502771354
696,4078.125,1.5381995977775536,5.2637618510641175,5.771135380600153
697,4083.984375,0.7952268966940226,2.2269771155781246,3.475318288337807
698,4089.84375,0.6479664764556952,2.0426265950433944,2.6261586462942845
699,4095.703125,0.37034810778423793,1.1480589374277699,1.3664921400781824
700,4101.5625,1.0182892109648296,3.250122908889978,2.315421449480962
701,4107.421875,1.6350987678339095,5.113379743859301,3.325160132699993
702,4113.28125,2.2513931495453843,6.369200202585806,5.002337041786785
703,4119.140625,2.429960436503636,6.66596003960049,4.754887574829616
704,4125.0,2.2867570961029675,5.289567073491935,4.281598439115733
705,4130.859375,2.867556886427744,6.442505782744363,5.6819908379702575
706,4136.71875,1.1559325753459375,2.1871753748059275,2.3564474185869964
707,4142.578125,1.3296113626791608,4.3401067994901465,3.2038281804680295
708,4148.4375,2.0415793872350174,4.841463067203614,4.708090048842577
709,4154.296875,2.220040978142639,6.534131202907963,4.879050713825676
710,4160.15625,1.3799272074144409,2.327195303076345,2.1310308274473737
711,4166.015625,2.4844049084196467,3.1582733540646544,3.402170089866205
712,4171.875,2.1677674575882886,4.293735973743922,3.1716345016203618
713,4177.734375,1.6742147521044681,5.252629215570724,3.053462986019839
714,4183.59375,2.2940324300122663,4.297810241629968,3.4376450868311084
715,4189.453125,3.257329457422601,6.9952411658223905,6.6279150478685835
716,4195.3125,2.3616526408955347,5.5496825841590285,5.145236797302466
717,4201.171875,0.8587955055737518,2.874622919107821,2.1376695726996946
718,4207.03125,0.9258994833310963,1.9558623937940465,1.2420144718730461
719,4212.890625,0.8286610649488214,1.5796580871095984,1.3166748882634163
720,4218.75,1.7361009140284873,5.202942025497253,4.361347363913033
721,4224.609375,0.811831292427152,2.864935839801621,4.062716131880716
722,4230.46875,0.11749132998310528,0.75,6.050528066165711
723,4236.328125,1.5340770636788297,6.109554163371018,3.6524250334280866
724,4242.1875,2.0488891841287096,6.54758333790191,4.809251599266911
725,4248.046875,1.0054218856349502,2.791851098648092,2.4578697427002347
726,4253.90625,0.7280729463379783,2.1095532397203627,1.269944500935936
727,4259.765625,0.8545290690505932,2.3260385440496303,1.725039440179067
728,4265.625,1.1688392909217071,2.7816447345538036,2.2338119533923715
729,4271.484375,0.8715119046213966,2.817575693490336,2.079222379816031
730,4277.34375,1.6152608121350218,5.164436137914098,4.0201354679404
731,4283.203125,1.0186460176963632,4.110276666158486,2.6888096734443505
732,4289.0625,0.6958379913533929,2.7352224702838073,2.11602402921944
733,4294.921875,0.27671240614806625,1.037804805801616,2.1019897512270482
734,4300.78125,1.3218688761861213,4.962302195723707,3.55071898816866
735,4306.640625,1.2359246807232038,2.45862771378538,3.2632893288860663
736,4312.5,2.258264298266945,6.45673197764689,7.616414469747358
737,4318.359375,2.683465906294495,9.800224938943716,8.226755933217799
738,4324.21875,2.7535363159373603,6.721638212536385,6.091425440072392
739,4330.078125,2.3464478720099087,2.9776237202697153,2.7812086963615603
740,4335.9375,3.879818575060575,5.552324488941566,5.788284318633878
741,4341.796875,4.009619404733498,9.072564130234296,6.949685263436343
742,4347.65625,3.3606300799062034,6.112395324620664,5.552163738224346
743,4353.515625,2.3601185851788844,3.737868421235383,2.351680100588615
744,4359.375,1.7561818420561897,6.309852685643193,4.364728954210918
745,4365.234375,1.5154610377051922,4.349328801492954,5.253192298951315
746,4371.09375,2.2099442781545435,5.901138723957238,4.617102999177986
747,4376.953125,2.242200492568837,3.421020840090195,2.63420461480955
748,4382.8125,1.5934536641222714,2.1227020011658815,1.7591314554883652
749,4388.671875,2.168085125710104,4.946113831858893,5.092656096181308
750,4394.53125,1.3406914652556365,3.525120992370747,2.1466240362541833
751,4400.390625,1.029607526445523,3.086268287625779,2.1449482416817967
752,4406.25,0.9899473593753367,3.7302434075525674,3.819286398748961
753,4412.109375,1.532704208582649,4.61891189784662,4.691502778616358
754,4417.96875,2.56329251746019,7.485620589506589,7.628197388616126
755,4423.828125,2.1831955363069637,6.630152205902519,4.813592706465015
756,4429.6875,1.765747389591329,7.737097627950799,5.362031835595071
757,4435.546875,0.5839927584463819,2.0384399043219084,1.891082256253509
758,4441.40625,0.9899496907637062,3.088393793434437,2.5901553655981373
759,4447.265625,2.085774535796803,4.047624496117866,5.767975803096043
760,4453.125,1.9487117727564487,5.675552291676611,5.835990643540499
761,4458.984375,1.676492633214691,4.998380598891083,4.638364518826418
762,4464.84375,1.020997342330565,2.569330269804129,1.760727871924716
763,4470.703125,1.499490291393262,3.7714219907764908,3.794472504829295
764,4476.5625,1.453436507261018,3.2122179848438708,3.375406085549049
765,4482.421875,1.5423049846597778,2.6541565695512324,2.373802928041418
766,4488.28125,0.8872134305409288,1.9429223793880892,1.816102676879974
767,4494.140625,1.2078123762697768,1.8794086358906723,2.6499835645236507
768,4500.0,1.4162879765612726,2.4687044052112173,3.5969094606695298
769,4505.859375,0.9945736706551797,2.5556916642135024,3.7659015581572297
770,4511.71875,2.2500484534466874,5.751115990037387,5.763137085773515
771,4517.578125,1.4564871696872321,4.939846207903642,5.760155168209962
772,4523.4375,1.0096488980509908,1.6064919820051922,1.5357795395686005
773,4529.296875,1.5597656244009215,2.4052544445423356,1.8139951310470317
774,4535.15625,2.2337085634767657,4.358847875986882,4.198362428373924
775,4541.015625,1.9056805654879536,7.708068973403082,5.860112595224868
776,4546.875,1.4090389284742872,4.673709414517292,3.2155566248552407
777,4552.734375,0.3569357288167277,1.0677036516015321,2.2329829136473296
778,4558.59375,0.23774917023365286,0.8865145097510274,5.27479587164908
779,4564.453125,1.0985039950328028,3.0319595843958114,1.628245738957564
780,4570.3125,1.8792176211384248,4.643572369884098,3.5148964603011676
781,4576.171875,1.318254189998521,3.5708029664282837,3.5391595757116603
782,4582.03125,1.7896706425191176,5.359857637984474,5.435040065264408
783,4587.890625,1.6423379755711924,5.389825148684517,4.428509957294357
784,4593.75,2.0514736792793062,5.280050396893935,5.435948683798021
785,4599.609375,1.826863728554054,5.8857175978134775,4.783254796922902
786,4605.46875,2.3675237768160446,8.805933717176917,6.494167193756105
787,4611.328125,1.8690066851671077,5.93870014934339,5.161688788716952
788,4617.1875,0.7467452391786371,3.452246580291348,4.183966448986686
789,4623.046875,1.9106494211238758,4.842425242191884,5.244072727507505
790,4628.90625,2.5711675075619067,6.098331447596314,6.248909324505965
791,4634.765625,2.878320639395946,7.504278348593788,8.648324328910016
792,4640.625,2.0135961597920717,6.90882436853263,5.418776633243992
793,4646.484375,1.7983053921132746,3.871628079019607,3.0488762779694816
794,4652.34375,1.4518754982976494,3.2354925749827284,2.701831213499864
795,4658.203125,3.6849575727550374,7.131454035754418,5.452657768322608
796,4664.0625,1.8392526842936532,4.804382972807936,2.7864450856494978
797,4669.921875,0.7410681952313779,2.0399567366837674,2.3393908768628706
798,4675.78125,0.9423263232162762,2.574322152993977,2.5589817390014002
799,4681.640625,1.0837063425433826,2.867721610337179,2.8526485917590056
800,4687.5,0.744327752347626,1.8734984482477361,1.8047123223088652
801,4693.359375,1.1709064629508208,3.2169956566789475,1.8398967067267686
802,4699.21875,1.247331780084079,3.9697049830669613,3.0002454078551684
803,4705.078125,0.6378198592478599,2.03606398675359,1.4227661931205722
804,4710.9375,1.087307091515997,2.9930437672021295,2.0739671379494617
805,4716.796875,1.0704934806163267,4.537669440927434,2.1085588831513085
806,4722.65625,1.1650750140874717,4.628528445842434,2.6392736593779733
807,4728.515625,1.5806071924680203,5.544929083873294,4.219035238162445
808,4734.375,1.4325020697306259,4.908280929004597,4.949827783201496
809,4740.234375,1.5350380978118163,5.261537741085312,4.013751274833238
810,4746.09375,1.9531788109557886,4.4914869536335535,3.1940519357573978
811,4751.953125,0.6380309797002153,1.2596098277775036,1.3370348642432837
812,4757.8125,0.8799075314153496,1.6508872863789192,1.6105411767254725
813,4763.671875,1.832670657581569,4.984372297646785,3.786714194204009
814,4769.53125,1.9563067522317086,5.544450743537173,4.454547086484834
815,4775.390625,2.4955003989444124,7.325204383329926,7.431296600570738
816,4781.25,1.7666669539506947,4.546489655721563,5.57281887111688
817,4787.109375,2.8315751703285685,6.650212825522077,4.480446906536577
818,4792.96875,2.171198673393027,3.6051005937325744,2.8164891295272763
819,4798.828125,3.210649016581082,8.662952242357541,7.475254108327813
820,4804.6875,2.5034327432685783,7.295263768732857,6.159663502993883
821,4810.546875,2.138142450928073,4.835965675591716,2.774803085423855
822,4816.40625,2.160910139873731,5.501517260481912,5.938595332358606
823,4822.265625,4.009566960231562,8.458610129507573,8.353331722063853
824,4828.125,3.826158492828045,5.513089868052004,4.764838094037959
825,4833.984375,2.483480464063188,5.073695743187829,4.589598936057039
826,4839.84375,2.1128868929529974,6.685320605749034,5.0746660940362345
827,4845.703125,2.3400333006034852,6.487847070407616,2.668472797272089
828,4851.5625,1.18961135166727,3.0416806920973185,1.2855440174382697
829,4857.421875,0.4517359863660584,1.3753417396867875,1.8336204176707813
830,4863.28125,1.5620030316116564,2.724409507578475,2.2705261678610142
831,4869.140625,1.0927789883319985,2.0605625466887574,1.9261035399363762
832,4875.0,0.7114571185583725,1.782998071887416,2.117700817582244
833,4880.859375,1.4260140614379742,2.840844753553978,2.34510889823853
834,4886.71875,1.481486147376286,3.4926180236268536,3.795661731851406
835,4892.578125,1.5075997576162132,6.216638084493036,5.638144429600411
836,4898.4375,0.4987002834087533,2.1694680208880066,2.828309502113656
837,4904.296875,1.252749086262307,2.7033080520202617,2.692189884166906
838,4910.15625,1.7871936092702572,4.811315407009847,3.497576858217034
839,4916.015625,0.7778862635162471,2.404332634336782,1.9552849529170762
840,4921.875,1.7925917602515145,3.5908035236769598,3.296349577423673
841,4927.734375,2.27364370203492,4.747275939925382,4.164465693393652
842,4933.59375,1.1319146430297407,2.357925061795756,2.277118850057211
843,4939.453125,0.9163924411017633,2.3271979402708705,1.8814399760187124
844,4945.3125,1.6196354848963483,4.14102926672388,3.702197688158587
845,4951.171875,1.7086144766866245,3.3120328375366945,2.9295163097824846
846,4957.03125,2.285744462111932,4.825318723959241,3.6871460639884375
847,4962.890625,3.277392980384463,4.396748726779487,5.075940285296423
848,4968.75,2.2483259910131626,3.8751766278943847,4.7647553073914715
849,4974.609375,0.7541633808148578,1.4325955257228165,3.3842078459873295
850,4980.46875,2.3764598661222203,5.748829645964856,5.2472741099428895
851,4986.328125,2.9732359955890653,8.794600596091176,6.216369334745447
852,4992.1875,1.5354785795870027,4.273056427053827,2.569609868749436
853,4998.046875,1.6396236193208198,6.221956931122344,5.600269601775324
854,5003.90625,2.798151852798613,9.984195774313873,6.384665755778802
855,5009.765625,1.8566800016921556,3.8877049509617887,3.082933278242567
856,5015.625,1.786021086098154,3.9951650756865305,3.228074529163865
857,5021.484375,2.3647705474205516,4.055080328337904,4.276790843917725
858,5027.34375,2.446169881719448,4.224611040031986,3.624559580456676
859,5033.203125,0.17575105592396376,0.75,2.45065147924835
860,5039.0625,0.2708868001073388,0.75,2.7267838316157915
861,5044.921875,1.4851436205156334,2.7786527372969974,1.5597445548321578
862,5050.78125,1.018817072823936,1.739842768313069,1.5646080254519081
863,5056.640625,1.1581564284294963,1.7596177226170497,1.7845482642914114
864,5062.5,0.5947823289353018,1.3828001116687783,1.2298972342380432
865,5068.359375,0.8454529624314967,1.7225335340270393,2.3254898340919836
866,5074.21875,0.9643529181924282,2.0651480286036503,2.3397435965702695
867,5080.078125,0.6901348351820946,1.8912054922401482,2.9417128252386933
868,5085.9375,0.3341528373240878,0.9802427727454028,2.6890138906376015
869,5091.796875,0.21543857307451061,0.75,2.637247392361117
870,5097.65625,1.0104203249239248,1.5392778754087773,1.7162133539081288
871,5103.515625,1.0066088717190804,1.537195056259915,1.535309086822384
872,5109.375,0.6554852089666058,1.321986895580195,2.2444552831209603
873,5115.234375,0.40274544603679074,1.0566491875446498,1.778790762526
874,5121.09375,0.9064243082736841,2.622418700550588,1.3604763911876714
875,5126.953125,0.37822093581405325,1.240232851690979,1.8799874316844418
876,5132.8125,0.4538051725611391,1.4867841013296468,2.221009210058131
877,5138.671875,1.3946300919347985,3.759748240847361,2.3802671145427317
878,5144.53125,2.0551662993601965,6.9055308897839325,4.077470156332409
879,5150.390625,1.6905463351209045,5.597195870642998,4.6569156794763
880,5156.25,1.2884678921497146,2.6578107512591735,2.4894226629774328
881,5162.109375,0.7905137935868376,1.229098882302238,1.5920694239391382
882,5167.96875,1.8662885904167699,6.555918793860975,3.9350800362744467
883,5173.828125,2.4611999404622065,4.54874801710118,3.449985827619625
884,5179.6875,1.2534536787860988,2.3417071664535034,1.7545867472175727
885,5185.546875,0.989549077116704,2.3339464215713215,1.9220143757346613
886,5191.40625,0.8812293718304534,2.700763322025747,2.3315637261197835
887,5197.265625,0.6408850288632654,2.3017986206751115,1.926957861338303
888,5203.125,0.8863088975760695,2.2113957452783626,1.6925299899728623
889,5208.984375,0.8356757876359959,1.6868629222637048,2.5976194871367593
890,5214.84375,0.4220288324264914,0.877721055711857,2.421449728888166
891,5220.703125,1.7842944267764118,6.513692305054606,5.6265808179875005
892,5226.5625,1.2980269842830108,4.247705906123566,3.8155715486411284
893,5232.421875,0.5688245279081217,2.33665201002957,3.227672831167384
894,5238.28125,0.0699129662516553,0.75,6.174747692549578
895,5244.140625,1.0530805791673703,2.493057571251267,2.9958863555337127
896,5250.0,1.8976145007767324,5.303985263897346,3.7865549717854288
897,5255.859375,0.705950932744076,2.6825325428141977,1.9497719379217153
898,5261.71875,0.36795604660060394,1.075809662545744,2.275602979797884
899,5267.578125,0.8575206327669427,2.385408658278965,2.1629276083207474
900,5273.4375,0.4000387979018606,0.75,3.706381425392172
901,5279.296875,0.348227777221747,1.0435855719719354,1.8670794714809662
902,5285.15625,0.500664598328314,1.0324677299570657,1.788134148770538
903,5291.015625,0.5893374217854986,1.370230104273638,1.5589100660193067
904,5296.875,0.5567999497287985,1.4427064065277238,1.7304000444936443
905,5302.734375,1.0721191826410912,2.2431024115923988,2.954404329993172
906,5308.59375,0.2777006523937725,0.75,2.0076394279058265
907,5314.453125,1.5083195558786964,3.617265320675372,2.690410655278717
908,5320.3125,1.0203155814270177,2.935330072375453,2.6211471557911667
909,5326.171875,0.8656352605779188,2.104969343205664,2.121796537090145
910,5332.03125,1.5679744200541275,3.6709793644231694,3.4105359510372213
911,5337.890625,1.6058370823927632,3.6952301151341995,2.431372997121068
912,5343.75,1.6383352408438399,3.950319183745616,2.603420959006967
913,5349.609375,1.5029780381351305,3.1269280072799317,2.184494212346922
914,5355.46875,1.3923004217008068,3.971850436264784,3.7218913832954064
915,5361.328125,2.330344527453366,4.8586471383614205,4.467642264886214
916,5367.1875,1.7061224652672267,3.7070911338032766,4.340366612344232
917,5373.046875,1.970047960261084,4.336463691010261,3.8832516963796713
918,5378.90625,2.6422685102456676,5.427749581146024,6.657597465750103
919,5384.765625,2.5751083743607164,5.30040280810596,7.065456160937261
920,5390.625,1.677572545276991,4.493665289225727,5.4217607344685215
921,5396.484375,0.7584120326659247,2.344511532235377,1.9928050025743906
922,5402.34375,1.2517499414865627,2.2485036364113102,1.8648795444884578
923,5408.203125,1.0871470488291928,2.8112520779239647,2.0171550876277125
924,5414.0625,1.0188750228850105,3.5404520594856193,3.388259564077587
925,5419.921875,1.818943989355726,5.613389043373492,4.368710967748927
926,5425.78125,1.4152273080198268,4.09038644651252,3.3169774112087946
927,5431.640625,1.4541828860241437,3.16344250801198,3.077801793145292
928,5437.5,1.507131537445147,2.5270106564226045,1.7549828097857134
929,5443.359375,1.2070203467309497,2.5784814318863747,2.7528906266066846
930,5449.21875,0.6970245098407103,1.4085755239196618,2.431357264904411
931,5455.078125,1.7312404280249174,2.7728805467254753,3.271620708862588
932,5460.9375,0.5295552560584633,1.0121808789809106,2.2084725790425703
933,5466.796875,1.5551627244007622,2.5184115395792612,1.5695036635336757
934,5472.65625,0.1544520209805546,0.75,5.179650953069444
935,5478.515625,1.2648585949172548,5.239465272068885,5.5683179620665
936,5484.375,1.38891706787016,5.017581089723944,4.4013389149982025
937,5490.234375,0.8437806706426855,2.8355277731071507,2.559834830697938
938,5496.09375,0.21004946280820522,0.8726450411127153,2.567114001981688
939,5501.953125,0.2383520244409837,0.7547164573236753,2.7414090164382503
940,5507.8125,0.4485442790730831,1.0108618574179369,2.0382867495992394
941,5513.671875,0.7423916490390983,2.975879388011621,2.432126656711971
942,5519.53125,1.2737511474584697,4.762277916434326,2.3722015795601843
943,5525.390625,0.9995211417169669,2.460106051041167,1.519200038659915
944,5531.25,1.5597548404696142,3.077942201423441,1.7704472397680935
945,5537.109375,1.033776184369604,1.6982622173256852,2.276089446784036
946,5542.96875,1.5057034388202861,2.3942789697709372,3.069533319235574
947,5548.828125,2.504511321239335,5.128833228305295,3.7088822134084447
948,5554.6875,1.5932563886881437,2.5713049920025837,2.123352370349961
949,5560.546875,2.2212838065522122,3.854212910004575,2.6182555427580754
950,5566.40625,1.3692947614677011,2.2051348519925535,1.6194769129152478
951,5572.265625,1.3110492966824974,3.7976947392343208,2.2594000309087168
952,5578.125,1.1980392751880198,2.82196345455859,2.2940076701426486
953,5583.984375,1.0513348970773932,2.7247916747544707,2.562282358133131
954,5589.84375,1.7395339089703068,3.3514240159477717,1.9869287632801111
955,5595.703125,0.7135154516527243,1.2691295429537852,1.2844415419971185
956,5601.5625,2.278008328847705,4.896012950141788,2.8462906517229407
957,5607.421875,3.25676559279597,5.850246934455964,3.9325517291644383
958,5613.28125,1.2453266303698578,2.2674379467796792,1.443831250303914
959,5619.140625,1.2717887268117107,3.2358447774258483,3.4622806989577115
960,5625.0,1.5681629642025605,4.431806498307854,2.752690095560177
961,5630.859375,1.5013350760044113,4.9599313343071705,2.7497953281811642
962,5636.71875,0.7442912439722832,2.1682380641586665,1.6535819655155457
963,5642.578125,1.4015037932685621,3.7637197038331545,3.2677329198344025
964,5648.4375,1.8527293518394559,3.043862469896098,2.311798363245017
965,5654.296875,2.4337979699634107,3.972188425546079,3.2880241813484714
966,5660.15625,2.595109381260053,6.292776896031003,4.145048463678739
967,5666.015625,2.2730644989266677,7.032422440595689,4.685348866399421
968,5671.875,1.0130767244797838,2.909832340530091,2.3850779273731972
969,5677.734375,0.8147064948377685,2.1959821645035946,2.1407660175174907
970,5683.59375,0.9686511469873089,2.142459088302515,1.8496863805685775
971,5689.453125,1.707905887525462,4.151994142159865,3.1675070021702583
972,5695.3125,2.0058926639933703,5.737079772239486,3.8813475058012603
973,5701.171875,1.1376726815204747,2.5459958356476173,2.41619416711158
974,5707.03125,1.3528633887211925,1.9631093321424689,2.3094417523083868
975,5712.890625,1.8401783684444695,3.9792102628386856,3.779304430000663
976,5718.75,2.848752648984949,7.227182192776681,5.367115392139555
977,5724.609375,2.119263928019759,6.043365352801551,3.9999220740572587
978,5730.46875,1.222482643761306,3.023787096548051,2.6577346578308085
979,5736.328125,0.274075100875346,0.8555519134906744,2.1290808116795135
980,5742.1875,0.15175077440578796,0.75,2.679690072978917
981,5748.046875,1.021788241710483,1.5958615600209995,1.5301941234842713
982,5753.90625,2.676439168311052,4.147795646370499,3.8759220785876813
983,5759.765625,1.872894193255278,2.7907428820638587,3.2398762078557093
984,5765.625,2.0964038569683385,4.360029206197347,4.7395493239839785
985,5771.484375,0.9945490236854684,1.105492408795993,1.890914793098734
986,5777.34375,1.3617477127430784,2.5217211066309644,3.2390263190207698
987,5783.203125,2.9599617013231,5.939333101482562,5.839225011336942
988,5789.0625,3.041078831872568,6.180820081613549,5.533074554959351
989,5794.921875,1.8860202989297694,4.312675324460303,4.102969209350047
990,5800.78125,0.6640552631702498,1.0685724124917748,1.166498413756092
991,5806.640625,0.9841595776303842,1.3770998096348122,1.1056105193861574
992,5812.5,0.639685904352022,1.0563705803991696,1.3744714622338339
993,5818.359375,1.9134059870949967,4.582030236330645,5.110788016943803
994,5824.21875,2.164787270416171,4.295603148087011,3.6789875050905865
995,5830.078125,1.437440565414158,2.442921519946769,3.053270963880758
996,5835.9375,0.9306710279132194,2.6795795865009677,2.4560094401526573
997,5841.796875,2.2515724670942743,5.592120630127136,4.260812553899972
998,5847.65625,2.4357754891219976,6.033811251230044,5.143588629947484
999,5853.515625,2.1312792219912633,5.359419742595737,3.7937967398013592
1000,5859.375,0.5059853392948866,0.8355618052614413,1.9834517124796647
1001,5865.234375,0.7658221714754068,1.4811592157017892,3.2876777411356235
1002,5871.09375,1.4936901890408918,2.395244686867488,1.7893320977989662
1003,5876.953125,0.8607608532539066,1.6690842341187713,2.141923121601945
1004,5882.8125,1.3390317415176847,2.252287585923332,2.4030129784426255
1005,5888.671875,0.5791234798626111,1.2497669760865049,1.6486597145608484
1006,5894.53125,2.4056473315565987,4.55578676097618,4.696877013135505
1007,5900.390625,2.8341221135921955,7.19629969388221,5.342317347758122
1008,5906.25,1.4923157183473306,4.083830365486454,2.5752230082412555
1009,5912.109375,1.242081536501409,2.1805770580378327,2.4065237271233224
1010,5917.96875,1.754367091930387,2.27208183600962,2.830818164888654
1011,5923.828125,1.6983839356436274,2.624539900093097,1.8011844804478487
1012,5929.6875,1.928460453807922,2.8742203987776054,1.5670290967998013
1013,5935.546875,1.3509582496439831,1.8944242615052058,1.6352448129668955
1014,5941.40625,0.7981278127316419,1.7275891677958701,1.3866037397380395
1015,5947.265625,0.41488508529464324,0.9164615875294195,2.139421624342234
1016,5953.125,2.3710859515215508,3.3397762878686135,4.535122003830217
1017,5958.984375,2.924436506514762,5.239836725197121,4.860063754055656
1018,5964.84375,2.627998895768222,5.3048962724107245,5.226570687662496
1019,5970.703125,2.077459812775481,4.923445535179098,3.832671368352328
1020,5976.5625,0.7577071218678771,1.5676484441914167,1.6963909742122203
1021,5982.421875,0.718857674062318,1.3966431841265041,1.7107765136304363
1022,5988.28125,0.33560136551874614,0.75,2.667464408822367
1023,5994.140625,1.5617042111998476,2.483644876605932,2.229964577441797
1024,6000.0,3.6184447790680636,4.532480804492986,4.591221108052628
1025,6005.859375,3.506596800865495,6.3421558416422785,3.888318692226426
1026,6011.71875,4.209847833408793,8.468809071378423,7.183312261384333
1027,6017.578125,3.2540250719772628,6.290399721061316,5.053973606470467
1028,6023.4375,3.0323309698426453,6.158481236793582,3.604431728112519
1029,6029.296875,1.497653160585796,2.5139846391104075,1.737522177877363
1030,6035.15625,2.1204768553552835,5.542284293408903,4.40199687546808
1031,6041.015625,4.18497762500643,9.395492407007328,7.511171638745285
1032,6046.875,2.2774077315719814,5.7087281558937155,4.554985013484192
1033,6052.734375,3.1876740900903804,4.795592621846951,5.494559468735612
1034,6058.59375,4.154217634948547,6.612201908160449,5.183789192788558
1035,6064.453125,3.9634459360419703,6.551783539278869,4.629170165147783
1036,6070.3125,3.966361350447547,6.120097440683314,6.236442300976615
1037,6076.171875,3.063701121740294,6.333112454452818,5.054911812360511
1038,6082.03125,1.0196035634345577,1.9225529884000672,2.1332492553751794
1039,6087.890625,1.8960404914820825,2.070766620655635,2.211094078306095
1040,6093.75,0.9894529013660803,1.2768721768847047,1.5761208547582528
1041,6099.609375,1.8789239977155923,2.1598721191775634,2.5964370348420256
1042,6105.46875,2.6910787553491065,2.9612202883801864,3.9040170422207585
1043,6111.328125,2.641829278466723,3.322303207608316,3.881062710883757
1044,6117.1875,2.8642374763979572,2.648478750400403,2.591521330728798
1045,6123.046875,2.1113235652618245,1.6746097001117897,1.3467569476601353
1046,6128.90625,4.111624292843443,5.187345869472503,3.8845366450742405
1047,6134.765625,3.1282211231477253,4.956302234439362,3.640036228589113
1048,6140.625,1.3480470933010757,2.5857580458144076,2.2516770064787184
1049,6146.484375,1.8238983008683443,2.8945150436186897,2.259008902902574
1050,6152.34375,1.1158368989924734,1.8126627837841085,1.668903525719681
1051,6158.203125,0.5555635682821459,0.75,2.1049235520870573
1052,6164.0625,1.5935280157605365,2.410745356939518,2.406628616152962
1053,6169.921875,0.5918834591188078,1.1121827522743182,1.390544781306233
1054,6175.78125,1.681856735990995,2.3711149553066653,2.051396208565003
1055,6181.640625,2.766758392333277,2.9378509179522116,3.9777696484653817
1056,6187.5,3.0300742374651164,2.886785578445541,3.2731415230390515
1057,6193.359375,2.10810592186965,2.18436344287811,1.3847124058643907
1058,6199.21875,3.2035600049516515,5.994651336926298,3.940842721699898
1059,6205.078125,3.225587763522558,4.529087215050274,5.010628458761788
1060,6210.9375,2.736016880609457,3.90360284930463,2.768677681233548
1061,6216.796875,4.622905496889613,6.826362044174527,6.38591980212175
1062,6222.65625,7.231260964541954,10.394082604167027,10.324983862745258
1063,6228.515625,6.56095239336218,10.633182380595597,9.025910504431485
1064,6234.375,7.477362655011216,7.351729969121813,9.095963432738785
1065,6240.234375,7.895071453331308,5.058424294206212,10.008640361950906
1066,6246.09375,7.775662803510601,5.48471104978546,8.797270454471242
1067,6251.953125,6.268974005734596,6.3599691092966495,7.347053208662832
1068,6257.8125,2.639740990809916,5.231221688434276,4.380872640465105
1069,6263.671875,3.453310634210955,3.168852686091557,3.3056016083596673
1070,6269.53125,3.9322693385613907,5.8114744668078355,3.5249619820074054
1071,6275.390625,3.67474895976017,5.694270485393049,3.665692171144362
1072,6281.25,1.4668926945477385,2.5160036296046697,2.227180882747962
1073,6287.109375,3.4051097174263667,3.2444977707047027,2.415105598967784
1074,6292.96875,3.2178726544345624,2.5661987085130966,2.244113618889351
1075,6298.828125,0.6876522073959097,0.8380726263302576,2.0435650305341255
1076,6304.6875,2.019850201558498,1.6205061287932079,1.9272151306858463
1077,6310.546875,1.9450199952280407,2.0434278757540874,1.821187811926698
1078,6316.40625,0.6435048897472535,1.1998679811150614,1.7254508300110902
1079,6322.265625,0.9614044480983273,1.343959962264428,1.756759881470292
1080,6328.125,2.2076753796657758,3.129871406096594,2.195030641719778
1081,6333.984375,1.628830969834569,2.939827405153058,2.0016390673572393
1082,6339.84375,2.150363007080995,3.4803504834777326,2.9806077780943596
1083,6345.703125,1.9743664729322836,2.6373238447868785,2.3846639769599216
1084,6351.5625,1.6107531912982331,1.8167528047462924,2.249451863877553
1085,6357.421875,1.776455201886135,2.225323888638991,2.593460938751036
1086,6363.28125,4.130296467434281,3.225266964892593,2.729325968357523
1087,6369.140625,1.074273054758752,1.3507236118946673,1.2883022329835716
1088,6375.0,0.2722961545590438,0.75,2.6420198862921493
1089,6380.859375,1.7729910199194845,2.837721194587103,2.5156782718976847
1090,6386.71875,4.180582280406423,4.361255375417048,3.5974646726915407
1091,6392.578125,5.749872270752557,6.889875253934969,6.172246799323869
1092,6398.4375,7.301224960673145,12.0,11.855681311856586
1093,6404.296875,7.6719760713665375,12.0,9.02846075322449
1094,6410.15625,8.368251651811368,12.0,10.676638766245958
1095,6416.015625,7.80903718222356,9.990178880136254,9.204136815237037
1096,6421.875,6.282203349779932,12.0,10.844245273895964
1097,6427.734375,5.282162236860154,12.0,10.402094572693931
1098,6433.59375,5.700811667803121,9.607052933132,8.75083526960298
1099,6439.453125,6.84586234636924,8.328341537160027,7.542470771619155
1100,6445.3125,6.224307371863143,12.0,9.191181068525816
1101,6451.171875,5.374367732259787,10.293761022456554,8.009828277336903
1102,6457.03125,3.5888760320766915,4.60779696989481,4.098736890084112
1103,6462.890625,4.2347485388576045,5.7042077077331115,4.744533217380333
1104,6468.75,5.25617181987001,4.962882564007643,3.9397074995645003
1105,6474.609375,4.101269679965794,6.069521343691086,6.394793222129592
1106,6480.46875,2.8808863762987773,3.9750855874725257,4.028445300748864
1107,6486.328125,2.983737014988982,3.5688158473964338,4.144900116586371
1108,6492.1875,2.694851969555126,4.2397186742503905,4.2387242714172455
1109,6498.046875,5.153842046751149,8.608123147518599,6.812106239832279
1110,6503.90625,4.722624168838095,9.145583642986022,6.977878947807838
1111,6509.765625,3.943526451113026,7.2104470801382465,5.826900384078337
1112,6515.625,4.153569744450367,7.96817673832817,7.255781554426941
1113,6521.484375,5.0613074431016125,6.539799306775011,7.23626889695159
1114,6527.34375,4.196488657778417,5.243426231684862,5.539833131709796
1115,6533.203125,4.06190182781968,4.536363296776136,6.05481807029635
1116,6539.0625,3.338222126976832,4.641761603126991,4.419005310054973
1117,6544.921875,2.738483060210044,3.070519414680243,2.9485744687582547
1118,6550.78125,2.912542480940569,3.6809392579528373,4.28125971991525
1119,6556.640625,2.7909550702890655,4.682219952281499,4.765492602160195
1120,6562.5,1.3343792120525504,2.8348000958261235,3.2011695178059276
1121,6568.359375,3.5263582892568546,4.859608572218835,5.771234787124092
1122,6574.21875,5.678956652502141,5.548555847631533,4.412295592015383
1123,6580.078125,4.877963892590288,4.883619344580299,4.866643425587529
1124,6585.9375,3.481350130667919,4.0749787710166965,4.865862312312552
1125,6591.796875,2.4464232420117753,5.693314571009351,5.685955957791689
1126,6597.65625,0.9706534580249001,1.404173702902376,2.5598123848099354
1127,6603.515625,3.9732011719111577,7.075377481626212,4.399798264660689
1128,6609.375,3.0902925058619926,5.159357468683083,3.931308743186664
1129,6615.234375,4.330866095646335,4.843411030882541,5.832780150666707
1130,6621.09375,2.1903847074454847,2.4611863330577224,4.948558661453345
1131,6626.953125,3.2043853796703115,4.559245006645666,2.7541611539836865
1132,6632.8125,4.1520655904600225,6.069360791177628,3.7473137605567484
1133,6638.671875,3.6165256494065328,6.0647561770419545,4.641024774434218
1134,6644.53125,2.3932133001537714,5.294723822840866,5.000226863940723
1135,6650.390625,2.02031062159688,5.801831285386123,6.723216999223774
1136,6656.25,2.0185934370597605,2.6706072877717024,4.530845808972879
1137,6662.109375,1.8564171225713046,3.071087432853118,3.3310736644425862
1138,6667.96875,0.576763730787763,1.1622472454217692,2.443337720067132
1139,6673.828125,0.8143918871798485,1.8427009743410623,2.4424626768692197
1140,6679.6875,1.7053759649072777,2.8558032795757704,2.011638690217274
1141,6685.546875,0.9553636024323755,1.520946125772337,1.3157353664691682
1142,6691.40625,1.7164616075975143,3.392077846776005,2.386478378608074
1143,6697.265625,2.0996666223465508,3.0828446235833518,3.2288092523168284
1144,6703.125,2.223893014631187,3.316907116685592,3.8049083762390943
1145,6708.984375,3.3336166107931464,3.9821202544283936,5.351740010094993
1146,6714.84375,3.226894487950506,3.8413984828688665,3.969003591424803
1147,6720.703125,3.4372229348631316,5.86700219934357,3.3629552196575223
1148,6726.5625,1.954952849922001,3.285116768967054,2.8609772496110724
1149,6732.421875,2.8247781302470343,4.34986033080261,4.457279928137875
1150,6738.28125,1.9736717788988996,2.096706696924529,1.9817132685470007
1151,6744.140625,1.3468855969822764,1.7990941955683981,2.3250498980317333
1152,6750.0,1.5315687326189547,2.4617233926738153,4.186006648008687
1153,6755.859375,1.4545603377992706,1.6274803034753318,1.9252222919530233
1154,6761.71875,0.9566616011321719,1.8011576592472383,1.7843131138662092
1155,6767.578125,0.7588292048658805,1.4491668447978405,1.806407151630978
1156,6773.4375,0.601789083352512,1.042401691709302,2.151815542850932
1157,6779.296875,2.39634423844405,3.6867408012249134,3.641051348436237
1158,6785.15625,3.2467173507607385,4.12224784579581,4.668043027640436
1159,6791.015625,1.68762600231248,2.64266891650883,1.9781296722707575
1160,6796.875,0.7755099847424545,1.5256400720650611,1.9935854965528768
1161,6802.734375,2.8689222658266003,3.032360241969738,3.0348481176830675
1162,6808.59375,1.998439970383703,3.082088503585575,3.073235636537519
1163,6814.453125,0.25688267512134577,0.75,3.6959216006801383
1164,6820.3125,0.6389965314695547,1.1077927164428134,1.394558995501021
1165,6826.171875,1.9661803351574072,4.121279078409456,3.4005221908251952
1166,6832.03125,1.0911259577557573,2.5107872515834755,2.0013571134450636
1167,6837.890625,2.39537442067743,3.3456086208149642,2.027225263062551
1168,6843.75,0.7686380814633637,1.3310595773910694,1.8739896808656495
1169,6849.609375,2.3133237398860205,2.931890490951499,2.187707722933937
1170,6855.46875,3.4476548813714,5.776291212707021,5.38630226961635
1171,6861.328125,4.788324922913621,5.080968744916524,5.620271599748827
1172,6867.1875,3.3290742749253828,3.6445235069938438,3.777271801758366
1173,6873.046875,2.7518385274078327,4.506990898134061,4.661937008580647
1174,6878.90625,1.8538401711444576,3.156112490426681,2.1658273935952335
1175,6884.765625,1.700640012191292,2.3979246347017535,1.807728140334224
1176,6890.625,2.5977064319673393,3.5584883611794034,2.2155352906832415
1177,6896.484375,2.92167786294601,5.588021947071772,3.241561128676189
1178,6902.34375,2.9682415303948306,4.523253306427929,3.620670104168703
1179,6908.203125,3.5835908384468635,3.5782209480449936,2.977213844992129
1180,6914.0625,0.7974726200026818,1.3285607764509089,1.7324310411748298
1181,6919.921875,1.95244607211706,3.4578836597088927,1.743723045743335
1182,6925.78125,2.9266770911406255,6.469873587379912,4.389631848077255
1183,6931.640625,2.7374964639068797,4.676471298928929,5.938601616844106
1184,6937.5,2.8939902472090955,3.4412709463807283,4.376762084503753
1185,6943.359375,1.4938569901265728,2.0843853178934495,1.8438033965450191
1186,6949.21875,1.0976395943082637,1.80941360622921,1.5989165159448517
1187,6955.078125,1.6453367174550115,4.017134544512041,3.46212515167369
1188,6960.9375,1.177885170710092,1.574042467904532,1.9155313963797451
1189,6966.796875,1.7017881431833968,2.681494188375487,2.4351366824709135
1190,6972.65625,1.0279122883990748,1.8436258293340209,2.205675910306128
1191,6978.515625,0.18177271221435515,0.75,3.6877164113377163
1192,6984.375,1.6509174154752575,3.1753692764291066,2.836173952330569
1193,6990.234375,2.2235978065096296,3.7410249681434635,2.850922811044309
1194,6996.09375,1.9950589342755018,3.690050994795144,3.1013286115408367
1195,7001.953125,0.3025897562731576,0.75,3.625704630697587
1196,7007.8125,1.5351390044071913,2.186337969749328,2.0493310635580047
1197,7013.671875,0.928428596216986,1.3975987253625994,1.4097957489823465
1198,7019.53125,1.820680913046091,4.023960791750727,1.9311300763784387
1199,7025.390625,0.44329735354682837,1.2481140769424566,3.121856799935098
1200,7031.25,0.8339190010872963,1.4127122582015503,1.8527267001934007
1201,7037.109375,3.1646203030289226,3.3182290612461696,3.7760706544781835
1202,7042.96875,2.8542617969700377,3.981589660974211,3.1886011996902828
1203,7048.828125,2.6000212733667585,3.916851476345215,3.710842089245258
1204,7054.6875,3.85452724577242,4.276781869093543,6.7895747612921316
1205,7060.546875,2.418809887027081,4.284320505977654,3.511032734053308
1206,7066.40625,1.3533446959464792,3.274543458998164,2.881716388576034
1207,7072.265625,2.178417621157088,3.4035376203725254,3.7181304639548074
1208,7078.125,3.6970508324791416,4.46063266727616,5.344044478632693
1209,7083.984375,2.6298268156038866,3.985109617925114,3.2155023237538747
1210,7089.84375,0.834987308607307,1.5738217481233483,1.1658332132566183
1211,7095.703125,2.609078916500797,5.381424521351592,4.507469667366028
1212,7101.5625,3.460762510486633,5.439590048737825,5.475881250796426
1213,7107.421875,3.0505170423524794,4.948351094204857,2.0289045763978524
1214,7113.28125,3.6077981294412074,4.017315300487407,3.1018832792414215
1215,7119.140625,3.232420479313238,5.066903087709511,4.316020053160118
1216,7125.0,1.3914876265531928,2.8737999039748585,3.602966407441387
1217,7130.859375,2.566659651016495,3.620382505862228,2.8929046796110556
1218,7136.71875,2.6943516887821706,4.3989205460606975,4.398986581930431
1219,7142.578125,2.2028199129637085,3.913053269096661,4.105197366605829
1220,7148.4375,1.9610292671072902,3.000285580449858,3.1912707048644218
1221,7154.296875,0.37908071306130137,0.8297427880919064,5.298976326950023
1222,7160.15625,1.822568972307025,2.7556171269771594,2.928012165511675
1223,7166.015625,3.5054716687053586,4.937733550070993,7.161717410171498
1224,7171.875,3.9051971082150403,4.1355765346292515,5.378535557988664
1225,7177.734375,1.8797950507722325,2.5464364973289846,2.5523363498481295
1226,7183.59375,3.495956243505918,3.9632146105406645,4.194572309568345
1227,7189.453125,1.4882037444527154,1.9397883420461333,1.9912023741796954
1228,7195.3125,1.9486792361970076,2.683440399728595,2.5421534104664603
1229,7201.171875,1.7305856608885632,1.777204249576241,1.354817891350057
1230,7207.03125,1.1709811317415184,1.8064573236059132,1.9112668735754204
1231,7212.890625,1.4654204147549352,2.3925411725401844,2.551767439303676
1232,7218.75,1.2821319985210315,2.4364246243237764,3.191920672456933
1233,7224.609375,2.5949174593349107,4.784752789977361,3.1194793181232683
1234,7230.46875,3.787485449909643,4.881107401280058,3.8117792524441
1235,7236.328125,3.1896762453810816,5.06641895433384,6.111465258058525
1236,7242.1875,2.5389759441556428,4.047949873884377,4.1967956677268905
1237,7248.046875,2.0612180031424243,5.0848857256592135,5.750499196855919
1238,7253.90625,0.631867227732657,1.9605440542598473,2.0350366926828896
1239,7259.765625,1.1817702387962656,1.8600926333157615,1.4565709441808927
1240,7265.625,2.915037538497594,3.1425036562010895,2.98084293990192
1241,7271.484375,1.9059195624039391,3.223738842512277,3.200290796294953
1242,7277.34375,0.14001192661427092,0.75,3.1327510377053254
1243,7283.203125,1.6174424056934602,2.9082020929129424,2.791470171995099
1244,7289.0625,1.2160110516718126,2.1575670970381906,1.6946089297236564
1245,7294.921875,4.325546637444971,5.887744014071638,4.750177773468152
1246,7300.78125,2.329669121365378,5.2523645630823275,3.948890305061063
1247,7306.640625,2.0631517347717923,3.2743788273036762,2.19394937252574
1248,7312.5,3.0251063672715186,3.148499719746722,2.7291503981981573
1249,7318.359375,2.5521280165191356,4.863079677674314,4.515921065987817
1250,7324.21875,3.9403427196124783,7.691994287388432,7.911774036019122
1251,7330.078125,4.000413777535833,7.523577493357605,7.564410783704889
1252,7335.9375,2.028203079815285,3.7450097885788147,3.491211458602937
1253,7341.796875,1.5535096749196333,2.4511656456631803,3.0051132799440268
1254,7347.65625,2.583965280598103,5.789795735449559,4.9436654469945545
1255,7353.515625,3.9868268901491732,7.279110253801729,7.867312341832155
1256,7359.375,3.6685625887673887,4.54088077232398,7.126400981450651
1257,7365.234375,4.125085027241947,4.755981959796463,6.438806266952168
1258,7371.09375,3.4322968565920378,3.669758927559026,5.28526170929553
1259,7376.953125,2.2626320672761207,4.738320837615447,3.968231432365998
1260,7382.8125,1.9837313624984323,3.6145875214421768,3.2593858764752692
1261,7388.671875,0.7434994746223237,1.4273057071944155,1.8162468008923365
1262,7394.53125,1.3167705849262934,2.5142714771580583,2.584359853717074
1263,7400.390625,2.8050184916681604,4.879347465336036,2.793835086294816
1264,7406.25,3.542881911286959,3.923285469362279,3.0758344599576497
1265,7412.109375,0.8309008366975662,1.2033251693500837,1.3894005089471038
1266,7417.96875,2.9508430511705552,3.7487325247467718,3.942010649105124
1267,7423.828125,4.606535065545761,4.705220243573473,4.522005323626181
1268,7429.6875,2.471334545959547,4.028452138411907,2.963626742714158
1269,7435.546875,2.9554791172266404,2.953783628582459,3.677818919904841
1270,7441.40625,3.4620582117637464,4.782216773292962,4.573148586881511
1271,7447.265625,1.4987817109304413,2.7272645049615796,2.795246865675024
1272,7453.125,2.6443963789766176,3.965068289420428,4.446614881857234
1273,7458.984375,2.5877649609605022,3.365845047843991,4.481081941623467
1274,7464.84375,1.3023135318236256,2.9350025526204715,3.8549852547721004
1275,7470.703125,2.1438446380564447,3.1226981516456043,2.5652479880560053
1276,7476.5625,2.9176563373418807,3.849113226828628,5.555416443604459
1277,7482.421875,2.4768249291474214,3.2077841361970787,5.518060219901588
1278,7488.28125,3.0029047239992157,3.4209026908426536,3.8030994799360225
1279,7494.140625,2.016899668757134,2.9065336603475598,3.10597949890482
1280,7500.0,1.6888993758618316,2.9268652863947024,2.098547279494464
1281,7505.859375,1.8262399744242117,3.7012721270033637,2.4783394869703037
1282,7511.71875,0.8211729883516936,1.0796537113884785,1.5259886446181665
1283,7517.578125,2.1481052517328303,2.8705300023668014,2.5316684358665005
1284,7523.4375,2.7804621191441288,3.448922080204777,4.042785263738691
1285,7529.296875,1.5638141872111835,3.1523785959485435,2.1673627816660606
1286,7535.15625,0.7020761570729283,1.3943500026358444,1.685314850553859
1287,7541.015625,2.476412254791264,2.8646652835538444,3.2394671044974683
1288,7546.875,3.368015266014365,4.937891836205728,6.207058065404759
1289,7552.734375,3.134395093885606,6.0915414257178035,5.6549348590059365
1290,7558.59375,1.1732673973973289,2.5540082547040894,2.0818403880652396
1291,7564.453125,1.3428359108206882,3.6300915738997306,2.5654381417469745
1292,7570.3125,0.8518892246121844,1.4040579495953045,1.5656275425814383
1293,7576.171875,2.576330011194717,4.619980508318756,3.8516589199031617
1294,7582.03125,2.3385342548052668,5.197810740013733,3.732209344023353
1295,7587.890625,2.390473053882825,3.4797058299088395,5.1302709922100185
1296,7593.75,0.644132168682673,1.8825623012950161,1.8954085835427095
1297,7599.609375,1.2808064127485244,2.1046923906799915,1.4542983722170852
1298,7605.46875,0.7181809175803494,1.0905698124795424,2.2792076159211656
1299,7611.328125,2.105760944841484,3.16381092253806,2.725578138429936
1300,7617.1875,2.631119857457658,3.942176519709864,4.069534939247937
1301,7623.046875,0.9575192500122124,1.8531626111085229,1.614491416752284
1302,7628.90625,1.619160263254577,3.576330036189967,3.4118743015687794
1303,7634.765625,2.8499113116461454,4.060383289945293,4.089831052043967
1304,7640.625,3.8547545392765916,5.999611329610385,5.399066912757677
1305,7646.484375,3.1369826387552577,4.517459585849449,5.068416279389095
1306,7652.34375,2.2222845546659986,2.4473907478592785,1.9825586715561747
1307,7658.203125,0.855651406369488,1.9176860711969521,2.8369503172275263
1308,7664.0625,2.862994103869795,5.742348664360653,4.34785926205662
1309,7669.921875,3.8069145007543064,4.7611954366872045,4.136379445903376
1310,7675.78125,2.5041385464373573,6.3201608424710685,4.967742654240026
1311,7681.640625,1.8539197086589991,4.144034925718087,2.3013839002697662
1312,7687.5,0.7004436851918027,1.4102449194587843,1.6808593214067937
1313,7693.359375,1.2217896673895197,2.271150457272393,2.048568553231737
1314,7699.21875,0.9662165045688025,1.3226764562837552,1.7389639003658672
1315,7705.078125,0.8819365464057458,1.3322871828572411,2.2989249071214957
1316,7710.9375,1.7939492127780574,3.1617817573778684,3.1699655856679656
1317,7716.796875,2.5126102103761068,3.8556451659719313,2.7338507007817237
1318,7722.65625,1.0434580856914177,1.3812331054398324,1.2463926713639797
1319,7728.515625,2.151975708814846,3.089439848238653,3.809154503650792
1320,7734.375,2.1442398593229797,4.269177657970644,4.150299140593394
1321,7740.234375,0.7928841052284218,1.7567882499410339,2.2292647045754883
1322,7746.09375,0.43255533613612923,1.0719835595592606,2.4223062058749547
1323,7751.953125,0.6271518758213238,1.3588006180945527,2.289088436741715
1324,7757.8125,1.0771565121499866,1.5849593905242592,1.893156598808585
1325,7763.671875,2.456324579314397,3.040378465399221,3.0662629327619046
1326,7769.53125,1.8786890597508275,3.3479449366025706,3.676504964314371
1327,7775.390625,1.6359212713951798,2.196233038122911,2.0933050786559986
1328,7781.25,1.8200845031687012,2.703071142177952,2.2601951741412245
1329,7787.109375,1.7034866755444198,3.569990709506989,1.5968380137221072
1330,7792.96875,3.2811708024798816,5.66685396571876,3.2125464796577567
1331,7798.828125,3.784682151937927,5.958951656498475,5.209897847045123
1332,7804.6875,4.789662282409109,5.889480928804167,6.285825513339712
1333,7810.546875,3.274443930312727,6.504193829418484,6.493665301963345
1334,7816.40625,2.036509324192631,5.381820720029376,2.815254967343793
1335,7822.265625,1.0848922770515048,2.3397155280236763,2.907649590308716
1336,7828.125,1.3705067232125117,1.8089743986309865,3.8995790351398867
1337,7833.984375,2.6980991015356106,3.6365789092471585,4.9211265880899395
1338,7839.84375,1.5269324760085399,1.9815141908953189,2.6548419851717195
1339,7845.703125,0.6652155331385416,1.551630826168646,3.075109871660271
1340,7851.5625,1.4286491750530181,2.686628352442341,1.8249400260086504
1341,7857.421875,1.786441017828157,2.2048874012365474,2.3874837878289656
1342,7863.28125,2.6218881465580504,4.182806831330842,3.4691385206468124
1343,7869.140625,2.786877145277798,5.099831025961416,3.577734924203615
1344,7875.0,1.659338966548974,4.6607313833180095,3.5007098890448303
1345,7880.859375,0.7518284433440293,1.7019124638517418,1.505962552715889
1346,7886.71875,0.8418892844161159,3.123138070231725,3.055435817157889
1347,7892.578125,1.5898692869181263,2.383006072739153,1.8636209272468482
1348,7898.4375,2.792948055053747,5.3034676237616365,4.48421917116617
1349,7904.296875,2.4117802964159556,6.673892255200455,3.8351590378326943
1350,7910.15625,2.6953776424350537,4.936063500064179,4.612291828439995
1351,7916.015625,3.951918819257763,4.611760996533515,4.659054666563021
1352,7921.875,4.666571884808597,5.977868746770964,5.716538610960194
1353,7927.734375,4.712776619866993,5.319957886033102,4.979928948144013
1354,7933.59375,2.895568005414893,2.7101223099956515,2.822912813602755
1355,7939.453125,1.8392740320166754,2.9811171726275205,2.300276423960469
1356,7945.3125,2.7947674190311966,4.5825316090793144,3.5493764422032315
1357,7951.171875,0.523245015181064,1.4809858326811942,2.153603097246975
1358,7957.03125,0.7856376726089352,2.275290973404838,3.2003382849255835
1359,7962.890625,1.0285877803308345,2.84396223808446,2.223852993849858
1360,7968.75,1.0860052669747637,1.7526979383442836,2.080356441761023
1361,7974.609375,3.2781447164335895,3.793524520909111,5.642295362482852
1362,7980.46875,3.8799062076782915,3.687551967341447,5.462704354595638
1363,7986.328125,1.5347404110817586,3.006383182417496,2.691075635002448
1364,7992.1875,1.420704365216046,1.6319681667211339,1.3922291474923856
1365,7998.046875,1.5449378318828972,2.143374308638804,1.8593729631440687
1366,8003.90625,3.0751001812792738,5.1047566118476855,3.7487337367518014
1367,8009.765625,4.3850330299203915,5.057708830655473,3.6714539618637945
1368,8015.625,4.688902093572583,3.7788371925280044,5.662618004812859
1369,8021.484375,3.1331461571620367,2.516370319842271,3.6098923009429456
1370,8027.34375,2.1213068198981655,2.1827265728088996,2.8033006862739676
1371,8033.203125,4.300280249017829,4.130135522428221,4.88171929523585
1372,8039.0625,3.908118303328765,4.161863279054142,5.7820265185552895
1373,8044.921875,1.6079160297298596,2.369071942733458,2.318364919275316
1374,8050.78125,1.4228863521573418,1.8818881995719017,2.4630024673153965
1375,8056.640625,1.4656275808617556,2.728888272641143,4.065771996891788
1376,8062.5,0.9201259904258805,1.9487150424799973,1.8645823172226437
1377,8068.359375,0.8654504989837767,1.7957224221964803,3.372419709170343
1378,8074.21875,1.7292166038529484,2.5888815067759188,2.7246214660945185
1379,8080.078125,2.8274443114415355,4.8545357102645434,5.126386714537
1380,8085.9375,3.166433928219007,5.094963382589048,2.901568912252819
1381,8091.796875,0.47168089504410593,0.8911637931143792,2.506615207375831
1382,8097.65625,1.4199353629644231,1.9622613787212484,4.29914664050231
1383,8103.515625,3.002019868331992,6.774782933583291,6.18466719425218
1384,8109.375,2.6053494441449057,4.908409240431942,4.42948346785947
1385,8115.234375,2.6075782520831567,2.839699446989499,3.079309296753271
1386,8121.09375,2.591091742771139,4.408541128867276,5.869848024655637
1387,8126.953125,2.81838010453773,4.8687630421957895,6.2341576163913945
1388,8132.8125,2.1219923524523185,4.357883432260337,4.568079451381551
1389,8138.671875,1.0305713168632602,2.1215996689928223,1.7358843143196896
1390,8144.53125,2.8196236303846867,6.4014427733143355,6.356456410191013
1391,8150.390625,2.7498314491950464,6.371216318045235,3.8905390023294566
1392,8156.25,3.1894971990498013,6.4812864289357925,6.417028805021225
1393,8162.109375,3.3389774121828046,4.225778922124304,4.202510264336489
1394,8167.96875,3.839816027193959,4.876137550025914,5.202110354193507
1395,8173.828125,4.28754092202125,5.247020413038803,6.1461828919026145
1396,8179.6875,3.7904999639426675,4.271934588269051,5.820172452455574
1397,8185.546875,2.5944466487527995,8.62619994970902,5.272478111699441
1398,8191.40625,1.3167324387548587,2.4054021789091213,2.879523208800034
1399,8197.265625,0.08466531247878736,0.75,7.675678332089928
1400,8203.125,0.13447186995125676,0.75,3.4010934481674835
1401,8208.984375,0.7688636194463924,2.1824388631201534,1.8743343220318924
1402,8214.84375,0.43490573348167527,1.1732793578866643,1.5215776136739845
1403,8220.703125,0.896649164130865,2.686739400671254,2.1305260220839033
1404,8226.5625,1.4946725839153279,4.022656181804797,3.4069026211378826
1405,8232.421875,1.0135612314481066,1.825321280609857,1.6418282982166623
1406,8238.28125,1.113585660621263,2.7136171632678945,2.2183893910853767
1407,8244.140625,0.9620525458673708,3.477093020099314,3.2562665710052494
1408,8250.0,1.500084905419252,3.120218430096908,4.15677510819065
1409,8255.859375,2.4453434509979366,3.921572195368393,3.579958412369959
1410,8261.71875,0.29853706251982703,0.75,1.9534985883388172
1411,8267.578125,2.0563976277308056,4.038136562563868,2.925083297688005
1412,8273.4375,3.5021443795496983,4.4890741395961715,5.5461188006704205
1413,8279.296875,3.4242410300467405,5.52067413935994,5.315739302624381
1414,8285.15625,1.239339905907933,2.900560636281975,2.4194253199676097
1415,8291.015625,2.1069400567966254,2.625491098925879,2.132184926788853
1416,8296.875,1.5055502607542235,2.275354062576854,1.826206351544465
1417,8302.734375,0.21805873023624722,0.75,3.5590618221846713
1418,8308.59375,1.8001996739462363,4.496818549094593,3.631318204597131
1419,8314.453125,1.8011549530690232,2.7861190590383305,3.9427859344073095
1420,8320.3125,2.0656198615130252,2.8187831114897453,3.613567141021955
1421,8326.171875,1.2914900220584427,1.9681416603550894,2.770556446576249
1422,8332.03125,0.6048008549588991,1.0974934528404938,1.728798145687593
1423,8337.890625,1.3458600770386417,3.4296233723987397,2.430033204710619
1424,8343.75,1.522049631644057,3.3495604432458026,2.5674742745048627
1425,8349.609375,1.2761889840618617,4.858679842953563,2.2633130532365295
1426,8355.46875,1.6684574112408588,5.172656260159647,3.6262162522208228
1427,8361.328125,1.7811559960672645,3.805167157372721,3.8920466006879493
1428,8367.1875,1.3770259086627064,3.4239980386440667,3.8084002664812475
1429,8373.046875,0.4939903320950728,1.7134058469288262,2.6677242238786603
1430,8378.90625,0.6345591726526053,1.4970422298852673,1.709400408549151
1431,8384.765625,1.655920700404463,2.0764984383849825,3.5876291170930488
1432,8390.625,2.4772011573198003,3.6825988791044804,4.3827765018031215
1433,8396.484375,0.9565962806704569,1.4250960759879767,2.5693073054891036
1434,8402.34375,0.5475861451640542,0.9151952385692073,3.3252045184973293
1435,8408.203125,1.0025490196395577,2.443703789271005,3.26269267710168
1436,8414.0625,0.8149507974377317,1.5866255819353139,1.6366199808113218
1437,8419.921875,1.3880752555983153,1.988607555054751,3.030403475720097
1438,8425.78125,1.588619072905717,1.689250226820239,3.3202595606227536
1439,8431.640625,1.406368823039628,2.7362046238335127,3.6843830964186384
1440,8437.5,1.6866658717702592,5.441853906304664,5.345968466828347
1441,8443.359375,1.5937826224064222,3.524156467025728,3.4308982417451035
1442,8449.21875,0.9037326428224494,2.0597231063798476,2.83765634727045
1443,8455.078125,1.3550402409008673,2.611117871295839,2.3408507867616644
1444,8460.9375,1.6103654284283295,2.8476668614898766,3.93744766768386
1445,8466.796875,1.6108105834536053,3.307166326392748,3.5972150677921153
1446,8472.65625,0.9171585323382723,2.2760315381893763,1.869201613324805
1447,8478.515625,1.5931902335112205,3.571615666906145,3.7819311733514893
1448,8484.375,2.4282222511649136,4.491891373397321,4.641649706916071
1449,8490.234375,3.004465977219194,4.805310111183532,5.78732498479912
1450,8496.09375,1.4750070473889416,3.2254631490064845,2.838923111015827
1451,8501.953125,2.5688350257744346,6.861211223186666,4.072070312321807
1452,8507.8125,1.6727913808909936,3.556519258924452,3.921219557600966
1453,8513.671875,0.590809405923582,0.7901690633900371,2.5532167916467157
1454,8519.53125,1.931927598557145,2.7871767848000877,2.8559344101876745
1455,8525.390625,2.7274260096732013,3.393508451305394,3.22576866625436
1456,8531.25,2.347923988633191,4.075896070483488,4.984802001164755
1457,8537.109375,0.09283067867751604,0.75,5.261376300541309
1458,8542.96875,1.9933259534381695,2.861240448492004,3.384400103058877
1459,8548.828125,2.1485209673590586,3.5324369538349707,3.7395138003064154
1460,8554.6875,2.121988588460407,3.5054514757626287,2.8492527391309257
1461,8560.546875,2.514171154062938,3.1020034686401705,3.2789018073698863
1462,8566.40625,2.9978422742493227,3.271726721956628,5.411247341525664
1463,8572.265625,2.4538631757660454,4.913074493098575,3.573078310294573
1464,8578.125,0.6044970232001364,1.7848349774714976,1.8896838638818672
1465,8583.984375,1.429246649535536,3.381069823108305,2.986607334884448
1466,8589.84375,1.966439178059865,3.4690215296714175,5.304332612126913
1467,8595.703125,1.1517139943443089,1.6116603232774378,2.703908082552216
1468,8601.5625,0.7235187845845257,1.717829403197137,1.5469249212929295
1469,8607.421875,2.0715137026434283,3.3192907216030028,3.055819678944037
1470,8613.28125,2.9026173642965216,3.833634334243621,4.294979907163492
1471,8619.140625,1.7684172182676494,2.9700738043852772,3.293318851643458
1472,8625.0,0.15630484163806274,0.7616338736124295,3.8504283549035954
1473,8630.859375,1.3716588008660338,3.0825655990062044,3.229197670059189
1474,8636.71875,0.9257039645496289,1.8595760288059462,2.8962390753089555
1475,8642.578125,0.27816936227346956,0.7707299218141654,1.7870759861366474
1476,8648.4375,1.3718212390301254,4.556681173238584,3.063042954685143
1477,8654.296875,1.2199235966403807,3.1373851207453836,2.5157169754232513
1478,8660.15625,0.9654533177231969,2.610012711878852,2.2347406116011754
1479,8666.015625,3.3002142681156608,4.184226220814669,4.7084988550783615
1480,8671.875,3.282064786526817,5.00557012207715,5.726743191375589
1481,8677.734375,1.7324216694214845,3.2422857367141296,3.110375668523087
1482,8683.59375,2.0318272085328486,4.984886600247321,4.247251062431991
1483,8689.453125,1.1573272289224024,3.729432329699633,2.8233451059985395
1484,8695.3125,0.8461854869678317,1.509217456013034,1.3283374980099059
1485,8701.171875,1.4667360152371067,2.0994692875662153,2.6477062500880506
1486,8707.03125,2.3144012262113876,3.072544710855162,4.217916746626696
1487,8712.890625,1.3897758089528722,2.451562520197945,1.9979141836089784
1488,8718.75,0.9362925528444854,1.6510575697425158,1.725950875028765
1489,8724.609375,1.1453022989279005,1.5796450914856812,3.027788259763212
1490,8730.46875,0.6243928485990934,1.2011834635170549,3.3649732468574243
1491,8736.328125,0.41595069463393164,1.3819462615322584,2.584610317503498
1492,8742.1875,0.4877330412202279,1.7806507589032996,2.3068175718050385
1493,8748.046875,0.20416921418727615,0.75,4.000164661332677
1494,8753.90625,0.23621679023305467,0.75,2.943411936123892
1495,8759.765625,1.8051600704445472,2.7628751358631236,1.374834299061673
1496,8765.625,2.1021373283902327,3.5325355825607616,4.009409135382907
1497,8771.484375,2.9771640797241,3.4164466520148373,4.056692130030513
1498,8777.34375,1.606381620832951,2.633487513530299,1.8888610893091144
1499,8783.203125,0.7469901444793458,1.9237582749053692,1.999664592448464
1500,8789.0625,1.7392726964142569,7.339351441343097,4.380137793502471
1501,8794.921875,2.3194727665973374,5.738276004910495,4.268981903851902
1502,8800.78125,2.0301420968446986,3.9638400735523547,2.2431440508621385
1503,8806.640625,2.021617550431188,7.91504136017596,4.122024935544383
1504,8812.5,0.7370181187678547,2.1226746849926696,2.7438150498766385
1505,8818.359375,0.6835293763418652,1.890595045943214,1.8112544094230558
1506,8824.21875,1.582222907949896,2.01903102848871,2.3210181810655275
1507,8830.078125,1.6280388285659522,2.229211796087841,3.4905405953286803
1508,8835.9375,0.5278790847655432,1.544854922992179,2.935553464694083
1509,8841.796875,0.8729841380693157,2.2449811977262266,2.4421387777425654
1510,8847.65625,0.936877610985887,3.292305518902826,3.983999527320515
1511,8853.515625,1.4074790929921888,4.467298828350241,3.999484805610893
1512,8859.375,1.4254848300686973,4.406860407374372,3.4603918670139255
1513,8865.234375,0.7746997297115852,1.302365052493532,1.5569503595761742
1514,8871.09375,0.8674471066905267,1.8249857437350618,1.4549453682247997
1515,8876.953125,0.7366558535085146,1.5839310415821468,1.8069648320959786
1516,8882.8125,0.5729189372631248,1.4329303706748706,4.149569429002736
1517,8888.671875,1.641321295677399,4.717565758942748,4.616770748996368
1518,8894.53125,1.8679023855228332,3.7129266803127914,3.2378960552047533
1519,8900.390625,2.3545032693693106,4.143523848170025,3.800126079241918
1520,8906.25,1.250887908364082,4.10886677854771,2.2715398184112723
1521,8912.109375,0.3401788908646528,0.75,2.0672877312164357
1522,8917.96875,0.8369882574380493,1.5242968735915752,2.740157431875753
1523,8923.828125,0.4516554353287974,1.0869180907323812,2.0950621529675812
1524,8929.6875,1.0240252728775334,2.946291980420447,2.0409392369989896
1525,8935.546875,0.4852456027405285,0.9150433265108411,1.922390476752009
1526,8941.40625,0.6508303926293562,0.8652959310391488,1.4912898797788219
1527,8947.265625,1.1690617101459753,2.0799293831024883,1.6476913449807091
1528,8953.125,1.5144797816304592,2.837728202146242,1.7124997460930833
1529,8958.984375,1.9992583824071082,4.657395779019708,3.620132867509893
1530,8964.84375,2.4718169450332526,4.599157900546543,3.3290559687951595
1531,8970.703125,0.8838552344815376,2.5324333651091866,2.14304814848524
1532,8976.5625,1.0812429085688064,2.274578143513377,1.9796400772410203
1533,8982.421875,1.927068480637907,3.2597686304177813,3.483247968314606
1534,8988.28125,1.7918957770105675,2.9742367562508543,3.890545922767841
1535,8994.140625,0.9885071545297501,1.6450382218269364,2.526801239844454
1536,9000.0,1.1814446863204142,3.8945457144322964,3.0205575697338722
1537,9005.859375,2.1845864573511604,3.9715270879448235,2.6622478480882137
1538,9011.71875,2.416761449464608,3.261804358696929,2.7067329117847763
1539,9017.578125,1.9147171047183689,3.2013782928474024,2.829941818429047
1540,9023.4375,1.212369132207906,4.412717045646832,3.6184875154321916
1541,9029.296875,1.8172818521178244,4.342574578841011,4.004798670044805
1542,9035.15625,2.840160723390109,3.6608700493898363,5.762629206388707
1543,9041.015625,2.3932040342619816,3.891026814907203,4.1988429615894605
1544,9046.875,2.161909038147559,2.9933249113162836,3.218427538363986
1545,9052.734375,0.6925881865433975,1.3894554544852185,3.01670374835805
1546,9058.59375,0.4015908108937121,0.7593432107006702,4.08846492440011
1547,9064.453125,0.8653347589791521,1.805232355106694,2.8966007809404446
1548,9070.3125,0.780405294798998,1.616889154879484,1.7831567209855324
1549,9076.171875,0.7632674964813239,1.887673405068599,1.7565024712520607
1550,9082.03125,0.6687146335916149,1.31618930262632,1.5288115418428962
1551,9087.890625,0.8585194625027779,1.3977356697310335,1.6808588333745313
1552,9093.75,1.5412889891274981,2.4117632708680365,2.7285158518195387
1553,9099.609375,2.3116703668898553,4.059232869907744,4.721302283142756
1554,9105.46875,1.2155990636014709,2.9756337864124096,3.3301446085312962
1555,9111.328125,1.9114566742636963,2.3895986540996272,2.9461166202224733
1556,9117.1875,3.055469710177456,3.5029590047736963,5.117274327692312
1557,9123.046875,1.672826376469432,2.693655050739612,3.3493237491477035
1558,9128.90625,1.683897794991117,3.814376848535253,2.765951293583671
1559,9134.765625,2.6465719746283423,2.7712051764006502,4.468709498084507
1560,9140.625,2.345148908081911,2.6535751237225598,3.309818126561005
1561,9146.484375,0.5680588934300972,0.8795128317730163,1.7544677212230615
1562,9152.34375,1.4145948828915589,4.183774096280964,2.447905036166562
1563,9158.203125,1.6491423415913464,2.529828136972415,2.7407360233344935
1564,9164.0625,1.0597760923697808,2.1381808107502565,3.274448086467312
1565,9169.921875,0.6343003684653743,1.3822397196087972,1.1520300879519965
1566,9175.78125,2.165128973245161,4.670883493328745,3.2543111185706715
1567,9181.640625,1.5727749102660056,3.015470032740188,2.842795471470562
1568,9187.5,0.7002372747485418,2.630426320553966,2.4131720283515157
1569,9193.359375,0.851600895450493,2.4383751508337097,1.3999119331203909
1570,9199.21875,0.7074304718178747,1.4546786783641317,1.6068496953923166
1571,9205.078125,1.2186439013895725,2.5781193859069433,2.088814074588801
1572,9210.9375,0.7201379117989377,1.5732247921016043,1.0820711150746702
1573,9216.796875,0.4586382505827364,1.4826345653504711,2.689087884968574
1574,9222.65625,0.9321952840242068,2.7058978770038333,3.5630101627741446
1575,9228.515625,1.226170202345471,2.6084448917091154,2.625928053816504
1576,9234.375,2.1473843435806206,3.7478159222399907,4.382000567273933
1577,9240.234375,1.6941318947785617,3.265443526580552,3.758834272815161
1578,9246.09375,2.137627248086692,4.193722551025936,5.0752559985328425
1579,9251.953125,3.2378069957096236,8.911015655713985,10.4945673848228
1580,9257.8125,2.4023124989396774,4.138118119110888,3.8425348927182807
1581,9263.671875,1.113764459194292,3.5829278943491576,2.020523226748639
1582,9269.53125,1.9200597027378257,6.535293762917647,4.7617018795840504
1583,9275.390625,2.22032182852987,6.9363295104914275,4.762697075020297
1584,9281.25,0.8866390630236152,3.50345545104176,2.491085236992729
1585,9287.109375,1.5288778069950755,3.9297612630081313,2.6165559723873746
1586,9292.96875,2.2096624313182582,4.039465514593577,3.2043994697407077
1587,9298.828125,0.8456489193043406,1.7180193859088146,1.9029012292515475
1588,9304.6875,1.4393444378872793,3.4392307486789626,2.776400651212796
1589,9310.546875,1.4584780696277841,2.4735970711362807,1.789260603011121
1590,9316.40625,1.4576408664892018,3.5800140430166443,2.2078653090060314
1591,9322.265625,0.9477933205751496,1.7189255973657935,1.419061713422239
1592,9328.125,1.356144699170611,1.533383732112565,2.1627047860049258
1593,9333.984375,0.7107373694929036,0.8383007762554391,1.9180814251016531
1594,9339.84375,1.4298897642281394,2.267432761695372,3.0581595748865125
1595,9345.703125,0.3250201927041013,0.75,2.2769449840572857
1596,9351.5625,1.3292888230395452,2.5709799406330482,1.7576624786491526
1597,9357.421875,2.077144695902001,2.2295812313934125,2.168636137605185
1598,9363.28125,1.3940816112245409,1.6888937125599959,2.32070325238255
1599,9369.140625,1.1567910406912474,1.9850406061935204,3.068160291853347
1600,9375.0,1.2379905299664502,2.4010228469370194,2.6035426030300335
1601,9380.859375,2.1213067302450863,2.2979918036363696,3.158936077054291
1602,9386.71875,1.7340172340898043,2.451581138033224,3.8400918884242343
1603,9392.578125,1.0251672505692664,2.6832906028123884,3.539620946057965
1604,9398.4375,0.9106103718723118,1.5856468978928868,1.993077014095296
1605,9404.296875,1.3232725495426803,2.839041453050428,1.9512193665957456
1606,9410.15625,1.1300828699581544,2.6743804417898978,1.7483140554584757
1607,9416.015625,0.8821693247191861,1.397811974501951,1.9567942707189971
1608,9421.875,0.5061481358738324,1.1024345738824204,1.8402626345160318
1609,9427.734375,0.5509463097755297,1.0102444294594428,1.362599542794667
1610,9433.59375,0.6756531418362907,1.1030795738718102,3.057256141979796
1611,9439.453125,1.2085724537579823,1.6543329060141911,5.856524382703334
1612,9445.3125,1.1626598345960781,1.4538513723849562,3.674077549224415
1613,9451.171875,1.0234382310234647,2.2891244866260045,2.377693497257674
1614,9457.03125,0.9002269339463524,2.3781911900912407,2.135719023732297
1615,9462.890625,0.9494767837499857,2.737151742521231,2.1818991784037594
1616,9468.75,1.390864842495792,3.0831085426396805,3.059179366543895
1617,9474.609375,0.3850914093084727,1.1671184370720622,3.087441929577698
1618,9480.46875,1.3586478916316456,3.060240071332949,1.8228539241953552
1619,9486.328125,2.102065480758053,4.564771404483071,3.3344801252287297
1620,9492.1875,1.5476859145010675,4.660977108522472,1.992971981639068
1621,9498.046875,1.6593460406085918,5.287975526726409,4.116479540719251
1622,9503.90625,0.9580847247172615,1.9400318352344956,2.0101535547989378
1623,9509.765625,0.47819655500814595,1.3332351893921355,1.6885183431163557
1624,9515.625,0.6787461126290911,1.4815253152193952,1.7245939329233881
1625,9521.484375,2.1618944498260166,4.786036886045556,3.660650516335748
1626,9527.34375,2.814283209357176,9.707087948221183,6.4561717543293025
1627,9533.203125,1.2887009358491435,4.61287770525379,2.790345937164865
1628,9539.0625,0.9551502674564857,1.9740921710521313,2.9820035060275383
1629,9544.921875,0.8416788429455505,2.087605985218447,3.3506317193698187
1630,9550.78125,0.9633415229832408,2.036376894425954,1.445760486494742
1631,9556.640625,0.8718058495670934,1.4239288941586818,2.7293781306434703
1632,9562.5,2.015992732517018,3.873991694882069,5.123565292712062
1633,9568.359375,0.9942094288415981,1.6959856839186407,3.5374028545200407
1634,9574.21875,0.4854242232621709,1.5008793530966384,1.8700977483416446
1635,9580.078125,0.7154882073662471,1.7796722142192023,2.0767149510202954
1636,9585.9375,1.2314109169068201,2.930669434804038,3.5082087306347227
1637,9591.796875,0.4639199444313179,1.19351485230477,1.9264902368001449
1638,9597.65625,0.2791338163924919,0.75,2.37516627033945
1639,9603.515625,0.4374575099379482,1.1192713270320143,1.7520206334926571
1640,9609.375,0.9171913272392509,1.720197716324982,1.8680423400022341
1641,9615.234375,0.1684172453227001,0.75,2.8002132646522946
1642,9621.09375,0.5492053904623195,1.3830400276548522,1.3091186084715374
1643,9626.953125,0.5034348410888393,0.8975446181152891,3.0889089298402994
1644,9632.8125,1.1927162039602353,2.2546010464325206,2.037885360640106
1645,9638.671875,0.484984545190924,1.2596525368409444,2.1427093588747272
1646,9644.53125,0.5055697852077888,0.9984359853912717,2.9710134466436844
1647,9650.390625,1.7245533116295815,2.4298566476861208,3.687591272955527
1648,9656.25,2.057501204225561,4.230699926481117,3.74095186345216
1649,9662.109375,1.3274137698927768,3.317215874581869,2.1239530120127665
1650,9667.96875,0.6752151090082784,1.7676719848011486,1.93475505074829
1651,9673.828125,0.11760400423440887,0.75,3.1869161629024316
1652,9679.6875,0.6066849482017647,1.1733409165967206,2.2012385437861575
1653,9685.546875,1.3786257898045633,1.9561566864369277,1.9720162299860886
1654,9691.40625,0.6826447413044864,1.1402212974916912,1.4163772740342808
1655,9697.265625,1.4485028806413023,1.7781516766530476,2.7262708332731944
1656,9703.125,1.5053652396050823,1.99348292046173,3.648544313060657
1657,9708.984375,1.5445318968209647,2.8540899035066625,3.2063724791852746
1658,9714.84375,1.5734803620388071,3.507054913284869,3.5007448403505608
1659,9720.703125,1.6905856116972464,2.4056736352435557,2.699886348020993
1660,9726.5625,2.0491260922758485,3.488350301702579,2.8497201605330558
1661,9732.421875,1.5017372250992294,3.416646414196692,2.623849871218074
1662,9738.28125,0.8086205902372942,1.7572206949667306,1.2466510660498136
1663,9744.140625,0.9872644814392928,1.7833098715431883,1.8276404255223986
1664,9750.0,0.30560735491940216,0.75,2.7328492632919152
1665,9755.859375,0.04490191086508312,0.75,7.761121547905828
1666,9761.71875,0.5436832193672253,0.9122768244082615,1.2261072566831432
1667,9767.578125,0.5742618705533576,1.2569131854618676,1.7144261415649935
1668,9773.4375,0.8719393259481675,1.7973465970608444,1.6932591596007867
1669,9779.296875,0.9760836695491288,2.6794933383546136,1.5417247753540408
1670,9785.15625,1.3425513275686622,2.512571065667446,1.908571199346083
1671,9791.015625,1.3749644951209128,3.4132779919284952,2.3669342252695795
1672,9796.875,1.6608047682701303,5.024870204172185,3.3945967833933053
1673,9802.734375,1.6755144890296199,3.1647240590932944,2.4123561181009032
1674,9808.59375,0.8133803724335975,2.0713687358327024,1.6614014813409332
1675,9814.453125,0.3241065103186904,1.4157948728602157,3.1054819799594626
1676,9820.3125,0.7459272386818414,3.237212752734177,3.8671697367533473
1677,9826.171875,1.2179337204102936,3.7052452270282115,1.6724953442536388
1678,9832.03125,1.05054892448426,2.950528773827857,2.3241216734091514
1679,9837.890625,1.7635317401744448,2.084590778379236,3.8157690699926152
1680,9843.75,1.6478974934276287,2.736092052402457,3.533148543047482
1681,9849.609375,1.9016062106029066,3.0152357236178235,4.523661597078423
1682,9855.46875,1.413931772479383,3.541580921072043,3.7526330590063433
1683,9861.328125,0.8320032166487302,3.1114512657508717,2.7291774142043903
1684,9867.1875,1.2269084337451075,2.8170119053206277,1.6140500212509978
1685,9873.046875,0.920817192412982,2.4794200438779255,2.7757093277178093
1686,9878.90625,0.7364358086227584,1.9983148089269005,1.6446165301866107
1687,9884.765625,1.845416231777317,6.078619825277325,3.2136234595178177
1688,9890.625,1.5933549615462597,5.269014540817032,3.5422418637904762
1689,9896.484375,1.6975242558078492,4.191962534705558,2.642230366337207
1690,9902.34375,0.8501322934371225,3.601972442007531,2.852957919465049
1691,9908.203125,1.862257426207565,3.683995399983278,2.9908123124154615
1692,9914.0625,1.8934515328078598,5.687521897873425,3.4169780848456286
1693,9919.921875,1.5467103559687463,2.2851736969447645,3.066278268152986
1694,9925.78125,1.3931275293824945,2.047655430598654,2.5361917207525355
1695,9931.640625,0.6253095306473543,1.5524353060490759,1.3038835940004925
1696,9937.5,1.8355145069350611,4.298428141339983,3.164827676585636
1697,9943.359375,1.3323313081883303,2.035641166840305,2.650786506815348
1698,9949.21875,0.8692802631206766,1.6859953839340331,1.707328145360533
1699,9955.078125,2.12386588782653,2.722618844325753,2.145827208390224
1700,9960.9375,2.5182051591495958,4.183403287584596,2.964973822471642
1701,9966.796875,1.7337305101116387,3.5912227923886944,3.0210041315120204
1702,9972.65625,0.6699337643196659,1.8575857916614344,1.867198920015015
1703,9978.515625,1.6143761296776717,2.8269872129191302,3.827414421000305
1704,9984.375,0.5597312427006728,1.0372829819368252,2.4553393914457464
1705,9990.234375,1.172791802668101,2.0953546256801245,1.232080474227317
1706,9996.09375,2.6299284546414823,2.7018310769704286,1.816868826510644
1707,10001.953125,2.1160427003692033,2.827776473004777,3.127317585611198
1708,10007.8125,1.3780678627865617,3.0311519621102385,1.726414334277026
1709,10013.671875,2.4480799320353333,3.4944121796731213,2.199947436033099
1710,10019.53125,2.2593300719065175,2.2851556906508836,2.0982541055178623
1711,10025.390625,0.7574445340737679,1.8294359412285357,1.6785973141144468
1712,10031.25,0.2939170383895044,0.75,2.3762483076962413
1713,10037.109375,1.0093437459951402,1.4575503204337725,2.415547565739653
1714,10042.96875,0.8853502094565409,2.368016887616459,1.6026213905864322
1715,10048.828125,0.7922940704588636,1.4159436633281541,1.6701207826528186
1716,10054.6875,0.8002570742336897,2.04119036628709,1.4776375853324326
1717,10060.546875,0.9069959970495376,2.6968484176143095,2.3124980336949763
1718,10066.40625,1.2683142943284877,2.8145086221321858,2.451359689264417
1719,10072.265625,0.7254210622340966,1.4145199046964025,1.7376562498855783
1720,10078.125,0.4238551363642892,1.8272956910130274,1.7449835891551575
1721,10083.984375,0.7962317160825975,2.4384990238545603,1.556407315233746
1722,10089.84375,0.9977681680267378,3.213248866478077,2.828588477071533
1723,10095.703125,2.138653424055266,4.503311133804845,4.592856427602405
1724,10101.5625,0.9963613958929795,3.572229143073374,2.686351097001337
1725,10107.421875,0.490673812148822,1.3905718624342582,1.306040175113047
1726,10113.28125,0.8742314267725906,2.9370799879240854,3.868587479415411
1727,10119.140625,1.667201758189051,6.120484479054384,5.28507429691914
1728,10125.0,0.4170517089256658,0.8664613904314495,3.569801085159321
1729,10130.859375,0.8239020405198278,1.6034602584029827,2.3146997235512385
1730,10136.71875,0.8049374804787296,1.544547018475035,2.571134072721245
1731,10142.578125,1.5351005207857418,3.13394983747156,3.2308188831313753
1732,10148.4375,0.8264764460370843,1.5918203053633464,2.0257484214256687
1733,10154.296875,1.5763003315294113,2.1695845438444694,2.376317044323226
1734,10160.15625,1.2999554549044423,1.5722384272007688,2.4828456038526063
1735,10166.015625,0.3621645783191557,1.2534057925974431,2.008139812026708
1736,10171.875,1.3644967764611686,3.417368186902511,2.4824711792140324
1737,10177.734375,1.1238931756210844,3.7927313661416786,2.6266524999323617
1738,10183.59375,0.7844831258449755,1.9540694118132085,1.5059374484038375
1739,10189.453125,1.1598239489639461,2.314520545160011,1.8836808727996477
1740,10195.3125,1.3156854982606356,3.0231636950224745,2.0082232457971743
1741,10201.171875,1.3895953969183525,3.480401143807388,2.22930053987602
1742,10207.03125,0.9601039776523274,1.3484719180885327,1.4354173673694086
1743,10212.890625,0.7687333423473101,1.6980254228546057,1.617786466464749
1744,10218.75,0.8809976353360048,2.5198234169914633,1.5011834611402606
1745,10224.609375,0.28751617444066035,0.75,3.7252254538761087
1746,10230.46875,1.1096783071986496,2.855135657716769,2.9563043838870886
1747,10236.328125,0.9672783368924941,2.9311912122069645,2.976249390987561
1748,10242.1875,0.11427378068136239,0.75,3.9038049029345565
1749,10248.046875,0.7921568232465548,2.855426839182666,2.303870841375498
1750,10253.90625,1.572954983042813,4.2543834578406985,2.821913913495474
1751,10259.765625,0.15540246812534453,0.75,2.7145021212871456
1752,10265.625,0.5039440914147534,1.7856064781353318,2.3323661331955883
1753,10271.484375,1.5789573670766688,2.838458302100344,2.4924784053795768
1754,10277.34375,1.1732890399516471,3.1885086872611144,2.452833119308713
1755,10283.203125,1.010087430607433,2.0098304633661583,1.6714448654535508
1756,10289.0625,1.6116626124715079,2.056287063779393,2.207187053845935
1757,10294.921875,1.1354246758143844,1.3255598125721937,1.9190823796675673
1758,10300.78125,0.28812989978834663,0.8041415152525511,2.3048826879600006
1759,10306.640625,1.8518510874666538,5.043771991251002,3.2205503399767057
1760,10312.5,1.2727377711866361,2.58848729391618,2.3520389350534203
1761,10318.359375,0.5554075568352006,1.0976819760790861,2.075622586942318
1762,10324.21875,1.026215764498148,2.816521233958318,2.4514665568917713
1763,10330.078125,1.3767372081416065,2.7799580448996752,1.7195944844780637
1764,10335.9375,0.8364159231219888,3.6706109353062586,2.1149737079220996
1765,10341.796875,0.4439838126267243,1.2750866466232869,1.9880879577853043
1766,10347.65625,0.6805896558195972,1.5055031833796138,2.0225651881857067
1767,10353.515625,0.7316797559208835,1.644502376728099,1.7515792682914482
1768,10359.375,1.1356831620788321,2.012487608987006,1.9239604398879595
1769,10365.234375,0.6773160930805922,1.5320792525218303,1.1643208047195972
1770,10371.09375,0.4254058597996511,1.4160883579482162,2.2935077986986903
1771,10376.953125,0.48059514628988914,1.0376831581984611,1.8017186034733255
1772,10382.8125,0.7233570241919673,2.7421668482908874,2.406783438404607
1773,10388.671875,1.0591437558917374,2.620514063231335,2.129398799199174
1774,10394.53125,1.850574424656333,4.606532600082263,4.724722643048165
1775,10400.390625,1.398356222325528,3.4426559074770084,3.467791860698232
1776,10406.25,2.013416188180152,6.271471036911969,4.130307762127053
1777,10412.109375,1.500798255715818,3.961957677198216,3.3650877671987285
1778,10417.96875,1.447023592892947,4.0546314183857675,4.327132482792946
1779,10423.828125,1.7372467278941452,7.551858003553269,4.597672621972789
1780,10429.6875,2.1893059719836288,4.8214105676424435,4.688055182700373
1781,10435.546875,1.85543589692365,4.057448083065751,3.935156023493491
1782,10441.40625,1.366705281543469,2.964766581059313,2.502218810592832
1783,10447.265625,0.6156824190919975,1.6684727052902724,1.7274308833082341
1784,10453.125,1.682017054516067,3.5582277583216513,3.332835655000975
1785,10458.984375,1.9283791707015958,5.296262065945538,5.629219983119467
1786,10464.84375,1.1373601353796912,3.722713606837423,3.4377900993633714
1787,10470.703125,0.3830997881652766,1.3279497844191372,2.722494547834784
1788,10476.5625,1.4831789771370159,5.337757989351096,4.324296247266205
1789,10482.421875,1.954012121247058,5.476131844760756,5.319147482702778
1790,10488.28125,1.672376383071316,6.183394291109165,6.156406309321054
1791,10494.140625,0.5777731209727798,2.18450097804123,2.3351502069194825
1792,10500.0,0.35663489142612237,1.1670333799872872,2.1254140629430753
1793,10505.859375,0.42642930987659117,1.509580894707006,1.9545799650777478
1794,10511.71875,0.35131581401314693,1.38043733119015,1.6197669281189386
1795,10517.578125,1.0683803237254355,2.677308638238813,2.5049759034329955
1796,10523.4375,1.5493514422482089,4.847633025456686,3.1547603135361935
1797,10529.296875,1.3399526585392951,5.5304826184461024,3.8595422181045316
1798,10535.15625,1.298596842341056,3.6062204186285776,4.02930724524945
1799,10541.015625,1.0819712022800814,2.777298629862279,4.142000981728869
1800,10546.875,0.8955887631958184,3.7798316619218966,4.011803836696127
1801,10552.734375,1.4128076296900542,5.0089146930940665,5.6833756997614415
1802,10558.59375,1.3642006601481511,3.9415302927058327,5.359680677979145
1803,10564.453125,1.8669493323991875,5.249612726771044,6.48739429631807
1804,10570.3125,2.08343782859883,5.466668964275253,5.962462106916448
1805,10576.171875,1.7275432940278421,5.174491063110937,5.462223327361838
1806,10582.03125,1.6600963005539366,2.789996864986422,3.681862662982613
1807,10587.890625,2.1033478942953465,3.135367528353921,3.8391251314277612
1808,10593.75,0.7742295842274147,1.8561231326232357,2.3939020937039373
1809,10599.609375,1.97871540511681,3.61002554083906,3.2933319567357566
1810,10605.46875,2.9362332615010036,4.054095837155515,5.509909179787539
1811,10611.328125,2.7537040175697456,4.215967967526886,4.990529379150489
1812,10617.1875,2.9192101691048613,6.649772360963466,6.204456116430458
1813,10623.046875,2.6698858834967965,3.7630260612611743,6.140987846600847
1814,10628.90625,2.497943120516954,3.380428913008163,5.135201920950248
1815,10634.765625,1.6081777000493052,2.9828216571203217,4.238505754143074
1816,10640.625,1.2798796716778162,4.7382040241879215,2.491282719871305
1817,10646.484375,1.518197901263172,3.96583626440538,2.5755217304901965
1818,10652.34375,1.0742667252949147,4.896628621404912,3.8720954913974865
1819,10658.203125,0.7368186432708286,3.1749556346741037,3.72284619001198
1820,10664.0625,0.2478963225125315,0.75,3.85622890025541
1821,10669.921875,0.910394187375872,2.1667922258888903,2.4678578091210386
1822,10675.78125,1.3364098377657572,3.7560181457166912,2.679791972980214
1823,10681.640625,0.7908211760355938,2.443860291960742,2.73363700727611
1824,10687.5,1.0163401870425885,1.7336093673424973,2.257419233939006
1825,10693.359375,1.5216480080102888,3.225684922305727,3.2633428529632127
1826,10699.21875,1.9607625882632036,3.720588929598517,2.851175156492909
1827,10705.078125,1.851345439367733,4.923183782666092,3.0104245178848466
1828,10710.9375,1.7751159020957339,4.477900349687465,3.83824530763893
1829,10716.796875,1.5847695942273774,4.124188281897057,2.9572407597556376
1830,10722.65625,0.35257313816870367,0.75,1.5856781777887847
1831,10728.515625,0.9117004420100622,4.20307316695203,2.866356424007515
1832,10734.375,1.1323302334565273,3.1859668714313525,1.9900498077900912
1833,10740.234375,1.1508431901831906,3.1865472725039914,3.0082990968155663
1834,10746.09375,0.9251311764845218,2.062421819357362,2.240844887515575
1835,10751.953125,0.732936338049006,1.9089282076397205,2.3183653582732493
1836,10757.8125,1.1930719288537286,3.160413242828719,2.834217938131497
1837,10763.671875,1.1635204468166274,2.75727450841523,4.129636552208396
1838,10769.53125,0.7577024083290681,1.298291270947574,2.4950072337976454
1839,10775.390625,0.6443182339734937,1.8263218031528194,1.6867884277453784
1840,10781.25,1.0586976637010528,4.663431892441347,4.218645705217293
1841,10787.109375,1.2132697960826901,2.6773988427412476,2.8966443892708664
1842,10792.96875,1.4669378851548611,3.8497738249742843,4.424180532090803
1843,10798.828125,0.9431991931912632,2.819398928310921,2.1291027945862644
1844,10804.6875,0.36761669671350916,1.0631003086056108,1.7685684483648072
1845,10810.546875,1.056402983156282,4.206108006334623,3.876773884224874
1846,10816.40625,0.9644113860052211,1.7485290813657248,1.7121167250657197
1847,10822.265625,1.4752182511662741,3.6936460841812924,3.4966372228455396
1848,10828.125,1.6004615181914579,2.5458793598388807,2.008330185735088
1849,10833.984375,1.5938320405708712,2.89942140541233,2.2364713949584827
1850,10839.84375,1.789005758143024,3.1746105214154063,2.5571448861570123
1851,10845.703125,1.6866362749847246,2.338647589837458,1.904284162205328
1852,10851.5625,2.247982148157243,2.174471130937294,2.689708968291868
1853,10857.421875,1.5818621891355686,1.9460052028380996,4.551102331732968
1854,10863.28125,1.49355136021008,1.76564861302806,6.162000870084321
1855,10869.140625,1.505464613797176,2.1449756657158767,5.5673294640536986
1856,10875.0,1.6347119312737943,1.9821416164316263,3.4226738038354205
1857,10880.859375,0.5044976310744272,1.0491519144674264,2.2044293701221336
1858,10886.71875,1.361999109600423,2.129814086506613,3.6781681000428086
1859,10892.578125,1.0271411195769837,1.5152902776193735,3.2299323711985926
1860,10898.4375,2.172471154441844,3.4299588933169325,3.09620464400886
1861,10904.296875,2.2118582484501905,2.750912259723615,3.3300917143236406
1862,10910.15625,2.4524921925227017,2.8379906819236926,3.4497087426067
1863,10916.015625,0.18806482956588774,0.75,3.015833395908055
1864,10921.875,2.057009990175786,2.0983346486107814,3.00749552713728
1865,10927.734375,2.3427730122175974,2.6256259414115335,3.1172645215918724
1866,10933.59375,2.3632290184090965,5.059004691022882,2.1941595685989763
1867,10939.453125,2.748692243872402,4.397800843503495,3.0611191525287698
1868,10945.3125,3.0489106612233567,3.5691696862966955,5.591408725878526
1869,10951.171875,4.170465205253865,4.315212954671943,6.757796730650886
1870,10957.03125,4.421566021978365,4.767945989373171,6.792267803178573
1871,10962.890625,3.587526947741873,4.631548942050372,3.76134808835
1872,10968.75,1.112839968981723,1.4116547042800205,2.1342022611499485
1873,10974.609375,2.2180452057906463,2.4041986348332776,2.5492229053852746
1874,10980.46875,1.7091782317314947,2.1705869480738818,2.6275644014067936
1875,10986.328125,1.9223053820303988,2.5773313024601956,2.368751212725208
1876,10992.1875,3.4963479115340865,3.5500675339021046,3.538362625279413
1877,10998.046875,2.7862875572295818,2.628651659537521,3.259844867989955
1878,11003.90625,2.992837072740375,2.464868537636013,3.3724939875674007
1879,11009.765625,0.627565793828226,1.3891955198757784,1.7009090072163888
1880,11015.625,1.1729227273656904,1.9430439298991278,1.802631475272956
1881,11021.484375,2.7833901336785822,2.4329288707689964,3.2407767896458592
1882,11027.34375,2.7798534841880467,2.3103761123352804,5.998267980695071
1883,11033.203125,1.735883903642198,1.7185813771294216,4.270842891952251
1884,11039.0625,2.3998287281065918,4.443929981305989,3.6571471701465303
1885,11044.921875,3.1569191899997797,5.781373528442934,5.1632157866876085
1886,11050.78125,3.472669071405826,3.0434779513377688,4.386089940756227
1887,11056.640625,4.19375166789286,3.3688840017609847,4.3009004444212175
1888,11062.5,2.403938767789129,3.2119641694140317,3.9414713720960632
1889,11068.359375,3.226560611048914,3.77759947550526,2.440269155452205
1890,11074.21875,2.5981394517940153,2.9867656768023556,4.025390619828767
1891,11080.078125,1.4957880886557882,2.130126227202915,5.213308812735715
1892,11085.9375,0.7370174521772914,1.4675825942618224,2.0817034274830113
1893,11091.796875,3.0818807278580587,3.1351319557442823,2.894722576829871
1894,11097.65625,4.324620920852718,4.219465513951312,5.884871762215955
1895,11103.515625,5.207053265824133,4.914279133535993,5.5631069007430565
1896,11109.375,6.973493213040033,3.883879493557104,5.879916484649221
1897,11115.234375,5.92322104006065,3.3227458266684406,5.388412134438145
1898,11121.09375,3.0435240534018515,3.6714669113471237,4.294395222847137
1899,11126.953125,2.0618207302613816,3.92022592566939,3.3780045467125857
1900,11132.8125,4.031476096631824,3.564605436687007,4.944115522999056
1901,11138.671875,3.7627740847986964,3.236327059752524,4.824784162861142
1902,11144.53125,2.5735140791755344,3.8458642001773318,4.598309935208251
1903,11150.390625,0.9963324561167377,2.6984675462179286,2.3694120315367346
1904,11156.25,2.3281554111598095,3.3901591339178374,2.973664047921912
1905,11162.109375,2.4097163909645816,2.342770009539597,3.8800836551137228
1906,11167.96875,2.5247202349085613,2.2271323035031902,6.578112126229473
1907,11173.828125,1.0622102694116826,1.4638636172960084,3.1672480668482046
1908,11179.6875,1.7118046391175175,3.4281065230136414,4.607620893464816
1909,11185.546875,2.181800627599665,2.2782134806433474,4.525935574194569
1910,11191.40625,2.449817264855629,2.919002954160869,3.5781099452711445
1911,11197.265625,2.450113645046959,2.1097080441573786,2.9545747908085938
1912,11203.125,0.3847074960416798,0.75,3.077629605986946
1913,11208.984375,0.5989277892786009,1.0397135002428892,2.610087481858438
1914,11214.84375,1.1734019768736266,1.5491686406395755,2.04430718522607
1915,11220.703125,0.8273860450272579,0.7988766064880137,2.763467084462442
1916,11226.5625,2.6118445725236255,2.452228735789485,4.023747112823094
1917,11232.421875,3.158156589639949,5.96364267737469,5.936850351626795
1918,11238.28125,2.475842978169827,2.3962970608266616,3.214337857879591
1919,11244.140625,3.806762287447614,3.4708751817527834,4.581996854819462
1920,11250.0,3.783497977420008,3.164001966959677,3.5871368479320975
1921,11255.859375,3.0955816038995536,3.3674048077633127,3.4102058473375156
1922,11261.71875,3.4304869369679096,3.3737488681735166,4.838600998958292
1923,11267.578125,4.537412450353041,4.572882336620427,6.033018708441229
1924,11273.4375,5.306591152593,5.143120570659269,8.158370603007906
1925,11279.296875,4.88556989815515,5.0297269392121775,6.867528525078133
1926,11285.15625,4.186759342924796,4.7289509531913545,3.628856834059655
1927,11291.015625,3.978108494904447,4.083601617500726,4.2536588838505205
1928,11296.875,3.791319514704613,4.491904041145826,3.641127799682309
1929,11302.734375,3.403035115522907,4.25269184652806,3.714722956747019
1930,11308.59375,1.4569344580651087,2.3963931310296016,2.449088066402272
1931,11314.453125,2.448887834443514,2.9746017922348145,3.614595454331903
1932,11320.3125,1.232537107393646,1.7272634719277986,2.111194607474573
1933,11326.171875,1.1628891136036983,1.9575369969288308,1.4390455826781539
1934,11332.03125,2.1827523371903976,3.6900994456608203,2.883671988524349
1935,11337.890625,2.677768645264611,3.8245653783902673,3.6259528396041034
1936,11343.75,2.336508196265887,2.604517336750477,2.7333722972022323
1937,11349.609375,1.5052569683140065,1.9820607130178867,2.0101303343181316
1938,11355.46875,1.4331293053707113,2.563498027655189,3.408961193722005
1939,11361.328125,2.0348546038561235,2.5219700078727767,2.8075002534008036
1940,11367.1875,0.6171454123820309,0.8939562201275298,2.1327649010221066
1941,11373.046875,0.7036465942535639,2.1393252425212497,2.3740973965472465
1942,11378.90625,3.258064461403954,7.328036521751011,4.198063093250775
1943,11384.765625,3.4746770042549837,4.567707834756003,4.056953794587687
1944,11390.625,5.4812038604116005,5.079830669441122,6.744835025476932
1945,11396.484375,5.459181220247259,4.4068166252014205,6.676048968387685
1946,11402.34375,4.5238990995699195,4.3199397586349235,6.688910902543731
1947,11408.203125,4.887807874526682,5.582476364879718,6.96161448469019
1948,11414.0625,5.882672677678821,8.035099347925245,8.939973933688847
1949,11419.921875,6.095142877761501,6.144553759958312,7.049393376408736
1950,11425.78125,3.9633965677063516,5.830952554944962,5.749380937428963
1951,11431.640625,2.9729436082972707,5.9013756317977215,4.9169236769362366
1952,11437.5,5.412557767684052,4.732795430556125,6.109727880711779
1953,11443.359375,4.658842072930949,4.673341656298641,7.480260413830234
1954,11449.21875,3.9544577861796606,6.210842025770809,5.353973649214458
1955,11455.078125,2.656173464110432,6.082687176488422,3.1914366974847774
1956,11460.9375,2.5739173272358924,6.353651176641643,4.835569089076288
1957,11466.796875,1.172322725609995,1.5269669155203873,2.509355907979169
1958,11472.65625,1.9484754079855466,2.5052274566402657,4.289497647703126
1959,11478.515625,1.1905035271970688,2.2325904226994675,1.724523104023549
1960,11484.375,1.899923301354968,4.014650882233159,2.227313701364457
1961,11490.234375,1.0075969412251446,2.8634502698005004,3.5305630697870827
1962,11496.09375,0.6784920216374952,1.9099504642679033,3.2130718421929103
1963,11501.953125,1.499146348099937,2.741282831421203,2.326285783257803
1964,11507.8125,1.4575775089097207,2.195687737736029,1.3053304293532157
1965,11513.671875,1.5025751853058564,2.265439991319376,1.8198655903567746
1966,11519.53125,1.5951139600208215,1.9505753901121023,2.735384046636054
1967,11525.390625,1.3281251371332776,2.445888159394927,3.0500909994790177
1968,11531.25,0.18370293253906256,0.75,5.277489774051872
1969,11537.109375,0.23640002694350976,0.75,3.193534516144633
1970,11542.96875,0.8371248777575532,2.065128782762727,1.9639882746783364
1971,11548.828125,1.3417925459979443,2.6331638984994403,1.65691460559491
1972,11554.6875,1.3438801599347217,2.5397094165698353,3.361855851506458
1973,11560.546875,3.7219985255424954,3.7727126971312375,6.750431492029564
1974,11566.40625,5.465641867827289,4.374972045904383,6.401736519182338
1975,11572.265625,3.0610318501647877,3.668295828312999,4.723947282230252
1976,11578.125,3.6506132337607218,4.003901616347849,4.763674711714394
1977,11583.984375,3.4726427458866826,4.746137628395152,6.4625096868964595
1978,11589.84375,4.253929055200367,4.829457247942807,6.731432342681803
1979,11595.703125,3.259022233975177,7.717662374316367,6.103325221512349
1980,11601.5625,3.8190611839737327,6.1676937588431215,7.268848422527201
1981,11607.421875,2.8697465359076157,4.167810991716557,3.9587922920729572
1982,11613.28125,1.5039880213705001,3.3655216575580007,2.7219149703549634
1983,11619.140625,0.7296043091934425,1.4830102152279434,2.2116601103417772
1984,11625.0,2.2174411670140906,2.836766000614051,4.275669426904784
1985,11630.859375,2.4932042111518777,2.7713913431376835,4.775186687288206
1986,11636.71875,1.590409261900501,2.0041332358147077,3.924395753643338
1987,11642.578125,1.5492208191942973,3.376128851908157,1.948717477380027
1988,11648.4375,2.6515716711529533,3.890191309975895,3.6369863827752367
1989,11654.296875,3.4190944903661267,3.0177558992684492,4.47859698250192
1990,11660.15625,2.9892819686897707,2.16330821723768,3.7281747908047063
1991,11666.015625,0.6821733605412703,1.1260710031805872,2.0009064495023905
1992,11671.875,1.7965215459758828,3.0098064655361028,2.3566881475648036
1993,11677.734375,1.0556486305248733,1.7982664223733162,1.8422318866726435
1994,11683.59375,1.9199562729023898,3.4914540311141584,3.9592148687836377
1995,11689.453125,1.8516259925598813,4.382772400005351,3.5499698822380856
1996,11695.3125,1.8242187465979696,2.1668170955769837,2.923653910289205
1997,11701.171875,2.164346573566705,3.1168913524187767,2.83723598325212
1998,11707.03125,1.7944089895896282,4.959409182855396,3.3335109022798814
1999,11712.890625,1.0935773186895235,4.010066363651159,2.6635326384579625
2000,11718.75,1.2423497487619124,2.1656531569525965,1.8559904638255673
2001,11724.609375,1.6332807812165626,3.080865921446113,2.6723688353628283
2002,11730.46875,1.9151178926737085,3.888163413763701,3.9844968612627945
2003,11736.328125,2.486526585521417,5.170692755542431,4.134290659404959
2004,11742.1875,2.07888203676127,2.675803421992142,3.546809056798838
2005,11748.046875,3.099341190305162,2.4043794987601395,5.76205702208353
2006,11753.90625,3.3274934788030692,2.8100084130093137,7.666405855643363
2007,11759.765625,2.290377359389816,3.0751335632761894,4.675849608679177
2008,11765.625,0.6013392085225095,1.1494288861393196,2.270081039802537
2009,11771.484375,2.7416759232153605,3.27174638155847,5.073269708206955
2010,11777.34375,3.5875186108521944,3.1759941519774877,4.094291434944914
2011,11783.203125,3.079352068148575,2.8269318999125086,4.30274405206994
2012,11789.0625,0.609071953431498,1.0511149444739196,2.214538643996168
2013,11794.921875,1.667784297278864,3.348221975069376,2.428218657455708
2014,11800.78125,2.2731247155630396,2.117070772028452,2.5550380630162137
2015,11806.640625,0.8014943219758132,1.0286591577796482,3.0102327526422266
2016,11812.5,1.281009666029672,2.5499316559918057,1.4636699845784786
2017,11818.359375,2.078311675213029,2.826812709639734,2.3179023041741815
2018,11824.21875,1.5540524861380052,2.2664723466256733,2.0387492991557377
2019,11830.078125,1.2585977527159828,2.004630599844029,1.4085372750930272
2020,11835.9375,0.6640720008503359,0.8350602950860853,3.1013987588242515
2021,11841.796875,0.7531586161132388,1.0941609832851824,3.709695754573849
2022,11847.65625,1.7121501623873896,2.1323317512177447,2.9735162236516492
2023,11853.515625,2.400915285736979,2.616926503893402,2.873520005570798
2024,11859.375,2.300470932051298,2.734847532396092,4.058847617523668
2025,11865.234375,1.3262327067990558,2.2818059736002176,2.3632330481249046
2026,11871.09375,0.36511999551600216,0.75,5.8766574992886325
2027,11876.953125,1.9995103618053118,2.445169457816124,1.569668364547957
2028,11882.8125,2.740422815520976,2.7316966147535675,2.9395580264558614
2029,11888.671875,3.1262341890301504,2.8607131502627343,4.562027134671422
2030,11894.53125,2.381209382925056,2.213805579056389,4.611374179645946
2031,11900.390625,1.882373611706544,2.3978392009719163,1.734603070489743
2032,11906.25,3.4603589592848167,3.256204747013175,3.180975644167601
2033,11912.109375,2.828078614768894,2.908720799256921,5.460246456710206
2034,11917.96875,0.557074392800136,1.0990348345719694,1.7828497352688901
2035,11923.828125,2.8725686279595255,2.6154650841548808,4.606096187901662
2036,11929.6875,3.447751439061246,3.12336708046746,4.710630016843583
2037,11935.546875,3.3776654120164076,2.9993105756270078,4.228329194758787
2038,11941.40625,4.974618592419443,3.477372794241699,5.331142375389798
2039,11947.265625,4.656328042759408,3.5889094385713367,6.400071697365829
2040,11953.125,3.257339633807096,3.3868848735571357,4.269893517392247
2041,11958.984375,0.6957551404641393,1.8951642351404083,2.375146439742301
2042,11964.84375,2.7913563246129285,2.809110381421029,3.464875671370921
2043,11970.703125,3.0161525638852407,2.949958582455095,5.950498373976907
2044,11976.5625,1.8774808062045172,2.345058685234939,4.336579417384358
2045,11982.421875,1.3712175072957358,2.685285176287886,3.102389559478693
2046,11988.28125,1.992768660474959,2.575649162465552,2.640415024927797
2047,11994.140625,1.8482942185437419,3.426215918724209,2.417505786344133
2048,12000.0,1.4595238714187173,2.2206802091045965,3.05842183491632
2049,12005.859375,2.484196902040939,2.172489444834346,3.4409685759721143
2050,12011.71875,2.116600954646749,2.720771916542261,1.86999288140341
2051,12017.578125,1.0882228515033927,1.2005252459827291,1.6827356268021345
2052,12023.4375,2.2480326634080687,2.585008766874592,1.601125175697971
2053,12029.296875,2.3594947053458544,2.6213007823489543,2.451349430306565
2054,12035.15625,3.7332761896001263,2.0335250179249424,4.337052211133816
2055,12041.015625,3.1755332399196674,1.801325305875582,4.588459227837479
2056,12046.875,1.8751770020706797,1.913481463057247,3.159257157369459
2057,12052.734375,1.436520447721727,3.4952995788097754,3.2061185387698266
2058,12058.59375,3.622618494123172,2.7004202721806307,4.9032738786561305
2059,12064.453125,3.5482572842647864,2.407740909989411,3.887032586864773
2060,12070.3125,1.258312056860608,2.375236924127112,1.9206310251021361
2061,12076.171875,2.531852173067924,4.675100262658592,4.429974937679998
2062,12082.03125,2.7150024961896313,4.324222912269856,5.250878994615988
2063,12087.890625,0.7573350926768152,0.9819167038195069,2.056067955327722
2064,12093.75,3.176212719827588,2.777357281835805,5.027156194704751
2065,12099.609375,2.3948835628412084,2.2893731394264623,5.46745546394381
2066,12105.46875,1.3879421952690534,3.6398609793449537,3.2751817073442813
2067,12111.328125,3.711684414617858,3.9535623787174523,5.9636549182018515
2068,12117.1875,5.154636313194823,4.036928063288632,5.882486336080957
2069,12123.046875,3.976831677698933,3.973800578973761,5.561201161209805
2070,12128.90625,2.06234547436823,4.027611185978042,3.194574701359743
2071,12134.765625,3.6252457391542827,4.710563397327132,6.402651773689655
2072,12140.625,5.012932063999352,4.395389804593625,7.222645834613779
2073,12146.484375,3.9728571928764427,4.913872782371039,5.663365217635013
2074,12152.34375,1.7644634228476266,2.7518892699839235,2.146342661629599
2075,12158.203125,3.9297124481864465,3.5444556328683894,5.576349744618093
2076,12164.0625,4.550294085353258,3.811108174349598,5.928524367479054
2077,12169.921875,3.8363143410567897,5.090211360241872,5.791151706060795
2078,12175.78125,3.033789076172409,7.3492684847671965,6.151677460282805
2079,12181.640625,2.3862503959056993,3.200788843630656,3.77653161946513
2080,12187.5,3.252940777874499,3.55794317776474,2.117494507359488
2081,12193.359375,5.199853233459439,3.774798964990839,5.158489982112408
2082,12199.21875,3.259108768667932,4.676951533987006,4.1961247676244104
2083,12205.078125,3.420715177284694,5.04417196752157,5.155957988120218
2084,12210.9375,3.3878179517594624,5.626752230775108,5.2562860796916135
2085,12216.796875,1.9814241080985346,4.061343783025183,4.303295830567623
2086,12222.65625,1.5987893299014253,1.7147687803930278,1.6235909607149643
2087,12228.515625,3.5085760902657057,2.6682107310821146,3.3989690802324066
2088,12234.375,2.285829660505388,1.7797889196275034,4.271332361620394
2089,12240.234375,2.5339311832256324,2.1145422773761604,3.759016392223352
2090,12246.09375,1.517029679917065,3.245718491839605,2.904213228586865
2091,12251.953125,0.4453316562004003,0.75,3.245176141529977
2092,12257.8125,1.3173214257809633,2.5354935197913484,2.155617055612993
2093,12263.671875,1.2688751990842546,3.0798974767683895,2.079569596736531
2094,12269.53125,0.6285641185244953,1.1522418642656278,1.9892940794687612
2095,12275.390625,1.097155272773729,1.3709796584185467,1.7466547141415913
2096,12281.25,1.6295800948393233,3.314451615203121,2.28844179566858
2097,12287.109375,1.4788054046327632,1.7170485771880422,1.995362665630384
2098,12292.96875,1.8734421455912096,1.5979426970151676,1.906262156298519
2099,12298.828125,1.8047242182079448,1.7295035069751303,2.073326224607515
2100,12304.6875,3.1277104363886292,3.0299879090278816,4.5709355158810885
2101,12310.546875,3.298550188508308,3.7488772023222907,4.2338303494737115
2102,12316.40625,1.0105436622006254,1.4639313523767967,2.717304043618009
2103,12322.265625,1.336511501057009,2.2720684775803,1.7222437951001446
2104,12328.125,3.233193650814298,5.833460480233935,4.56957900452236
2105,12333.984375,3.3186997178166737,5.053844535163921,5.143085748580139
2106,12339.84375,1.1969523011636385,2.5981271199774194,3.876655894875945
2107,12345.703125,2.4527084428006263,2.899235860358324,2.4561702592768335
2108,12351.5625,3.072658608025966,3.167694025831669,3.516850734729407
2109,12357.421875,3.9365292099696885,2.9148929476750345,6.1708176422505385
2110,12363.28125,3.370370468996305,2.6516812656830218,5.733640473832461
2111,12369.140625,1.545754877912064,2.9246605308682523,2.1589948482875
2112,12375.0,1.970557747643749,3.6464732649399707,2.6854282247999914
2113,12380.859375,3.6705728382352865,4.213013762057315,5.537464300560558
2114,12386.71875,3.203671431522007,4.94099053221512,3.4825954148104272
2115,12392.578125,1.7057783198662801,2.9849910494943526,2.0554832378625534
2116,12398.4375,2.8590535368780143,4.530508012312178,4.468592649029127
2117,12404.296875,2.5369862391819695,5.090810254219178,3.4935961429652287
2118,12410.15625,1.4619713442617055,1.2315332838668271,2.0643079320754487
2119,12416.015625,1.8311740065270654,2.1826090878180393,2.260077591292692
2120,12421.875,0.7696917819074772,1.580470885651339,1.8759656389282013
2121,12427.734375,1.418973443004005,1.6405190878101528,2.709325590035907
2122,12433.59375,2.1568084870133286,1.7208118350958697,2.376523342103604
2123,12439.453125,2.355221413998946,3.5508762041648945,2.626255657421448
2124,12445.3125,0.9352760220178445,1.9715822297464385,2.4188665939323797
2125,12451.171875,1.789323006657945,4.777989013152532,3.304818184930723
2126,12457.03125,1.4302367636073732,2.284320054979273,3.0362180295290053
2127,12462.890625,1.505897838116799,1.652761771501852,2.5628789903757734
2128,12468.75,2.6005791108535847,2.433145468214496,2.7306518219928053
2129,12474.609375,1.9151754947721116,1.5061684413970524,3.0966989505018248
2130,12480.46875,1.567813502598161,1.331492493822569,2.792862191290311
2131,12486.328125,0.5557344931432953,0.75,3.4453600727115226
2132,12492.1875,0.17259074130055238,0.75,5.867039650643287
2133,12498.046875,1.1239223911811238,2.3694941557608784,2.0589797622825623
2134,12503.90625,1.8166772818649473,2.0792225056394384,2.443442557785402
2135,12509.765625,1.7652331171918698,1.4319559515838216,2.796692589462568
2136,12515.625,1.1272432155472747,1.5585176829032659,2.775695017535992
2137,12521.484375,0.3897848626119656,0.75,2.3942937868873773
2138,12527.34375,0.5773974209795166,0.75,1.7435466521899239
2139,12533.203125,1.444678433491467,1.5202168447634565,1.644606005223508
2140,12539.0625,3.080679338390288,3.9899834024927845,3.074633799251763
2141,12544.921875,2.5235418661570312,2.2314587532460965,3.2627158556685227
2142,12550.78125,0.7956613616135425,0.7972290542542908,2.2127321653778855
2143,12556.640625,1.4211720912233403,2.143889943148836,1.4456302320786927
2144,12562.5,1.6799176996254883,2.1201715081441113,1.7313631014445314
2145,12568.359375,2.391889773144411,2.2816356414511985,3.587038548371017
2146,12574.21875,2.4790370802178177,4.397883734570607,4.094043854930378
2147,12580.078125,0.6048346309258971,1.2164094386004203,2.3301748693833946
2148,12585.9375,0.7105234825354845,1.0669447781621164,2.473995163052571
2149,12591.796875,0.9837839074426006,1.9778305779858978,2.1928267648898285
2150,12597.65625,1.2595225042324993,1.5590374716173376,2.5741500650914664
2151,12603.515625,2.0452963871879626,2.875035826514376,2.2875999173997466
2152,12609.375,0.8706651534539616,1.363408309544889,1.796422249375196
2153,12615.234375,0.7594588099596814,1.2356164002413002,2.468149284328243
2154,12621.09375,1.8124305238833214,1.877586641485523,3.7802101852196515
2155,12626.953125,2.631344376183018,2.03257454784709,4.769855784089668
2156,12632.8125,2.598341029031346,2.381888060029788,6.034964414014043
2157,12638.671875,2.0729961705402666,2.3036152466362063,5.043791190507232
2158,12644.53125,1.3890139817271019,2.2408721468224795,2.4110102686946884
2159,12650.390625,0.7060156749825837,1.582551768021466,5.842597015904132
2160,12656.25,1.7666036217649157,6.471831347586553,5.743472104236145
2161,12662.109375,1.3485840176013328,2.371681098340917,3.1363799401781653
2162,12667.96875,1.375626004636972,2.858466822264453,2.019849240431848
2163,12673.828125,1.2178039077660472,2.216954584217187,1.2903013057248593
2164,12679.6875,0.9526985682908252,2.0236685839970994,2.146544416169129
2165,12685.546875,0.3304731054378833,0.75,3.3687743656406104
2166,12691.40625,0.6134763341668793,0.75,4.246348527164719
2167,12697.265625,1.183942708101472,1.6656930632543026,4.410452898847405
2168,12703.125,0.3752484549943067,0.75,2.4437675626009634
2169,12708.984375,1.4025745288669609,2.3679249613036397,3.122932760677464
2170,12714.84375,1.606558400021802,2.304825559800073,2.642277588734607
2171,12720.703125,0.5562786103766028,1.357044134683292,2.5374321646299673
2172,12726.5625,0.5549367393789472,1.5421176568355484,2.3195169619989433
2173,12732.421875,0.5615418436934748,1.04890454277916,1.7483758776854696
2174,12738.28125,0.7748428083402433,1.7356103636350135,2.9354921054409413
2175,12744.140625,1.8257568133987452,4.128462144774865,5.6548507620975945
2176,12750.0,1.0730315666513648,1.9499399159811308,1.9342589794889493
2177,12755.859375,1.1499090315428309,3.361733595704767,1.937489817562221
2178,12761.71875,1.5405606674259917,2.819616825775907,4.228467635425798
2179,12767.578125,2.34092382639572,3.601556078697647,4.200091335538884
2180,12773.4375,2.4812655991651416,4.17364548289333,3.175971774638625
2181,12779.296875,0.44983994846936276,0.9194626230178733,2.7363857721531213
2182,12785.15625,0.9483312718513521,1.664291146834228,2.2532260221016123
2183,12791.015625,1.4013790977722034,3.4608148606980746,2.522122225414989
2184,12796.875,1.0191625951128505,2.824428752875791,4.022553492447315
2185,12802.734375,1.081140971759386,2.592273077849534,2.9534166886079074
2186,12808.59375,2.1909227772155635,3.282756749082324,4.568616860636948
2187,12814.453125,2.1571680242305002,2.221043630354191,4.1537948126021
2188,12820.3125,1.1577481201935786,1.671592451098422,3.8860556368880923
2189,12826.171875,1.2996145606398448,2.2913513324755317,1.9503507477788116
2190,12832.03125,1.860909046733065,2.345563439115698,2.098178649219644
2191,12837.890625,0.4357075902019798,1.0184482252459648,1.2752118154115952
2192,12843.75,1.868566482694412,2.823591594955776,3.4549938247922687
2193,12849.609375,2.1918202328107355,3.272671655978688,3.405956002159226
2194,12855.46875,2.313154951359734,4.297972563976623,3.854545541060338
2195,12861.328125,2.298880042626807,3.4382047030407934,2.9001649059787526
2196,12867.1875,0.9907228906689091,1.7666553341495481,2.094220458386405
2197,12873.046875,0.710297431057567,1.9322824639629497,2.713946910628516
2198,12878.90625,0.29635110396362685,0.75,1.8842191334494953
2199,12884.765625,0.46607031745081173,1.2662862578824738,3.0130583537148357
2200,12890.625,1.093629235174729,2.9801472102039637,2.7746615965029386
2201,12896.484375,0.6786237590391456,2.7692893694241487,2.165138025399858
2202,12902.34375,0.8993266265537955,1.4315502638521451,2.7360186415401873
2203,12908.203125,1.6690892824127033,2.434476096212304,3.654186374584376
2204,12914.0625,1.2466443329417651,3.5140555328479106,2.2158572860971093
2205,12919.921875,0.8306880249669085,1.6873528992673246,2.201981962816942
2206,12925.78125,1.9175415652655836,2.1209233544382684,4.154257137844506
2207,12931.640625,2.167290852710303,2.5445807133678366,3.485228107222571
2208,12937.5,0.8757046496925183,2.340492875464361,1.7357074151622396
2209,12943.359375,2.4822938980614913,2.3058079194633967,3.173602948109092
2210,12949.21875,2.8161909335971447,2.6543399754778876,5.42674605074073
2211,12955.078125,1.4436046973037568,2.503836772456904,3.029507527507536
2212,12960.9375,1.1191509282049776,4.416235340177995,2.642402695299193
2213,12966.796875,2.0717920076896115,5.0561821562189255,3.118902957671515
2214,12972.65625,1.5790556233174968,2.821601757785288,2.6721394875315863
2215,12978.515625,0.532698735344531,1.2779919016496812,1.6038007033442583
2216,12984.375,1.7345748960539202,4.011017040262176,4.366606423623912
2217,12990.234375,2.0837504935498687,3.4063439574195615,3.853645868029039
2218,12996.09375,1.0297356969367468,3.3357876443038137,2.6798030600343172
2219,13001.953125,1.3626370347199732,2.9997145010830515,2.897051034403412
2220,13007.8125,2.3592844884657245,3.0121905004737126,6.372090590761025
2221,13013.671875,2.0543405422307894,3.5532034511714965,5.097319624246816
2222,13019.53125,1.4809459353356604,3.9507249833211304,2.330964099577044
2223,13025.390625,1.739092585703552,3.8107604392577743,1.8515454765245187
2224,13031.25,0.7339830997370412,1.258605757013882,3.0214739167688625
2225,13037.109375,0.8468854155085223,1.2453091073743423,5.317236689843558
2226,13042.96875,0.44100551596806337,0.75,4.074732605352673
2227,13048.828125,0.6672022890380159,2.630271978034191,1.470359696692618
2228,13054.6875,1.1693498274473377,3.18381758690796,2.263940876152905
2229,13060.546875,1.263340759547391,3.123470043817318,2.4879870523075907
2230,13066.40625,0.6704910553740528,2.9871094137708907,2.2106670763131255
2231,13072.265625,1.252767564296074,2.4138240608822,3.5223723989411755
2232,13078.125,1.737373344448751,2.387630135387849,3.415366167819698
2233,13083.984375,1.6915430148999842,4.217851596766814,2.87737491281591
2234,13089.84375,1.999181212065733,4.3643766613346,2.628492272128889
2235,13095.703125,0.9942879557038914,2.001130914373466,2.240230410703172
2236,13101.5625,0.8916023538821817,1.7155453004115846,2.573661767714422
2237,13107.421875,1.9174636585960028,6.6221768137649555,4.749735119708085
2238,13113.28125,2.7499830665660174,4.281766385205711,5.342525323807304
2239,13119.140625,2.1108619948222005,2.6298285835667174,3.89057105587072
2240,13125.0,1.427586208918638,3.6871723397280367,2.759512268945819
2241,13130.859375,2.8004845167363346,3.1835039102411806,6.399298623718933
2242,13136.71875,2.9019910918282728,2.920220835198667,5.592629023624369
2243,13142.578125,2.2230845272253594,2.906504449660002,4.577849149902408
2244,13148.4375,1.8395526881869173,5.5626868662508695,2.7574629515627587
2245,13154.296875,1.1666648207277894,2.7141199008751897,1.6488775958844515
2246,13160.15625,2.104854654282368,4.324067250075848,4.445862133117033
2247,13166.015625,1.5511819358957089,3.801514459524845,3.8855145127853077
2248,13171.875,0.7861355849639622,3.105411058472267,2.353001508090556
2249,13177.734375,1.10257229248417,3.9348229761906084,1.4521584203215314
2250,13183.59375,0.11362070064890571,0.75,5.14303080924961
2251,13189.453125,0.3997191082932042,1.238018331544215,2.4700149316551276
2252,13195.3125,0.5467408069067757,0.809233930411865,2.701209613486315
2253,13201.171875,0.15445132766418818,0.75,4.644262400526681
2254,13207.03125,0.929217225457071,2.2696767458464366,2.872132234129905
2255,13212.890625,1.6724754713091992,3.6125094397596125,4.325393538881934
2256,13218.75,2.2983886691633204,2.716935241321201,6.164824519698774
2257,13224.609375,2.309153423396326,2.5786061474287814,6.751637421492476
2258,13230.46875,1.5620142219517346,2.3549038853262423,5.267267958785483
2259,13236.328125,0.9017126089749626,1.8960580035058383,3.077430202962639
2260,13242.1875,0.8285460760691484,2.67406594654987,2.585692048552655
2261,13248.046875,0.8984692958940055,2.6482333163658387,4.633571001297956
2262,13253.90625,1.365244868528582,3.51515483701977,4.272037543191904
2263,13259.765625,1.5818943661838294,2.9953295326208496,3.142363135761371
2264,13265.625,1.4766626251317814,2.629175320042392,3.9820627888899107
2265,13271.484375,1.3433699163786097,4.101825125257884,4.931589735011159
2266,13277.34375,0.8003132000951034,3.0983507974821274,4.169612538798192
2267,13283.203125,1.6641111246953986,4.117576853731709,3.694700234289112
2268,13289.0625,2.3241682905494794,2.7065788681400713,6.1569305981511135
2269,13294.921875,2.1770091004439944,2.645863098744771,5.179566217444784
2270,13300.78125,1.4168376896802026,2.3697509667753787,2.998579453376385
2271,13306.640625,2.0372383343055134,2.9608749757524273,5.081833700906771
2272,13312.5,1.9684190757105584,2.6096478188701084,5.79970794138783
2273,13318.359375,1.0543737668873119,2.922353081670823,3.2218651550741537
2274,13324.21875,0.6145258632312859,1.5760800665945327,1.670064640838227
2275,13330.078125,1.2902256415323952,1.8325284857616744,3.224197024706493
2276,13335.9375,1.2925931653441387,2.1212910959872326,4.020169440477804
2277,13341.796875,1.1192990444737474,3.1121496789541214,3.0757639562007166
2278,13347.65625,0.9794828565269907,3.7740082061715063,2.512736691277405
2279,13353.515625,0.41021376222535383,1.455450626896927,1.7143951676601759
2280,13359.375,0.6830071848922502,2.9880025538453827,2.817560643566582
2281,13365.234375,0.4253845421801462,1.7360373057743916,2.039445510314866
2282,13371.09375,0.4645224996063929,1.3567237625469575,1.6135565554804905
2283,13376.953125,1.3478538895338519,2.7502911916647648,3.4954623973492485
2284,13382.8125,1.9957900363690413,4.460091549384021,3.4143152614884724
2285,13388.671875,1.2527106459650312,3.5598318085394927,2.393010606169586
2286,13394.53125,0.13238548244878146,0.75,3.1312219581415097
2287,13400.390625,0.5146172965949253,1.719438077729851,2.0083047427070526
2288,13406.25,0.8091677103584113,3.643714753706755,2.122236960061838
2289,13412.109375,1.3522311073597248,2.6936278554601953,2.1774005953098743
2290,13417.96875,0.8485126686576411,2.507637674622378,2.420415206259512
2291,13423.828125,0.6703110983908418,1.562606253922413,2.409357323637378
2292,13429.6875,0.9738142730057674,1.9173276637176881,2.5129208827381033
2293,13435.546875,0.695910525891757,1.5525499098884543,2.306278947456035
2294,13441.40625,1.190430728175295,2.5996816977969366,2.029780043352807
2295,13447.265625,1.6132261826868013,3.1127950727177534,3.0333222740184373
2296,13453.125,1.196476056748101,3.17221024251094,2.5447288319083694
2297,13458.984375,0.842560273488173,2.080132364106112,2.5102227071730634
2298,13464.84375,1.3462835007955403,2.7512619904679414,3.0274568970106515
2299,13470.703125,0.8868798254339766,1.636396428007422,2.5904049804089953
2300,13476.5625,0.1501954910496608,0.75,2.713197142895252
2301,13482.421875,0.8756419032721617,3.3216082439143517,2.753845064094655
2302,13488.28125,1.0034818771694427,2.0806503615548215,2.4009685048679894
2303,13494.140625,0.539848024122119,1.290543297958338,2.0886445086489704
2304,13500.0,0.5813503059175885,1.5274497274387508,2.041537564282846
2305,13505.859375,0.5799830651246672,2.586417527915633,1.7820320236877456
2306,13511.71875,0.8752336109119756,2.4066673825017575,2.8661884915471436
2307,13517.578125,1.0946357105614206,2.424250174610541,2.9340556542299128
2308,13523.4375,1.4044833484641632,2.163467591840713,4.382827294377066
2309,13529.296875,1.2361742904708584,1.8832503683404103,4.623042796789226
2310,13535.15625,1.368220658889536,1.9582014452378476,5.087374814169586
2311,13541.015625,1.6343167611743585,2.5040683585160908,4.796739600533731
2312,13546.875,2.483511834368246,8.305023238415194,6.855448053040282
2313,13552.734375,2.684350549924043,3.505854210849429,6.92289580221046
2314,13558.59375,2.0744667770573777,2.396092025288995,4.658426918766142
2315,13564.453125,1.0497920741640518,2.150069342178875,4.303354021355987
2316,13570.3125,1.3401173080250053,4.039915568022452,3.058893857366458
2317,13576.171875,1.0273800250323757,3.701538720703058,2.2853074786340977
2318,13582.03125,0.6187278973072825,2.0291762658845283,2.737913605439424
2319,13587.890625,1.092984955460624,1.9277165190480037,2.6300443230433124
2320,13593.75,1.4069966427913392,2.304280872091386,3.3205333301610493
2321,13599.609375,1.0230589114092623,2.392992102039405,3.0814724969835345
2322,13605.46875,0.8110474306921458,3.169189761974579,3.4867544576020624
2323,13611.328125,0.8295552133664947,2.382746998524131,3.2440815114595094
2324,13617.1875,1.4380604163749788,3.307553741600368,4.583301259128696
2325,13623.046875,1.5978397605293504,3.4667402446363758,5.403304446131237
2326,13628.90625,1.6218457560588786,2.8074783373095595,4.26187261344482
2327,13634.765625,1.9890136103606364,2.5859109471994945,4.495237417758614
2328,13640.625,1.9822777988718252,2.909525138872289,4.856146072637869
2329,13646.484375,1.2362330632027485,4.419135750417892,4.432019799058796
2330,13652.34375,0.8572130875191842,2.3547162785534392,3.1150486064463005
2331,13658.203125,0.15534966338129438,0.8382406686319087,2.899041965688871
2332,13664.0625,0.31653115736977194,1.0698006627024836,2.0893049140386197
2333,13669.921875,0.34335319988209917,0.9256706324277886,3.3809981018382596
2334,13675.78125,0.4490497136426085,1.3107842384528983,2.707345928824603
2335,13681.640625,0.6066863237489988,3.0479494253659922,3.4752639232864597
2336,13687.5,1.2980479564222303,6.046902819050703,4.560290305564157
2337,13693.359375,2.098760503844226,4.269435356926197,5.821169099991067
2338,13699.21875,2.2572747049809485,4.124045089221884,5.850601025531393
2339,13705.078125,0.8517954931022981,1.8310612628974297,2.603151911453208
2340,13710.9375,1.2841071020404404,3.0270715256631595,3.166758170407786
2341,13716.796875,2.2505528720952146,3.6001825659428692,6.2025074351434615
2342,13722.65625,2.7445291549829967,3.8074177273737977,7.750027272392424
2343,13728.515625,2.0849800626811676,3.0951844601418648,6.128884083919974
2344,13734.375,1.5725561772644148,2.617735956208406,3.675375511819373
2345,13740.234375,0.6346743283946312,1.4359133941326843,2.428745973589344
2346,13746.09375,0.3193338803550838,1.2493724917667146,1.763961749973797
2347,13751.953125,0.8760954451510179,1.2879741909257905,3.0247389853053526
2348,13757.8125,0.33724142677171165,0.8020999468026587,3.4765197488313624
2349,13763.671875,0.9947479197178822,1.5798202537751163,3.972435511655183
2350,13769.53125,1.5502052332382756,2.150002113431368,4.955016042878623
2351,13775.390625,1.3563446300452622,1.9321115412504994,5.41636783236454
2352,13781.25,0.8914570246423741,2.5478641391101955,2.499089522834437
2353,13787.109375,0.68651111966813,2.081893082923723,2.9974206258019374
2354,13792.96875,2.0246664751708825,3.53601404388942,4.8349207824693226
2355,13798.828125,2.243994049729725,2.8926886494804194,5.414332631272513
2356,13804.6875,1.5818182496053566,2.192730395467159,5.18470294751306
2357,13810.546875,1.0595755349255978,3.2170763459323846,1.9344304677870483
2358,13816.40625,0.6726056054963422,4.822779749384599,3.5925021751133674
2359,13822.265625,0.8230463116180703,3.0876795066281977,3.8234400905396795
2360,13828.125,0.6145343596831802,3.5592967405926017,4.701107185595628
2361,13833.984375,1.085697117802441,5.624939932605248,4.239092766737133
2362,13839.84375,1.227661382551296,3.510622443557394,3.094328705544429
2363,13845.703125,1.40560390180978,2.8306044915561035,2.903861865996934
2364,13851.5625,1.1690161975529985,1.9105041916212393,2.9622230714603934
2365,13857.421875,0.6432486108760378,1.3891817165210567,3.0168076594165627
2366,13863.28125,0.8369088303650134,2.509455693640963,2.0899144257274775
2367,13869.140625,1.5342571791240702,3.204124109537733,3.2465131085521346
2368,13875.0,1.2214607212286424,2.982633714913718,4.562403559657657
2369,13880.859375,0.8101379419348914,2.6535030137912505,3.2717427463002258
2370,13886.71875,0.7693707668967534,4.072616423227631,3.5687142257935536
2371,13892.578125,1.1463014139199117,4.0003611423836825,4.795533912755619
2372,13898.4375,0.880091714536938,3.442353414309402,4.588901609016779
2373,13904.296875,0.9111523661993476,3.556158198818095,3.230345634106466
2374,13910.15625,1.1094945843709627,4.796322055008529,3.0459050320916736
2375,13916.015625,1.4996338486384653,7.394424663183808,4.187192589991416
2376,13921.875,1.0800799118413107,5.146020123399925,3.1422736663320725
2377,13927.734375,0.6373065704183641,2.245674099887434,2.328271638290776
2378,13933.59375,0.8552700625342962,2.6962282047972614,3.0612427966438465
2379,13939.453125,0.8058884361506206,2.383418612350853,2.5279772010215233
2380,13945.3125,0.17994492239222706,0.75,5.053817054063714
2381,13951.171875,0.45186850262408274,2.2665380440361877,2.333771446563466
2382,13957.03125,0.680906634836726,3.333026946922021,2.017427605672368
2383,13962.890625,0.9355291123713738,4.038965790294535,1.9744841907945156
2384,13968.75,0.35561024426422233,1.4053465030944254,2.0050970868152547
2385,13974.609375,0.9815463908357399,3.9276743913221166,2.2612021171065564
2386,13980.46875,1.3301957670012168,3.5610338462268714,2.0903162811844838
2387,13986.328125,0.5925927364695415,1.8057686395611667,1.554693698737251
2388,13992.1875,0.4645831213140135,1.9838452895222751,1.5271071191760006
2389,13998.046875,0.18949969551104406,0.7517081144569745,2.0175727592495973
2390,14003.90625,0.5164123082832169,1.4134639364550603,3.191941491036934
2391,14009.765625,0.4219159925649901,1.3416707114191988,2.99685980526116
