bin,freq_hz,abs_h,training_noise,mean_abs_llr
400,2343.75,1.5280667518539788,3.376343620225944,4.098576880309222
401,2349.609375,0.8205347491378883,1.9130377763744515,1.7364469066748565
402,2355.46875,1.209622402671341,3.730618722236358,3.138162227241338
403,2361.328125,1.9764316445897352,3.8286860866567496,5.508102765735434
404,2367.1875,1.4906494493618578,2.3869943692498885,2.934840343415586
405,2373.046875,1.5352100408932594,2.752027263441695,3.792067849159136
406,2378.90625,2.3868703087702716,4.419138124478789,5.730640229269066
407,2384.765625,1.9288009671465358,3.6737018621448327,3.8960591440459633
408,2390.625,1.180463647593582,2.816723799209626,2.8207118967602036
409,2396.484375,1.5595301611572763,2.73533607277891,2.861179686095491
410,2402.34375,1.9809832600832094,3.29877432906593,3.9247896054846874
411,2408.203125,2.4848530128257798,4.1712550342775945,5.446730478096754
412,2414.0625,1.9739372979223528,5.205607473037974,4.388590126020372
413,2419.921875,1.8116360204195043,4.342210842923404,3.740479135185267
414,2425.78125,2.141501779675639,4.123012772955418,4.559394952350152
415,2431.640625,2.2837335013646167,6.076829502221028,4.9555287494205595
416,2437.5,3.0122818033497833,6.9495898260126125,5.522490394298406
417,2443.359375,3.1609678913134363,6.151887979479767,6.025165221371841
418,2449.21875,2.8969713441709843,5.5760736561840485,4.788645046503806
419,2455.078125,2.0228435468294896,4.3425901602333985,4.406260540312093
420,2460.9375,0.6492359101995983,1.288700865175576,1.3745981796392621
421,2466.796875,0.757755440442461,1.5470170198521287,1.1015654530916608
422,2472.65625,1.2648088595589226,2.4879010032462716,2.1595011768507093
423,2478.515625,1.6557855079264476,2.4603735356470366,2.721989006674916
424,2484.375,1.3382291021953974,3.6932236254770783,2.9338227896287203
425,2490.234375,0.516342370883562,1.111599793034884,1.3615573054308165
426,2496.09375,0.5144213747363198,1.1378718477627676,0.6581316979231016
427,2501.953125,1.0637739569846771,3.683995465723348,2.919200996549491
428,2507.8125,1.9227193086120533,3.5784488202468356,3.5738518483154116
429,2513.671875,1.337872173502473,2.77347967363739,2.6982740668889793
430,2519.53125,1.1027920849295025,2.474463229784794,2.715093457526355
431,2525.390625,1.019105200901139,2.978384092267187,2.208418973732066
432,2531.25,1.04861189481909,3.380075571567426,2.458598065810877
433,2537.109375,0.6077050833665278,1.4646705073896755,1.533165398850243
434,2542.96875,0.7655246649504733,1.9637639619325633,1.536058634808558
435,2548.828125,0.7961871802727783,2.4244743426442374,1.9344212472264457
436,2554.6875,0.5554907294718983,1.4263655135967226,1.6601222850574895
437,2560.546875,0.41579043035905217,1.1530829658463195,2.0697111858579733
438,2566.40625,0.17078130271609918,0.75,1.1030981166991412
439,2572.265625,0.16285119021595137,0.75,1.5500458458928152
440,2578.125,0.540552882442705,1.5018249343769914,1.4842461129885085
441,2583.984375,0.7619171214634771,2.5766549140914616,2.113982993046133
442,2589.84375,1.2218124542524156,2.9041348306337635,2.79046549090065
443,2595.703125,1.3572628964823443,2.708902971895634,2.390373933501755
444,2601.5625,1.2437928193077046,2.9669705133213964,2.6439978672019624
445,2607.421875,0.7075324672564672,2.996841681010619,1.822502318945379
446,2613.28125,0.9541498522384813,3.1216400428752555,2.0520355551287337
447,2619.140625,1.6020277262782063,4.655550431936291,4.399299177238871
448,2625.0,2.0680163884689686,5.887406973310009,4.801141851489577
449,2630.859375,2.355539848560475,6.305036547817868,3.878497299779984
450,2636.71875,2.1764810889514266,5.621169072474986,3.664894469592576
451,2642.578125,2.5313090686876296,6.840328435643704,5.144660142972977
452,2648.4375,2.6406610060085316,7.643132003940959,5.695682920933926
453,2654.296875,2.298309321230205,5.252179424921338,5.729075109286406
454,2660.15625,2.054743136943477,5.791456318990223,6.754769016055592
455,2666.015625,2.3943439972695746,5.696421861680511,5.560059789264376
456,2671.875,3.0988341701528026,5.574150522453939,5.520901746912748
457,2677.734375,1.8642438643830415,4.876439006442752,3.6956951673489287
458,2683.59375,0.7942931632528649,2.809320143763769,1.4675834021775784
459,2689.453125,1.911125751890391,5.744326541616616,3.9714073350359502
460,2695.3125,1.3246421533114292,2.690676680252094,2.6892137431070466
461,2701.171875,1.828086429730985,3.2217709417891727,3.074478631739962
462,2707.03125,1.4769340381830138,3.447593518989449,2.6919873549213995
463,2712.890625,0.973792645562711,2.315462188469297,1.9951672820331967
464,2718.75,0.36489123508345933,0.9525011438673345,1.2732118672021955
465,2724.609375,0.8255947829381416,1.9326664531529776,1.747767238132841
466,2730.46875,1.0309939170211777,2.3577935185797156,1.9320727413119774
467,2736.328125,1.172894951000945,2.6942672681908766,3.186622386239041
468,2742.1875,1.262962848058597,3.700893012590657,4.365148058641572
469,2748.046875,1.293088612191633,4.162479655706994,4.844681566933931
470,2753.90625,1.2047301127119354,3.288782042769147,4.628176663044354
471,2759.765625,1.3415245927031403,4.23294057625364,5.682163469995334
472,2765.625,1.5505613895829717,4.088675245348372,4.149742490464353
473,2771.484375,1.1916177117262645,4.188557054497016,3.212295511365951
474,2777.34375,1.2887853407758492,3.4755634923997047,3.4651611111340266
475,2783.203125,0.9338729865960229,1.5761306054547048,2.2492107506403465
476,2789.0625,1.1976931629461558,2.5739371197464105,3.028406514369144
477,2794.921875,1.3989333673420725,3.1827792031994195,2.9980513287484203
478,2800.78125,1.4382405924377635,2.3712809800433243,2.0278177855324526
479,2806.640625,0.8702238769451657,1.6610568842390037,1.632768519895732
480,2812.5,1.1287976102150374,2.162091514704524,1.7560710159881403
481,2818.359375,1.6340967220966762,3.313797761297057,2.3643406123151705
482,2824.21875,1.4072555640782112,2.8844061706948083,1.941007280920657
483,2830.078125,1.0537440922742614,2.776158236205403,1.7678229156472354
484,2835.9375,0.9123545784309005,3.132536704243428,1.6331939474506225
485,2841.796875,0.5012428077832933,2.051831023704459,1.2166961625748747
486,2847.65625,1.017518532151183,4.162523862025614,3.4012883421790048
487,2853.515625,1.3186257901314995,5.55319441740352,4.26793192430415
488,2859.375,1.20403146491246,4.674988487422926,2.8665299162342315
489,2865.234375,0.9386089530046421,3.2832559246162054,1.8117166796792088
490,2871.09375,0.15698880304948154,0.75,2.1171032282527396
491,2876.953125,0.9317394011939378,2.8384386406140782,3.0324061135409814
492,2882.8125,0.8824219967465549,3.616626914437762,3.5982206754481143
493,2888.671875,0.6557978638747715,2.447236485075458,1.723237117762664
494,2894.53125,0.906635454389442,2.332803209118756,1.9905343931846788
495,2900.390625,0.9380092202368656,2.5259661820162647,1.891377581244327
496,2906.25,0.664546548765368,2.267002587775948,1.458730860122414
497,2912.109375,0.47241146786662985,1.5472288194793355,1.380052999075651
498,2917.96875,0.7397460983473436,2.707091143578511,2.1389584858294812
499,2923.828125,0.7521038941658363,3.112994971140732,1.9363302941845013
500,2929.6875,0.5323357972391267,2.4232399070759176,1.3537622826211742
501,2935.546875,0.7754173219631018,3.4861542442471967,2.3512739177958477
502,2941.40625,0.813228108301603,3.551156966299814,2.412786015687379
503,2947.265625,0.8903076376228083,3.335551389109309,2.1347088901925475
504,2953.125,0.6656297563252423,2.083345557394016,1.277772167791536
505,2958.984375,0.7011042549188767,2.475058259550191,2.6300370462710223
506,2964.84375,0.9257584924575503,3.1567289830852525,3.783063932950627
507,2970.703125,1.1318054826655755,3.3648676370415727,3.551004770664405
508,2976.5625,0.8490616337212037,2.578086423349058,2.3169571235398942
509,2982.421875,0.9093726576564684,2.6322868434590445,2.7095183018689544
510,2988.28125,0.5255088485926376,1.9566170874493005,1.8166885731575195
511,2994.140625,1.0929017602078133,4.069522129909968,4.748551417447069
512,3000.0,1.2385379342256493,4.174178578849045,4.37131833898448
513,3005.859375,0.592552107704024,2.6157957035709956,2.3072249007647185
514,3011.71875,0.5233593367789549,2.192565277209148,1.5471747977930128
515,3017.578125,1.8570414697733832,9.149474024103617,5.507668740358718
516,3023.4375,2.087290649909699,9.943911639804295,8.331756425566184
517,3029.296875,2.1480965435693866,8.674419333739465,7.401674864415366
518,3035.15625,1.7577385887255674,6.46999268322861,4.440091171201589
519,3041.015625,0.9143639185137258,3.6890206722093857,3.1005322428988125
520,3046.875,1.0525608342442558,2.642436435975681,2.702312506623121
521,3052.734375,2.2181921167766996,4.436485122776126,3.8112822835829414
522,3058.59375,2.699237379109484,5.666060481217539,5.1311396822891515
523,3064.453125,3.191724478215644,6.967528827327671,5.945703080369379
524,3070.3125,2.9625950615577645,7.404321335641951,6.772254141764053
525,3076.171875,2.9555304080796323,6.664067317807833,6.0245665036295755
526,3082.03125,3.05421258059537,5.908222482258424,5.0438616853729945
527,3087.890625,2.6460562178550546,7.3500925495104195,6.078775946028841
528,3093.75,2.45504173802717,4.496323528630093,5.151592234005942
529,3099.609375,1.7887518936025721,5.5596833192905315,5.39354092702422
530,3105.46875,1.4686109941794083,6.619920676245412,3.9930751120454837
531,3111.328125,1.9936002980903198,4.959317120701487,3.567708699938984
532,3117.1875,1.916519611916984,5.540202584638056,4.84109993856155
533,3123.046875,1.736509123051915,5.373063829480913,5.257199512743087
534,3128.90625,1.5969780564247786,7.598860896863248,6.478964008457969
535,3134.765625,1.756104018903445,6.262450050780071,5.263152978618014
536,3140.625,1.7427895650322132,5.227665322692837,5.618612704027171
537,3146.484375,1.2525903174340791,4.262552235558521,4.016779289131687
538,3152.34375,0.8151636224137656,3.659779282277486,2.2575474374624735
539,3158.203125,0.42029895813352147,1.4832125475641065,1.3559355802678092
540,3164.0625,1.1644636628538023,4.486661851381174,3.9361333477253964
541,3169.921875,2.00887773023004,12.0,10.356734554026467
542,3175.78125,2.094628163296947,11.241098646894747,9.892351658199487
543,3181.640625,2.057208423390407,6.457841419678166,6.16706094918494
544,3187.5,2.3498782934249656,7.133841567397803,5.1610841953897735
545,3193.359375,3.0138086772959145,8.325246376453254,6.825301821224136
546,3199.21875,2.4523629048985045,7.978525223258448,6.740243758082243
547,3205.078125,2.2556314799031814,6.154239998075182,5.987109400587258
548,3210.9375,2.175091729833686,6.238199852545217,6.771589684718908
549,3216.796875,2.0689973179976837,5.768263004500788,5.7881055187850405
550,3222.65625,1.6090175300520004,6.408683054159752,4.720191938853223
551,3228.515625,1.1319711066381473,3.8510908891190017,3.7762552786055177
552,3234.375,1.5505398007922138,5.636827679277697,4.507243340637667
553,3240.234375,1.4148785758604832,5.107755354272616,4.5773402268665375
554,3246.09375,1.4359057579748569,6.316674347946799,4.499023690869498
555,3251.953125,1.5367642530836367,5.562428792986248,4.839763070575084
556,3257.8125,1.0411626922506974,3.7493238745564326,3.1078112807438742
557,3263.671875,1.4230209151482378,4.311604688507023,4.384465288552363
558,3269.53125,1.3059456681703943,4.845975995649596,3.0072879432742847
559,3275.390625,1.2729853576905614,6.291784544247771,3.9754359267682426
560,3281.25,1.5104433919152562,4.882823672180479,4.48035312650842
561,3287.109375,1.5868857415508206,5.184402501263191,4.083868785070582
562,3292.96875,1.7833725540125893,8.105121202062909,6.514578354298549
563,3298.828125,1.7750613794001187,6.725510588110003,5.917748365695953
564,3304.6875,1.6264696319224972,5.47460795375632,3.5877129350353942
565,3310.546875,1.804855549870877,6.766114313631921,4.831671219372473
566,3316.40625,2.2104742950155574,7.69321672859618,6.273364828992834
567,3322.265625,2.047326857082066,6.786520702985625,4.8440964968551015
568,3328.125,1.8152158273209833,6.55122548627601,4.42541313522669
569,3333.984375,1.1969148428759575,2.9949341111488685,2.1139421069584015
570,3339.84375,1.4419108296565792,5.441865790562273,4.565972161380634
571,3345.703125,1.5677252813849203,6.322915385614831,5.472361420882155
572,3351.5625,1.3529939831482618,5.306239712008267,4.061820763523501
573,3357.421875,1.1151785614223444,3.0459229112220747,2.1355845380046716
574,3363.28125,0.27821733675799243,0.8069901577764933,2.0543987735888067
575,3369.140625,0.3659036717288195,0.9534708105125762,3.377458786756087
576,3375.0,0.8031537330667957,3.644360217208508,3.5233425467509787
577,3380.859375,0.7098759627726052,4.321292346619559,3.286792491191132
578,3386.71875,0.433707256882801,2.0027622293601075,1.8148156575039773
579,3392.578125,0.22597944032656062,0.7986204975512909,2.2068955420995024
580,3398.4375,0.37158479372839803,1.368309697268751,2.4313115229999878
581,3404.296875,0.6546359705453031,2.2265201565730397,2.2209336648562648
582,3410.15625,0.9652671885108229,2.488035580241619,3.5542478060541796
583,3416.015625,0.8990720693778089,2.07990002813915,3.9344352664105195
584,3421.875,0.8248657515174009,2.3642791687351834,2.4521255324337963
585,3427.734375,1.3398976519206982,3.3917061893186062,4.106208219785887
586,3433.59375,0.8163537165075583,2.2093619219654617,1.8195441110526551
587,3439.453125,0.8854410174056621,2.959021789605703,2.3121381821891407
588,3445.3125,0.70755086998225,2.9884691497881306,1.569398927693685
589,3451.171875,0.6316063137066572,1.8049506625420162,1.7449244369877208
590,3457.03125,0.5190589894521893,1.4680127602147586,0.9123076747031754
591,3462.890625,0.7456377025097289,3.3390938303195306,2.1689195709752713
592,3468.75,1.184687940424517,3.3504217388090805,2.6754080777516944
593,3474.609375,1.1434658503085746,3.405441531262254,2.5851459783686814
594,3480.46875,0.5086946852815155,1.2869033684917195,1.4847864564385445
595,3486.328125,0.9879776539237607,2.3196761387953266,2.1019320092062315
596,3492.1875,1.0331660795720878,3.3786857137627457,2.653200963312676
597,3498.046875,0.3544621406444685,0.9718613550035784,1.6188510550186335
598,3503.90625,0.8858819088060175,2.876083979642822,2.761534955961267
599,3509.765625,1.2792352615875906,4.004134141722709,4.3003527067692495
600,3515.625,1.1123249063360132,3.790285918195467,5.5053172024358155
601,3521.484375,0.7638145441332298,2.153126961304016,2.6809207497544625
602,3527.34375,0.6260947391030347,1.4970772293586865,2.2391445596501276
603,3533.203125,0.9281357117216311,2.6755927023151,2.6705837503008425
604,3539.0625,0.9118632270980631,3.225680670162326,2.6812879723686485
605,3544.921875,0.7770878451042488,2.5192860636003376,1.9853626734297027
606,3550.78125,1.034877748403314,2.9250030257183997,2.7688801263828293
607,3556.640625,1.0181198550012838,2.9141913382580795,2.4282439436458776
608,3562.5,1.4340422439644964,3.4145442007135474,4.258196423969065
609,3568.359375,1.2018963039193618,2.557665985603956,2.8359792579288485
610,3574.21875,0.871552792588562,1.718296686559972,2.3092338702896575
611,3580.078125,0.6910366324820313,1.9909535603822852,2.9197762196833494
612,3585.9375,0.45912435966937776,1.872091881679017,1.7809774434956518
613,3591.796875,1.3628769930540365,4.912948670212287,4.3503525264969225
614,3597.65625,1.7862683099760261,7.198720530439378,5.828036830119719
615,3603.515625,2.17652517071355,6.086570793305354,6.992630412936028
616,3609.375,1.9627745735938145,4.546497604429223,7.411782982181505
617,3615.234375,2.0435234647473854,4.591254202479696,6.61909953148867
618,3621.09375,2.588266744938482,5.528664728253978,7.553856412537775
619,3626.953125,2.9494158715990966,5.058410195570814,6.426624929486051
620,3632.8125,2.986654566554834,4.976245799102283,5.256026131983823
621,3638.671875,3.4325536417820124,6.710171585107487,6.413844251369897
622,3644.53125,3.239374420750944,7.784955778287873,7.782778640120099
623,3650.390625,3.4069378515412314,7.910645988547996,7.064107450899708
624,3656.25,2.945420935994963,6.325533822168348,6.588778242779798
625,3662.109375,2.032602340113447,5.335486796369255,5.240819249001395
626,3667.96875,1.8831109314498906,5.174152331379147,7.968432444856981
627,3673.828125,1.274935296420424,2.6728597211921628,3.1404123665325288
628,3679.6875,0.6284251318412338,1.8647953306966993,2.3285520916483056
629,3685.546875,1.403444609699136,4.398419186874153,3.4894538507447024
630,3691.40625,1.5055529446594675,6.025097306933195,4.3275912356693365
631,3697.265625,0.9432788312835582,2.686015919608367,1.9001480047476125
632,3703.125,0.7693239072042837,2.714122916155945,1.795354867098537
633,3708.984375,0.7278992931043758,3.392883660784029,2.085879865674072
634,3714.84375,1.0071520129446636,3.1905567290561963,4.743059072768854
635,3720.703125,1.2212368026009057,2.7022828550252136,3.693392699214533
636,3726.5625,1.7207652864788532,3.2082701034198116,2.82700484743123
637,3732.421875,1.8971366983797344,4.55569507258747,3.6658967227556847
638,3738.28125,1.8646204934724415,4.646553704503633,3.2939039890012913
639,3744.140625,2.498502009916179,6.7037074984802345,4.884254461966719
640,3750.0,2.3521443669999544,8.327486210099643,7.4719028187915315
641,3755.859375,2.8673456571072813,6.597715832738523,7.948386209409391
642,3761.71875,2.6847981267344165,4.437913679034983,6.48058057511152
643,3767.578125,1.9367040818238432,3.0351745857346066,3.783461656085255
644,3773.4375,1.4204330311936113,2.604575242985298,2.0546649834215494
645,3779.296875,1.7079875881267326,4.402990478287253,2.9342105342517852
646,3785.15625,1.7178410937051847,4.007944287592256,2.8771931056556985
647,3791.015625,2.1772646979811143,5.653785445904951,4.104489694491988
648,3796.875,3.2211623365580855,6.780892209304412,5.610757651346238
649,3802.734375,2.4862100403528964,6.06873222765614,4.272519127805761
650,3808.59375,1.7323681665121993,4.100491753712434,3.856839280356627
651,3814.453125,1.4293426773477458,4.071771714367669,3.944057519358438
652,3820.3125,1.338610599461455,3.713923302932315,4.666208932882183
653,3826.171875,2.0154275679946143,4.0705298501850615,5.6500917796814045
654,3832.03125,2.0373446573805065,4.7276011899714145,5.2984752096373455
655,3837.890625,2.539683307959652,5.810002361802042,7.556397842919892
656,3843.75,1.931212137737248,3.6467220845995048,6.741642363525344
657,3849.609375,1.5124612260617327,2.8143102974430096,3.9875273992257068
658,3855.46875,0.8515065867251232,2.1590193776209077,2.1919907156735463
659,3861.328125,0.935415192547152,2.207857448804038,1.8284003065726597
660,3867.1875,1.210579084027612,1.7106507634744108,2.4550675568774443
661,3873.046875,1.1159500929298127,1.3404098169372973,2.817363635996115
662,3878.90625,1.6154258815621763,2.0140217746568148,2.798107169806827
663,3884.765625,1.3595628837758,1.7389555667147376,2.065293192869465
664,3890.625,1.1262492393685848,1.5797581305579245,2.548390969536948
665,3896.484375,1.7256618675050968,2.7474518355006583,5.255036579797463
666,3902.34375,1.6493100048293865,4.234858520853529,5.259980773117057
667,3908.203125,1.194470926861212,2.521596008555168,3.6501254704328634
668,3914.0625,0.8229927028856047,1.7443104155357296,2.299531800226489
669,3919.921875,0.9896643902956892,1.897970964464529,4.100834521771982
670,3925.78125,1.2842701319689096,3.074672512135491,2.4883194263085318
671,3931.640625,2.260180932914567,6.183315729922439,7.17728715398998
672,3937.5,2.4283719630811644,4.133113257246001,4.503006808453001
673,3943.359375,1.7422899926913444,3.3990837344425398,4.953199736509841
674,3949.21875,1.23903715384155,3.048113357283095,2.8696517524539873
675,3955.078125,1.4997594483945564,3.242077717169533,2.6868255445960085
676,3960.9375,0.7276002855378995,1.598661126782099,2.5424920463459832
677,3966.796875,0.6086539362765597,1.0059152081465583,1.4639797784202293
678,3972.65625,0.6643647155926995,1.0838803055512463,0.9940064225274944
679,3978.515625,0.6700335353298934,1.110883616246582,1.2060052204848695
680,3984.375,0.7780652155564852,1.1531841086799774,1.3022428417695124
681,3990.234375,0.5745339186964554,0.7704138580717526,1.6855519496037192
682,3996.09375,1.4174054122477628,2.67733975010926,1.6637630719718393
683,4001.953125,1.408317605770498,2.7567069389989745,2.7590268185341693
684,4007.8125,1.1247728633108152,1.7717413877005808,3.4472200251546505
685,4013.671875,0.551706781218793,0.75,3.497484570274443
686,4019.53125,1.2017402862912472,2.316212965001784,3.2303250724480654
687,4025.390625,0.9707258580748053,3.540422963056005,2.7779636061699833
688,4031.25,0.49603679222803915,0.9840194589617531,3.207254632445823
689,4037.109375,0.921855411673385,1.7892536480226264,3.2112080766751907
690,4042.96875,1.9247515749036443,3.96556086752326,4.9552009507680035
691,4048.828125,2.5240597123444597,5.97202161930148,9.369396576806329
692,4054.6875,1.7508184086475929,7.252436033411167,4.550109476458972
693,4060.546875,0.874788691110839,1.6865098403624723,1.4523506055016486
694,4066.40625,1.138810742403584,2.068536111588805,2.1801839201176145
695,4072.265625,0.7720060049411396,1.8861696748327672,1.295820352406282
696,4078.125,0.28664881323958497,0.7656736599248888,1.7133283619747859
697,4083.984375,0.6688844919120998,1.551506345739014,4.125449016587519
698,4089.84375,1.642528841981923,3.97163337800347,5.54890355202562
699,4095.703125,1.356702377002871,4.3328824214310835,3.3716746866318066
700,4101.5625,0.9977950822442373,2.596493043168014,2.924063979057162
701,4107.421875,1.2558758706934035,2.6182995307470263,4.3334006772523415
702,4113.28125,1.4656230808091004,3.4617985316271707,5.089720247874671
703,4119.140625,1.6147645474941856,7.5291762447411195,5.849764908915605
704,4125.0,1.4567107876361787,3.947800512831189,3.947033294942299
705,4130.859375,1.1858307500889584,1.9579833359742735,3.2598262449656166
706,4136.71875,0.24371744133954518,0.75,3.345568805126812
707,4142.578125,1.230086133175222,1.8346939645358027,1.9554065811995203
708,4148.4375,2.072705733866282,3.3369504834740287,4.844875299057496
709,4154.296875,1.8467564432667367,3.244320563650071,4.73259581381349
710,4160.15625,1.4055788035264225,2.6853006244125783,3.2598672261490758
711,4166.015625,1.5226733563437214,2.361118507035766,2.7324807248357432
712,4171.875,1.6497202356840253,3.1134395423551,3.094388027384122
713,4177.734375,1.0046049137921558,2.5514094747439837,2.2333871012983137
714,4183.59375,0.2974693949480556,0.8146484530887238,2.0769369146760277
715,4189.453125,0.9395134258883633,1.711078465970254,3.7670272877698454
716,4195.3125,0.7115782842302689,1.6115692186082238,3.1692442437741977
717,4201.171875,0.08167480711671742,0.75,3.9313969016454227
718,4207.03125,0.8735132040898405,1.6112236122813886,1.5632880969901812
719,4212.890625,0.7644699482823971,1.5016120000208915,1.456394226191111
720,4218.75,1.447986997084684,2.4273775789270964,1.834195620339588
721,4224.609375,1.548840052554579,2.464696739261625,2.2157383129954025
722,4230.46875,1.5828620497808088,2.4195817419849464,2.084394801354223
723,4236.328125,1.9239255847526469,3.062328721065416,2.7598287393722774
724,4242.1875,1.4045959489315423,2.3603785569240507,2.0109093588281604
725,4248.046875,0.3146678449097858,0.75,1.3401249089985414
726,4253.90625,0.1268716646192065,0.75,2.4200315760792357
727,4259.765625,1.0182794333912841,2.3053084474870387,1.4763524753461819
728,4265.625,1.2647714583345357,2.4225083132507104,2.237217493750307
729,4271.484375,1.1843286504115544,2.6997246452650145,2.126502938150534
730,4277.34375,0.34086411559394525,0.858240890142513,1.7079300206259271
731,4283.203125,1.511589510052429,3.2026855265077234,3.4585267666720076
732,4289.0625,2.1652513278781345,4.607393316577556,4.2332460659091495
733,4294.921875,1.7001816707089266,3.227458949901502,3.341352280254759
734,4300.78125,0.9903361209572603,1.8806768218122447,1.6410127431463486
735,4306.640625,0.846411669160066,1.8828764015207482,2.0375091818173425
736,4312.5,0.5272647250954656,1.1192056226571898,1.4129840659740227
737,4318.359375,0.08642134696659375,0.75,2.3669124105555666
738,4324.21875,0.366029231529663,0.75,1.6841497625295356
739,4330.078125,0.3853906944607442,0.75,1.3432314353089458
740,4335.9375,0.4465766972783775,1.1094817812668911,1.0020475731112504
741,4341.796875,1.822732346997868,4.167867304805085,2.307104365747059
742,4347.65625,1.8061298123674463,3.404034799193176,2.747189125160991
743,4353.515625,1.1163098198692814,2.1512963694449643,1.9069589312872932
744,4359.375,2.095977316257693,3.958269912457837,2.475690247780131
745,4365.234375,2.8122180141330033,4.209724047075095,2.270226730612209
746,4371.09375,2.0409928842712355,4.1012787709177765,2.9164105879945024
747,4376.953125,1.7821347577208593,2.6912509313777546,2.554471592352903
748,4382.8125,1.6901474675345802,2.5314034479959835,1.8651624924640187
749,4388.671875,0.7305532971280918,1.0522592681661767,1.7635523760358602
750,4394.53125,0.4355268772816949,0.75,1.5192129276979582
751,4400.390625,1.3756677705397782,1.9713769973425235,1.602852749205406
752,4406.25,1.3293007576864977,2.539005143762096,1.4066582804569177
753,4412.109375,1.2779255311117335,1.8621149401492718,1.0950326346891632
754,4417.96875,1.3875780073001167,2.634776650324744,1.5527577435662867
755,4423.828125,1.4753639284427285,2.553039782434186,1.9590188911169226
756,4429.6875,1.657427197590239,2.8745150683437806,1.9892956808370865
757,4435.546875,2.237945789226834,4.227789839693152,2.373046329080955
758,4441.40625,1.49425999666265,2.4744711968451156,1.703648149945931
759,4447.265625,0.7002541348360695,1.2903032130041714,1.329430934370061
760,4453.125,0.38583558422127456,0.75,1.3591445940250104
761,4458.984375,1.123383089652104,2.110205703033641,1.0736508105006994
762,4464.84375,1.485223370928477,2.4296985702583,1.4247579276362332
763,4470.703125,1.5753560497009849,2.645338483600949,2.077638106888651
764,4476.5625,1.5911826870894303,3.0544066451654324,2.4793149365081715
765,4482.421875,1.5473541874453702,2.965012484980972,1.8191035943619984
766,4488.28125,1.4260756461733228,2.3086236450889044,1.5065406342654322
767,4494.140625,1.3595436247647477,2.797807298383953,2.3445532889550873
768,4500.0,1.5680616623290098,3.468097873317963,3.8114924811671482
769,4505.859375,0.8209657321426974,1.9263608777223604,1.6714846845343616
770,4511.71875,0.9761315472221648,1.876747432903751,1.9183695411161852
771,4517.578125,0.43689307228271335,1.0555188156565853,1.817477815089566
772,4523.4375,0.8942094993164007,2.222837407898209,3.2091569997171394
773,4529.296875,1.2200920003126274,3.423792810999921,2.67710506514489
774,4535.15625,0.5075243542890473,1.3770562315107082,0.9807483083814827
775,4541.015625,1.570653284492756,3.2895933755904125,2.950028609813525
776,4546.875,1.3616546285383293,3.496203335628187,3.00083487298524
777,4552.734375,0.8037602018508501,2.183450051846952,2.675038618537116
778,4558.59375,0.7810218469696874,2.1838794916310045,2.274960404109611
779,4564.453125,0.21298387780592493,0.75,1.1392461038407091
780,4570.3125,0.9212990756177419,2.3971453647130545,2.2760077942249137
781,4576.171875,1.0126669998294067,2.5266112824727025,2.9144035142031357
782,4582.03125,1.1032802978334955,2.362390814228725,2.8808358334797273
783,4587.890625,0.5441956758722,1.6108349576113872,1.3854676547314895
784,4593.75,0.664522085905001,1.9657400992346998,1.4306485927949009
785,4599.609375,1.3500207672072793,3.579872573286888,2.8072173511433998
786,4605.46875,1.219134005659324,3.122473292475477,2.8716305978801837
787,4611.328125,0.8889419121165634,2.482445096137016,2.7157965409273133
788,4617.1875,1.1904775748693386,3.056389353591272,2.9182777457206632
789,4623.046875,0.864824643172689,2.09722377980435,2.1777376598534537
790,4628.90625,0.4754096746243439,1.3120353641939828,1.768081260987579
791,4634.765625,0.4192446382861136,1.1578544826395525,1.5022998983462303
792,4640.625,1.0126906805131204,2.0848921871973065,1.9145847932794522
793,4646.484375,1.2313382714785308,2.9242062994450224,2.563024518433168
794,4652.34375,1.2358538369501146,3.5580375961401787,3.2258507803234977
795,4658.203125,1.047561906497563,3.386250025050815,2.3496724999409957
796,4664.0625,0.4097745159708878,1.4823308145277176,1.231466847428599
797,4669.921875,0.052503165745824386,0.75,2.9293275393217133
798,4675.78125,0.34645349120640745,0.8955767981447113,1.5011744477786217
799,4681.640625,0.4657838808339373,1.3135713622604737,1.1605688684083673
800,4687.5,0.3962588228413323,1.5502521595885157,1.4421028842961958
801,4693.359375,0.2800473501918696,1.1771858183674777,0.5823214455914044
802,4699.21875,0.21306260560251214,0.7741663750764374,1.0151253337420707
803,4705.078125,0.29824527040834425,0.75,1.4217896023160006
804,4710.9375,0.9495602910072338,2.130995713838094,2.242323313301763
805,4716.796875,1.607975607172,3.962964327216464,3.4443871607834264
806,4722.65625,1.4434643538756469,5.012049841616568,3.1876118728620377
807,4728.515625,0.8598382543520072,2.896211465865572,2.0001560857987495
808,4734.375,0.5028471751846498,1.2343064351174766,2.26473622566575
809,4740.234375,1.1104400999852635,2.803075156958442,3.560643501628919
810,4746.09375,1.6370816041253096,5.0239046800096725,3.682194090869554
811,4751.953125,1.515504194396089,4.67268708599256,3.0884319438769663
812,4757.8125,0.7475606701688218,2.8368446227768382,2.2610100597022798
813,4763.671875,0.5983804091652037,2.9287132491659524,2.4185785160737265
814,4769.53125,0.3823536730908583,1.853908237714621,1.7530206600527172
815,4775.390625,0.5471029840222795,1.7461177576661124,1.7166876013255685
816,4781.25,0.6621703909257249,1.5126467628297182,1.7455624546290818
817,4787.109375,0.38090681857945835,1.1358198809011515,1.4878589467683492
818,4792.96875,0.7827126163770075,2.798739797892983,2.402356447532087
819,4798.828125,1.1949614847713501,3.994496750446258,2.900179015664858
820,4804.6875,0.8341723263652487,2.2159155864896523,1.7812844281640237
821,4810.546875,0.6567445107902892,2.3918208127677922,1.418257766853502
822,4816.40625,0.4343691428902344,1.5975041103222085,1.0676382721766815
823,4822.265625,1.0174308582753884,3.3022300117609253,2.4586290335331893
824,4828.125,1.338307023084096,4.791755113842747,3.5931411141675356
825,4833.984375,1.1167158978793343,4.039453217528068,2.1245118903994364
826,4839.84375,1.254966063838318,4.067778840597769,2.883705083298863
827,4845.703125,0.8754775926723324,2.718276667261677,1.9368360691380946
828,4851.5625,0.6978602501907357,2.038470551759138,1.1840244889071836
829,4857.421875,1.0965319471130741,3.0315506361791016,2.3345510730544423
830,4863.28125,0.9977572495516638,2.450168103811207,2.597768719627266
831,4869.140625,1.0625115697412513,2.997979847742572,2.4928299285898725
832,4875.0,0.9352552172385581,2.737830766802099,2.3156979399825097
833,4880.859375,0.7766675894856151,1.9105816202968295,2.18695858768543
834,4886.71875,1.3476862381197836,4.1311294145386706,3.6346147347255653
835,4892.578125,1.3594769955121513,4.642149448106567,2.8114205662107863
836,4898.4375,0.9003110369753788,2.6110683196121935,1.9652474899253092
837,4904.296875,0.35855242184324837,0.7960829663655706,1.2316455734831175
838,4910.15625,0.8917029796405115,2.1183113907366415,3.016055943950304
839,4916.015625,1.4624411739574734,3.483881181887048,4.586487666179698
840,4921.875,1.7592619931436693,5.509057888723952,4.48760900002992
841,4927.734375,1.4955577488802883,3.892909857441383,2.582940186060726
842,4933.59375,0.9216476728984131,2.467933593891679,1.8322218692789671
843,4939.453125,1.1629230398695156,3.248630665924156,2.3459344848387693
844,4945.3125,0.9010487454706022,2.0767514186278007,2.361784995799316
845,4951.171875,0.4812934803875883,1.0260893803626863,2.0473570765523577
846,4957.03125,0.08517583620168619,0.75,3.476738233571382
847,4962.890625,0.7463736068236259,1.754779018223175,1.2438324862932035
848,4968.75,1.6758491912374993,2.5417495219585957,2.7156389510045584
849,4974.609375,1.7015225228308428,2.875256828245329,4.22847467914009
850,4980.46875,1.7105096609836588,2.5981206126979677,3.848160341954111
851,4986.328125,1.1000638936555884,1.5611334368781584,2.2246165461614975
852,4992.1875,1.3171502304023095,2.155718385804918,2.7572756138434324
853,4998.046875,1.4376472920782457,3.1892074465296427,3.986662088180762
854,5003.90625,0.4668189450835768,1.0560560179123442,1.1921835975464734
855,5009.765625,0.49106722209310066,1.4043069793315701,1.4802090571852395
856,5015.625,1.0046778110809207,2.457237783440376,2.438066288330053
857,5021.484375,1.2584427450793516,2.819690648190788,3.6582622745761553
858,5027.34375,0.9898492443997418,3.214344692962224,3.4476244180475395
859,5033.203125,1.1493534324534316,3.557086304557899,3.3751266687254553
860,5039.0625,1.7269937115632144,4.21381661600863,4.930660827635827
861,5044.921875,2.0643510229650097,4.399785596575469,6.595867193383852
862,5050.78125,1.5625428913491521,5.436381407111581,5.295106009357017
863,5056.640625,0.7436248349381285,2.3220770443027208,3.030824309037881
864,5062.5,0.9974842105325178,2.8355114105101804,2.9012680257968197
865,5068.359375,0.8428492964481611,2.783540033959874,3.5916400245470013
866,5074.21875,0.3199351783152492,0.8457127399166671,2.2084840774310557
867,5080.078125,0.4428733327640463,1.1003380029959158,1.3146742272946546
868,5085.9375,0.5021856307502388,1.2982029019361028,1.3027629000514176
869,5091.796875,0.653818981971908,1.5211541771800632,1.896416740236768
870,5097.65625,0.9710273585562806,2.430990309538225,1.9437522309193334
871,5103.515625,0.61401313676473,2.2134196239961117,1.316199553749375
872,5109.375,0.5977749766372644,1.8959916266812784,1.4761601027427829
873,5115.234375,0.8803029818633149,2.9273861352679655,2.1368024797977583
874,5121.09375,1.4970997312412624,4.951737270555716,3.961880068081175
875,5126.953125,1.6608760448355686,4.754312652746542,5.17511723823351
876,5132.8125,1.216535374899683,3.240947863957186,2.848983293747262
877,5138.671875,1.1142260767866439,2.4626493568286763,3.6148012533793072
878,5144.53125,0.7573634345109673,1.5329537574228849,3.1861424363907287
879,5150.390625,0.8188787880258392,2.0861541298362383,2.478306048736125
880,5156.25,1.0879874030978791,2.4890813914290755,2.842766817162784
881,5162.109375,1.7165806705428546,3.6553343581858475,3.2894164510321824
882,5167.96875,1.7361677999874634,3.4455961618106397,3.4984403961512753
883,5173.828125,1.6532439326909205,3.3675887636900277,3.6370871359250767
884,5179.6875,1.272585403733009,2.12655321170355,2.230631455680867
885,5185.546875,0.49934467132762966,0.9007817443558457,1.5433795187784887
886,5191.40625,0.7086270101763057,1.404463072981866,2.1034236903325025
887,5197.265625,0.8414357122633574,1.9680073782738523,2.124854226796247
888,5203.125,0.679771134691009,1.4399181984390728,2.2678433673267526
889,5208.984375,0.4360827219647606,1.1423111786431908,1.4771451978771155
890,5214.84375,0.8397476696096658,2.878787820812122,2.728099807304923
891,5220.703125,1.1201539370165352,3.8613106862698574,2.7348092430817235
892,5226.5625,1.3656997220656135,3.513572796228866,2.7336680816936254
893,5232.421875,1.0771063207803513,3.087765023262567,1.6198699102358836
894,5238.28125,1.0099467004544882,2.7660149687204303,1.9920922384213207
895,5244.140625,1.2536615511358629,3.2829678885189697,2.4225293365114604
896,5250.0,1.3105916864750138,3.083624721350063,2.3337379100754463
897,5255.859375,1.5553969141681383,4.648694634303393,2.9935442882624264
898,5261.71875,0.9987000325499602,2.374102971278635,1.4964525351883597
899,5267.578125,1.39801560026996,3.4792387185269757,3.2653757845816656
900,5273.4375,2.57026567552669,5.341807774704985,4.177754224977861
901,5279.296875,2.125182859139511,3.890660337650881,3.6316304243896544
902,5285.15625,0.7781089524122139,1.4032123926306659,1.8647612766035242
903,5291.015625,1.4748934882608902,2.515575960891442,1.5869113277408482
904,5296.875,2.0436825286371514,3.467179950934601,2.380660805244796
905,5302.734375,1.8904168422967835,2.698067573241719,3.4562463180899314
906,5308.59375,1.289809837754493,1.8399820928776343,3.116678641564864
907,5314.453125,1.2909478970254828,1.9550128054563338,3.07197355905944
908,5320.3125,0.8532669518146132,1.6172743869209394,2.4378596474040224
909,5326.171875,1.12139691298966,2.03268860426172,3.1697747421511866
910,5332.03125,1.3053493068495683,2.1668648961925907,2.43634184827844
911,5337.890625,1.0240947831649594,2.1102618891837803,2.5891009207796394
912,5343.75,1.0390029406517691,2.1506334984002002,2.0699719510295305
913,5349.609375,1.2269080934225978,2.0644724375579298,2.7088451810520056
914,5355.46875,1.6032936810180045,2.336888609740636,3.0067023589426087
915,5361.328125,1.59922928227041,2.728896262937833,2.4735302884313852
916,5367.1875,1.5146393957710975,3.110603961833127,1.930361984702771
917,5373.046875,1.3919509423441496,1.9691142699306041,1.3791235229803345
918,5378.90625,0.1041354331853324,0.75,6.732401614900522
919,5384.765625,0.7356380858231808,1.0481834975996303,4.258159319393493
920,5390.625,1.197141794375532,2.445679701491766,3.2919966909328866
921,5396.484375,1.0054719534290388,2.1921877239960805,2.5298958152592146
922,5402.34375,0.21139964028514194,0.75,2.5661596837502985
923,5408.203125,0.9000073927067402,1.0742096316392142,2.901847015843014
924,5414.0625,0.9076479556058744,1.1565915293582494,2.756291056370211
925,5419.921875,0.7337252292189125,1.1057441371244683,3.3069962386920153
926,5425.78125,0.7821189754355217,1.290149499278554,4.015223261973555
927,5431.640625,0.6747428852933088,0.89480607710707,3.3613483190467797
928,5437.5,1.065234809287879,1.4945779587279568,3.5646434423063993
929,5443.359375,1.2264010606002478,2.246730923652141,2.776714706431981
930,5449.21875,1.2052960664295624,1.6633819564935497,2.191258990370715
931,5455.078125,0.8922810334053007,1.3913083726796907,3.18133066188051
932,5460.9375,0.4548073300913817,0.75,2.6606761493946167
933,5466.796875,0.4421988370101608,0.7918206286144156,1.8082375699597515
934,5472.65625,0.48759029065467197,0.7874021403538117,3.6054581337901093
935,5478.515625,0.6950152219183147,1.1330248899473474,2.6608343989944134
936,5484.375,0.23850455763588194,0.75,2.8099476669767847
937,5490.234375,0.8665024094986459,1.2913451854767952,1.9888502426615255
938,5496.09375,2.2138637097419926,3.229608924205091,5.88656664848665
939,5501.953125,3.212052596517874,4.12251818642484,4.828369167090837
940,5507.8125,3.661197691389389,5.033232122339845,5.110619976290294
941,5513.671875,1.962694421175881,3.1444800988305746,5.095358842627537
942,5519.53125,1.7361458718520524,1.9822392264132684,3.4621155878370384
943,5525.390625,2.136172116668579,2.35499025050044,5.664648690042902
944,5531.25,1.9069972146597154,1.8290337645810848,6.768043208954312
945,5537.109375,1.4520959041962183,1.2684875750417808,4.929362233606947
946,5542.96875,1.4268160381860522,1.1813717885403874,2.9825773159143694
947,5548.828125,2.3524708931974403,1.8001593207207025,3.3819479816490037
948,5554.6875,2.873131154082482,2.0384952765376774,4.046324993636267
949,5560.546875,2.729109742908207,1.9444730550752163,4.024554056496121
950,5566.40625,1.594712353165066,1.2976399750339644,4.531917452322736
951,5572.265625,1.2914951486537949,1.3962697212095283,2.7935911786927354
952,5578.125,1.4550948634613563,1.3814513066833602,3.411632810111152
953,5583.984375,1.0390769964850581,0.8904215380033423,3.695669475827106
954,5589.84375,0.2765627979303247,0.75,6.040987132402756
955,5595.703125,0.10651964232167448,0.75,5.153017301858185
956,5601.5625,0.8942659258133147,1.2147025299358347,1.5291791171947535
957,5607.421875,1.7946696136364901,2.3918504030592613,1.758728057682006
958,5613.28125,1.5511435934468853,1.9371882665899782,1.2205131836503507
959,5619.140625,1.6077790268857746,2.9257053602844723,2.180472593551546
960,5625.0,1.677425191249067,4.1094331908083825,3.6625605426415393
961,5630.859375,1.5565858738634037,2.684819650849722,2.9674288431441482
962,5636.71875,0.5803769649986041,0.8392899287617914,2.950370035295655
963,5642.578125,0.40028391010721953,0.75,1.1890424204328447
964,5648.4375,0.5184394354138927,1.0570967423422748,0.7173387329924067
965,5654.296875,1.131895261216564,1.953455487870633,1.2173737449116682
966,5660.15625,0.7211277865781399,0.9774903410837741,1.4864135200487993
967,5666.015625,0.8559044254042067,1.5812059352324346,1.1316607566124697
968,5671.875,2.1375799596479403,3.6248154489670563,3.7339292438128693
969,5677.734375,1.8980683507567861,2.1975395670412756,2.057356591418938
970,5683.59375,0.9624939094721211,0.7970942584846785,1.5189664600276795
971,5689.453125,0.5943583177412678,0.75,2.243276485158115
972,5695.3125,0.5145507319910576,0.75,3.2317209909335634
973,5701.171875,1.6977269266477952,3.1950718828121927,2.4503580888494136
974,5707.03125,1.2236618016031793,1.5070278644047939,1.5241205876294446
975,5712.890625,0.7686894591978575,1.1829529208538276,1.101657987997517
976,5718.75,1.4706812435723329,2.336703827852783,2.10584034758372
977,5724.609375,1.6369391281386254,2.811643227090709,2.4181720978442507
978,5730.46875,1.6646534615216764,3.2524125931572927,3.179013762087088
979,5736.328125,1.342405210578383,2.305123680747379,3.06788228094981
980,5742.1875,0.7163456497759478,1.2731599246055358,0.7938903469820305
981,5748.046875,0.4036154315460107,0.75,2.254600286308828
982,5753.90625,0.2781383766503428,0.75,2.43144157614952
983,5759.765625,0.22780005601719125,0.75,1.9407134591960806
984,5765.625,0.5085547516047546,0.9496600295711477,1.401319217979134
985,5771.484375,1.0443035376170362,1.8182530646928194,2.242112600806362
986,5777.34375,1.1535642867793092,2.129326656036285,2.7293427992877577
987,5783.203125,1.4848262102176368,1.9113746165005718,4.321317567354703
988,5789.0625,1.5285311577833745,2.30001876191827,4.883508166983236
989,5794.921875,0.8522115017304467,1.5120287624472395,2.164021622121582
990,5800.78125,1.40315360199853,1.8993103085917165,2.339583886783725
991,5806.640625,1.227628563000573,1.5332023876567613,2.412732321011087
992,5812.5,0.48825604770622427,0.8323092301062412,1.6948743492878289
993,5818.359375,1.384501333524718,4.570444665927203,3.5444515886265346
994,5824.21875,2.2001352538588512,6.7971713079355665,5.159082181330252
995,5830.078125,2.0764340347022046,5.12801960723683,4.252824646844997
996,5835.9375,1.7787581198961357,4.102192445333085,2.2311644952991583
997,5841.796875,0.896890180377198,2.0229599053313594,1.011187926696369
998,5847.65625,1.123801971808951,3.2799001864243844,2.639844983477953
999,5853.515625,0.9650727327982397,1.5675280884972422,1.4918599698273298
1000,5859.375,0.8932526433435607,1.425693333766242,1.5085381529133552
1001,5865.234375,0.8421811567234594,1.2920141980970994,0.9201683084205206
1002,5871.09375,0.7832177319957466,1.4562380012886045,0.8991790213302762
1003,5876.953125,0.7656525492090529,1.4221248830598983,1.188847016747219
1004,5882.8125,0.8493546455744914,1.9267079028722909,1.413264422581956
1005,5888.671875,1.058225274307513,1.8126537805188152,2.698187848277735
1006,5894.53125,0.8732723268359888,0.942407235243184,4.723331713349681
1007,5900.390625,0.718224620560456,0.9837221301650112,1.426877316556184
1008,5906.25,0.7753828241430285,2.1342581837056556,1.5029164077554178
1009,5912.109375,1.2273294684508906,1.8185858927646097,2.0655096845912344
1010,5917.96875,1.853641676515971,2.629299316224231,3.5458189002939067
1011,5923.828125,2.011780804426244,3.269361763333573,3.3653465115029757
1012,5929.6875,2.9110789014111944,4.330980027418329,4.157016172158777
1013,5935.546875,1.687226612595565,3.605027930374051,3.030610643385189
1014,5941.40625,1.0314655048328343,1.8060810695250213,1.8050333287131164
1015,5947.265625,2.235817812629234,2.64188774209679,3.3497381034472937
1016,5953.125,2.0768876469453645,2.138961709638174,2.756029398813421
1017,5958.984375,1.5607900282613285,2.2484791337318146,2.785714919788795
1018,5964.84375,0.9126229130082882,1.9355712879086537,2.4724211541483587
1019,5970.703125,1.1795078759608082,2.463269833511651,2.395735569798285
1020,5976.5625,0.9695420354556208,2.117498547239235,1.8785219050517195
1021,5982.421875,1.8147263617993317,3.2183951299572002,3.05935177212656
1022,5988.28125,1.880964211880451,3.7843134472095388,4.445087675591166
1023,5994.140625,2.237765670826049,4.278481092837592,3.429603839938525
1024,6000.0,3.201088916931678,6.631978778576088,3.6838215196529682
1025,6005.859375,3.069838352082633,5.647843978772677,3.0096692017725224
1026,6011.71875,2.19625259311472,5.4917907614807895,3.4430307944155447
1027,6017.578125,2.65984192126296,5.984919390269838,4.033271550930018
1028,6023.4375,3.7269393085821365,6.330209694923889,5.039689533945276
1029,6029.296875,2.96435099392624,4.910803764593815,3.2951979308356787
1030,6035.15625,3.405199921636843,5.755756397057295,4.384789652693124
1031,6041.015625,3.3298486448227105,6.312523171966674,4.712341885301464
1032,6046.875,2.160746558731284,5.347653440330082,3.610495559611175
1033,6052.734375,2.4521144939784327,6.672466947010813,5.572797748037432
1034,6058.59375,2.8224265345429713,5.866673108127376,5.703126846223362
1035,6064.453125,2.305533368960943,4.595856373036927,4.066215814169947
1036,6070.3125,2.3672148112052915,6.20549344823549,7.289565750121735
1037,6076.171875,3.030632576530347,5.929453935510394,4.563970153455525
1038,6082.03125,3.680222174680056,7.142213980367304,4.830788843233341
1039,6087.890625,3.485839440537843,6.206233287932582,5.281070466189076
1040,6093.75,2.5000481270600887,5.460712098358561,4.535351698676199
1041,6099.609375,2.7013106332869983,6.566937995452427,4.257357790281985
1042,6105.46875,3.0094907907563915,5.995670248894154,4.407589706693524
1043,6111.328125,2.7630802933718193,5.30951691495321,5.1277143117486395
1044,6117.1875,2.218511333306518,5.190726281328105,4.641882882397139
1045,6123.046875,1.7717388320415999,3.889501234347577,3.781353795356611
1046,6128.90625,2.2532948029732394,5.644317941624021,3.095537377475628
1047,6134.765625,2.992172590420933,7.079637999404065,4.142254644868617
1048,6140.625,2.8615409961831073,6.805446755234822,6.006584133581307
1049,6146.484375,3.2565084543038467,8.06860475838889,5.98714602467032
1050,6152.34375,2.3622955395642298,5.746894340252203,4.277647938640204
1051,6158.203125,1.777248519398321,4.036252117390139,2.340274014114231
1052,6164.0625,3.1410727853877805,8.727794550921306,5.041519118044831
1053,6169.921875,3.8734112407067616,8.156038155695706,4.690414242376547
1054,6175.78125,3.9859513342829427,6.8013641555344755,4.450000150167719
1055,6181.640625,3.817301858603608,7.13940225507496,5.357453835952402
1056,6187.5,3.6751310193207325,7.016720953592833,5.534982583764283
1057,6193.359375,3.3600361265372007,5.875318191170202,4.4096542980596265
1058,6199.21875,2.3158976362534456,3.993932216498183,3.9212025958961525
1059,6205.078125,3.0903377360132134,6.604034615060866,4.402485939119431
1060,6210.9375,3.2301679383274395,4.1149514897842945,5.159042085784402
1061,6216.796875,3.931217868966757,4.3332497553410665,5.457189063489895
1062,6222.65625,3.636659092952518,4.88508960953435,3.572546962111115
1063,6228.515625,2.9120892096733146,6.08816152472922,3.671833691871258
1064,6234.375,3.8437085497213057,5.687599139485817,6.771121436091953
1065,6240.234375,3.5727824721591213,4.23890412827361,4.74278409531119
1066,6246.09375,2.6374772540689193,3.0496753022057055,2.905817934830391
1067,6251.953125,3.721122517155915,4.984733073133766,5.081603379972929
1068,6257.8125,3.044796906387036,4.568621373579128,4.268225575915193
1069,6263.671875,2.8540529173123086,3.569117718473721,3.9015479341761092
1070,6269.53125,3.1158887849240573,4.932714079403491,6.187131196994372
1071,6275.390625,3.702597096092263,4.281492717390905,5.4395752495502725
1072,6281.25,3.9042466088089167,4.931610425351232,4.555641704577468
1073,6287.109375,3.1228453366821562,4.947502387202058,5.37782675320004
1074,6292.96875,2.3949748535991415,5.500005495410712,5.545740675178373
1075,6298.828125,3.0400842715423604,5.3711987139517285,4.211933555424037
1076,6304.6875,3.495574459121099,6.0438071674985805,4.097335953480877
1077,6310.546875,4.212970083448488,6.235576738378971,4.12999749946687
1078,6316.40625,4.207721162954957,7.504655241480505,5.794183786778234
1079,6322.265625,4.4054197551166006,6.78600179813359,4.692284114694036
1080,6328.125,4.81392579666281,7.158176857653162,4.815612168343664
1081,6333.984375,5.200056076041618,6.913124991820686,4.636549312740153
1082,6339.84375,4.507974365445949,8.366009102037669,5.580939669319726
1083,6345.703125,4.269862669959294,8.188527647048577,6.07848703735109
1084,6351.5625,5.389458125358254,9.54168028171225,7.730620317166295
1085,6357.421875,5.147386728937296,6.9388461854619194,6.5865683704918805
1086,6363.28125,4.934972371486046,7.382743544687541,7.017714353962204
1087,6369.140625,4.537606951801287,8.920970128598814,7.779928834677461
1088,6375.0,4.05318374072218,11.845161053477195,8.166544876008416
1089,6380.859375,3.9832859651210186,7.8213840138109525,5.557140781680731
1090,6386.71875,3.7440308809148104,7.925745495613022,6.484002710013052
1091,6392.578125,3.9213239313634096,10.17779359390414,7.400509598198964
1092,6398.4375,3.5950273054970743,9.165204285862359,9.569847322189124
1093,6404.296875,3.649192306993365,5.365496062132596,7.632128863795898
1094,6410.15625,4.411024429734601,5.126341016633651,7.664537182102623
1095,6416.015625,5.047774174027597,6.994914721980664,7.612594800373318
1096,6421.875,5.063364609992702,6.488679578718139,6.0996916233711005
1097,6427.734375,4.515668865781651,5.695493747209568,5.145832395202718
1098,6433.59375,3.5793064679092197,5.189404511484167,4.393461384962865
1099,6439.453125,3.937762454627428,5.289672130624688,4.6902249024538705
1100,6445.3125,4.8264073268942065,7.255099029326264,5.72928748764338
1101,6451.171875,5.8538611362368105,7.622611425562468,6.545299095615811
1102,6457.03125,5.6259435977845955,5.478528907457852,6.173461207495984
1103,6462.890625,5.256678491983762,6.3871542589049355,6.7412065678382245
1104,6468.75,5.8075507367155526,7.956538884116488,6.229870732084854
1105,6474.609375,6.171101865215405,7.4736370611663645,6.292749366501174
1106,6480.46875,5.596010238314971,6.117863585799876,6.408807747771055
1107,6486.328125,5.939990429546296,6.200525948650288,6.511924331681764
1108,6492.1875,5.689583660851935,7.3501334610727165,6.906350228339804
1109,6498.046875,6.745283086856066,9.213409796334977,5.967160401025437
1110,6503.90625,6.926609951748464,10.606251811174218,8.17719024923655
1111,6509.765625,7.8067446287416296,7.782391376021684,8.086972036014409
1112,6515.625,7.754143829033425,6.257696599177384,5.5080738306353
1113,6521.484375,7.342879701194173,7.665621952900287,6.215402483036676
1114,6527.34375,7.336014655553733,8.496857177378944,6.0391425470559
1115,6533.203125,6.297429702689903,5.067616201455731,4.830684137512725
1116,6539.0625,5.236007463485149,3.7459958155381408,3.3844738101654297
1117,6544.921875,5.681730199142387,4.04235807596049,3.6454771643071053
1118,6550.78125,5.874858360448912,4.334057905915044,3.473163166602455
1119,6556.640625,5.969142462831873,4.617075674779175,4.313977655614709
1120,6562.5,5.546432098933978,5.242209136387124,3.7543950135702273
1121,6568.359375,3.8022848962650935,3.8821232005474733,3.0536338608359523
1122,6574.21875,2.6887988015477386,3.2526907810754766,2.3528595438274373
1123,6580.078125,3.957321532084495,5.961505314146743,3.8527275551264615
1124,6585.9375,5.044711574965984,6.599476387839779,4.976359157558932
1125,6591.796875,5.093559272719458,6.390471447448386,6.637082949394503
1126,6597.65625,4.198980059660678,4.371248641952201,3.49225608321383
1127,6603.515625,4.791822132171651,7.375297473427554,6.4618375959765535
1128,6609.375,5.149784261510324,4.9965140179960255,5.620587281256194
1129,6615.234375,3.9713435811113,4.602170336075715,3.3202902522465134
1130,6621.09375,3.612026698980404,4.7887792626992685,3.7784285969235625
1131,6626.953125,5.153715419765431,7.2465155158230665,6.348827663435882
1132,6632.8125,5.318043475263259,8.18147745641504,5.088108371307684
1133,6638.671875,5.670591818749287,8.419941274132386,5.150356698626089
1134,6644.53125,6.236200245486987,10.213936542172544,6.1827419071264345
1135,6650.390625,4.16971887572517,7.222096706234113,4.9217155572046565
1136,6656.25,2.9160004409167235,4.907709953567902,3.4428875055166546
1137,6662.109375,2.9532282155367127,5.034493913215291,4.874109997784827
1138,6667.96875,3.433761532866228,4.459315787857182,3.914955463293685
1139,6673.828125,3.545079838023486,4.621284933423805,3.67382543889328
1140,6679.6875,3.2574617082090587,4.285655055968222,3.4699115528124924
1141,6685.546875,2.4179733768987153,3.207182635434345,2.683939618721158
1142,6691.40625,3.851544244387026,5.597864318515732,5.527927578426015
1143,6697.265625,4.191007557794251,6.917100941986439,5.929893179919325
1144,6703.125,4.483612764411189,7.539815946630643,5.862319889659486
1145,6708.984375,4.739461309703324,6.773068673018207,4.739547845765967
1146,6714.84375,3.285142889165914,4.497114786496665,3.4586083754861052
1147,6720.703125,2.203149234860147,3.6779755385145534,2.9656131291152477
1148,6726.5625,2.1765858910659484,3.7818447622124927,3.7352496249341676
1149,6732.421875,3.399037561121212,6.010428449006609,7.485564399966703
1150,6738.28125,2.5781501373968685,4.722367993842078,4.846439975331072
1151,6744.140625,0.7006200301451085,1.5780083974678958,1.871904100841529
1152,6750.0,1.7449940646204705,2.743620523231774,2.6394376154621
1153,6755.859375,2.4853668835967384,3.7477888222068185,4.45272058902137
1154,6761.71875,2.709836048733411,4.898262915000398,4.110384711419619
1155,6767.578125,2.2536665487218914,4.289434560348481,2.9930494417751183
1156,6773.4375,0.84662219275778,1.6042903002680111,1.9320414169104585
1157,6779.296875,0.7154610208143507,1.4470737798330477,1.5115981241195124
1158,6785.15625,1.6043318464475618,3.64281554093589,3.6949965396835767
1159,6791.015625,2.2679773208574834,3.9976184553629164,3.0859323048397505
1160,6796.875,2.3607283922950186,2.821038948114344,2.391670310127508
1161,6802.734375,3.1458676371070027,3.381362037863858,4.100582561933935
1162,6808.59375,3.689874300504107,3.4290816665504753,5.380510526138891
1163,6814.453125,4.454529761384024,3.9539008776700433,9.311170855428411
1164,6820.3125,3.5351188655660333,3.0881233153560004,5.005307424802742
1165,6826.171875,3.2596311425260747,3.497457019539102,5.227728679141374
1166,6832.03125,4.549390300488343,6.249017110398104,7.193002635395981
1167,6837.890625,5.570492001497176,6.290311186310384,6.1390908465662015
1168,6843.75,5.047679839273444,5.396094500200024,5.330040830417861
1169,6849.609375,4.238322353353033,4.934613605230674,6.21020118322653
1170,6855.46875,2.389762777262115,3.2370880524413606,3.305084050377192
1171,6861.328125,1.610101072867734,2.0361848755269945,1.7479915389480931
1172,6867.1875,3.3839956787505305,3.8063852718045554,3.283906370963552
1173,6873.046875,2.5474748364193744,2.8226885309130605,3.563486935720606
1174,6878.90625,0.4606322956579586,0.75,1.1468308098123676
1175,6884.765625,1.3307774510566106,1.501433739150298,1.9451316466206898
1176,6890.625,1.592503706423513,1.6356288365471092,2.0822620686091877
1177,6896.484375,2.839494629962608,2.4900905962781947,2.6025433839508114
1178,6902.34375,4.05277239606019,3.5587420418919096,4.143322573145841
1179,6908.203125,3.600129192645879,3.4356022203941725,6.404696666728724
1180,6914.0625,2.6835852270522857,2.5501156602979718,2.868502680274984
1181,6919.921875,3.3664486194665617,3.642610472678262,2.6820713945385495
1182,6925.78125,5.668354416278748,5.565696686084606,4.656188337664668
1183,6931.640625,5.960141317922903,5.122110963022578,5.474286756210513
1184,6937.5,5.658936252591961,3.6980396828956166,4.309814348173174
1185,6943.359375,5.402618241467902,3.4001112763512182,2.713210925204704
1186,6949.21875,5.951465456414197,4.273859316985645,3.3788344601605687
1187,6955.078125,6.035676110773741,4.316132928026261,3.9508788775817547
1188,6960.9375,6.389609048511925,4.1395916748983765,4.429346211838403
1189,6966.796875,5.091416558477798,4.255907545584661,4.291557699345285
1190,6972.65625,4.998604832076686,6.1240217772715955,4.197658413524615
1191,6978.515625,5.5748884936939005,8.610446707658145,6.096075267434032
1192,6984.375,5.276572512571285,7.043486214867075,5.0586451785228945
1193,6990.234375,3.9257661404243973,4.787512979865591,3.733791448315604
1194,6996.09375,2.7410047987912978,3.4505040346525577,3.2391215385953336
1195,7001.953125,1.496877614086573,2.0581716177165,1.9249640698567263
1196,7007.8125,2.0373099405027677,2.449240075557796,1.7652165750783806
1197,7013.671875,2.6718784011486485,3.310530492509441,1.9107570869337798
1198,7019.53125,2.4817604281328656,3.2242653422976,2.493871830655608
1199,7025.390625,1.850718490613797,1.7766333008354047,2.136949355803565
1200,7031.25,2.518379010840795,1.9404614426668985,1.7865345945806723
1201,7037.109375,1.701724254477351,1.568124550881976,1.6099678979403458
1202,7042.96875,0.1372306427739943,0.75,6.948650329700113
1203,7048.828125,2.024619724752191,2.7015307145602865,2.7468351297472635
1204,7054.6875,2.5741389330213074,3.7722174908143544,2.6354694907807636
1205,7060.546875,2.715954436589065,2.936845041838601,3.438562094967868
1206,7066.40625,3.638499149047291,4.156204484652221,4.043155716774212
1207,7072.265625,3.9197234588334364,4.335876577744729,3.817566353846823
1208,7078.125,4.4683075387059565,9.810689704487311,7.601323731197118
1209,7083.984375,4.159181493535082,7.585667913553584,5.259152679785317
1210,7089.84375,4.455263451381687,7.42831724034496,4.784399538523941
1211,7095.703125,3.2392068812045074,5.711876562632699,3.859287790200032
1212,7101.5625,2.9834370266228754,4.265385088695668,3.057529137591864
1213,7107.421875,3.8998032299953125,5.211479305771851,2.8165921247491537
1214,7113.28125,3.080569960951053,4.58849137552528,2.4117599471404816
1215,7119.140625,1.882104720582015,2.572765981542119,1.481732973578138
1216,7125.0,1.0172415706387274,1.3445837283032427,1.5071336317171633
1217,7130.859375,0.8399214463488923,0.9492818323510543,1.66651454995063
1218,7136.71875,0.92733378891808,0.9754319292854268,1.621222640721071
1219,7142.578125,0.21649570748025795,0.75,5.738041039733732
1220,7148.4375,1.146379198081877,1.9572865111918885,2.7862534218839277
1221,7154.296875,1.7577184538324118,3.534192793179159,3.013625601066174
1222,7160.15625,2.036292747321992,3.87126046911652,4.479832677431514
1223,7166.015625,2.9691442286441174,5.344316443394868,5.686869217036814
1224,7171.875,3.5758492784301055,5.0926257286260475,5.6305584034390055
1225,7177.734375,2.8186837439472505,4.323773434985784,4.241272104406211
1226,7183.59375,2.5959289388672437,3.8984798604149953,3.6434226241352996
1227,7189.453125,3.616126060691384,5.015378830642744,3.9914074733685365
1228,7195.3125,5.513665427010548,7.361292757320992,5.088784116994952
1229,7201.171875,4.57975469568439,6.726673949285356,4.8300008652518285
1230,7207.03125,3.573901625101048,6.405724785833992,5.184367400322908
1231,7212.890625,4.149648470228392,5.315967270416993,4.917941738588141
1232,7218.75,4.218632880874071,6.235572719442914,7.733147272106327
1233,7224.609375,3.8485750772507576,6.106489948348467,5.67232790800429
1234,7230.46875,2.9032275206543567,4.222262969747925,4.612349178800307
1235,7236.328125,2.6430718639946824,2.9673142235167345,5.567436003868326
1236,7242.1875,3.013264463576996,3.497453165600974,5.787939037522601
1237,7248.046875,3.3777378212413534,3.473887384478288,5.898989019024437
1238,7253.90625,3.3595324596728817,4.182170572826365,4.774974917138859
1239,7259.765625,1.9285595904144541,2.8753324957731263,4.526895627007072
1240,7265.625,2.5932718577500817,4.787451795393727,6.236974597478739
1241,7271.484375,3.6250518122067668,5.941864775102911,7.146415944287914
1242,7277.34375,3.7785332808543126,6.638704739930008,6.786947838694723
1243,7283.203125,3.574583473655011,4.808346230225215,5.936467804497996
1244,7289.0625,3.8431214718846705,4.797897103005562,7.070619289611026
1245,7294.921875,5.051545230463601,7.597214966750206,7.618331155256585
1246,7300.78125,5.432999231319555,8.919515939503203,8.334761589098612
1247,7306.640625,4.55110150116595,6.940050555645849,7.396530942212653
1248,7312.5,5.295297758331239,6.437888726587186,7.074721032458302
1249,7318.359375,5.894524692814216,6.410367176410066,7.375864140716132
1250,7324.21875,6.013595397131856,7.335356806640288,6.708359507711052
1251,7330.078125,6.032048470444335,6.65219977855668,6.197144605001707
1252,7335.9375,5.801494055574509,5.512444785631762,5.726619791135778
1253,7341.796875,4.913226463965202,5.557704403662359,3.992977218970724
1254,7347.65625,5.365785477459514,6.035469823196594,4.71762802131901
1255,7353.515625,5.1763503762878464,4.702739752341154,4.589527381642656
1256,7359.375,4.297517344218155,4.086748553980845,3.586048189702675
1257,7365.234375,4.395468379134678,5.777709980138639,4.55229999553582
1258,7371.09375,4.177101859084249,4.08375848874569,3.452965995751807
1259,7376.953125,4.423391295203417,7.937434947360516,4.503696568048161
1260,7382.8125,4.680261732869152,5.666661289610884,4.742149021345264
1261,7388.671875,5.424424972884701,5.475962347061702,7.651449530702141
1262,7394.53125,5.299369147080628,6.012163758279113,7.651331665045923
1263,7400.390625,4.156477493562438,4.647736001025389,6.185533447700747
1264,7406.25,4.201180139686083,5.280743455121548,4.026658443311116
1265,7412.109375,4.150774747661801,4.652717058685905,3.6985119321259683
1266,7417.96875,4.284895963144516,3.4859043116013213,2.8953606975192168
1267,7423.828125,4.847641089133819,4.558199513379771,4.730714410960087
1268,7429.6875,5.141382807613548,4.5747758430166625,4.775731202988202
1269,7435.546875,4.975227537455692,3.6553850948319786,5.120585936810177
1270,7441.40625,5.002553902591757,3.7197246577608816,3.557149590205482
1271,7447.265625,5.173090171931564,5.219262165221611,4.508939127163349
1272,7453.125,4.759109319350257,4.279849313655652,3.6198676500573286
1273,7458.984375,4.161384875251801,4.113009033725591,3.377488202921816
1274,7464.84375,4.268300106231168,4.422531060020173,3.9738606856736483
1275,7470.703125,4.617665335783225,4.8045856779995715,4.448662078596013
1276,7476.5625,5.173981188530939,4.981593560120433,4.26558938977787
1277,7482.421875,4.238091760039794,4.2185629864029766,3.295958337801347
1278,7488.28125,3.5381381287700053,3.70864789451676,3.1319865096107473
1279,7494.140625,4.202105983871939,5.40625604040425,3.4097990524936828
1280,7500.0,4.692299405567233,7.646384594037534,4.304015373618095
1281,7505.859375,4.620178162657274,7.37091157165344,4.890740918457525
1282,7511.71875,4.277279517805903,6.682109886128078,3.7417969450861275
1283,7517.578125,3.3351296008191063,4.840495069198423,2.3951711430417046
1284,7523.4375,2.375102448007282,4.960360067280764,2.4736882229087573
1285,7529.296875,3.307400846359727,6.954038412373529,3.6997461681971036
1286,7535.15625,3.142421826378846,7.083271355853801,3.998892221631893
1287,7541.015625,2.769914323913249,6.089277682928458,3.519714108135761
1288,7546.875,3.1541774858316933,6.910220991995675,3.756684335387831
1289,7552.734375,3.5027324976545384,8.067500891203292,4.549321601603814
1290,7558.59375,3.637595420848557,5.701959669172777,3.1746783983828357
1291,7564.453125,3.0718502484070616,4.293243753377855,2.873970610058113
1292,7570.3125,3.098784318330747,4.755261186526362,3.471378201365147
1293,7576.171875,2.903918376708646,4.214190269328096,2.8782714436089734
1294,7582.03125,3.466739010333815,4.284480402109754,3.159404338725153
1295,7587.890625,3.0977993061226856,4.642691081582075,3.1714541521016266
1296,7593.75,2.5041755213586203,3.705650523859854,2.4757563489885865
1297,7599.609375,2.8047230173610647,3.695419521710057,2.9459618122938207
1298,7605.46875,2.5489225763468815,3.4624204874486,3.6036809039259654
1299,7611.328125,3.340086250318028,4.84490074521654,5.581473833723895
1300,7617.1875,3.357607631312818,5.4067490363151816,6.877542954687595
1301,7623.046875,2.892727920982122,3.592647670494252,5.969032115182773
1302,7628.90625,2.440404057506318,3.515523107696672,5.016622156435191
1303,7634.765625,2.8498795858985084,4.056146515797552,4.358593104591595
1304,7640.625,3.116287164238703,5.43322005366657,3.498910916332472
1305,7646.484375,2.6995306926354563,5.537421705948831,3.8101650040005124
1306,7652.34375,2.0561564872556226,5.04173206526865,2.9337467391928405
1307,7658.203125,1.356643405370213,3.6819568158408744,2.4538346811763905
1308,7664.0625,0.37926154110153787,0.8343924674991141,2.436555120337248
1309,7669.921875,1.4794852021577714,3.8824889412707777,4.487595658895943
1310,7675.78125,1.8392713074988125,3.652886191958764,4.136294376632968
1311,7681.640625,1.0083228543770661,1.9451281088371848,3.3014604160813046
1312,7687.5,1.1636499849862605,1.8578109679089447,3.9209915532571316
1313,7693.359375,2.0152940631896232,3.8525575972533694,5.602823267650625
1314,7699.21875,2.817653880357313,5.305713883903607,5.769492766702505
1315,7705.078125,3.1291563327391145,4.449165216009281,6.437695868390012
1316,7710.9375,3.2214800327987145,3.2913513430205175,7.861036446417447
1317,7716.796875,2.338010078830643,2.738595016110674,3.3331382737451967
1318,7722.65625,0.8718938279259764,1.475200811891904,1.769626644488819
1319,7728.515625,2.086100500533131,2.5317192655430256,3.926594190429105
1320,7734.375,2.6053600119644007,3.0553139783081438,4.622439297940494
1321,7740.234375,2.2887706724256356,2.6221725807209273,3.7205487795706396
1322,7746.09375,1.3627113950903833,1.6356933354901764,2.4524467971064032
1323,7751.953125,0.7236863307100581,0.7657683747159612,4.8165856261725
1324,7757.8125,1.6049409457626382,1.5436411279242648,2.3720212149150304
1325,7763.671875,2.5099097830195856,2.324264257213176,3.65093882010982
1326,7769.53125,2.237887076274498,2.312661848546924,5.078843251572929
1327,7775.390625,0.36541298514684567,0.75,3.436187443558456
1328,7781.25,1.5708558255026828,2.3608584951409863,1.5650754791507013
1329,7787.109375,2.7571823486948075,3.1560140201657725,4.1604478165838055
1330,7792.96875,2.6682580494831383,3.4706159123941065,3.8537857093460497
1331,7798.828125,0.9388471251129966,1.435877348488682,2.4952428049127136
1332,7804.6875,1.154944020798008,1.826603417511656,1.0100375830014647
1333,7810.546875,2.576038070597389,5.624425924939356,3.030253658121332
1334,7816.40625,3.637244858071319,5.748363983462649,4.755066049928686
1335,7822.265625,3.1752789957195287,3.977898344743417,6.030762256891717
1336,7828.125,3.25251745548581,3.9862429386373366,3.593598311921829
1337,7833.984375,3.4555874778324873,4.815054039424849,3.899209383215768
1338,7839.84375,2.612712074326943,4.1176825861837525,3.534699576238504
1339,7845.703125,2.6891967629855857,5.075230283421709,4.3662548184481045
1340,7851.5625,2.408591085489319,3.454922963406352,4.781742816696996
1341,7857.421875,2.0900774571301732,2.4255156715344093,3.2521403748204474
1342,7863.28125,2.5086859907768178,2.5986170897409537,7.074143417139062
1343,7869.140625,2.1086147767154673,2.1263203554153174,2.949867147973123
1344,7875.0,2.1044663467342453,1.6767233278790306,1.985730194471262
1345,7880.859375,2.191317222328662,1.6059731671924051,2.023601002647715
1346,7886.71875,2.001718490248648,1.3742596025623337,1.7024247163502972
1347,7892.578125,2.008364219052523,1.4712389126184473,2.0012929610921137
1348,7898.4375,2.600187970805446,2.3392584248742327,2.702149424174399
1349,7904.296875,2.7503348372459264,2.574258759429103,2.2133666336511455
1350,7910.15625,2.6243561449183423,2.8703121901557394,2.9721385930533883
1351,7916.015625,2.5935415300323585,2.9349567498639835,3.134686183166508
1352,7921.875,2.3125452210843718,2.9696271989942744,2.7863552691447047
1353,7927.734375,2.481225800302673,5.055706686409938,3.0727872757781185
1354,7933.59375,2.522103752044467,3.371450686603479,2.7766592920647173
1355,7939.453125,2.670451558436684,4.492833207617985,2.7697967355551816
1356,7945.3125,2.4663297160022934,3.7101474558545062,2.7818962590166505
1357,7951.171875,1.4382485622600738,1.6584849928347372,1.5297302623765652
1358,7957.03125,2.575204253376316,3.2431653903073965,2.538691342189242
1359,7962.890625,3.6359121885977355,6.032006019685832,3.5397848278378463
1360,7968.75,2.5059234391810894,2.6567387830374685,2.0780091925600956
1361,7974.609375,2.484857857574507,2.632884713050819,2.7495058201179376
1362,7980.46875,2.4157497744008944,3.428320148154245,3.3906661758206087
1363,7986.328125,3.172430526196468,5.45330331352377,2.9919828278553933
1364,7992.1875,3.9519982133565246,6.902476658660224,4.40592658068508
1365,7998.046875,4.015554485057939,6.571025278692716,5.685282250149041
1366,8003.90625,3.9126170627750594,5.867461376054006,3.659459462320872
1367,8009.765625,2.8246128638452443,3.9665140970569643,2.509299126387849
1368,8015.625,1.3798940271625668,1.7009108274801004,1.0018603252489007
1369,8021.484375,2.124057900645587,3.5372024600858376,2.4093025804348915
1370,8027.34375,2.8611623401399604,4.901009737281648,3.4857709369702623
1371,8033.203125,2.9041061154268832,5.1885302178265,2.627454801113032
1372,8039.0625,1.0767708747527986,1.3205676951813177,1.6284108334963148
1373,8044.921875,1.167868936816973,1.3386029722994186,2.903831923620596
1374,8050.78125,2.2248788010970846,2.2480607561648105,3.9594651830521905
1375,8056.640625,2.4560701430432608,2.642236538267837,4.463830601870877
1376,8062.5,2.2314748388163173,2.254695915035552,2.2583032660805142
1377,8068.359375,1.695028972542958,1.8595895379520964,2.501064005966484
1378,8074.21875,3.221957581165839,3.1538886578689493,4.139477144836393
1379,8080.078125,3.369223175575421,2.6082417919477936,3.6118984332013966
1380,8085.9375,3.3225879212573517,2.996925324145902,5.1706763580933846
1381,8091.796875,2.763478199110781,2.4760783848586208,4.409677578843029
1382,8097.65625,1.8164041715593156,1.8615412561793117,3.0493875188402004
1383,8103.515625,1.9378194689322845,1.7154224833328402,3.099947386253755
1384,8109.375,1.8705488814115776,1.98732433848309,3.428760873566866
1385,8115.234375,1.3462278363578826,1.158684583796997,3.488233287843909
1386,8121.09375,1.947770279795272,1.5873883208344495,3.552282768519287
1387,8126.953125,2.771733784113869,2.41675397965766,3.304052607754695
1388,8132.8125,2.7928827331253885,2.904442110795907,4.30682384264134
1389,8138.671875,2.0862763608105572,2.3388320164574603,2.8879621503945367
1390,8144.53125,0.9888902275851322,1.4388111068680185,1.2254599445248648
1391,8150.390625,0.4355627383873419,0.75,2.48602401550255
1392,8156.25,1.4303860585950334,1.107314577679393,4.080968859989934
1393,8162.109375,1.5171141621552835,1.0678970342066612,3.4945724558553755
1394,8167.96875,1.4019227153874203,1.006093408639356,2.3360313834174837
1395,8173.828125,1.1595422643106443,1.1278717426775233,2.0418987214283564
1396,8179.6875,1.1439360768867972,1.1686866937554972,1.3008924455082556
1397,8185.546875,1.8360911604091779,2.0046752719231415,2.654967721346835
1398,8191.40625,0.9485379579243701,1.1260238212128186,2.0397996213190766
1399,8197.265625,0.802128653237693,0.75,2.184531714008971
1400,8203.125,1.610645320838435,1.1734148178458126,2.6275270196685456
1401,8208.984375,1.081422588015536,1.1887420634000754,3.1581127853448856
1402,8214.84375,1.0564445417575021,1.9560361432022135,2.723793541589559
1403,8220.703125,1.1591513630904398,1.8868223288683323,2.307837966549177
1404,8226.5625,1.1726919158940183,1.0111308978522897,3.189732350396984
1405,8232.421875,1.9402687280999764,1.3685932471767661,2.638942747888279
1406,8238.28125,1.9717508440732496,1.4023503631919878,3.15336075639604
1407,8244.140625,1.3759203204832833,1.5658409077469262,2.8697294085006058
1408,8250.0,1.1173661582882846,1.0553751572871193,2.721507346232718
1409,8255.859375,0.9436504124778093,0.836518626268178,1.927786870235416
1410,8261.71875,0.5262406150389036,0.75,2.657886395616852
1411,8267.578125,0.8476890690934208,0.8485597478510412,1.0968454488732884
1412,8273.4375,0.9508554732060687,1.3382127418605614,0.9573495600734355
1413,8279.296875,0.5305305299694788,0.75,2.690963423020134
1414,8285.15625,0.1936019317365736,0.75,4.2440204449792915
1415,8291.015625,0.18560944577469843,0.75,4.857231769734387
1416,8296.875,0.8076279277082029,0.75,1.845434501256314
1417,8302.734375,1.0364869023998355,1.2693518931865007,1.6828586587089494
1418,8308.59375,1.50917660710275,2.134629933951664,2.1799266828912667
1419,8314.453125,1.3375219147167965,2.1190263050245886,2.0259077839104878
1420,8320.3125,1.9356731665101532,1.7885414473110135,2.1373139023260586
1421,8326.171875,2.59036823664044,3.0196874271593748,2.953291199669392
1422,8332.03125,2.6219174798114415,3.694498793961823,2.956445529259824
1423,8337.890625,1.7499059361736293,1.7436081244688082,2.949336043414125
1424,8343.75,1.4653495105348697,1.5660996529175395,2.1205951994796086
1425,8349.609375,1.6417549927571495,1.7708243935892338,1.6986802126430653
1426,8355.46875,2.293267474379809,2.951717058702458,2.5505042840027046
1427,8361.328125,1.7459319520812644,2.1660593885248542,1.7470856005380166
1428,8367.1875,3.195188264210726,3.2945703271263946,3.748542891773284
1429,8373.046875,2.5588600858343975,2.9954592314142956,2.976692764021337
1430,8378.90625,1.8686546021734782,1.9724441248583329,2.787246235462126
1431,8384.765625,2.046236624487782,2.2291043001240816,2.254712304733054
1432,8390.625,1.593438193320168,2.138853670838688,3.000981328993796
1433,8396.484375,1.018588580371334,0.9083009244680931,2.80640326771233
1434,8402.34375,0.6503034218421471,0.75,2.204236638430405
1435,8408.203125,0.9931544265743497,0.8908543248818654,1.4796909514860246
1436,8414.0625,0.8359881021423298,0.9751868134652828,2.08030141603465
1437,8419.921875,0.5086074577851173,0.75,2.5013587587995385
1438,8425.78125,0.7007779575252645,0.9785435307558232,1.2520295582517187
1439,8431.640625,1.0609420585674545,1.2485037369439076,2.085863830513733
1440,8437.5,2.166425224116591,2.6880897928184937,2.7265777048392223
1441,8443.359375,2.6422401287255592,4.427608899611483,4.5225014255396045
1442,8449.21875,2.502671456274538,4.2071647693366465,2.742600082517043
1443,8455.078125,2.2385743868941606,2.156892269716617,2.155213814927272
1444,8460.9375,1.1501674179618773,1.1204450062914744,3.872968805184874
1445,8466.796875,2.050210356174898,2.473551282887185,2.993853877986012
1446,8472.65625,2.8061940810706485,4.161596943392935,2.8378225195965237
1447,8478.515625,2.490996113916794,2.9475447101763463,2.4330975056050814
1448,8484.375,1.1526084227881708,1.103500225310038,1.6197420002459308
1449,8490.234375,0.5149544162353117,0.75,2.1334389149820963
1450,8496.09375,1.31575169845273,1.0771980586199315,1.3018734220580461
1451,8501.953125,1.0989994797232718,1.0541729758402174,1.274634886496162
1452,8507.8125,2.4454332549165736,3.5657174528421898,2.336510398831957
1453,8513.671875,3.044132232502155,4.37726747325112,2.742584747522421
1454,8519.53125,1.8586937032671482,1.660954883287245,1.6002445285065834
1455,8525.390625,0.9450665482048805,0.7850221079588164,1.5121338757355827
1456,8531.25,1.4327240317240995,0.9734294412496393,2.1228216659362382
1457,8537.109375,2.1197407641675645,1.8048628437743794,2.267532272155042
1458,8542.96875,2.2998324120161735,3.1667611993814733,1.9167293536467083
1459,8548.828125,2.287295592819552,2.105211420577816,2.471770456425548
1460,8554.6875,2.7449525992871506,2.1828250041568418,2.4259935360669567
1461,8560.546875,2.995704936407401,2.377671744761963,2.239183406373762
1462,8566.40625,2.7521649791585925,2.1775021474904293,2.224062447714881
1463,8572.265625,2.040486172615579,2.2338619686796823,1.5024923907041385
1464,8578.125,0.38394361838434116,0.75,1.76883981430383
1465,8583.984375,1.1627836148535258,1.1365237349481974,1.597829835198079
1466,8589.84375,2.0219126177278883,2.1449471416247654,2.202084938193205
1467,8595.703125,1.8114390104213727,2.374194667990975,2.2706022249843563
1468,8601.5625,1.7597871516121626,3.462807863172586,2.489916617969052
1469,8607.421875,1.6951171575137898,1.8096623157737843,1.7139115737864659
1470,8613.28125,2.2052378386629106,2.888129172054227,2.408676766774848
1471,8619.140625,1.9650037540720597,2.547919946536344,2.44095375270758
1472,8625.0,1.7982603086331297,3.5943184592326585,2.639254224064496
1473,8630.859375,1.7269520397193565,1.9335845584113152,2.58849641144695
1474,8636.71875,1.9539599075567822,1.7829571022873494,2.5383938324483224
1475,8642.578125,1.5086906781998857,1.2925975208517715,1.853445442510074
1476,8648.4375,1.4248526035417093,1.0649374386596082,1.1603424038611057
1477,8654.296875,1.1505831232220323,0.8173410891926725,1.199824796094997
1478,8660.15625,0.4597952382541423,0.75,2.4223653583394853
1479,8666.015625,0.8046151201227898,0.8647558384055352,1.8861522265193644
1480,8671.875,1.5080295336518328,1.8382870340518234,2.2953931428199303
1481,8677.734375,2.2773133479355443,2.1346276915477174,2.647819063787878
1482,8683.59375,3.3083236151725774,3.670202830908362,4.463785436947841
1483,8689.453125,3.177935509809057,5.196622856178718,4.252397053823619
1484,8695.3125,2.858637098331989,4.324952183858015,4.0433274250398945
1485,8701.171875,2.314084179596213,2.8227070865663797,2.7067089265084747
1486,8707.03125,1.6348991091773593,1.6333425027300041,2.446907390841314
1487,8712.890625,2.5655742833179773,2.9554694857105,3.274512952711826
1488,8718.75,1.6151832217614455,2.3272494432915174,2.418853887114787
1489,8724.609375,2.995151248664517,3.7857808878257915,3.5377961998693803
1490,8730.46875,3.396056281817592,4.623492138643059,4.213253802535544
1491,8736.328125,3.156482590415766,3.5339567495249558,3.8361473294919533
1492,8742.1875,4.356050896220154,3.751835497186349,4.721401382287098
1493,8748.046875,3.937008615082134,3.959806851642183,3.9734654495457726
1494,8753.90625,4.39707532314559,4.565607707009966,5.600462623620969
1495,8759.765625,3.705560490691688,5.2304738003220805,4.136381353459628
1496,8765.625,2.7173330730556304,2.736355484278308,2.9050684922328833
1497,8771.484375,2.6384620461265054,2.662957425331279,3.140293620039122
1498,8777.34375,2.900594509425503,2.7430392003512782,2.559521793516947
1499,8783.203125,3.20184185467294,3.583845720028635,2.762230705420018
1500,8789.0625,1.2007262688322156,1.098750264924787,2.14891876545777
1501,8794.921875,1.9372679225626366,2.6269872410153727,2.6075459602281077
1502,8800.78125,1.8383697627305855,2.187218883580318,2.1787315048077955
1503,8806.640625,2.721622873474698,3.3696064636467398,2.6024537416957427
1504,8812.5,2.6624330965007243,3.709570761818935,2.679845269802769
1505,8818.359375,2.8549633814537776,2.5270651818560412,2.1659052421506306
1506,8824.21875,3.1447630573991936,3.8264992974319085,2.479192842534668
1507,8830.078125,4.169672594955965,4.318574056506869,3.5989217543236482
1508,8835.9375,4.799597044294026,4.5719578043324915,3.864890837770498
1509,8841.796875,4.0338519484201445,4.539984214047681,4.572853324808537
1510,8847.65625,3.497091715859573,3.9554528038475683,3.7573570688265128
1511,8853.515625,4.216333529772289,6.081899866394833,5.657931997730293
1512,8859.375,4.638979530179533,4.164779299656093,4.677947051681083
1513,8865.234375,4.753531707772723,5.8127387416397625,4.8864867466231585
1514,8871.09375,5.921761323142209,8.595242836183612,6.387027971601232
1515,8876.953125,6.785967928937208,10.85807853218601,7.3751430338388255
1516,8882.8125,6.3987794336703745,5.451993035019963,5.816383047102751
1517,8888.671875,5.956743873967887,5.306571832605526,6.938964470585134
1518,8894.53125,5.48240218686522,6.5827579348690115,4.970925756019693
1519,8900.390625,4.944026817043255,4.449224116672937,4.31837969434506
1520,8906.25,6.011300891500082,5.114130001176818,4.3280305242457215
1521,8912.109375,5.317742697217786,6.093946665580826,3.8056118219149044
1522,8917.96875,4.062088219385763,3.835022038726567,4.494574945844467
1523,8923.828125,4.17754448943376,3.459066281428594,4.471506816547792
1524,8929.6875,4.14460957077108,3.6563589394579097,4.36484128477788
1525,8935.546875,3.3299556255206895,3.3349057358308647,2.9785927913510752
1526,8941.40625,2.3126179387237027,2.009145062555445,2.696771411375114
1527,8947.265625,0.12462116807497348,0.75,4.069885445110042
1528,8953.125,1.5157841193291133,0.985748003034916,3.17154250885785
1529,8958.984375,3.4767326860719745,2.7648390973093355,3.8275000548008293
1530,8964.84375,3.772098839714458,2.547708944855867,3.8184553499707587
1531,8970.703125,2.8781783406405084,2.004600183961678,2.484785275646944
1532,8976.5625,1.5239652070471303,1.609122774285039,2.020557869880015
1533,8982.421875,2.603425902597002,3.6205509721846916,2.5151004255192615
1534,8988.28125,2.450768509742872,3.2679538706230993,2.3920466875634046
1535,8994.140625,2.2065786139380807,2.1687051656941354,2.455901896361424
1536,9000.0,2.377633779720852,1.6011185017171825,1.7896427735501574
1537,9005.859375,2.7202419337302293,1.951280295813398,1.9171384774385787
1538,9011.71875,1.6843039355644545,1.3275484914053746,1.5745292563785485
1539,9017.578125,2.4337412656402058,2.3049686620149488,2.067412254277878
1540,9023.4375,1.8518411353924338,1.4521077774397357,2.2071228537232432
1541,9029.296875,3.256240648805613,2.1798635369812014,2.550782077798403
1542,9035.15625,4.875170032446634,3.4326310632569967,2.8438980418431807
1543,9041.015625,3.4939935715029216,2.599742151152088,2.637651741764555
1544,9046.875,3.6269448394503128,6.496618698986274,3.636228399633995
1545,9052.734375,3.447703889139507,4.193537569335601,2.2696774609371926
1546,9058.59375,3.955259426149494,4.482254862903066,2.9049144234243056
1547,9064.453125,4.9773525872194,2.819797492473625,3.1915634576653207
1548,9070.3125,3.256640005961177,2.01818896297322,1.9334147711004268
1549,9076.171875,1.181527624654343,1.0055558985641722,3.409632992558257
1550,9082.03125,3.0093154818586374,3.1901003120299736,2.4856098913297724
1551,9087.890625,2.31961031447518,1.861002971126823,2.069658942305208
1552,9093.75,2.0028025176087096,2.288551766388959,2.7144244576814334
1553,9099.609375,2.677295986050578,3.244877544261932,3.0611455762084074
1554,9105.46875,2.478117368144701,2.704393583823568,2.6933384271402696
1555,9111.328125,2.573358960021492,3.3492995743086773,3.4280797698672063
1556,9117.1875,4.278490722036092,3.716427607806346,3.569030590346043
1557,9123.046875,6.053298355198584,5.186428337017062,3.2892397134032936
1558,9128.90625,4.845916278130541,4.713733532800478,4.472934965887364
1559,9134.765625,4.252807194815953,3.4633663947312465,3.529969892393279
1560,9140.625,4.707238197766934,4.332002240374031,4.213483740270045
1561,9146.484375,4.933088785330904,4.822571999556017,3.4101494161361643
1562,9152.34375,5.604551255974151,6.201260529265015,3.95740755552286
1563,9158.203125,6.072185416076626,6.287579088456079,4.1971403360002855
1564,9164.0625,5.392073280627187,5.991010493068277,4.1474154955679605
1565,9169.921875,6.228325793216114,7.899772847902264,5.2812545967831
1566,9175.78125,6.721033627990268,7.669114867718581,5.680649684909134
1567,9181.640625,7.468858592605079,9.292542716896486,8.92362028946094
1568,9187.5,7.774690004339898,12.0,8.708770081077647
1569,9193.359375,8.94821554846113,9.945467306550853,8.86261307309156
1570,9199.21875,7.768413762138087,6.826050498102978,5.9560439578759246
1571,9205.078125,5.3515770952981985,5.684435925623835,3.7950047638672264
1572,9210.9375,3.5855348826220252,4.181427170500392,3.5361196131033203
1573,9216.796875,5.785580089683387,4.705266007278853,3.4857073094828404
1574,9222.65625,6.017994924614554,5.5948917096438775,6.364027119485385
1575,9228.515625,6.610713792479039,6.000626749799524,7.741023358061134
1576,9234.375,6.2464416363056845,5.867674630400389,6.870924895324581
1577,9240.234375,5.000133015103121,5.016933284308106,3.4961370448016797
1578,9246.09375,5.27061237220548,5.019698727367185,4.653308373756953
1579,9251.953125,4.144827089455019,3.4066786728656586,2.3784914833060085
1580,9257.8125,2.37418344325449,2.302403039966595,1.9740333283733793
1581,9263.671875,3.0064409511905543,2.7442926034718154,3.9680179690890163
1582,9269.53125,2.7950139318428464,2.8583748813433445,3.758061145555939
1583,9275.390625,4.076629222731285,3.6829608743880273,2.8480901281507403
1584,9281.25,5.510936774484485,6.877364223219621,4.807912306614388
1585,9287.109375,6.565400090997291,7.139180053440974,6.19845545422964
1586,9292.96875,7.383459746686774,6.1185276838333795,6.724882083110876
1587,9298.828125,7.121296062853946,5.1212200055309545,7.142552538289082
1588,9304.6875,7.0300027276425885,3.4362424257045787,6.513139985741183
1589,9310.546875,9.214217981440502,4.344990130953568,7.624114457554439
1590,9316.40625,10.05330038090683,4.338530827818612,5.0247148485217865
1591,9322.265625,7.8263468972424635,4.058917136831689,4.7221128943999435
1592,9328.125,6.445539057427596,3.635691948139601,4.345113252979154
1593,9333.984375,6.66208092578395,3.075782530305995,3.997295782005372
1594,9339.84375,6.869716644179214,3.403228464934597,5.628696653248745
1595,9345.703125,8.893652365411127,5.340222550054329,6.562887702213672
1596,9351.5625,7.715667506714723,3.703896204612255,4.724109805799589
1597,9357.421875,5.103197191673504,2.99089687421462,4.250425947170735
1598,9363.28125,3.612772689194179,2.933610273608948,3.0488372210744807
1599,9369.140625,4.102525275747897,3.095517176555845,3.0968054691665774
1600,9375.0,3.744382185003319,3.9743094680652202,3.294994949497944
1601,9380.859375,2.864753527004188,3.6736679527268845,2.5885748424632475
1602,9386.71875,1.7275131823958632,2.488751332350992,1.5903165592936737
1603,9392.578125,1.9484496249401853,3.0111876051013247,2.9241321776974356
1604,9398.4375,3.8167577493956406,5.861151237102967,5.308006453666073
1605,9404.296875,5.871987446288189,8.919229967346384,6.273811830550471
1606,9410.15625,7.462586289326383,9.29661709715064,6.7793867628226145
1607,9416.015625,8.755937385817457,8.79630185777128,7.8767344132034065
1608,9421.875,8.28086644966453,6.514892078102752,4.556265420198347
1609,9427.734375,7.821364151165025,6.776108864563211,5.338328759098202
1610,9433.59375,9.950369538431564,7.437204125193807,7.702154861394288
1611,9439.453125,10.192910996798215,6.330557402044992,7.7112673065690025
1612,9445.3125,8.50185341498872,5.944513463510839,7.01528277460089
1613,9451.171875,7.986720740568933,6.752694816646068,7.276791869387954
1614,9457.03125,8.077380285164676,10.138276349602588,8.245779958467281
1615,9462.890625,7.41987660291139,7.36379809759023,4.916062369428686
1616,9468.75,5.817331397103693,4.898268263549766,4.8581868591132045
1617,9474.609375,6.76711852760144,8.385137998585826,8.332040733050125
1618,9480.46875,6.764678255472227,8.640768208400285,6.2288574032746
1619,9486.328125,7.8706673341863675,9.01794494362247,7.321244476996573
1620,9492.1875,7.0914578310288485,8.823108563133118,7.993717000282328
1621,9498.046875,5.412974689877573,5.83210219484186,4.68448668340807
1622,9503.90625,5.408060420903806,6.740346753463692,7.834073603681754
1623,9509.765625,5.205859276846247,6.340059808049057,6.182673661785928
1624,9515.625,4.428361773413376,5.320990337156505,7.114642799480632
1625,9521.484375,5.776272634172905,4.905648317340037,5.280872091626591
1626,9527.34375,7.343265327418998,9.18714084170524,6.599865457957783
1627,9533.203125,5.7474932749610375,11.602236160828253,7.424162209749889
1628,9539.0625,5.093663358956239,5.754105563699771,3.8395254472769307
1629,9544.921875,5.268758293339933,4.111798291804609,3.2625380428621487
1630,9550.78125,5.61078610440857,3.5600956109913726,3.4205355997304054
1631,9556.640625,7.366122765074074,4.707527942550827,4.3381338484582175
1632,9562.5,7.774487763831326,5.093452750261765,3.7539002110272737
1633,9568.359375,6.980710517049419,4.646554562390847,3.083037248304826
1634,9574.21875,6.421229416698585,6.3901059081905105,5.062205133502205
1635,9580.078125,6.4599343154877165,6.9385446135174895,7.512670015653691
1636,9585.9375,8.918847195864988,7.07532330219581,7.076727809681133
1637,9591.796875,11.211876973795984,9.18606441760029,6.077608615151053
1638,9597.65625,10.689291093347586,9.143747544938837,6.631130947819809
1639,9603.515625,10.614746959881687,7.977308425926766,5.275889475858514
1640,9609.375,8.5192858509377,11.1798633623458,6.264903541994843
1641,9615.234375,10.073213095243592,12.0,7.221983039014193
1642,9621.09375,11.713338118859971,9.701741472289445,7.747834240019253
1643,9626.953125,11.493604969622057,8.024491793588357,8.133504427420663
1644,9632.8125,10.122828838383809,6.726692311946454,6.251430162530146
1645,9638.671875,8.224054616472456,6.71877178974896,5.561025777477058
1646,9644.53125,8.917739164220329,8.608550010736803,6.686029190708718
1647,9650.390625,9.237044930467352,6.356427846388201,8.26552622119104
1648,9656.25,8.330417576032653,5.203985082974252,4.823008803385408
1649,9662.109375,8.140566037519173,4.415782399821341,5.227762558882365
1650,9667.96875,8.281861148824161,5.340297172321232,6.349395739511388
1651,9673.828125,7.3116086615254625,5.693581296893734,6.904878582749403
1652,9679.6875,5.587596049296862,2.892464503864582,3.1030546727494963
1653,9685.546875,6.7357991540289,4.287207384442439,4.683052454481976
1654,9691.40625,6.691916736358167,5.45648646579056,5.248688635721048
1655,9697.265625,4.614701103316573,4.634362754064084,3.1805732611637834
1656,9703.125,4.054139570717735,5.251904381658434,4.257582584325809
1657,9708.984375,5.898725266443125,4.852470393437046,5.566063747554095
1658,9714.84375,7.411959250107954,4.238338928603057,6.842780500462706
1659,9720.703125,8.377196940484884,4.176415028468995,6.621285200823278
1660,9726.5625,6.508782549159469,3.973189076711186,6.340231913510953
1661,9732.421875,4.117845738619805,2.6925237171511913,2.934428567337922
1662,9738.28125,5.968401422677455,3.488553069950642,5.913302941934415
1663,9744.140625,7.976165405837972,6.314070692098439,7.442707285456063
1664,9750.0,8.0123298951372,6.277378091516218,4.942283773758031
1665,9755.859375,7.3598041949679605,5.056735117615664,4.692571152569576
1666,9761.71875,5.847852518490403,5.457462173279078,7.939985955785015
1667,9767.578125,7.119877745634749,6.123831468689035,5.8126404557240665
1668,9773.4375,8.959866296277932,8.034223382639517,7.056322170805428
1669,9779.296875,8.291038538713147,7.007818733001062,7.245257279193699
1670,9785.15625,6.872588493161503,5.564590080757264,6.622213311857907
1671,9791.015625,5.137424133102554,4.730610492138367,4.846130852267027
1672,9796.875,6.130535212394684,6.6295347687154145,7.088661044061348
1673,9802.734375,5.344015797370418,4.487573465271689,6.705398442153726
1674,9808.59375,3.438116521826895,2.70940775103984,5.091668102216345
1675,9814.453125,3.930845668196053,4.12656168519763,4.922734805757579
1676,9820.3125,5.270746727435895,5.563683598481207,4.3169312974338405
1677,9826.171875,5.3305422338572885,6.096317687051172,6.079416927536138
1678,9832.03125,5.5640797208952755,4.371210758247408,4.29599192410921
1679,9837.890625,5.328375054076948,3.6431544690871815,4.972855962590241
1680,9843.75,3.8434500004912717,3.1893881981847727,5.866863031272072
1681,9849.609375,3.4925035912885707,3.3847002793287104,4.822246578910326
1682,9855.46875,4.0623926967563655,6.217735835263973,4.174864662134823
1683,9861.328125,4.227311984454215,5.032577292219051,3.423092718877373
1684,9867.1875,4.310087419372455,3.6751208717830854,2.6994738534322043
1685,9873.046875,5.691272226650057,4.262905324570026,4.347388074863522
1686,9878.90625,5.17522733270389,4.398408554928017,3.500036363551103
1687,9884.765625,6.013364870576066,6.3543611619829266,5.110399584299336
1688,9890.625,7.81650421079173,5.575422462083047,5.728422333408048
1689,9896.484375,5.650886772393898,3.66440326790653,4.202313468551705
1690,9902.34375,3.8956923525065403,3.3808129711742403,3.4998732584128
1691,9908.203125,4.215643540285885,6.0001675022715695,3.608340083640979
1692,9914.0625,4.150163518964418,4.855317055385976,3.555450246357374
1693,9919.921875,4.287894810045617,6.077573492428195,3.9718279944807815
1694,9925.78125,2.6216699706982904,2.840718985836959,2.1058453122024026
1695,9931.640625,1.4665050508972486,1.4805481562996436,1.1245092525711649
1696,9937.5,0.8183765776106581,0.75,1.2149520604323891
1697,9943.359375,2.4269625028766457,2.2758770442451204,1.9487105906420419
1698,9949.21875,2.444881534963206,2.4208224745473625,2.6526764269137053
1699,9955.078125,1.9276789372899652,1.9727970714881509,1.847327953550718
1700,9960.9375,1.2696392956917004,1.3386658088706578,1.5980172209757781
1701,9966.796875,3.6931479397687026,3.4705370912961593,2.9834326128204234
1702,9972.65625,3.8938061844144696,3.966166645489884,3.871847645952561
1703,9978.515625,4.336949731310858,3.372523385429098,3.287751289206468
1704,9984.375,4.610629273169992,3.938392905627966,2.9959638683941527
1705,9990.234375,3.3021042662910713,3.4113356511792823,3.8844291748146267
1706,9996.09375,1.4094570511090472,1.5745490828329118,1.18432210206491
1707,10001.953125,3.699678041150436,3.4990310787813304,3.1435857192587986
1708,10007.8125,4.0589106349423805,3.0579897809116847,2.7637593269436116
1709,10013.671875,3.537313284019813,2.4039324690745634,4.288467730314641
1710,10019.53125,5.716133502637832,3.5588834561871208,4.958789409834572
1711,10025.390625,4.77123173420507,2.5412400204244037,3.591366630362517
1712,10031.25,2.8278861707383958,1.6538985887631097,3.444068112316701
1713,10037.109375,2.166048864721358,1.5148398478006797,2.312511199295608
1714,10042.96875,4.42509939093591,2.9663787682400917,4.273047202562953
1715,10048.828125,6.487143817923758,5.61877745020626,5.36527179409493
1716,10054.6875,7.494291182495944,6.5595037467989705,6.091250060899865
1717,10060.546875,5.000144911565188,6.40157837859971,4.528780272176816
1718,10066.40625,2.176416509394728,1.544123360506438,2.000744110588907
1719,10072.265625,0.15615153024390338,0.75,1.6043565542198064
1720,10078.125,2.091688865829205,1.721825343287605,1.7162784374775473
1721,10083.984375,2.2436552314446483,3.632147013675256,2.2880294613349346
1722,10089.84375,2.088382868994086,2.2460967691898,1.7287600264664875
1723,10095.703125,2.0679049412370847,2.1011287390241495,1.945836846224936
1724,10101.5625,3.223397794741405,3.9141727497428564,3.7172130103904113
1725,10107.421875,3.6443195529069072,5.196824533225653,4.396321650431962
1726,10113.28125,2.3071208798385507,2.3617953144506654,2.6563573433152845
1727,10119.140625,0.7106382939811757,0.75,1.952070518115816
1728,10125.0,1.7336644275905986,1.9701203829093834,0.8349914859970752
1729,10130.859375,2.1328958546792247,2.3122596087054608,1.3442038717522624
1730,10136.71875,0.7102604196155231,0.8533971416593102,0.9798719540230172
1731,10142.578125,0.7687872874339367,0.8347956282888152,1.2776997703496558
1732,10148.4375,1.767667676464386,1.6009344625605406,1.346968040633279
1733,10154.296875,2.1987124371774924,2.0292976045478395,2.2091615877801574
1734,10160.15625,1.989304981559705,2.249930747863581,1.9582588620566599
1735,10166.015625,2.3352470294311165,3.5256057493679944,2.3301228976726853
1736,10171.875,2.0769537414875696,2.2760246452563537,1.6228406593611533
1737,10177.734375,1.6794539002107367,1.629847540524823,0.9325466881531034
1738,10183.59375,4.148217759777468,3.217871471752916,1.7640306525149094
1739,10189.453125,4.400157373731373,4.985250577654683,3.1190703520504406
1740,10195.3125,4.19735514092289,4.695355943852184,3.062163377210373
1741,10201.171875,3.746071796374521,3.7043023287486685,2.545058696096042
1742,10207.03125,3.556995723126232,3.320957449679475,2.104557905248659
1743,10212.890625,2.1597047280468566,2.6943625981595196,1.8953354266671787
1744,10218.75,2.283537497928208,2.6406753779857923,2.4008850083785584
1745,10224.609375,1.123428218700484,1.1777907343157097,1.362537537375911
1746,10230.46875,2.6687587911008523,2.705319375955269,2.7556860081099277
1747,10236.328125,1.5116405202387961,1.1540914143864396,1.863425702393296
1748,10242.1875,0.7419346673837542,0.75,2.3705832816642047
1749,10248.046875,1.7487409092064952,1.2687179819404193,1.7824913687059287
1750,10253.90625,2.5611314575005615,2.266409163262066,1.4748035272917757
1751,10259.765625,3.2417482430693343,2.449303074023086,1.6699818574985268
1752,10265.625,2.295099735947384,1.7608281159708314,1.368989799649348
1753,10271.484375,0.5870529859066103,0.75,1.5730884335251847
1754,10277.34375,2.3390100970046057,2.0148477282573163,1.234874032533059
1755,10283.203125,3.211407029844796,2.98174139541789,1.5610375422292955
1756,10289.0625,2.4319198841787926,2.176176905177914,1.4919533874308883
1757,10294.921875,1.9965959409735163,1.2550767697071952,1.5373029969524339
1758,10300.78125,2.485225653066916,1.6114560666600086,1.9323319675909416
1759,10306.640625,3.222259597720296,2.221345345582089,2.2307634484204693
1760,10312.5,2.509625378718287,1.5093953461240606,1.3743209813380608
1761,10318.359375,2.7829617831853954,2.0307042474288095,2.020975259809986
1762,10324.21875,4.112238675865516,2.9374311059725953,2.1258641073487303
1763,10330.078125,4.1124774094906265,2.672938580471937,2.1124786527599215
1764,10335.9375,5.3797335566835685,2.911548916280442,2.3599327648082773
1765,10341.796875,4.002676375239961,2.3176232754317,1.5484430289435265
1766,10347.65625,5.6655416250400235,3.7560504018009793,2.801931624525849
1767,10353.515625,3.5106519638554263,2.8643416739534358,1.6534307027179476
1768,10359.375,3.1533576396573557,2.6064643567104686,1.2058966295384
1769,10365.234375,3.150803473031832,2.7170781168746476,1.0399994111159017
1770,10371.09375,4.272735248061886,4.124797243661479,2.6093755415038755
1771,10376.953125,5.236015201251578,4.102876663946179,3.067475677013244
1772,10382.8125,5.026186711463613,4.439270413755917,2.83598191724756
1773,10388.671875,3.8844966982072333,3.655867224631592,2.284088092457072
1774,10394.53125,2.1624008652802753,3.4012198869103845,2.4264846143506418
1775,10400.390625,0.5539042851324381,0.75,1.8638201588266723
1776,10406.25,3.3624340704533227,2.7095932824840827,1.4665338968302495
1777,10412.109375,3.7778278311532123,3.2715246999218293,2.273088158900287
1778,10417.96875,4.16861779769954,4.042461182618176,3.305860272880956
1779,10423.828125,4.005132155243174,4.100917931376126,3.1334012784690586
1780,10429.6875,2.0889973690995065,1.7843164992956946,1.3650426207024544
1781,10435.546875,1.212520310533738,1.0651113292365313,0.8787671515686702
1782,10441.40625,1.9537198980189014,1.7936183867049054,1.4164810490892699
1783,10447.265625,3.3138863541927703,2.9339068994162094,2.2606127450205937
1784,10453.125,3.340757295366144,3.0067400621218896,3.2330852324400414
1785,10458.984375,3.3681140695929623,2.4524828856243674,2.8691188351808115
1786,10464.84375,2.4166145179740894,1.7034308721297111,1.961469097266129
1787,10470.703125,2.060784286056566,1.8326633853056467,2.052547111489852
1788,10476.5625,1.9356685570063443,1.4813534514031177,1.7328669122318632
1789,10482.421875,1.1121423514320947,1.0444172788707928,1.086169920627612
1790,10488.28125,1.323947255958049,1.1431407392284862,0.7902686003260759
1791,10494.140625,3.3464247775501312,2.0416366975698454,1.5605262308682037
1792,10500.0,4.484331496721464,2.855510014403036,2.3813542408834243
1793,10505.859375,2.963945859549913,1.486024776188458,1.7662237921208002
1794,10511.71875,2.5217585687863386,1.3945981099103846,1.709000825451855
1795,10517.578125,1.6552227547342702,1.4788932788619247,0.9534701917434393
1796,10523.4375,3.5892942305910824,3.7546773462753418,2.2597336484328574
1797,10529.296875,4.418706804524992,3.59770577731897,2.2510465682542677
1798,10535.15625,4.289232808311597,5.17668632095172,3.3827759040481995
1799,10541.015625,3.929790821543011,4.389877982992069,3.248757925852757
1800,10546.875,3.0598240320937027,2.937418846559301,2.8487496710587257
1801,10552.734375,3.871766803986418,4.369507269203324,2.233106691636555
1802,10558.59375,4.478299331676878,4.9381534552825,3.2237819701849677
1803,10564.453125,3.1057243876643255,3.2394955436243915,2.021965740798003
1804,10570.3125,4.191091777352249,3.516076657465229,2.839989173624519
1805,10576.171875,4.15129031110947,4.562054560667331,3.028094780477876
1806,10582.03125,3.621407597951547,3.4818268939072983,1.5857231146808082
1807,10587.890625,4.629364485392505,3.512735266408263,2.557678233045169
1808,10593.75,2.9369332818651377,2.969681247893488,2.0413677691855536
1809,10599.609375,3.391096638048214,2.9331916023399525,3.6166658939759353
1810,10605.46875,4.710690779062226,3.8751732048643515,4.2597890014373645
1811,10611.328125,4.352459459147685,3.248992519549833,4.481432405308901
1812,10617.1875,2.615400689854695,2.5147945760200594,2.114329352705507
1813,10623.046875,0.4550482002503972,0.75,1.6620190458718451
1814,10628.90625,2.3949092713454982,1.4463316202616618,1.8595895926157968
1815,10634.765625,2.682794967561019,1.8970863626865029,1.7744572298686567
1816,10640.625,4.12378410174477,2.428005966629637,2.3362522222483357
1817,10646.484375,3.1446555585377163,2.487715261841735,1.8668701031315766
1818,10652.34375,3.0734861112580947,2.8421857631821266,1.8125384127072914
1819,10658.203125,4.163116167253416,4.289073304792424,3.355438367851026
1820,10664.0625,3.399735512787485,3.0050179127749908,2.398225275277474
1821,10669.921875,4.9342073922238185,4.09998499861768,3.872227931152705
1822,10675.78125,4.518432305662213,3.8334470221123222,4.137692892377548
1823,10681.640625,4.839695686812076,5.053453086783348,4.560175711362199
1824,10687.5,5.543619630523293,4.751791361890023,5.379166126044839
1825,10693.359375,5.808878711919113,3.5917467328732986,5.402946206053535
1826,10699.21875,4.831933217189696,3.708483357848313,4.420698089364132
1827,10705.078125,3.4414154303596387,2.417146355507689,4.0312145770161045
1828,10710.9375,3.543170381360249,2.8484801531000485,3.4075741166570523
1829,10716.796875,3.5767150955482228,2.3861153528930314,3.201240787787737
1830,10722.65625,3.1968355602702085,2.6376849521056176,2.238516814000975
1831,10728.515625,2.670463624659312,2.5730269846379255,2.390351005598497
1832,10734.375,3.4974253904804002,3.1364716070696437,2.79569472157117
1833,10740.234375,4.125760547549095,3.541418706530872,3.9150734362899247
1834,10746.09375,2.3708092541668115,1.892925050481607,2.3276323045694864
1835,10751.953125,1.727839106359433,1.6313351645293381,1.890253197533017
1836,10757.8125,2.0801642155198885,3.4687568778263564,2.573685313276711
1837,10763.671875,3.284496814244304,5.195489978667149,2.6453371955189047
1838,10769.53125,2.3261896443988053,3.6016009513152163,2.2413289106437824
1839,10775.390625,1.8760692385464544,2.6556183841351917,2.687696120307824
1840,10781.25,3.7089550234875635,7.54506226261832,5.146636415043411
1841,10787.109375,3.4587563841364597,7.00204073160553,4.408236893938849
1842,10792.96875,3.7828231780569888,7.1625702531389175,4.716378979815372
1843,10798.828125,4.289486046673902,6.917720160285059,4.688730709729701
1844,10804.6875,2.9352965972196476,3.0735243720319483,3.381293196279226
1845,10810.546875,1.6261100321679371,1.8432514590525337,2.912841124106021
1846,10816.40625,3.0133247146546758,4.237835902216315,3.9415629228608404
1847,10822.265625,2.9474870335650087,4.919865828502136,3.5787351079617773
1848,10828.125,1.0360095217661793,1.6362207777510107,1.3406588120922065
1849,10833.984375,1.7553839597728553,2.9345424060560044,1.9804787552199756
1850,10839.84375,1.9471775250026742,2.501549109447098,2.2511393346034114
1851,10845.703125,2.301829237973558,2.668838009508047,2.168106715205962
1852,10851.5625,1.5388180948389691,2.1245323848707813,2.3922634999637475
1853,10857.421875,1.8020167525942936,2.373717145638919,2.451762512657045
1854,10863.28125,1.9568918024107098,2.2019107480453552,2.3627702725695086
1855,10869.140625,2.2393913047360385,2.351580052341209,2.4747558044564903
1856,10875.0,3.796858736928371,4.956905426747852,3.7692563597412567
1857,10880.859375,2.968494454300345,3.5165142630080553,3.2749229958823403
1858,10886.71875,2.3324470522351026,2.606703420835396,2.778922659974066
1859,10892.578125,2.092536385461833,2.3487919526673835,3.607409565140173
1860,10898.4375,2.3159888671053075,2.480585471713833,3.9532802582161786
1861,10904.296875,2.5534781971038405,2.9755926759517566,4.3505126745780665
1862,10910.15625,3.2378493884816404,4.335855688292089,3.5282906099558207
1863,10916.015625,4.686997586780382,5.600368745140387,6.062423951959226
1864,10921.875,4.126643081270401,5.279714356932989,5.274919237604918
1865,10927.734375,5.119600964687581,4.834807265435108,4.2605652766010325
1866,10933.59375,5.2051378022368135,6.823005934907593,4.619214032061871
1867,10939.453125,4.436475178761761,5.914148994849298,4.83143800378815
1868,10945.3125,4.451722602467643,4.331556873518296,6.450791671864084
1869,10951.171875,5.540690382293658,4.415491497943699,5.513844981374011
1870,10957.03125,4.810182550373964,3.8871742499396595,4.84834614722875
1871,10962.890625,3.239104291833957,3.3606514728758157,2.7270762009240594
1872,10968.75,3.4284657489772528,3.9271930315917034,3.408209990646385
1873,10974.609375,4.5021977001267555,6.2350886174351885,4.202845277579038
1874,10980.46875,3.1548581614319917,4.577173181524647,3.900847593845254
1875,10986.328125,1.6250221452133753,1.6584181121169201,1.996583275137129
1876,10992.1875,2.489358595808969,2.898953354342804,2.916691423319549
1877,10998.046875,3.5509449811215914,6.4132640928465525,4.381886132366123
1878,11003.90625,4.107690295925917,6.082681797224566,4.054755468444727
1879,11009.765625,4.067698746649474,4.923004699142529,3.760861528550717
1880,11015.625,1.741028944843571,1.856796515859476,2.511754270548351
1881,11021.484375,2.407616733549434,2.5817792333208716,2.430999492408897
1882,11027.34375,4.348316086660443,4.494760685156706,3.9209384476375226
1883,11033.203125,3.7054768684202792,3.5496907267946094,5.293337239810479
1884,11039.0625,3.7987204236275014,2.5347330366359055,4.506652788346782
1885,11044.921875,4.951834581299276,3.933744543958847,4.571968142155401
1886,11050.78125,4.33510397804043,4.11469842368531,3.469899269359445
1887,11056.640625,3.437544203519263,3.375451993712953,3.0269614583573397
1888,11062.5,4.860858148960117,4.233811203150711,5.451649411342361
1889,11068.359375,5.122932194450317,3.5519887975928315,6.199424905017701
1890,11074.21875,5.061396895713968,4.025527467592152,7.6842040619838485
1891,11080.078125,5.257745074863321,3.2647571177116226,6.3310506092412036
1892,11085.9375,5.504952718670955,2.819982165285695,6.674170479475206
1893,11091.796875,4.98142308566795,2.8492599344928786,4.592377424391213
1894,11097.65625,3.397708673853568,2.7209131934680233,4.521208826052877
1895,11103.515625,1.882635021505964,1.8608365439669083,3.133947865025513
1896,11109.375,1.9322545379071279,1.7867230232959108,2.169533146181886
1897,11115.234375,3.013353770998557,2.8670236916176095,2.4696084073743876
1898,11121.09375,2.825212130029544,3.015182811046416,2.148963290606521
1899,11126.953125,2.851262188693984,3.507670184376119,4.007110188314211
1900,11132.8125,2.9726100093645162,3.639149749719648,2.963899989971742
1901,11138.671875,3.2532546371115703,2.9084075143584904,2.4727531690423485
1902,11144.53125,2.2303918571542725,2.2582935112152422,1.923835204354972
1903,11150.390625,2.3631126392059705,3.1579827868193426,2.1469011016474684
1904,11156.25,4.251781785228602,5.529822708865081,3.6873032375454278
1905,11162.109375,5.284491782146346,6.537684837418852,3.9666197409721917
1906,11167.96875,4.969463180864796,4.724279141115646,3.503006290602569
1907,11173.828125,5.064426772904434,5.100303746028299,4.12138135317494
1908,11179.6875,4.91480896025425,4.6709026161357965,3.7302355824383184
1909,11185.546875,5.752259827314185,5.392471134467733,4.782760165512452
1910,11191.40625,5.439259649924225,4.793843219643935,4.009364953985139
1911,11197.265625,4.528651186633161,3.3130244984505803,3.2519064396322213
1912,11203.125,2.5468206782472684,1.7201435352230203,2.3841145636192205
1913,11208.984375,2.6311632608973383,2.739315858076858,1.8036372483772536
1914,11214.84375,4.844995940802415,6.467707159068138,5.191379279229947
1915,11220.703125,5.88056663837119,6.6263394683311265,5.4031810008411565
1916,11226.5625,4.22560783892749,4.623721994753667,4.428779020176609
1917,11232.421875,4.393015207256641,5.245612724058476,4.128312256037492
1918,11238.28125,4.021839094611911,5.5202531346133945,3.7603299555620304
1919,11244.140625,3.873104510900613,5.139018018375602,2.994653076552957
1920,11250.0,4.393084739093265,5.165042505077778,4.401739464890026
1921,11255.859375,3.4012757403365934,3.261904959183674,3.3311286087680267
1922,11261.71875,3.618230248196814,4.4586691143353505,4.4996278759387796
1923,11267.578125,3.8075916496880504,5.598230066254672,5.507262517858787
1924,11273.4375,2.389417016430725,2.1226103898109634,2.3988210897753572
1925,11279.296875,1.1404120818681782,0.8835383093834466,2.624168884290509
1926,11285.15625,3.0864781116667612,3.478808607473839,3.1861936367298944
1927,11291.015625,2.9489672185798788,4.132475282233257,2.7063232239198176
1928,11296.875,2.8835824731816153,3.716945204424083,2.982701691552911
1929,11302.734375,2.3439246777585265,3.6234924438579106,2.931222060444753
1930,11308.59375,2.9632890625506776,4.6188109794940315,3.600809827126002
1931,11314.453125,2.5150106917956028,2.8451222165709775,2.8200982784072615
1932,11320.3125,2.904984947828973,3.299542201233879,2.2345033307581246
1933,11326.171875,2.8051385227442123,3.3124001183921035,2.296809012142148
1934,11332.03125,1.3599964917967258,1.0648261696621006,0.8286568821381992
1935,11337.890625,2.2808340626618024,2.2665807863919003,3.0937424496982544
1936,11343.75,3.6393072644485525,3.4818103762110217,3.7752813115484214
1937,11349.609375,3.4031508732133084,4.1417906030453375,3.1292349380117352
1938,11355.46875,2.7467475227420106,3.1423581766859154,2.9770833611108642
1939,11361.328125,1.9317176599693784,1.866858337363463,2.3321571195643434
1940,11367.1875,3.8586284442037013,3.9343859593859225,4.075528849995511
1941,11373.046875,4.919941591586732,5.307549534464803,6.724872322232382
1942,11378.90625,5.258444609547622,6.727637859845807,5.540438445884254
1943,11384.765625,5.519184273480267,5.603441895667481,4.343969670506634
1944,11390.625,5.896099175138206,5.960458060982133,5.475330990701712
1945,11396.484375,5.201049808935597,4.778894194803117,5.169104631348887
1946,11402.34375,5.360704273363894,4.366782126656514,3.8215521675081643
1947,11408.203125,5.232867162676112,4.192922004000505,3.701576729045995
1948,11414.0625,3.8063407931131135,3.8431004648603206,2.462060289426741
1949,11419.921875,3.717879258159115,3.441465857900937,2.283217002454325
1950,11425.78125,3.4084908580463864,3.856553870443082,3.019686522916271
1951,11431.640625,2.1805931371099483,2.186175479707055,1.7198609172189212
1952,11437.5,2.3510120840681212,2.951693794425117,2.1065535168795315
1953,11443.359375,2.5633154320845724,4.298297647851528,2.5452596928373192
1954,11449.21875,2.3046755654962436,4.049387942384506,2.780485021141324
1955,11455.078125,1.939593900882401,2.9431229663541005,2.041902422717994
1956,11460.9375,1.2733174571951418,1.5325992615877844,1.1913055349686636
1957,11466.796875,0.15022198854959118,0.75,6.1796338852689745
1958,11472.65625,2.2204487512030733,2.031186601184889,3.5584830760984403
1959,11478.515625,3.9598579664546336,2.8317540203475673,3.944031245256801
1960,11484.375,4.196581115510241,3.438792655052164,3.633140037716374
1961,11490.234375,2.923461543714592,2.720025714105746,2.6125831836907927
1962,11496.09375,2.566431289783114,4.524073701930671,4.466130293706124
1963,11501.953125,3.809346148035698,4.61736351896645,4.774497410287222
1964,11507.8125,3.763856610716901,3.7955472489616016,4.445599475325612
1965,11513.671875,4.163435131258716,4.302181610442032,5.041386063499392
1966,11519.53125,5.162725266066394,4.881744617088206,4.364043257786718
1967,11525.390625,5.379262021280693,5.551932959084941,5.30456413086422
1968,11531.25,4.74162459581898,4.65981302213444,4.2244088127849215
1969,11537.109375,4.089326742980522,4.24138951476073,3.272069162310891
1970,11542.96875,4.513172480040703,5.013339266591103,4.325821332901541
1971,11548.828125,4.192298062297992,4.608299633865029,4.15059165982177
1972,11554.6875,3.438450123288503,3.4688018032628567,3.7989543340623686
1973,11560.546875,3.528705783906807,3.7970998552344737,3.235232512819467
1974,11566.40625,2.9409147341743638,3.9727067238636096,3.2442951162181988
1975,11572.265625,1.3816499581450197,2.766063582231504,2.351900025029354
1976,11578.125,2.3094623943553447,2.6109885547565486,3.8205641156918255
1977,11583.984375,2.8663652598629135,3.013871844817716,4.572672297727858
1978,11589.84375,3.0166633572913955,2.756138779780219,3.419370177820346
1979,11595.703125,3.0264041348933057,3.078274958133779,3.093634967466562
1980,11601.5625,2.3740023404502835,2.5371719482505375,2.2903085430229266
1981,11607.421875,1.4632202515545292,2.751417899953271,2.7807617263222806
1982,11613.28125,1.5913219424180831,2.322036179369726,3.5909294370403577
1983,11619.140625,0.9328098062753367,0.9208437067340729,1.7550622148414596
1984,11625.0,2.3010432680237125,2.4772057866026826,2.5764734231387516
1985,11630.859375,2.854355527453419,3.9771147320846305,3.234342570936769
1986,11636.71875,3.0674013052430777,4.006538896068171,3.0139965136573728
1987,11642.578125,2.6481219166206333,3.6885822899906353,3.1450927758456593
1988,11648.4375,2.2295054739279285,3.3567241232291303,3.7837193517989576
1989,11654.296875,2.9965427228867414,3.365294774910904,2.105423300849129
1990,11660.15625,3.5798471852552107,4.032838036289947,2.6437934258297235
1991,11666.015625,3.7379554915743927,3.3879846564403198,2.559757449229043
1992,11671.875,2.591894885102035,2.2004104149032564,2.7636141524707916
1993,11677.734375,2.679235295493932,2.30522376613869,2.697101464522633
1994,11683.59375,3.7837556899584173,4.988832384322248,3.386972157771728
1995,11689.453125,4.026644808358202,5.756576413330963,4.160383528270641
1996,11695.3125,3.3751143795220933,4.998597691589981,4.495061609629196
1997,11701.171875,3.966265516506287,5.141710696280663,4.088429685812964
1998,11707.03125,4.679060120958507,5.766899966996403,3.575034016655158
1999,11712.890625,3.429875583067534,4.823319890539533,2.90385702684594
2000,11718.75,2.4441409677474386,3.8324042550770816,2.537510912380129
2001,11724.609375,3.5160447674855577,5.216663823396054,2.941406316233239
2002,11730.46875,4.692803360749063,6.288128620145638,3.774905660214513
2003,11736.328125,4.193705267728976,4.895779865982515,3.6168150286312786
2004,11742.1875,4.11134005487432,5.901846948776555,4.455389294511541
2005,11748.046875,3.1584116381743135,3.0188613385469845,4.005847026782964
2006,11753.90625,2.282479265005629,1.8273368217563184,1.6784522648994706
2007,11759.765625,3.2254778234747796,3.058140616551812,2.39252808149969
2008,11765.625,4.558308279980124,5.126081434428838,3.354458312687505
2009,11771.484375,5.047033866966635,6.786239520562587,4.225839129746084
2010,11777.34375,4.730477803286211,7.092835003368331,4.429265776304819
2011,11783.203125,3.88833579807501,7.501830728275747,3.9871963095685783
2012,11789.0625,2.937308394512976,4.582031255897943,2.953247022988162
2013,11794.921875,3.240974606688022,4.127834393323894,5.084916241527933
2014,11800.78125,4.4654361988373905,5.203303146584977,6.3291810899762995
2015,11806.640625,5.309101278655769,5.981734666443792,5.956093834702293
2016,11812.5,4.8595653033989095,5.06224209740664,4.968040796982707
2017,11818.359375,3.419642665868824,3.497936544144932,3.835419171120835
2018,11824.21875,3.994269374857417,4.473148181651259,5.024776021336893
2019,11830.078125,4.05889554686478,6.670956090407202,4.434429118705884
2020,11835.9375,3.9236822215440963,4.433028713993932,4.081736018924215
2021,11841.796875,3.760334535926515,3.5195548681086426,3.919659627141158
2022,11847.65625,3.811149919882796,3.441078979451813,4.890643872158416
2023,11853.515625,4.032486149495103,3.585943634611354,4.8428892816117814
2024,11859.375,4.181186101712151,3.626470232109343,3.596326491852818
2025,11865.234375,3.4627420248887986,3.9866515086094063,3.6462034454494163
2026,11871.09375,2.650508057935275,3.0020242415338414,2.275508591139719
2027,11876.953125,3.945051528245699,4.2527991937155125,4.6449953999926885
2028,11882.8125,4.423879627047434,3.9335925498785054,5.0787505267012145
2029,11888.671875,4.047611852259149,3.627697775809656,5.289447713533717
2030,11894.53125,3.7364391781849506,3.0264275235786195,3.9943893775232
2031,11900.390625,3.062070830586124,2.8783288279289967,4.087685112800135
2032,11906.25,2.5150933269232203,2.6496120860477363,2.2659035214910332
2033,11912.109375,3.1446406508193956,3.589447054605766,3.4241754378227074
2034,11917.96875,4.054916902236208,3.9701075644683703,3.580529776368021
2035,11923.828125,2.722495057305903,3.3131206901918913,2.6187149388212783
2036,11929.6875,3.3840875470456986,4.033736640129132,4.1080077793568615
2037,11935.546875,3.909249644579525,3.661605836544018,3.4417138133766825
2038,11941.40625,3.1919305575922157,3.1252882438133964,3.4380608355677187
2039,11947.265625,3.690274974691673,3.901828898232168,3.738929600001716
2040,11953.125,4.5705658109711065,4.507178570434068,3.851018097032643
2041,11958.984375,3.9741822095699986,3.531534094391608,3.7463011713021945
2042,11964.84375,2.839260649139475,2.6593861666611502,3.553922730595641
2043,11970.703125,2.156571885317661,2.1049735498531,3.13664338480854
2044,11976.5625,3.0067552209305304,3.228470922086148,4.092018409509805
2045,11982.421875,2.415984282248611,2.7122065861103364,3.2232217667654743
2046,11988.28125,1.3339495234931922,1.6458399727722302,2.2315873271600495
2047,11994.140625,0.905609731716493,0.8197611963650241,2.4870781358769047
2048,12000.0,1.353776479370174,0.9585097054976066,2.6418315334368474
2049,12005.859375,2.4931192667268216,1.6840892167049732,4.085522316953203
2050,12011.71875,3.0140167345246685,1.9277821682212597,4.056157755110917
2051,12017.578125,3.067146136898212,2.0024095673583022,4.572042352446739
2052,12023.4375,3.5615776747634142,2.8389960167890242,4.093809375731777
2053,12029.296875,2.9703853671594316,2.732758945954331,5.5288474847206945
2054,12035.15625,4.04364620622596,4.363620583111487,5.441264587322793
2055,12041.015625,4.139899205996162,3.027390428097232,4.108698048634471
2056,12046.875,3.0487079430405966,2.535050403263467,3.565123335003156
2057,12052.734375,2.2253448401089404,2.00872514062689,2.4682437121909584
2058,12058.59375,2.352241601352618,2.4423436395752156,2.7325691331270803
2059,12064.453125,1.855705325122546,2.4504393839427987,2.475676634970843
2060,12070.3125,1.964434093655241,2.0615792205985697,2.4881675015433276
2061,12076.171875,2.3417709850509776,1.993700535395475,2.425411895493161
2062,12082.03125,2.526253867943328,2.336189459636985,1.891729685901504
2063,12087.890625,2.9833861134739976,3.5480386289253083,2.5585978225590162
2064,12093.75,2.7946321927335234,2.6381666467002183,1.8826399378356027
2065,12099.609375,1.6897269841043792,1.8992028796070533,1.5820964933271517
2066,12105.46875,0.9629544677176659,1.4876592619870856,1.4333195045645017
2067,12111.328125,1.030282244751663,1.3514092830104347,1.0298977529936177
2068,12117.1875,1.156565355509789,1.1620018793810112,0.8588616397791949
2069,12123.046875,1.9431375479241906,1.7454823161843849,1.5158725768011758
2070,12128.90625,2.546726742196257,3.5782034484648393,2.0970592749597405
2071,12134.765625,3.908643531757202,4.597572472019657,3.7777136760551904
2072,12140.625,4.305012100860446,3.938782305826095,3.743553520154302
2073,12146.484375,4.257822810539386,3.465782795798675,3.72617415200014
2074,12152.34375,2.6314487759228298,1.7072704182400464,2.0669211000842607
2075,12158.203125,1.7102218168529424,1.1249057339878998,1.3382237003199542
2076,12164.0625,2.720415059675349,1.9633416271030426,1.8913037974675797
2077,12169.921875,3.322215934358831,3.447134542647193,2.947893082989937
2078,12175.78125,4.021491580179831,4.440141481966627,3.2228064283902524
2079,12181.640625,3.002866136481405,2.5928739731928836,2.358401909956068
2080,12187.5,2.238527435843634,2.0413457684363383,1.724966765452594
2081,12193.359375,0.823230021741619,0.9157474145102351,1.538501737988893
2082,12199.21875,1.1136745129207288,1.7448679231436999,1.0594346029293686
2083,12205.078125,0.708578083860825,0.7716190923007317,1.0041815025881557
2084,12210.9375,0.6319310666428937,0.75,3.335728500766485
2085,12216.796875,2.351080440758614,2.2785642076157346,1.805028009341371
2086,12222.65625,3.3136898298685566,3.482454166923668,2.531919745287275
2087,12228.515625,2.770468254977173,2.5375164218813167,1.6134769744492532
2088,12234.375,1.5292612069291123,1.2608285401790529,0.9846683946743507
2089,12240.234375,0.6377670256496724,0.75,2.569544989302089
2090,12246.09375,1.9585345722508665,1.2423287823175553,2.693083327623151
2091,12251.953125,2.271440428848323,1.581440063740803,2.071518601301364
2092,12257.8125,2.3912757765582073,2.1309231936303035,2.109563134819787
2093,12263.671875,1.4431760798403506,1.5274521123443017,1.2848199548596808
2094,12269.53125,0.958997141651979,0.9992465416220002,1.7463291013128117
2095,12275.390625,2.232289349550449,1.4032564616127514,2.3380877751074047
2096,12281.25,2.7637515988057126,1.524258327867961,2.829946166956663
2097,12287.109375,3.3763924874007776,1.9753979158813615,4.355874567587107
2098,12292.96875,1.8919618270029155,0.9621777283527102,2.5342866734696816
2099,12298.828125,1.1001344308214291,0.75,4.233783686358977
2100,12304.6875,1.763947269172639,0.935693410453535,4.460477522844487
2101,12310.546875,1.506143149699742,0.7833268984132362,6.406472540273334
2102,12316.40625,2.096083521495607,1.2271225073278051,4.147115674660132
2103,12322.265625,2.302793693947877,1.2651038442043974,4.459744876203917
2104,12328.125,2.9282108133855926,1.5628336762045532,5.039158057018734
2105,12333.984375,2.1940047219775,1.6241875274434028,3.3306385690214397
2106,12339.84375,3.0208909113260947,2.1583534319939415,4.425447047650668
2107,12345.703125,3.8398721838914796,3.0475971766678764,3.5137853225994657
2108,12351.5625,2.9770097302957876,2.711273400594063,2.8700365656027884
2109,12357.421875,2.3135391508059753,2.640299719774533,2.6208377726993595
2110,12363.28125,1.0751507044955495,1.1487866999592646,1.625342784763947
2111,12369.140625,0.7159670271986147,0.75,2.669317664547439
2112,12375.0,0.4161882964140106,0.75,3.6755025099909653
2113,12380.859375,1.3051427477558424,1.1180151131521203,1.7818976225443084
2114,12386.71875,2.5331187872178216,2.20312318017901,1.5682298750874049
2115,12392.578125,3.358771016193629,3.1567473347405794,3.070428144113073
2116,12398.4375,3.150432920425951,2.7786724030698324,3.192137842246398
2117,12404.296875,2.1802848900104537,1.9910986292192663,2.8664019661088425
2118,12410.15625,1.6532371062756945,1.801372456601369,2.0175546654060126
2119,12416.015625,0.3357557802172492,0.75,2.541919788866069
2120,12421.875,0.3853716218096865,0.75,5.611412087395669
2121,12427.734375,0.8144718450807412,1.0086067119482545,2.6193714361914724
2122,12433.59375,1.7310541686250687,2.0004911694017906,2.3222648124422065
2123,12439.453125,0.939552155219734,1.151330113718958,1.8748407369359201
2124,12445.3125,1.310897842133447,1.2937828418130932,2.2060356285359517
2125,12451.171875,1.3956848183650197,1.095981104605531,4.104087506594552
2126,12457.03125,0.7051073589496737,0.75,4.100368623256961
2127,12462.890625,0.8143018204559166,0.9866919972633635,2.402472739088141
2128,12468.75,0.4099370214066462,0.75,2.9624114692037913
2129,12474.609375,0.6318725167251577,1.0798655818977876,1.0619795338101825
2130,12480.46875,1.7387043864967056,2.2202461134390488,0.9386285151279691
2131,12486.328125,1.8620032126588193,2.211304445509093,0.9422984561138994
2132,12492.1875,1.2188556554494483,1.3583897945575067,1.0728344422175622
2133,12498.046875,2.7773078420802184,2.591532899987088,1.999384591187884
2134,12503.90625,3.905504091589325,3.5044569007249677,3.0426385190055445
2135,12509.765625,3.2203797287401743,3.089129279126136,3.4649215594602505
2136,12515.625,2.3905924248136277,2.019835572321919,1.8548908796044357
2137,12521.484375,2.7399359256799865,3.162474811651132,2.140133537492064
2138,12527.34375,2.8989809603000833,3.2488566841366415,3.0131934193524486
2139,12533.203125,1.5244425468545915,1.8211507395166238,2.455764267172382
2140,12539.0625,0.8890031225658284,0.75,3.5338967339425924
2141,12544.921875,0.36564802705613764,0.75,4.716396267886789
2142,12550.78125,1.0289161515464984,0.75,2.7202554021435543
2143,12556.640625,1.814816378452815,1.5932273131603627,1.0091937550845214
2144,12562.5,2.1323865405933646,2.18703512441101,1.1049591071431162
2145,12568.359375,1.9823967787592036,2.4944862433964863,0.9437987241420055
2146,12574.21875,2.569889703647733,3.105820339868264,1.4327220315653064
2147,12580.078125,1.3951512728908302,1.3367828676705056,0.8629807423751531
2148,12585.9375,1.542077952105945,1.5073018697283946,0.9065248454387425
2149,12591.796875,2.38798550010926,1.881295223884937,0.9815006482416389
2150,12597.65625,2.1638200447248193,2.5275589823359503,1.795852254599006
2151,12603.515625,0.6384845484511926,0.75,1.8349677427790239
2152,12609.375,0.988089058116456,1.1865314982651227,2.0511525953772125
2153,12615.234375,1.4161382507335019,1.435701218508731,2.508877906254385
2154,12621.09375,2.0689887677488277,1.6263034714195044,1.7291912673980037
2155,12626.953125,2.572361086550699,2.119575559999738,1.101989639649789
2156,12632.8125,1.2563981800798794,1.1923872992488826,0.8269465588190751
2157,12638.671875,1.3361904936472313,1.0670393054452323,0.8656756470114014
2158,12644.53125,0.8034631276143223,0.75,1.1242921550884377
2159,12650.390625,1.206705655890329,0.770254338749137,1.7573979969468638
2160,12656.25,0.9518011551906613,0.8108089163246914,1.8916434751591868
2161,12662.109375,2.095229042217366,2.667556557024596,1.4707493973773573
2162,12667.96875,2.918872250610507,1.916901521928494,1.5402049594072142
2163,12673.828125,2.66916354447261,1.593924355690624,2.0705505203461687
2164,12679.6875,1.4512962748296105,0.8373352395969793,3.2418008329870935
2165,12685.546875,1.3365235095586325,1.155900473439734,2.193909712187822
2166,12691.40625,1.4048575348418593,1.9152048660932293,1.5565866334472853
2167,12697.265625,0.8668041712499897,0.8196247087232394,1.6120069945618927
2168,12703.125,1.6828408327074056,1.152567409635055,2.910294336638061
2169,12708.984375,1.969780308287824,1.1864475905960998,2.9562033301142674
2170,12714.84375,1.4104306594847946,1.039149791104637,2.839387676484016
2171,12720.703125,0.6789848201913913,0.75,2.9559209242877538
2172,12726.5625,1.1883134898992274,0.8839070174633574,5.032574781277124
2173,12732.421875,1.4429529770882248,1.3044429690785124,2.3135818215293
2174,12738.28125,2.412325020862658,2.0571536147483567,2.401204534548901
2175,12744.140625,3.5801519023795185,2.3801441131912178,3.4290088635193907
2176,12750.0,2.7426367918648946,2.171574173874959,2.8312940554986414
2177,12755.859375,3.0327364693815837,2.2564777290271976,2.999744669007068
2178,12761.71875,3.2030665599866683,3.531848953263952,3.6176399956379317
2179,12767.578125,2.3392089210165845,2.75461336247044,2.634454610683916
2180,12773.4375,0.4598026461482894,0.75,1.4632708134570536
2181,12779.296875,1.735947927634943,1.9822180902187965,3.2949721926790425
2182,12785.15625,2.6125771424547453,2.1626092323890935,3.0656174246512644
2183,12791.015625,2.5186642846072615,2.4320667675220045,3.806850482092864
2184,12796.875,2.759588040259676,2.3378685195958697,2.273854946197304
2185,12802.734375,3.0976837206490093,2.471623087099209,2.198364199557822
2186,12808.59375,3.4345948522054184,1.9069184547274687,2.1072774066099775
2187,12814.453125,3.414486259612328,2.8191802071462613,2.9058504936771663
2188,12820.3125,1.9666397126987214,1.419497245274026,2.8538038829145056
2189,12826.171875,0.11530529572286742,0.75,7.9457750324959004
2190,12832.03125,1.8226257870681901,1.2867077455554763,1.8608961973193758
2191,12837.890625,2.650058843252451,2.1621322834675785,1.7468137604913365
2192,12843.75,1.9501657409997095,2.2488207716897293,1.9605284637060512
2193,12849.609375,1.4186849501865086,1.327797798203205,2.478288494037837
2194,12855.46875,2.3687112834491235,2.4445837336918776,2.6172998341366127
2195,12861.328125,1.522888772744129,1.6729374219151354,2.4364070164963834
2196,12867.1875,0.4621225013733378,0.75,2.127592543120222
2197,12873.046875,1.9111564190182382,1.8394547537804513,1.6808535743903021
2198,12878.90625,0.6997796777485157,0.75,2.076926746720656
2199,12884.765625,0.9497402263762659,1.281828073503949,1.739556111580226
2200,12890.625,0.6195383633804318,0.7778221902213014,2.272440860498036
2201,12896.484375,0.26089554593929726,0.75,2.57662038695682
2202,12902.34375,0.4591502860489795,0.75,3.5796833577917466
2203,12908.203125,0.3319891600390848,0.75,5.954029684298854
2204,12914.0625,1.371353350749414,0.9185235539011113,1.5143517315177208
2205,12919.921875,2.0139979497382727,1.412042577937426,1.300673443105229
2206,12925.78125,2.028191343816811,1.4192843294553614,1.0368306544868042
2207,12931.640625,3.23630049601486,2.10103217134753,1.0376922472844563
2208,12937.5,2.902552654451864,2.800106106920266,0.9366670156008193
2209,12943.359375,3.322496652746946,3.3835883550114203,1.3633008537221722
2210,12949.21875,3.505406238352135,2.352497996915571,1.4618883608614508
2211,12955.078125,2.3422825697304126,1.6215970039086123,1.4804768965506214
2212,12960.9375,0.6339934251087258,0.75,1.5707789074531153
2213,12966.796875,1.1362057735103739,0.75,1.0922479652756787
2214,12972.65625,1.4121849098944814,1.0075718402779885,2.0149842155131408
2215,12978.515625,3.22592390156888,2.6114824321586143,1.8023377961327345
2216,12984.375,3.3533572846779083,2.6929115058564443,1.6142473931787509
2217,12990.234375,2.9780953849362928,2.0923033684741874,1.3727162498289196
2218,12996.09375,2.5816775930027616,2.0208884282948913,1.1171648830133019
2219,13001.953125,3.5647657105962165,2.3136212688580295,1.4375946381461537
2220,13007.8125,3.51544180929923,2.686615845107721,1.7335893203616988
2221,13013.671875,2.8781888395837565,2.1733585292003528,1.3912100123438664
2222,13019.53125,2.8253051704879146,2.111696531411012,1.484371640474925
2223,13025.390625,1.5888957028981565,0.9850060243698702,1.8886887383211324
2224,13031.25,2.024729843331704,1.2595169581681576,1.3638241404169429
2225,13037.109375,2.832463012088418,2.1336945695611274,2.2564226331844193
2226,13042.96875,2.816728161832179,2.0609621138838694,2.4887642039321483
2227,13048.828125,1.9286979277372964,1.6511534965813852,1.8012774377341336
2228,13054.6875,1.3936819059879193,1.0272541342402368,2.438686756390289
2229,13060.546875,1.4037751617851766,1.3998355160481526,1.711184878563726
2230,13066.40625,1.4242016864291176,1.6354388134200737,2.262470539989619
2231,13072.265625,2.0480490682163768,1.8148823463367227,2.269005684707222
2232,13078.125,0.6486507756748948,0.75,3.357083809575514
2233,13083.984375,1.825248326164074,1.9493386372179988,2.52682939442428
2234,13089.84375,1.7178206118911972,2.1034165783043464,2.054727566784307
2235,13095.703125,2.120369988774501,2.3058372035039096,2.325812086204387
2236,13101.5625,4.094840125043041,3.6838884111106984,3.0537438266333092
2237,13107.421875,4.4288605490638595,3.684671226403343,2.4842915305713222
2238,13113.28125,2.826266428296624,2.5536799359421507,1.8093280442034623
2239,13119.140625,0.8699598732810203,0.7813199681891487,1.6530657677678724
2240,13125.0,2.4111252757961297,1.9600840491604945,1.8164450089165807
2241,13130.859375,5.320794791599646,4.057088000030482,3.3284857496778484
2242,13136.71875,4.312696039169807,2.653410781042975,2.3536089453462865
2243,13142.578125,1.9449234453903514,0.9460995142872393,1.9252591573464692
2244,13148.4375,1.3583969295107587,0.75,2.674375396338487
2245,13154.296875,2.0623500815059526,1.3523623596215752,1.9469551343654456
2246,13160.15625,2.3941085388224375,1.3535399418135652,1.7761971967885994
2247,13166.015625,2.9460952212082527,1.5650400899472152,2.227577432147672
2248,13171.875,2.207377339087118,1.3997909725792432,1.095554692029638
2249,13177.734375,1.2949638574376114,0.8645984395935895,1.1052216661938443
2250,13183.59375,2.250358457612752,1.56139169626707,1.0605339291968143
2251,13189.453125,1.536099016007588,0.75,1.6371765278012103
2252,13195.3125,1.501295786632786,0.8091292873084955,1.091870851624915
2253,13201.171875,2.459689287216771,1.66581422172931,1.2024741528301828
2254,13207.03125,2.5507842964401193,1.993249137223266,1.246753048242536
2255,13212.890625,1.9255954409683778,1.28604545570142,2.5167504823880433
2256,13218.75,2.8214073579606533,1.8729823651150552,1.9166446780895676
2257,13224.609375,1.990454399831056,1.2650823138700051,1.3420217999544486
2258,13230.46875,1.1845476352676143,0.7938750963737773,0.9875623474123909
2259,13236.328125,1.9263593983702707,1.7374040840094724,0.7190645861370802
2260,13242.1875,1.492028723166896,1.0674671460771585,1.0706047555056526
2261,13248.046875,0.6289110694989275,0.75,2.75789820623891
2262,13253.90625,0.9939912749699037,0.756408987090027,1.2051621849935596
2263,13259.765625,1.8998186421582668,1.9652309505016656,1.3563578283630806
2264,13265.625,3.264281031686507,2.830782806426914,2.1823937806313274
2265,13271.484375,4.3620451315579825,3.3511576659217166,3.4386227439458805
2266,13277.34375,3.6753764614848814,2.0505278149624973,3.1389970866390047
2267,13283.203125,2.6438674849721604,1.4773265406999858,1.6319381600824296
2268,13289.0625,2.0859535104452194,0.9452089182152883,1.1887981872562325
2269,13294.921875,1.467756972483553,0.7894748442490214,0.9665313582211932
2270,13300.78125,0.8582348661776792,0.75,1.1430998582620946
2271,13306.640625,0.9266205198553916,0.75,1.287688059809874
2272,13312.5,1.5698569325733103,0.8979024838862028,1.3507854049205763
2273,13318.359375,1.2704078943532338,0.75,1.1418469411650551
2274,13324.21875,1.0533292718370686,0.75,1.282025480464159
2275,13330.078125,1.2937870485133824,0.75,2.696079558644637
2276,13335.9375,0.3874911905388801,0.75,3.1946480694924246
2277,13341.796875,0.49534045802554794,0.75,1.918334686838803
2278,13347.65625,0.68013478377352,0.75,4.738663781004329
2279,13353.515625,1.9854702226050431,1.318306969390358,1.667676300599269
2280,13359.375,2.5583169351636954,2.6021752818953745,2.3106123928898903
2281,13365.234375,3.669985932210303,2.1592362268200613,2.07855146742621
2282,13371.09375,4.471980910982441,2.265082732076372,2.357457140676392
2283,13376.953125,5.593183343663804,3.91951147081638,2.9189311293205256
2284,13382.8125,3.711148405875473,2.5649167921474993,2.5437868761929754
2285,13388.671875,3.900384191832088,2.0473584362014896,2.6863528268651016
2286,13394.53125,5.266407099353935,4.525922840784822,3.8421072918721983
2287,13400.390625,5.60102629127422,6.040518500419254,4.92522272099825
2288,13406.25,5.3546058187879195,3.4548980572058143,5.276731216191321
2289,13412.109375,4.0586178711822365,3.5140796901006945,3.374531513286366
2290,13417.96875,3.429885047544146,2.703616870978597,2.076171418843055
2291,13423.828125,3.428953367341373,2.7716389570369024,1.718164013947813
2292,13429.6875,2.869547475519881,2.3707396905450864,1.058803251417469
2293,13435.546875,2.4955670518429263,1.8375246761754749,1.2602163901264534
2294,13441.40625,1.436288735316898,1.0471416812055767,0.8793784468993429
2295,13447.265625,2.341119836571714,1.4782678142733248,1.08648161535641
2296,13453.125,3.731390576269639,2.38736321347175,1.3439100376910709
2297,13458.984375,1.7765097031158399,1.2203684320846255,1.020375021317062
2298,13464.84375,0.9141821981667632,0.7727170096409142,1.6098663290829853
2299,13470.703125,3.0581888559332624,2.3853550428130603,1.4610363915531928
2300,13476.5625,3.653479829820885,3.2682025548562015,2.3026131494054987
2301,13482.421875,3.0935626684668303,2.8681764031310166,4.164354208045077
2302,13488.28125,2.110936097662829,1.5721069664091463,2.212284392849051
2303,13494.140625,2.272475590171951,2.084813130998481,2.104638366242431
2304,13500.0,2.7411982955356162,2.3998167243364086,2.1748139699895828
2305,13505.859375,3.712270448673471,2.6857473878838114,1.9737025387073708
2306,13511.71875,4.4495486343958905,2.3299864496724423,1.7959392243112162
2307,13517.578125,4.446930743169154,2.1738813685709015,1.8512191554165056
2308,13523.4375,4.615127379783714,2.3462274011404523,1.5241619252762695
2309,13529.296875,3.771960742252094,2.1304778819035755,1.4194985779504934
2310,13535.15625,2.3087139826940786,1.565609793858106,0.9556548833052682
2311,13541.015625,0.8701936497128339,0.75,1.2443875221529652
2312,13546.875,0.39669674141220873,0.75,2.4704901444657823
2313,13552.734375,1.2874890924014157,0.9423208954238054,1.7786001485618952
2314,13558.59375,2.2764619729676334,1.5128136266742982,1.965392795251027
2315,13564.453125,2.3576606974680634,1.6450130833482635,1.9781016259587316
2316,13570.3125,1.9961524696216009,1.6194131321755159,1.8840208561600542
2317,13576.171875,1.9484945789126527,2.3648690345201646,2.441626366362593
2318,13582.03125,3.374419902800612,3.180120749863551,2.230858314498283
2319,13587.890625,3.6880399533190635,3.0881152490904387,1.9615720781634571
2320,13593.75,3.084289976343617,3.136872996566968,1.9523222550671868
2321,13599.609375,1.5434127527014014,1.4686669074873075,0.9545554010093836
2322,13605.46875,1.4136457833206495,1.4897117111244367,1.0578320553207055
2323,13611.328125,3.302953874708711,4.1557055370534846,2.990838131275052
2324,13617.1875,3.263393868002576,2.7403788310061548,2.068125190929966
2325,13623.046875,1.3362875254792874,0.9720473712894471,1.1700879599576062
2326,13628.90625,1.4858106259958657,0.8926316819802682,2.172112075798381
2327,13634.765625,4.0915829491123885,2.5566708769318467,2.4902937016652467
2328,13640.625,5.521564701498699,3.8997659992790568,2.6176047134745466
2329,13646.484375,4.159470428541294,3.7739228966130893,2.207605920929931
2330,13652.34375,1.56479111518007,1.1413937156524578,0.9391732217804856
2331,13658.203125,1.3546483160962863,1.0454618387797687,1.0666754797994455
2332,13664.0625,0.3629251935029637,0.75,2.7007205110106636
2333,13669.921875,0.8512291235535152,0.75,1.067686787233551
2334,13675.78125,0.5827848475694831,0.75,1.5681128285897625
2335,13681.640625,0.5258116396956345,0.75,2.5529398901961065
2336,13687.5,1.547528010392488,1.7061244228504089,1.5110414295832209
2337,13693.359375,2.9736197678605967,2.0077654433391037,2.408177661120761
2338,13699.21875,3.404594751310227,2.2536318706893073,1.981745182924087
2339,13705.078125,3.4653848689496596,3.3355636388888525,2.6751234196432394
2340,13710.9375,2.36106227146344,2.8261822415525533,2.2585619903259655
2341,13716.796875,2.9323353627656235,2.546986082327262,2.2331538565030047
2342,13722.65625,3.672137129193831,2.8039836090947614,2.5679789042696615
2343,13728.515625,3.5899451599696452,2.791121616593716,1.8547338082112947
2344,13734.375,2.9791619309758097,1.9945441759070253,1.653787895204192
2345,13740.234375,0.8940829582623196,0.75,2.0967554203254535
2346,13746.09375,4.227599058266467,3.1953930602289926,3.0674835480194833
2347,13751.953125,5.702700036457045,4.440904685267444,3.8560728778217324
2348,13757.8125,5.334716166259122,5.000794313739643,4.066245318226964
2349,13763.671875,4.035903764637643,2.593202987198444,2.467783399969274
2350,13769.53125,3.4382321780656615,2.169776254801039,2.9798504893076836
2351,13775.390625,2.767758975562532,1.950203453583046,3.211379879253196
2352,13781.25,1.8822404777622121,1.4444790160097336,1.3959141123740282
2353,13787.109375,1.635279371042608,1.3597378752610445,1.009274246438328
2354,13792.96875,1.8875033676889306,1.5573555901596188,0.9247754901166219
2355,13798.828125,3.0826199382727175,2.684306819913469,0.9635993670776264
2356,13804.6875,3.4330262675292755,3.161882416618873,1.6117807508539603
2357,13810.546875,2.9255430383030347,2.179369969948824,1.0708930338373437
2358,13816.40625,2.8634454048582527,1.857984753700356,1.2467500946214833
2359,13822.265625,3.2380828076122383,2.3311526032984284,1.4336440673293223
2360,13828.125,4.381390833488938,4.269231931682707,2.2652466731795418
2361,13833.984375,5.174240052485901,4.381743141174014,2.2059399373122512
2362,13839.84375,4.863236514703923,3.902361938977752,3.4761298568978156
2363,13845.703125,3.5346380099328534,2.7698788689258667,1.8938083428177808
2364,13851.5625,0.9769255767326872,0.7968238428903258,0.8915660030543404
2365,13857.421875,4.198257958625775,3.541887521802991,3.6286953812532747
2366,13863.28125,6.325162137718534,4.355282194396581,3.739662915372452
2367,13869.140625,6.565508908438012,4.66091470650598,3.753197765083915
2368,13875.0,5.477264470992014,4.386412695893877,4.803827248659549
2369,13880.859375,4.705899115734065,5.446622426699252,4.81232793732823
2370,13886.71875,3.63291904436543,3.799279519160332,3.5727216914394506
2371,13892.578125,4.350769861076817,4.36122617700369,3.831223811244036
2372,13898.4375,3.846780948796495,3.2965202429033997,3.1341092068732856
2373,13904.296875,5.031951323781161,3.6184075027003115,4.075780094803016
2374,13910.15625,4.180127109297676,3.2709998987280864,4.652336789303463
2375,13916.015625,3.0589416266046556,3.026001171718634,3.2221438008480336
2376,13921.875,2.723020760286163,3.021254865007243,2.528409083947498
2377,13927.734375,0.8169857032379217,0.7592062145780661,1.839774884569342
2378,13933.59375,1.2865756974248677,1.0629520652905686,1.9954841372326253
2379,13939.453125,3.6960325026665206,3.0617286335858043,3.413454904781112
2380,13945.3125,4.680600278449176,5.2431105621931575,3.533441440110766
2381,13951.171875,3.219462450871199,3.581122224452577,2.922481361929681
2382,13957.03125,1.6027298241584975,1.2588634816986877,1.0500057805722474
2383,13962.890625,4.061947253585783,2.453846940806134,1.8929464112093841
2384,13968.75,5.954662323387247,4.291186317575456,3.0882600907421747
2385,13974.609375,7.337020710050813,4.8798929467212355,5.33443878736098
2386,13980.46875,5.765316660132663,3.335177522244001,4.133341318504053
2387,13986.328125,3.3716615278849953,1.8395351041021284,2.1621052118287065
2388,13992.1875,3.2272089526480756,2.0663626961959976,1.7260671476780398
2389,13998.046875,3.431590398392915,1.9982821292111295,1.353784772286839
2390,14003.90625,5.027792172199569,2.9865198754100364,2.112265772704118
2391,14009.765625,5.339127711767122,3.633738464476976,3.4985065317389745
